{
  "type": "FeatureCollection",
  "features": [
    {
      "type": "Feature",
      "geometry": {
        "type": "Polygon",
        "coordinates": [
          [
            [
              0.5646274149034038,
              0.999244142101285
            ],
            [
              0.5639374425022999,
              0.9988662131519275
            ],
            [
              0.563017479300828,
              0.9988662131519275
            ],
            [
              0.562327506899724,
              0.99848828420257
            ],
            [
              0.5616375344986201,
              0.9981103552532123
            ],
            [
              0.5611775528978841,
              0.9973544973544973
            ],
            [
              0.5607175712971482,
              0.9965986394557823
            ],
            [
              0.5604875804967802,
              0.9954648526077098
            ],
            [
              0.5604875804967802,
              0.9939531368102796
            ],
            [
              0.5604875804967802,
              0.9924414210128496
            ],
            [
              0.5609475620975161,
              0.9916855631141346
            ],
            [
              0.5609475620975161,
              0.9901738473167044
            ],
            [
              0.5614075436982521,
              0.9894179894179894
            ],
            [
              0.5618675252989881,
              0.9886621315192744
            ],
            [
              0.562327506899724,
              0.9879062736205594
            ],
            [
              0.56278748850046,
              0.9871504157218443
            ],
            [
              0.5634774609015639,
              0.9867724867724867
            ],
            [
              0.5639374425022999,
              0.9860166288737717
            ],
            [
              0.5643974241030358,
              0.9852607709750567
            ],
            [
              0.5650873965041399,
              0.9848828420256992
            ],
            [
              0.5657773689052438,
              0.9845049130763417
            ],
            [
              0.5662373505059798,
              0.9837490551776266
            ],
            [
              0.5671573137074517,
              0.9837490551776266
            ],
            [
              0.5676172953081877,
              0.9829931972789115
            ],
            [
              0.5683072677092916,
              0.982615268329554
            ],
            [
              0.5689972401103955,
              0.9822373393801965
            ],
            [
              0.5694572217111316,
              0.9814814814814815
            ],
            [
              0.5701471941122355,
              0.981103552532124
            ],
            [
              0.5708371665133395,
              0.9807256235827665
            ],
            [
              0.5712971481140754,
              0.9799697656840514
            ],
            [
              0.5719871205151794,
              0.9795918367346939
            ],
            [
              0.5726770929162833,
              0.9792139077853363
            ],
            [
              0.5735970561177552,
              0.9792139077853363
            ],
            [
              0.5740570377184913,
              0.9784580498866213
            ],
            [
              0.5749770009199632,
              0.9784580498866213
            ],
            [
              0.5754369825206992,
              0.9777021919879063
            ],
            [
              0.5763569457221711,
              0.9777021919879063
            ],
            [
              0.577276908923643,
              0.9777021919879063
            ],
            [
              0.578196872125115,
              0.9777021919879063
            ],
            [
              0.579116835326587,
              0.9777021919879063
            ],
            [
              0.5800367985280589,
              0.9777021919879063
            ],
            [
              0.5809567617295308,
              0.9777021919879063
            ],
            [
              0.5814167433302668,
              0.9784580498866213
            ],
            [
              0.5823367065317387,
              0.9784580498866213
            ],
            [
              0.5832566697332107,
              0.9784580498866213
            ],
            [
              0.5841766329346826,
              0.9784580498866213
            ],
            [
              0.5850965961361545,
              0.9784580498866213
            ],
            [
              0.5855565777368905,
              0.9792139077853363
            ],
            [
              0.5864765409383624,
              0.9792139077853363
            ],
            [
              0.5873965041398344,
              0.9792139077853363
            ],
            [
              0.5883164673413064,
              0.9792139077853363
            ],
            [
              0.5887764489420423,
              0.9784580498866213
            ],
            [
              0.5896964121435143,
              0.9784580498866213
            ],
            [
              0.5906163753449862,
              0.9784580498866213
            ],
            [
              0.5915363385464582,
              0.9784580498866213
            ],
            [
              0.5922263109475621,
              0.9780801209372638
            ],
            [
              0.5929162833486661,
              0.9777021919879063
            ],
            [
              0.593836246550138,
              0.9777021919879063
            ],
            [
              0.5945262189512419,
              0.9773242630385488
            ],
            [
              0.5952161913523459,
              0.9769463340891912
            ],
            [
              0.5959061637534498,
              0.9765684051398337
            ],
            [
              0.5965961361545539,
              0.9761904761904762
            ],
            [
              0.5972861085556578,
              0.9758125472411187
            ],
            [
              0.5979760809567617,
              0.9754346182917611
            ],
            [
              0.5984360625574977,
              0.9746787603930461
            ],
            [
              0.5988960441582337,
              0.9739229024943311
            ],
            [
              0.5995860165593376,
              0.9735449735449735
            ],
            [
              0.6002759889604415,
              0.973167044595616
            ],
            [
              0.6011959521619136,
              0.973167044595616
            ],
            [
              0.6018859245630175,
              0.9727891156462585
            ],
            [
              0.6025758969641214,
              0.972411186696901
            ],
            [
              0.6034958601655934,
              0.972411186696901
            ],
            [
              0.6044158233670653,
              0.972411186696901
            ],
            [
              0.6053357865685373,
              0.972411186696901
            ],
            [
              0.6060257589696412,
              0.9720332577475435
            ],
            [
              0.6067157313707452,
              0.971655328798186
            ],
            [
              0.6076356945722171,
              0.971655328798186
            ],
            [
              0.608555657773689,
              0.971655328798186
            ],
            [
              0.609475620975161,
              0.971655328798186
            ],
            [
              0.610395584176633,
              0.971655328798186
            ],
            [
              0.6113155473781049,
              0.971655328798186
            ],
            [
              0.6122355105795768,
              0.971655328798186
            ],
            [
              0.6131554737810487,
              0.971655328798186
            ],
            [
              0.6140754369825207,
              0.971655328798186
            ],
            [
              0.6147654093836247,
              0.9720332577475435
            ],
            [
              0.6154553817847286,
              0.972411186696901
            ],
            [
              0.6163753449862005,
              0.972411186696901
            ],
            [
              0.6172953081876725,
              0.972411186696901
            ],
            [
              0.6182152713891444,
              0.972411186696901
            ],
            [
              0.6186752529898804,
              0.973167044595616
            ],
            [
              0.6195952161913524,
              0.973167044595616
            ],
            [
              0.6200551977920883,
              0.9739229024943311
            ],
            [
              0.6202851885924563,
              0.9750566893424036
            ],
            [
              0.6202851885924563,
              0.9765684051398337
            ],
            [
              0.6200551977920883,
              0.9777021919879063
            ],
            [
              0.6198252069917203,
              0.9788359788359788
            ],
            [
              0.6198252069917203,
              0.9803476946334089
            ],
            [
              0.6193652253909844,
              0.981103552532124
            ],
            [
              0.6193652253909844,
              0.982615268329554
            ],
            [
              0.6191352345906164,
              0.9837490551776266
            ],
            [
              0.6189052437902484,
              0.9848828420256992
            ],
            [
              0.6189052437902484,
              0.9863945578231292
            ],
            [
              0.6189052437902484,
              0.9879062736205594
            ],
            [
              0.6189052437902484,
              0.9894179894179894
            ],
            [
              0.6189052437902484,
              0.9909297052154195
            ],
            [
              0.6189052437902484,
              0.9924414210128496
            ],
            [
              0.6189052437902484,
              0.9939531368102796
            ],
            [
              0.6189052437902484,
              0.9954648526077098
            ],
            [
              0.6189052437902484,
              0.9969765684051398
            ],
            [
              0.6184452621895125,
              0.9977324263038548
            ],
            [
              0.6177552897884084,
              0.9981103552532123
            ],
            [
              0.6168353265869365,
              0.9981103552532123
            ],
            [
              0.6163753449862005,
              0.9988662131519275
            ],
            [
              0.6154553817847286,
              0.9988662131519275
            ],
            [
              0.6145354185832567,
              0.9988662131519275
            ],
            [
              0.6136154553817847,
              0.9988662131519275
            ],
            [
              0.6126954921803128,
              0.9988662131519275
            ],
            [
              0.5646274149034038,
              0.999244142101285
            ]
          ]
        ]
      },
      "properties": {
        "segment_id": 0,
        "area": 3746,
        "bbox": [
          1219.0,
          1286.0,
          129.0,
          36.0
        ],
        "iou": 0.9449822902679443,
        "stability": 0.9715189933776855,
        "auto_generated": true,
        "model": "segment_anything"
      }
    },
    {
      "type": "Feature",
      "geometry": {
        "type": "Polygon",
        "coordinates": [
          [
            [
              0.8403863845446182,
              0.8582766439909297
            ],
            [
              0.8394664213431463,
              0.8582766439909297
            ],
            [
              0.8385464581416743,
              0.8582766439909297
            ],
            [
              0.8376264949402024,
              0.8582766439909297
            ],
            [
              0.8367065317387304,
              0.8582766439909297
            ],
            [
              0.8357865685372585,
              0.8582766439909297
            ],
            [
              0.8348666053357866,
              0.8582766439909297
            ],
            [
              0.8339466421343146,
              0.8582766439909297
            ],
            [
              0.8330266789328427,
              0.8582766439909297
            ],
            [
              0.8321067157313707,
              0.8582766439909297
            ],
            [
              0.8316467341306347,
              0.8575207860922147
            ],
            [
              0.8307267709291628,
              0.8575207860922147
            ],
            [
              0.8298068077276909,
              0.8575207860922147
            ],
            [
              0.828886844526219,
              0.8575207860922147
            ],
            [
              0.827966881324747,
              0.8575207860922147
            ],
            [
              0.827506899724011,
              0.8567649281934996
            ],
            [
              0.8265869365225391,
              0.8567649281934996
            ],
            [
              0.8258969641214351,
              0.8563869992441421
            ],
            [
              0.8252069917203312,
              0.8560090702947846
            ],
            [
              0.8245170193192273,
              0.8556311413454271
            ],
            [
              0.8238270469181233,
              0.8552532123960696
            ],
            [
              0.8231370745170193,
              0.854875283446712
            ],
            [
              0.8226770929162833,
              0.854119425547997
            ],
            [
              0.8219871205151794,
              0.8537414965986394
            ],
            [
              0.8215271389144434,
              0.8529856386999244
            ],
            [
              0.8208371665133395,
              0.8526077097505669
            ],
            [
              0.8201471941122355,
              0.8522297808012094
            ],
            [
              0.8196872125114996,
              0.8514739229024944
            ],
            [
              0.8189972401103955,
              0.8510959939531368
            ],
            [
              0.8185372585096596,
              0.8503401360544217
            ],
            [
              0.8178472861085556,
              0.8499622071050642
            ],
            [
              0.8173873045078197,
              0.8492063492063492
            ],
            [
              0.8166973321067157,
              0.8488284202569917
            ],
            [
              0.8160073597056118,
              0.8484504913076342
            ],
            [
              0.8155473781048758,
              0.8476946334089192
            ],
            [
              0.8146274149034038,
              0.8476946334089192
            ],
            [
              0.8141674333026679,
              0.8469387755102041
            ],
            [
              0.8132474701011959,
              0.8469387755102041
            ],
            [
              0.81278748850046,
              0.846182917611489
            ],
            [
              0.8118675252989881,
              0.846182917611489
            ],
            [
              0.8114075436982521,
              0.845427059712774
            ],
            [
              0.8104875804967802,
              0.845427059712774
            ],
            [
              0.8097976080956761,
              0.8450491307634165
            ],
            [
              0.8091076356945722,
              0.844671201814059
            ],
            [
              0.8084176632934683,
              0.8442932728647015
            ],
            [
              0.8077276908923643,
              0.843915343915344
            ],
            [
              0.8072677092916284,
              0.8431594860166288
            ],
            [
              0.8063477460901564,
              0.8431594860166288
            ],
            [
              0.8054277828886844,
              0.8431594860166288
            ],
            [
              0.8049678012879485,
              0.8424036281179138
            ],
            [
              0.8040478380864765,
              0.8424036281179138
            ],
            [
              0.8033578656853726,
              0.8420256991685563
            ],
            [
              0.8026678932842686,
              0.8416477702191988
            ],
            [
              0.8022079116835327,
              0.8408919123204838
            ],
            [
              0.8017479300827967,
              0.8401360544217688
            ],
            [
              0.8015179392824286,
              0.8390022675736961
            ],
            [
              0.8019779208831647,
              0.8382464096749811
            ],
            [
              0.8026678932842686,
              0.8378684807256236
            ],
            [
              0.8035878564857406,
              0.8378684807256236
            ],
            [
              0.8040478380864765,
              0.8371126228269086
            ],
            [
              0.8049678012879485,
              0.8371126228269086
            ],
            [
              0.8058877644894205,
              0.8371126228269086
            ],
            [
              0.8065777368905244,
              0.8367346938775511
            ],
            [
              0.8072677092916284,
              0.8363567649281936
            ],
            [
              0.8081876724931003,
              0.8363567649281936
            ],
            [
              0.8086476540938362,
              0.8356009070294784
            ],
            [
              0.8093376264949402,
              0.8352229780801209
            ],
            [
              0.8097976080956761,
              0.8344671201814059
            ],
            [
              0.8102575896964122,
              0.8337112622826909
            ],
            [
              0.8109475620975161,
              0.8333333333333334
            ],
            [
              0.8116375344986201,
              0.8329554043839759
            ],
            [
              0.812327506899724,
              0.8325774754346182
            ],
            [
              0.8132474701011959,
              0.8325774754346182
            ],
            [
              0.8141674333026679,
              0.8325774754346182
            ],
            [
              0.8150873965041399,
              0.8325774754346182
            ],
            [
              0.8155473781048758,
              0.8318216175359032
            ],
            [
              0.8164673413063478,
              0.8318216175359032
            ],
            [
              0.8169273229070837,
              0.8310657596371882
            ],
            [
              0.8173873045078197,
              0.8303099017384732
            ],
            [
              0.8178472861085556,
              0.8295540438397582
            ],
            [
              0.8185372585096596,
              0.8291761148904006
            ],
            [
              0.8192272309107635,
              0.828798185941043
            ],
            [
              0.8201471941122355,
              0.828798185941043
            ],
            [
              0.8210671573137075,
              0.828798185941043
            ],
            [
              0.8215271389144434,
              0.8295540438397582
            ],
            [
              0.8224471021159153,
              0.8295540438397582
            ],
            [
              0.8233670653173873,
              0.8295540438397582
            ],
            [
              0.8242870285188593,
              0.8295540438397582
            ],
            [
              0.8249770009199632,
              0.8299319727891157
            ],
            [
              0.8256669733210672,
              0.8303099017384732
            ],
            [
              0.8263569457221711,
              0.8306878306878307
            ],
            [
              0.827046918123275,
              0.8310657596371882
            ],
            [
              0.827966881324747,
              0.8310657596371882
            ],
            [
              0.828886844526219,
              0.8310657596371882
            ],
            [
              0.8293468261269549,
              0.8318216175359032
            ],
            [
              0.8302667893284269,
              0.8318216175359032
            ],
            [
              0.8309567617295308,
              0.8321995464852607
            ],
            [
              0.8316467341306347,
              0.8325774754346182
            ],
            [
              0.8325666973321068,
              0.8325774754346182
            ],
            [
              0.8330266789328427,
              0.8333333333333334
            ],
            [
              0.8339466421343146,
              0.8333333333333334
            ],
            [
              0.8344066237350506,
              0.8340891912320484
            ],
            [
              0.8350965961361545,
              0.8344671201814059
            ],
            [
              0.8357865685372585,
              0.8348450491307634
            ],
            [
              0.8362465501379944,
              0.8356009070294784
            ],
            [
              0.8369365225390984,
              0.8359788359788359
            ],
            [
              0.8373965041398344,
              0.8367346938775511
            ],
            [
              0.8378564857405704,
              0.8374905517762661
            ],
            [
              0.8383164673413064,
              0.8382464096749811
            ],
            [
              0.8387764489420423,
              0.8390022675736961
            ],
            [
              0.8392364305427783,
              0.8397581254724111
            ],
            [
              0.8396964121435143,
              0.8405139833711263
            ],
            [
              0.8403863845446182,
              0.8408919123204838
            ],
            [
              0.8408463661453542,
              0.8416477702191988
            ],
            [
              0.8415363385464582,
              0.8420256991685563
            ],
            [
              0.8422263109475621,
              0.8424036281179138
            ],
            [
              0.8429162833486661,
              0.8427815570672713
            ],
            [
              0.84360625574977,
              0.8431594860166288
            ],
            [
              0.844066237350506,
              0.843915343915344
            ],
            [
              0.8447562097516099,
              0.8442932728647015
            ],
            [
              0.8452161913523459,
              0.8450491307634165
            ],
            [
              0.8456761729530818,
              0.8458049886621315
            ],
            [
              0.8456761729530818,
              0.8473167044595616
            ],
            [
              0.8456761729530818,
              0.8488284202569917
            ],
            [
              0.8454461821527139,
              0.8499622071050642
            ],
            [
              0.8452161913523459,
              0.8510959939531368
            ],
            [
              0.8454461821527139,
              0.8522297808012094
            ],
            [
              0.8456761729530818,
              0.8533635676492819
            ],
            [
              0.8456761729530818,
              0.854875283446712
            ],
            [
              0.8452161913523459,
              0.8556311413454271
            ],
            [
              0.8449862005519779,
              0.8567649281934996
            ],
            [
              0.8445262189512419,
              0.8575207860922147
            ],
            [
              0.84360625574977,
              0.8575207860922147
            ],
            [
              0.8426862925482981,
              0.8575207860922147
            ],
            [
              0.8417663293468262,
              0.8575207860922147
            ],
            [
              0.8408463661453542,
              0.8575207860922147
            ],
            [
              0.8403863845446182,
              0.8582766439909297
            ]
          ]
        ]
      },
      "properties": {
        "segment_id": 1,
        "area": 2244,
        "bbox": [
          1743.0,
          1097.0,
          95.0,
          38.0
        ],
        "iou": 0.9427544474601746,
        "stability": 0.9577525854110718,
        "auto_generated": true,
        "model": "segment_anything"
      }
    },
    {
      "type": "Feature",
      "geometry": {
        "type": "Polygon",
        "coordinates": [
          [
            [
              0.999540018399264,
              0.8386243386243386
            ],
            [
              0.9974701011959521,
              0.8382464096749811
            ],
            [
              0.9954001839926403,
              0.8378684807256236
            ],
            [
              0.9935602575896965,
              0.8371126228269086
            ],
            [
              0.9917203311867525,
              0.8363567649281936
            ],
            [
              0.9898804047838087,
              0.8356009070294784
            ],
            [
              0.9880404783808647,
              0.8348450491307634
            ],
            [
              0.9859705611775529,
              0.8344671201814059
            ],
            [
              0.983900643974241,
              0.8340891912320484
            ],
            [
              0.9820607175712971,
              0.8333333333333334
            ],
            [
              0.9802207911683533,
              0.8325774754346182
            ],
            [
              0.9781508739650414,
              0.8321995464852607
            ],
            [
              0.9765409383624655,
              0.8310657596371882
            ],
            [
              0.9747010119595216,
              0.8303099017384732
            ],
            [
              0.9728610855565777,
              0.8295540438397582
            ],
            [
              0.9705611775528978,
              0.8295540438397582
            ],
            [
              0.968721251149954,
              0.828798185941043
            ],
            [
              0.9668813247470102,
              0.828042328042328
            ],
            [
              0.9650413983440662,
              0.827286470143613
            ],
            [
              0.9632014719411224,
              0.826530612244898
            ],
            [
              0.9609015639374425,
              0.826530612244898
            ],
            [
              0.9590616375344986,
              0.825774754346183
            ],
            [
              0.9572217111315547,
              0.8250188964474678
            ],
            [
              0.9553817847286109,
              0.8242630385487528
            ],
            [
              0.953541858325667,
              0.8235071806500378
            ],
            [
              0.9517019319227231,
              0.8227513227513228
            ],
            [
              0.9498620055197792,
              0.8219954648526077
            ],
            [
              0.9475620975160993,
              0.8219954648526077
            ],
            [
              0.9457221711131555,
              0.8212396069538926
            ],
            [
              0.9438822447102115,
              0.8204837490551776
            ],
            [
              0.9420423183072677,
              0.8197278911564626
            ],
            [
              0.9402023919043239,
              0.8189720332577476
            ],
            [
              0.9383624655013799,
              0.8182161753590325
            ],
            [
              0.9365225390984361,
              0.8174603174603174
            ],
            [
              0.9344526218951242,
              0.8170823885109599
            ],
            [
              0.9328426862925483,
              0.8159486016628874
            ],
            [
              0.9305427782888684,
              0.8159486016628874
            ],
            [
              0.9287028518859246,
              0.8151927437641724
            ],
            [
              0.9268629254829807,
              0.8144368858654573
            ],
            [
              0.9250229990800368,
              0.8136810279667422
            ],
            [
              0.922723091076357,
              0.8136810279667422
            ],
            [
              0.920883164673413,
              0.8129251700680272
            ],
            [
              0.9190432382704692,
              0.8121693121693122
            ],
            [
              0.9172033118675254,
              0.8114134542705971
            ],
            [
              0.9153633854645814,
              0.8106575963718821
            ],
            [
              0.9135234590616376,
              0.809901738473167
            ],
            [
              0.9116835326586936,
              0.809145880574452
            ],
            [
              0.9098436062557498,
              0.808390022675737
            ],
            [
              0.9080036798528058,
              0.8076341647770219
            ],
            [
              0.905933762649494,
              0.8072562358276644
            ],
            [
              0.9043238270469182,
              0.8061224489795918
            ],
            [
              0.9022539098436062,
              0.8057445200302343
            ],
            [
              0.9001839926402944,
              0.8053665910808768
            ],
            [
              0.8981140754369825,
              0.8049886621315193
            ],
            [
              0.8960441582336707,
              0.8046107331821618
            ],
            [
              0.8942042318307267,
              0.8038548752834467
            ],
            [
              0.8925942962281509,
              0.8027210884353742
            ],
            [
              0.890524379024839,
              0.8023431594860166
            ],
            [
              0.8886844526218951,
              0.8015873015873016
            ],
            [
              0.8868445262189513,
              0.8008314436885865
            ],
            [
              0.8856945722171113,
              0.798941798941799
            ],
            [
              0.8868445262189513,
              0.7970521541950113
            ],
            [
              0.8891444342226311,
              0.7970521541950113
            ],
            [
              0.890984360625575,
              0.7962962962962963
            ],
            [
              0.8932842686292548,
              0.7962962962962963
            ],
            [
              0.8955841766329347,
              0.7962962962962963
            ],
            [
              0.8974241030358786,
              0.7955404383975813
            ],
            [
              0.8997240110395585,
              0.7955404383975813
            ],
            [
              0.9015639374425023,
              0.7962962962962963
            ],
            [
              0.9036338546458141,
              0.7959183673469388
            ],
            [
              0.9052437902483901,
              0.7962962962962963
            ],
            [
              0.9075436982520699,
              0.7962962962962963
            ],
            [
              0.9098436062557498,
              0.7962962962962963
            ],
            [
              0.9116835326586936,
              0.7955404383975813
            ],
            [
              0.9139834406623735,
              0.7955404383975813
            ],
            [
              0.9160533578656854,
              0.7959183673469388
            ],
            [
              0.9181232750689973,
              0.7962962962962963
            ],
            [
              0.9199632014719411,
              0.7955404383975813
            ],
            [
              0.922263109475621,
              0.7955404383975813
            ],
            [
              0.9241030358785649,
              0.7947845804988662
            ],
            [
              0.9264029438822448,
              0.7947845804988662
            ],
            [
              0.9287028518859246,
              0.7947845804988662
            ],
            [
              0.9310027598896045,
              0.7947845804988662
            ],
            [
              0.9333026678932843,
              0.7947845804988662
            ],
            [
              0.9356025758969642,
              0.7947845804988662
            ],
            [
              0.937902483900644,
              0.7947845804988662
            ],
            [
              0.9402023919043239,
              0.7947845804988662
            ],
            [
              0.9425022999080037,
              0.7947845804988662
            ],
            [
              0.9448022079116836,
              0.7947845804988662
            ],
            [
              0.9471021159153634,
              0.7947845804988662
            ],
            [
              0.9494020239190433,
              0.7947845804988662
            ],
            [
              0.9512419503219871,
              0.7955404383975813
            ],
            [
              0.952621895124195,
              0.7940287226001512
            ],
            [
              0.954001839926403,
              0.7925170068027211
            ],
            [
              0.9563017479300828,
              0.7925170068027211
            ],
            [
              0.9586016559337627,
              0.7925170068027211
            ],
            [
              0.9604415823367065,
              0.7917611489040061
            ],
            [
              0.9627414903403864,
              0.7917611489040061
            ],
            [
              0.9650413983440662,
              0.7917611489040061
            ],
            [
              0.9673413063477461,
              0.7917611489040061
            ],
            [
              0.96918123275069,
              0.7925170068027211
            ],
            [
              0.9710211591536339,
              0.7932728647014361
            ],
            [
              0.9728610855565777,
              0.7940287226001512
            ],
            [
              0.9747010119595216,
              0.7947845804988662
            ],
            [
              0.9765409383624655,
              0.7940287226001512
            ],
            [
              0.9788408463661453,
              0.7940287226001512
            ],
            [
              0.9811407543698252,
              0.7940287226001512
            ],
            [
              0.9832106715731371,
              0.7944066515495087
            ],
            [
              0.985280588776449,
              0.7947845804988662
            ],
            [
              0.9871205151793928,
              0.7940287226001512
            ],
            [
              0.9889604415823368,
              0.7947845804988662
            ],
            [
              0.9912603495860166,
              0.7947845804988662
            ],
            [
              0.9935602575896965,
              0.7947845804988662
            ],
            [
              0.9958601655933763,
              0.7947845804988662
            ],
            [
              0.9981600735970562,
              0.7947845804988662
            ],
            [
              0.999540018399264,
              0.8386243386243386
            ]
          ]
        ]
      },
      "properties": {
        "segment_id": 2,
        "area": 8235,
        "bbox": [
          1926.0,
          1048.0,
          247.0,
          61.0
        ],
        "iou": 0.9313936829566956,
        "stability": 0.9505455493927002,
        "auto_generated": true,
        "model": "segment_anything"
      }
    },
    {
      "type": "Feature",
      "geometry": {
        "type": "Polygon",
        "coordinates": [
          [
            [
              0.9243330266789328,
              0.999244142101285
            ],
            [
              0.9236430542778289,
              0.9988662131519275
            ],
            [
              0.922723091076357,
              0.9988662131519275
            ],
            [
              0.921803127874885,
              0.9988662131519275
            ],
            [
              0.920883164673413,
              0.9988662131519275
            ],
            [
              0.9201931922723091,
              0.99848828420257
            ],
            [
              0.9195032198712052,
              0.9981103552532123
            ],
            [
              0.9190432382704692,
              0.9973544973544973
            ],
            [
              0.9185832566697332,
              0.9965986394557823
            ],
            [
              0.9183532658693653,
              0.9954648526077098
            ],
            [
              0.9181232750689973,
              0.9943310657596371
            ],
            [
              0.9178932842686293,
              0.9931972789115646
            ],
            [
              0.9174333026678932,
              0.9924414210128496
            ],
            [
              0.9172033118675254,
              0.9913076341647771
            ],
            [
              0.9169733210671573,
              0.9901738473167044
            ],
            [
              0.9165133394664213,
              0.9894179894179894
            ],
            [
              0.9162833486660533,
              0.9882842025699169
            ],
            [
              0.9158233670653174,
              0.9875283446712018
            ],
            [
              0.9153633854645814,
              0.9867724867724867
            ],
            [
              0.9149034038638455,
              0.9860166288737717
            ],
            [
              0.9144434222631095,
              0.9852607709750567
            ],
            [
              0.9135234590616376,
              0.9852607709750567
            ],
            [
              0.9130634774609016,
              0.9845049130763417
            ],
            [
              0.9123735050597976,
              0.9841269841269841
            ],
            [
              0.9116835326586936,
              0.9837490551776266
            ],
            [
              0.9112235510579577,
              0.9829931972789115
            ],
            [
              0.9103035878564857,
              0.9829931972789115
            ],
            [
              0.9098436062557498,
              0.9822373393801965
            ],
            [
              0.9089236430542779,
              0.9822373393801965
            ],
            [
              0.9082336706531738,
              0.981859410430839
            ],
            [
              0.9075436982520699,
              0.9814814814814815
            ],
            [
              0.906623735050598,
              0.9814814814814815
            ],
            [
              0.906163753449862,
              0.9807256235827665
            ],
            [
              0.9052437902483901,
              0.9807256235827665
            ],
            [
              0.9043238270469182,
              0.9807256235827665
            ],
            [
              0.9038638454461821,
              0.9799697656840514
            ],
            [
              0.9029438822447102,
              0.9799697656840514
            ],
            [
              0.9022539098436062,
              0.9795918367346939
            ],
            [
              0.9015639374425023,
              0.9792139077853363
            ],
            [
              0.9011039558417663,
              0.9784580498866213
            ],
            [
              0.9006439742410304,
              0.9777021919879063
            ],
            [
              0.9004139834406624,
              0.9765684051398337
            ],
            [
              0.9004139834406624,
              0.9750566893424036
            ],
            [
              0.9006439742410304,
              0.9739229024943311
            ],
            [
              0.9011039558417663,
              0.973167044595616
            ],
            [
              0.9015639374425023,
              0.972411186696901
            ],
            [
              0.9020239190432383,
              0.971655328798186
            ],
            [
              0.9029438822447102,
              0.971655328798186
            ],
            [
              0.9036338546458141,
              0.9712773998488284
            ],
            [
              0.9043238270469182,
              0.9708994708994709
            ],
            [
              0.9052437902483901,
              0.9708994708994709
            ],
            [
              0.906163753449862,
              0.9708994708994709
            ],
            [
              0.9070837166513339,
              0.9708994708994709
            ],
            [
              0.9080036798528058,
              0.9708994708994709
            ],
            [
              0.9089236430542779,
              0.9708994708994709
            ],
            [
              0.9098436062557498,
              0.9708994708994709
            ],
            [
              0.9107635694572217,
              0.9708994708994709
            ],
            [
              0.9116835326586936,
              0.9708994708994709
            ],
            [
              0.9126034958601656,
              0.9708994708994709
            ],
            [
              0.9135234590616376,
              0.9708994708994709
            ],
            [
              0.9144434222631095,
              0.9708994708994709
            ],
            [
              0.9153633854645814,
              0.9708994708994709
            ],
            [
              0.9162833486660533,
              0.9708994708994709
            ],
            [
              0.9172033118675254,
              0.9708994708994709
            ],
            [
              0.9176632934682613,
              0.971655328798186
            ],
            [
              0.9185832566697332,
              0.971655328798186
            ],
            [
              0.9195032198712052,
              0.971655328798186
            ],
            [
              0.9204231830726771,
              0.971655328798186
            ],
            [
              0.920883164673413,
              0.972411186696901
            ],
            [
              0.921803127874885,
              0.972411186696901
            ],
            [
              0.922723091076357,
              0.972411186696901
            ],
            [
              0.9231830726770929,
              0.973167044595616
            ],
            [
              0.9241030358785649,
              0.973167044595616
            ],
            [
              0.9245630174793008,
              0.9739229024943311
            ],
            [
              0.9254829806807727,
              0.9739229024943311
            ],
            [
              0.9261729530818767,
              0.9743008314436886
            ],
            [
              0.9268629254829807,
              0.9746787603930461
            ],
            [
              0.9277828886844526,
              0.9746787603930461
            ],
            [
              0.9282428702851886,
              0.9754346182917611
            ],
            [
              0.9291628334866605,
              0.9754346182917611
            ],
            [
              0.9300827966881324,
              0.9754346182917611
            ],
            [
              0.9305427782888684,
              0.9761904761904762
            ],
            [
              0.9314627414903404,
              0.9761904761904762
            ],
            [
              0.9323827046918123,
              0.9761904761904762
            ],
            [
              0.9333026678932843,
              0.9761904761904762
            ],
            [
              0.9337626494940202,
              0.9769463340891912
            ],
            [
              0.9346826126954921,
              0.9769463340891912
            ],
            [
              0.9356025758969642,
              0.9769463340891912
            ],
            [
              0.9362925482980681,
              0.9773242630385488
            ],
            [
              0.936982520699172,
              0.9777021919879063
            ],
            [
              0.937902483900644,
              0.9777021919879063
            ],
            [
              0.9383624655013799,
              0.9784580498866213
            ],
            [
              0.9392824287028518,
              0.9784580498866213
            ],
            [
              0.9397424103035878,
              0.9792139077853363
            ],
            [
              0.9404323827046918,
              0.9795918367346939
            ],
            [
              0.9411223551057958,
              0.9799697656840514
            ],
            [
              0.9418123275068997,
              0.9803476946334089
            ],
            [
              0.9425022999080037,
              0.9807256235827665
            ],
            [
              0.9429622815087396,
              0.9814814814814815
            ],
            [
              0.9434222631094756,
              0.9822373393801965
            ],
            [
              0.9441122355105795,
              0.982615268329554
            ],
            [
              0.9445722171113156,
              0.983371126228269
            ],
            [
              0.9450321987120515,
              0.9841269841269841
            ],
            [
              0.9457221711131555,
              0.9845049130763417
            ],
            [
              0.9461821527138914,
              0.9852607709750567
            ],
            [
              0.9468721251149954,
              0.9856386999244142
            ],
            [
              0.9475620975160993,
              0.9860166288737717
            ],
            [
              0.9480220791168353,
              0.9867724867724867
            ],
            [
              0.9487120515179392,
              0.9871504157218443
            ],
            [
              0.9494020239190433,
              0.9875283446712018
            ],
            [
              0.9498620055197792,
              0.9882842025699169
            ],
            [
              0.9505519779208832,
              0.9886621315192744
            ],
            [
              0.9512419503219871,
              0.9890400604686319
            ],
            [
              0.9519319227230911,
              0.9894179894179894
            ],
            [
              0.952391904323827,
              0.9901738473167044
            ],
            [
              0.952851885924563,
              0.9909297052154195
            ],
            [
              0.952851885924563,
              0.9924414210128496
            ],
            [
              0.953311867525299,
              0.9931972789115646
            ],
            [
              0.953541858325667,
              0.9943310657596371
            ],
            [
              0.953771849126035,
              0.9954648526077098
            ],
            [
              0.954231830726771,
              0.9962207105064248
            ],
            [
              0.9546918123275069,
              0.9969765684051398
            ],
            [
              0.954231830726771,
              0.9977324263038548
            ],
            [
              0.953541858325667,
              0.9981103552532123
            ],
            [
              0.952621895124195,
              0.9981103552532123
            ],
            [
              0.952161913523459,
              0.9988662131519275
            ],
            [
              0.9512419503219871,
              0.9988662131519275
            ],
            [
              0.9503219871205152,
              0.9988662131519275
            ],
            [
              0.9494020239190433,
              0.9988662131519275
            ],
            [
              0.9484820607175714,
              0.9988662131519275
            ],
            [
              0.9475620975160993,
              0.9988662131519275
            ],
            [
              0.9466421343146274,
              0.9988662131519275
            ],
            [
              0.9457221711131555,
              0.9988662131519275
            ],
            [
              0.9448022079116836,
              0.9988662131519275
            ],
            [
              0.9438822447102115,
              0.9988662131519275
            ],
            [
              0.9429622815087396,
              0.9988662131519275
            ],
            [
              0.9420423183072677,
              0.9988662131519275
            ],
            [
              0.9411223551057958,
              0.9988662131519275
            ],
            [
              0.9402023919043239,
              0.9988662131519275
            ],
            [
              0.9392824287028518,
              0.9988662131519275
            ],
            [
              0.9383624655013799,
              0.9988662131519275
            ],
            [
              0.937442502299908,
              0.9988662131519275
            ],
            [
              0.9365225390984361,
              0.9988662131519275
            ],
            [
              0.9356025758969642,
              0.9988662131519275
            ],
            [
              0.9346826126954921,
              0.9988662131519275
            ],
            [
              0.9243330266789328,
              0.999244142101285
            ]
          ]
        ]
      },
      "properties": {
        "segment_id": 3,
        "area": 2650,
        "bbox": [
          1958.0,
          1285.0,
          117.0,
          37.0
        ],
        "iou": 0.8920745849609375,
        "stability": 0.9431401491165161,
        "auto_generated": true,
        "model": "segment_anything"
      }
    },
    {
      "type": "Feature",
      "geometry": {
        "type": "Polygon",
        "coordinates": [
          [
            [
              0.41674333026678934,
              0.5665154950869237
            ],
            [
              0.4162833486660534,
              0.5665154950869237
            ],
            [
              0.41582336706531736,
              0.5665154950869237
            ],
            [
              0.4153633854645814,
              0.5665154950869237
            ],
            [
              0.41490340386384544,
              0.5665154950869237
            ],
            [
              0.4144434222631095,
              0.5665154950869237
            ],
            [
              0.4139834406623735,
              0.5665154950869237
            ],
            [
              0.4135234590616375,
              0.5665154950869237
            ],
            [
              0.41306347746090155,
              0.5665154950869237
            ],
            [
              0.4126034958601656,
              0.5665154950869237
            ],
            [
              0.41214351425942963,
              0.5665154950869237
            ],
            [
              0.4119135234590616,
              0.5661375661375662
            ],
            [
              0.4116835326586937,
              0.5657596371882087
            ],
            [
              0.41145354185832567,
              0.5653817082388511
            ],
            [
              0.41122355105795766,
              0.5650037792894935
            ],
            [
              0.4109935602575897,
              0.564625850340136
            ],
            [
              0.4109935602575897,
              0.563869992441421
            ],
            [
              0.4109935602575897,
              0.563114134542706
            ],
            [
              0.4107635694572217,
              0.5627362055933485
            ],
            [
              0.41053357865685375,
              0.562358276643991
            ],
            [
              0.41030358785648574,
              0.5619803476946335
            ],
            [
              0.41007359705611773,
              0.5616024187452758
            ],
            [
              0.4098436062557498,
              0.5612244897959183
            ],
            [
              0.4096136154553818,
              0.5608465608465608
            ],
            [
              0.4096136154553818,
              0.5600907029478458
            ],
            [
              0.4093836246550138,
              0.5597127739984883
            ],
            [
              0.4091536338546458,
              0.5593348450491308
            ],
            [
              0.4091536338546458,
              0.5585789871504158
            ],
            [
              0.4091536338546458,
              0.5578231292517006
            ],
            [
              0.4089236430542778,
              0.5574452003023431
            ],
            [
              0.40869365225390986,
              0.5570672713529856
            ],
            [
              0.40869365225390986,
              0.5563114134542706
            ],
            [
              0.40869365225390986,
              0.5555555555555556
            ],
            [
              0.40869365225390986,
              0.5547996976568406
            ],
            [
              0.40869365225390986,
              0.5540438397581254
            ],
            [
              0.40869365225390986,
              0.5532879818594104
            ],
            [
              0.40869365225390986,
              0.5525321239606954
            ],
            [
              0.40869365225390986,
              0.5517762660619804
            ],
            [
              0.40869365225390986,
              0.5510204081632653
            ],
            [
              0.4089236430542778,
              0.5506424792139077
            ],
            [
              0.4091536338546458,
              0.5502645502645502
            ],
            [
              0.4091536338546458,
              0.5495086923658352
            ],
            [
              0.4093836246550138,
              0.5491307634164777
            ],
            [
              0.4096136154553818,
              0.5487528344671202
            ],
            [
              0.4098436062557498,
              0.5483749055177627
            ],
            [
              0.41007359705611773,
              0.5479969765684052
            ],
            [
              0.41030358785648574,
              0.5476190476190477
            ],
            [
              0.4107635694572217,
              0.5476190476190477
            ],
            [
              0.4109935602575897,
              0.54724111866969
            ],
            [
              0.41122355105795766,
              0.5468631897203325
            ],
            [
              0.4116835326586937,
              0.5468631897203325
            ],
            [
              0.41214351425942963,
              0.5468631897203325
            ],
            [
              0.4126034958601656,
              0.5468631897203325
            ],
            [
              0.4128334866605336,
              0.54724111866969
            ],
            [
              0.41306347746090155,
              0.5476190476190477
            ],
            [
              0.4135234590616375,
              0.5476190476190477
            ],
            [
              0.4139834406623735,
              0.5476190476190477
            ],
            [
              0.4142134314627415,
              0.5479969765684052
            ],
            [
              0.4144434222631095,
              0.5483749055177627
            ],
            [
              0.41467341306347744,
              0.5487528344671202
            ],
            [
              0.41490340386384544,
              0.5491307634164777
            ],
            [
              0.41513339466421345,
              0.5495086923658352
            ],
            [
              0.4153633854645814,
              0.5498866213151927
            ],
            [
              0.4155933762649494,
              0.5502645502645502
            ],
            [
              0.41582336706531736,
              0.5506424792139077
            ],
            [
              0.4162833486660534,
              0.5506424792139077
            ],
            [
              0.41674333026678934,
              0.5506424792139077
            ],
            [
              0.4169733210671573,
              0.5510204081632653
            ],
            [
              0.4172033118675253,
              0.5513983371126229
            ],
            [
              0.41766329346826125,
              0.5513983371126229
            ],
            [
              0.4181232750689972,
              0.5513983371126229
            ],
            [
              0.4183532658693652,
              0.5517762660619804
            ],
            [
              0.41858325666973323,
              0.5521541950113379
            ],
            [
              0.4190432382704692,
              0.5521541950113379
            ],
            [
              0.41927322907083714,
              0.5525321239606954
            ],
            [
              0.41950321987120515,
              0.5529100529100529
            ],
            [
              0.4199632014719411,
              0.5529100529100529
            ],
            [
              0.4201931922723091,
              0.5532879818594104
            ],
            [
              0.4204231830726771,
              0.5536659108087679
            ],
            [
              0.4208831646734131,
              0.5536659108087679
            ],
            [
              0.42111315547378103,
              0.5540438397581254
            ],
            [
              0.42134314627414904,
              0.5544217687074829
            ],
            [
              0.42157313707451705,
              0.5547996976568406
            ],
            [
              0.421803127874885,
              0.5551776266061981
            ],
            [
              0.422033118675253,
              0.5555555555555556
            ],
            [
              0.42226310947562096,
              0.5559334845049131
            ],
            [
              0.42249310027598896,
              0.5563114134542706
            ],
            [
              0.42272309107635697,
              0.5566893424036281
            ],
            [
              0.4229530818767249,
              0.5570672713529856
            ],
            [
              0.4229530818767249,
              0.5578231292517006
            ],
            [
              0.4229530818767249,
              0.5585789871504158
            ],
            [
              0.42318307267709293,
              0.5589569160997733
            ],
            [
              0.4234130634774609,
              0.5593348450491308
            ],
            [
              0.4234130634774609,
              0.5600907029478458
            ],
            [
              0.42318307267709293,
              0.5604686318972033
            ],
            [
              0.4229530818767249,
              0.5608465608465608
            ],
            [
              0.4229530818767249,
              0.5616024187452758
            ],
            [
              0.42272309107635697,
              0.5619803476946335
            ],
            [
              0.42249310027598896,
              0.562358276643991
            ],
            [
              0.42226310947562096,
              0.5627362055933485
            ],
            [
              0.422033118675253,
              0.563114134542706
            ],
            [
              0.421803127874885,
              0.5634920634920635
            ],
            [
              0.42134314627414904,
              0.5634920634920635
            ],
            [
              0.4208831646734131,
              0.5634920634920635
            ],
            [
              0.42065317387304507,
              0.563869992441421
            ],
            [
              0.4204231830726771,
              0.5642479213907785
            ],
            [
              0.4199632014719411,
              0.5642479213907785
            ],
            [
              0.41950321987120515,
              0.5642479213907785
            ],
            [
              0.41927322907083714,
              0.564625850340136
            ],
            [
              0.4190432382704692,
              0.5650037792894935
            ],
            [
              0.41858325666973323,
              0.5650037792894935
            ],
            [
              0.4183532658693652,
              0.5653817082388511
            ],
            [
              0.4181232750689972,
              0.5657596371882087
            ],
            [
              0.41766329346826125,
              0.5657596371882087
            ],
            [
              0.4172033118675253,
              0.5657596371882087
            ],
            [
              0.4169733210671573,
              0.5661375661375662
            ],
            [
              0.41674333026678934,
              0.5665154950869237
            ],
            [
              0.41674333026678934,
              0.5665154950869237
            ]
          ]
        ]
      },
      "properties": {
        "segment_id": 4,
        "area": 576,
        "bbox": [
          889.0,
          724.0,
          31.0,
          25.0
        ],
        "iou": 0.8882606029510498,
        "stability": 0.9742709994316101,
        "auto_generated": true,
        "model": "segment_anything"
      }
    },
    {
      "type": "Feature",
      "geometry": {
        "type": "Polygon",
        "coordinates": [
          [
            [
              0.5013799448022079,
              0.735071806500378
            ],
            [
              0.5,
              0.735071806500378
            ],
            [
              0.4990800367985281,
              0.7343159486016629
            ],
            [
              0.49770009199632015,
              0.7343159486016629
            ],
            [
              0.4963201471941122,
              0.7343159486016629
            ],
            [
              0.49494020239190434,
              0.7343159486016629
            ],
            [
              0.49402023919043236,
              0.7335600907029478
            ],
            [
              0.4926402943882245,
              0.7335600907029478
            ],
            [
              0.49126034958601655,
              0.7335600907029478
            ],
            [
              0.4898804047838086,
              0.7335600907029478
            ],
            [
              0.48850045998160074,
              0.7335600907029478
            ],
            [
              0.4871205151793928,
              0.7335600907029478
            ],
            [
              0.4862005519779209,
              0.7328042328042328
            ],
            [
              0.48482060717571296,
              0.7328042328042328
            ],
            [
              0.4834406623735051,
              0.7328042328042328
            ],
            [
              0.48206071757129715,
              0.7328042328042328
            ],
            [
              0.4806807727690892,
              0.7328042328042328
            ],
            [
              0.47930082796688134,
              0.7328042328042328
            ],
            [
              0.4781508739650414,
              0.7324263038548753
            ],
            [
              0.4770009199632015,
              0.7320483749055178
            ],
            [
              0.47562097516099355,
              0.7320483749055178
            ],
            [
              0.4742410303587857,
              0.7320483749055178
            ],
            [
              0.47286108555657774,
              0.7320483749055178
            ],
            [
              0.4714811407543698,
              0.7320483749055178
            ],
            [
              0.4705611775528979,
              0.7312925170068028
            ],
            [
              0.46918123275068996,
              0.7312925170068028
            ],
            [
              0.46826126954921804,
              0.7305366591080876
            ],
            [
              0.4671113155473781,
              0.7301587301587301
            ],
            [
              0.46619135234590614,
              0.7294028722600151
            ],
            [
              0.4650413983440662,
              0.7290249433106576
            ],
            [
              0.46366145354185834,
              0.7290249433106576
            ],
            [
              0.4622815087396504,
              0.7290249433106576
            ],
            [
              0.4609015639374425,
              0.7290249433106576
            ],
            [
              0.45998160073597055,
              0.7297808012093726
            ],
            [
              0.4586016559337627,
              0.7297808012093726
            ],
            [
              0.4576816927322907,
              0.7305366591080876
            ],
            [
              0.4563017479300828,
              0.7305366591080876
            ],
            [
              0.4549218031278749,
              0.7305366591080876
            ],
            [
              0.45354185832566696,
              0.7305366591080876
            ],
            [
              0.4521619135234591,
              0.7305366591080876
            ],
            [
              0.45078196872125115,
              0.7305366591080876
            ],
            [
              0.4494020239190432,
              0.7305366591080876
            ],
            [
              0.4484820607175713,
              0.7297808012093726
            ],
            [
              0.44779208831646733,
              0.7286470143613001
            ],
            [
              0.44802207911683534,
              0.7267573696145124
            ],
            [
              0.4487120515179393,
              0.7256235827664399
            ],
            [
              0.44986200551977923,
              0.7252456538170824
            ],
            [
              0.45078196872125115,
              0.7244897959183674
            ],
            [
              0.45170193192272307,
              0.7237339380196524
            ],
            [
              0.45262189512419504,
              0.7229780801209372
            ],
            [
              0.452851885924563,
              0.7210884353741497
            ],
            [
              0.453081876724931,
              0.719198790627362
            ],
            [
              0.4540018399264029,
              0.718442932728647
            ],
            [
              0.4546918123275069,
              0.7180650037792895
            ],
            [
              0.4558417663293468,
              0.718442932728647
            ],
            [
              0.45699172033118673,
              0.7188208616780045
            ],
            [
              0.45814167433302666,
              0.719198790627362
            ],
            [
              0.45906163753449863,
              0.719954648526077
            ],
            [
              0.4604415823367065,
              0.719954648526077
            ],
            [
              0.4613615455381785,
              0.7207105064247922
            ],
            [
              0.46274149034038636,
              0.7207105064247922
            ],
            [
              0.46366145354185834,
              0.7214663643235072
            ],
            [
              0.46458141674333026,
              0.7207105064247922
            ],
            [
              0.4659613615455382,
              0.7207105064247922
            ],
            [
              0.46734130634774607,
              0.7207105064247922
            ],
            [
              0.468721251149954,
              0.7207105064247922
            ],
            [
              0.4698712051517939,
              0.7203325774754347
            ],
            [
              0.47102115915363385,
              0.719954648526077
            ],
            [
              0.4724011039558418,
              0.719954648526077
            ],
            [
              0.4733210671573137,
              0.7207105064247922
            ],
            [
              0.47470101195952163,
              0.7207105064247922
            ],
            [
              0.4760809567617295,
              0.7207105064247922
            ],
            [
              0.47746090156393745,
              0.7207105064247922
            ],
            [
              0.4788408463661454,
              0.7207105064247922
            ],
            [
              0.48022079116835326,
              0.7207105064247922
            ],
            [
              0.4813707451701932,
              0.7210884353741497
            ],
            [
              0.4825206991720331,
              0.7214663643235072
            ],
            [
              0.48390064397424104,
              0.7214663643235072
            ],
            [
              0.4852805887764489,
              0.7214663643235072
            ],
            [
              0.48666053357865685,
              0.7214663643235072
            ],
            [
              0.4880404783808648,
              0.7214663643235072
            ],
            [
              0.4891904323827047,
              0.7218442932728647
            ],
            [
              0.49034038638454464,
              0.7222222222222222
            ],
            [
              0.4917203311867525,
              0.7222222222222222
            ],
            [
              0.49310027598896045,
              0.7222222222222222
            ],
            [
              0.49402023919043236,
              0.7229780801209372
            ],
            [
              0.4954001839926403,
              0.7229780801209372
            ],
            [
              0.4963201471941122,
              0.7237339380196524
            ],
            [
              0.49747010119595214,
              0.7241118669690099
            ],
            [
              0.49862005519779207,
              0.7244897959183674
            ],
            [
              0.49954001839926404,
              0.7252456538170824
            ],
            [
              0.5009199632014719,
              0.7252456538170824
            ],
            [
              0.5018399264029438,
              0.7260015117157974
            ],
            [
              0.5032198712051518,
              0.7260015117157974
            ],
            [
              0.5041398344066237,
              0.7267573696145124
            ],
            [
              0.5048298068077277,
              0.7278911564625851
            ],
            [
              0.5055197792088316,
              0.7290249433106576
            ],
            [
              0.5055197792088316,
              0.7305366591080876
            ],
            [
              0.5048298068077277,
              0.7316704459561603
            ],
            [
              0.5041398344066237,
              0.7328042328042328
            ],
            [
              0.5032198712051518,
              0.7335600907029478
            ],
            [
              0.5022999080036799,
              0.7343159486016629
            ],
            [
              0.5013799448022079,
              0.735071806500378
            ]
          ]
        ]
      },
      "properties": {
        "segment_id": 5,
        "area": 1668,
        "bbox": [
          974.0,
          950.0,
          125.0,
          22.0
        ],
        "iou": 0.8839379549026489,
        "stability": 0.943506121635437,
        "auto_generated": true,
        "model": "segment_anything"
      }
    },
    {
      "type": "Feature",
      "geometry": {
        "type": "Polygon",
        "coordinates": [
          [
            [
              0.7736890524379025,
              0.827286470143613
            ],
            [
              0.7723091076356946,
              0.827286470143613
            ],
            [
              0.7709291628334867,
              0.827286470143613
            ],
            [
              0.7695492180312787,
              0.827286470143613
            ],
            [
              0.7681692732290708,
              0.827286470143613
            ],
            [
              0.7670193192272309,
              0.8269085411942555
            ],
            [
              0.765869365225391,
              0.826530612244898
            ],
            [
              0.764949402023919,
              0.825774754346183
            ],
            [
              0.7637994480220791,
              0.8253968253968254
            ],
            [
              0.7626494940202392,
              0.8250188964474678
            ],
            [
              0.7617295308187673,
              0.8242630385487528
            ],
            [
              0.7605795768169273,
              0.8238851095993953
            ],
            [
              0.7594296228150874,
              0.8235071806500378
            ],
            [
              0.7580496780128795,
              0.8235071806500378
            ],
            [
              0.7571297148114076,
              0.8227513227513228
            ],
            [
              0.7557497700091996,
              0.8227513227513228
            ],
            [
              0.7543698252069917,
              0.8227513227513228
            ],
            [
              0.7529898804047838,
              0.8227513227513228
            ],
            [
              0.7520699172033118,
              0.8219954648526077
            ],
            [
              0.7506899724011039,
              0.8219954648526077
            ],
            [
              0.749770009199632,
              0.8212396069538926
            ],
            [
              0.7483900643974241,
              0.8212396069538926
            ],
            [
              0.7474701011959521,
              0.8204837490551776
            ],
            [
              0.7463201471941122,
              0.8201058201058201
            ],
            [
              0.7451701931922723,
              0.8197278911564626
            ],
            [
              0.7442502299908004,
              0.8189720332577476
            ],
            [
              0.7433302667893285,
              0.8182161753590325
            ],
            [
              0.7424103035878565,
              0.8174603174603174
            ],
            [
              0.7414903403863845,
              0.8167044595616024
            ],
            [
              0.7405703771849126,
              0.8159486016628874
            ],
            [
              0.7394204231830727,
              0.8155706727135299
            ],
            [
              0.7385004599816007,
              0.8148148148148148
            ],
            [
              0.7378104875804968,
              0.8136810279667422
            ],
            [
              0.7366605335786569,
              0.8133030990173847
            ],
            [
              0.7359705611775529,
              0.8121693121693122
            ],
            [
              0.7362005519779209,
              0.8110355253212396
            ],
            [
              0.7371205151793928,
              0.8102796674225246
            ],
            [
              0.7382704691812327,
              0.809901738473167
            ],
            [
              0.7396504139834407,
              0.809901738473167
            ],
            [
              0.7405703771849126,
              0.809145880574452
            ],
            [
              0.7414903403863845,
              0.808390022675737
            ],
            [
              0.7424103035878565,
              0.8076341647770219
            ],
            [
              0.7431002759889604,
              0.8065003779289494
            ],
            [
              0.7435602575896965,
              0.8049886621315193
            ],
            [
              0.7442502299908004,
              0.8038548752834467
            ],
            [
              0.7451701931922723,
              0.8030990173847317
            ],
            [
              0.7460901563937442,
              0.8023431594860166
            ],
            [
              0.7470101195952162,
              0.8015873015873016
            ],
            [
              0.7483900643974241,
              0.8015873015873016
            ],
            [
              0.749770009199632,
              0.8015873015873016
            ],
            [
              0.7506899724011039,
              0.8008314436885865
            ],
            [
              0.7520699172033118,
              0.8008314436885865
            ],
            [
              0.7529898804047838,
              0.8000755857898715
            ],
            [
              0.7543698252069917,
              0.8000755857898715
            ],
            [
              0.7552897884084636,
              0.7993197278911565
            ],
            [
              0.7566697332106715,
              0.7993197278911565
            ],
            [
              0.7578196872125115,
              0.799697656840514
            ],
            [
              0.7589696412143514,
              0.8000755857898715
            ],
            [
              0.7598896044158233,
              0.8008314436885865
            ],
            [
              0.7610395584176632,
              0.8012093726379441
            ],
            [
              0.7621895124195032,
              0.8015873015873016
            ],
            [
              0.7635694572217111,
              0.8015873015873016
            ],
            [
              0.764489420423183,
              0.8023431594860166
            ],
            [
              0.765869365225391,
              0.8023431594860166
            ],
            [
              0.7672493100275989,
              0.8023431594860166
            ],
            [
              0.7686292548298068,
              0.8023431594860166
            ],
            [
              0.7700091996320148,
              0.8023431594860166
            ],
            [
              0.7713891444342227,
              0.8023431594860166
            ],
            [
              0.7727690892364305,
              0.8023431594860166
            ],
            [
              0.7736890524379025,
              0.8030990173847317
            ],
            [
              0.7750689972401104,
              0.8030990173847317
            ],
            [
              0.7759889604415824,
              0.8038548752834467
            ],
            [
              0.7769089236430543,
              0.8046107331821618
            ],
            [
              0.7782888684452622,
              0.8046107331821618
            ],
            [
              0.7792088316467342,
              0.8053665910808768
            ],
            [
              0.7803587856485741,
              0.8057445200302343
            ],
            [
              0.781508739650414,
              0.8061224489795918
            ],
            [
              0.7824287028518859,
              0.8068783068783069
            ],
            [
              0.7838086476540939,
              0.8068783068783069
            ],
            [
              0.7847286108555658,
              0.8076341647770219
            ],
            [
              0.7856485740570377,
              0.808390022675737
            ],
            [
              0.7865685372585096,
              0.809145880574452
            ],
            [
              0.7870285188592456,
              0.8106575963718821
            ],
            [
              0.7874885004599816,
              0.8121693121693122
            ],
            [
              0.7877184912603495,
              0.8140589569160998
            ],
            [
              0.7886384544618216,
              0.8148148148148148
            ],
            [
              0.7881784728610856,
              0.8155706727135299
            ],
            [
              0.7870285188592456,
              0.8151927437641724
            ],
            [
              0.7861085556577737,
              0.8159486016628874
            ],
            [
              0.7854185832566697,
              0.8170823885109599
            ],
            [
              0.7849586016559338,
              0.81859410430839
            ],
            [
              0.7842686292548298,
              0.8197278911564626
            ],
            [
              0.7833486660533578,
              0.8204837490551776
            ],
            [
              0.7824287028518859,
              0.8212396069538926
            ],
            [
              0.781508739650414,
              0.8219954648526077
            ],
            [
              0.7805887764489421,
              0.8227513227513228
            ],
            [
              0.7796688132474701,
              0.8235071806500378
            ],
            [
              0.7782888684452622,
              0.8235071806500378
            ],
            [
              0.7771389144434223,
              0.8238851095993953
            ],
            [
              0.7762189512419503,
              0.8246409674981103
            ],
            [
              0.7755289788408464,
              0.825774754346183
            ],
            [
              0.7746090156393745,
              0.826530612244898
            ],
            [
              0.7736890524379025,
              0.827286470143613
            ]
          ]
        ]
      },
      "properties": {
        "segment_id": 6,
        "area": 2710,
        "bbox": [
          1600.0,
          1058.0,
          114.0,
          36.0
        ],
        "iou": 0.8778280019760132,
        "stability": 0.9368758797645569,
        "auto_generated": true,
        "model": "segment_anything"
      }
    },
    {
      "type": "Feature",
      "geometry": {
        "type": "Polygon",
        "coordinates": [
          [
            [
              0.5841766329346826,
              0.7018140589569161
            ],
            [
              0.5832566697332107,
              0.7018140589569161
            ],
            [
              0.5827966881324746,
              0.701058201058201
            ],
            [
              0.5818767249310027,
              0.701058201058201
            ],
            [
              0.5814167433302668,
              0.700302343159486
            ],
            [
              0.5804967801287948,
              0.700302343159486
            ],
            [
              0.5795768169273229,
              0.700302343159486
            ],
            [
              0.578656853725851,
              0.700302343159486
            ],
            [
              0.577736890524379,
              0.700302343159486
            ],
            [
              0.577276908923643,
              0.699546485260771
            ],
            [
              0.5763569457221711,
              0.699546485260771
            ],
            [
              0.5756669733210672,
              0.6991685563114135
            ],
            [
              0.5749770009199632,
              0.6987906273620559
            ],
            [
              0.5740570377184913,
              0.6987906273620559
            ],
            [
              0.5731370745170193,
              0.6987906273620559
            ],
            [
              0.5724471021159153,
              0.6984126984126984
            ],
            [
              0.5717571297148114,
              0.6980347694633409
            ],
            [
              0.5708371665133395,
              0.6980347694633409
            ],
            [
              0.5703771849126035,
              0.6972789115646258
            ],
            [
              0.5694572217111316,
              0.6972789115646258
            ],
            [
              0.5689972401103955,
              0.6965230536659108
            ],
            [
              0.5680772769089236,
              0.6965230536659108
            ],
            [
              0.5671573137074517,
              0.6965230536659108
            ],
            [
              0.5664673413063478,
              0.6961451247165533
            ],
            [
              0.5657773689052438,
              0.6957671957671958
            ],
            [
              0.5648574057037719,
              0.6957671957671958
            ],
            [
              0.5641674333026679,
              0.6953892668178382
            ],
            [
              0.5634774609015639,
              0.6950113378684807
            ],
            [
              0.562557497700092,
              0.6950113378684807
            ],
            [
              0.5618675252989881,
              0.6946334089191232
            ],
            [
              0.5611775528978841,
              0.6942554799697657
            ],
            [
              0.5602575896964122,
              0.6942554799697657
            ],
            [
              0.5593376264949402,
              0.6942554799697657
            ],
            [
              0.5584176632934683,
              0.6942554799697657
            ],
            [
              0.5579576816927323,
              0.6934996220710506
            ],
            [
              0.5570377184912604,
              0.6934996220710506
            ],
            [
              0.5565777368905244,
              0.6927437641723356
            ],
            [
              0.5563477460901564,
              0.691609977324263
            ],
            [
              0.5558877644894205,
              0.690854119425548
            ],
            [
              0.5558877644894205,
              0.6893424036281179
            ],
            [
              0.5558877644894205,
              0.6878306878306878
            ],
            [
              0.5558877644894205,
              0.6863189720332578
            ],
            [
              0.5563477460901564,
              0.6855631141345427
            ],
            [
              0.5563477460901564,
              0.6840513983371126
            ],
            [
              0.5563477460901564,
              0.6825396825396826
            ],
            [
              0.5563477460901564,
              0.6810279667422524
            ],
            [
              0.5563477460901564,
              0.6795162509448224
            ],
            [
              0.5563477460901564,
              0.6780045351473923
            ],
            [
              0.5563477460901564,
              0.6764928193499622
            ],
            [
              0.5563477460901564,
              0.6749811035525322
            ],
            [
              0.5561177552897885,
              0.6738473167044595
            ],
            [
              0.5558877644894205,
              0.672713529856387
            ],
            [
              0.5563477460901564,
              0.671957671957672
            ],
            [
              0.5570377184912604,
              0.6715797430083145
            ],
            [
              0.5574977000919963,
              0.6708238851095994
            ],
            [
              0.5584176632934683,
              0.6708238851095994
            ],
            [
              0.5591076356945722,
              0.671201814058957
            ],
            [
              0.5597976080956761,
              0.6715797430083145
            ],
            [
              0.5604875804967802,
              0.671201814058957
            ],
            [
              0.5611775528978841,
              0.6708238851095994
            ],
            [
              0.5618675252989881,
              0.6704459561602418
            ],
            [
              0.562557497700092,
              0.6700680272108843
            ],
            [
              0.5634774609015639,
              0.6700680272108843
            ],
            [
              0.5639374425022999,
              0.6693121693121693
            ],
            [
              0.5648574057037719,
              0.6693121693121693
            ],
            [
              0.5657773689052438,
              0.6693121693121693
            ],
            [
              0.5666973321067157,
              0.6693121693121693
            ],
            [
              0.5673873045078197,
              0.6696900982615268
            ],
            [
              0.5680772769089236,
              0.6700680272108843
            ],
            [
              0.5689972401103955,
              0.6700680272108843
            ],
            [
              0.5696872125114996,
              0.6696900982615268
            ],
            [
              0.5703771849126035,
              0.6693121693121693
            ],
            [
              0.5712971481140754,
              0.6693121693121693
            ],
            [
              0.5717571297148114,
              0.6685563114134543
            ],
            [
              0.5726770929162833,
              0.6685563114134543
            ],
            [
              0.5735970561177552,
              0.6685563114134543
            ],
            [
              0.5745170193192273,
              0.6685563114134543
            ],
            [
              0.5754369825206992,
              0.6685563114134543
            ],
            [
              0.5761269549218031,
              0.6681783824640968
            ],
            [
              0.5768169273229071,
              0.6678004535147393
            ],
            [
              0.577506899724011,
              0.6681783824640968
            ],
            [
              0.578196872125115,
              0.6685563114134543
            ],
            [
              0.579116835326587,
              0.6685563114134543
            ],
            [
              0.5800367985280589,
              0.6685563114134543
            ],
            [
              0.5809567617295308,
              0.6685563114134543
            ],
            [
              0.5814167433302668,
              0.6693121693121693
            ],
            [
              0.5823367065317387,
              0.6693121693121693
            ],
            [
              0.5832566697332107,
              0.6693121693121693
            ],
            [
              0.5841766329346826,
              0.6693121693121693
            ],
            [
              0.5846366145354186,
              0.6700680272108843
            ],
            [
              0.5850965961361545,
              0.6708238851095994
            ],
            [
              0.5855565777368905,
              0.6715797430083145
            ],
            [
              0.5857865685372585,
              0.672713529856387
            ],
            [
              0.5857865685372585,
              0.674225245653817
            ],
            [
              0.5857865685372585,
              0.6757369614512472
            ],
            [
              0.5853265869365225,
              0.6764928193499622
            ],
            [
              0.5857865685372585,
              0.6772486772486772
            ],
            [
              0.5857865685372585,
              0.6787603930461074
            ],
            [
              0.5857865685372585,
              0.6802721088435374
            ],
            [
              0.5857865685372585,
              0.6817838246409675
            ],
            [
              0.5857865685372585,
              0.6832955404383976
            ],
            [
              0.5857865685372585,
              0.6848072562358276
            ],
            [
              0.5857865685372585,
              0.6863189720332578
            ],
            [
              0.5857865685372585,
              0.6878306878306878
            ],
            [
              0.5857865685372585,
              0.6893424036281179
            ],
            [
              0.5857865685372585,
              0.690854119425548
            ],
            [
              0.5857865685372585,
              0.6923658352229781
            ],
            [
              0.5857865685372585,
              0.6938775510204082
            ],
            [
              0.5862465501379944,
              0.6946334089191232
            ],
            [
              0.5862465501379944,
              0.6961451247165533
            ],
            [
              0.5862465501379944,
              0.6976568405139834
            ],
            [
              0.5862465501379944,
              0.6991685563114135
            ],
            [
              0.5857865685372585,
              0.6999244142101285
            ],
            [
              0.5853265869365225,
              0.7006802721088435
            ],
            [
              0.5846366145354186,
              0.701058201058201
            ],
            [
              0.5841766329346826,
              0.7018140589569161
            ]
          ]
        ]
      },
      "properties": {
        "segment_id": 7,
        "area": 2392,
        "bbox": [
          1209.0,
          884.0,
          65.0,
          44.0
        ],
        "iou": 0.8774238228797913,
        "stability": 0.9593262076377869,
        "auto_generated": true,
        "model": "segment_anything"
      }
    },
    {
      "type": "Feature",
      "geometry": {
        "type": "Polygon",
        "coordinates": [
          [
            [
              0.3969641214351426,
              0.6315192743764172
            ],
            [
              0.3960441582336707,
              0.6315192743764172
            ],
            [
              0.3951241950321987,
              0.6315192743764172
            ],
            [
              0.39443422263109473,
              0.6311413454270597
            ],
            [
              0.39443422263109473,
              0.6296296296296297
            ],
            [
              0.3939742410303588,
              0.6288737717309146
            ],
            [
              0.39443422263109473,
              0.6281179138321995
            ],
            [
              0.39443422263109473,
              0.6266061980347695
            ],
            [
              0.39443422263109473,
              0.6250944822373394
            ],
            [
              0.3939742410303588,
              0.6243386243386243
            ],
            [
              0.3939742410303588,
              0.6228269085411943
            ],
            [
              0.3939742410303588,
              0.6213151927437641
            ],
            [
              0.3937442502299908,
              0.6201814058956916
            ],
            [
              0.3935142594296228,
              0.6190476190476191
            ],
            [
              0.3935142594296228,
              0.6175359032501889
            ],
            [
              0.3939742410303588,
              0.6167800453514739
            ],
            [
              0.3942042318307268,
              0.6156462585034014
            ],
            [
              0.39443422263109473,
              0.6145124716553289
            ],
            [
              0.39443422263109473,
              0.6130007558578987
            ],
            [
              0.39443422263109473,
              0.6114890400604687
            ],
            [
              0.39443422263109473,
              0.6099773242630385
            ],
            [
              0.39443422263109473,
              0.6084656084656085
            ],
            [
              0.3942042318307268,
              0.6073318216175358
            ],
            [
              0.3939742410303588,
              0.6061980347694633
            ],
            [
              0.3939742410303588,
              0.6046863189720333
            ],
            [
              0.3939742410303588,
              0.6031746031746031
            ],
            [
              0.3939742410303588,
              0.6016628873771731
            ],
            [
              0.3939742410303588,
              0.600151171579743
            ],
            [
              0.3939742410303588,
              0.5986394557823129
            ],
            [
              0.3939742410303588,
              0.5971277399848829
            ],
            [
              0.3939742410303588,
              0.5956160241874527
            ],
            [
              0.3939742410303588,
              0.5941043083900227
            ],
            [
              0.3939742410303588,
              0.5925925925925926
            ],
            [
              0.3939742410303588,
              0.5910808767951625
            ],
            [
              0.39443422263109473,
              0.5903250188964475
            ],
            [
              0.3951241950321987,
              0.58994708994709
            ],
            [
              0.39558417663293466,
              0.5891912320483749
            ],
            [
              0.3962741490340386,
              0.5888133030990174
            ],
            [
              0.3967341306347746,
              0.5880574452003023
            ],
            [
              0.3969641214351426,
              0.5869236583522298
            ],
            [
              0.3971941122355106,
              0.5857898715041572
            ],
            [
              0.39742410303587855,
              0.5846560846560847
            ],
            [
              0.39765409383624656,
              0.5835222978080121
            ],
            [
              0.39765409383624656,
              0.582010582010582
            ],
            [
              0.3981140754369825,
              0.581254724111867
            ],
            [
              0.3981140754369825,
              0.5797430083144369
            ],
            [
              0.3985740570377185,
              0.5789871504157218
            ],
            [
              0.3985740570377185,
              0.5774754346182918
            ],
            [
              0.3981140754369825,
              0.5767195767195767
            ],
            [
              0.3981140754369825,
              0.5752078609221466
            ],
            [
              0.3988040478380865,
              0.5748299319727891
            ],
            [
              0.39926402943882244,
              0.5740740740740741
            ],
            [
              0.39949402023919045,
              0.5729402872260015
            ],
            [
              0.3999540018399264,
              0.5721844293272865
            ],
            [
              0.40018399264029436,
              0.5710506424792139
            ],
            [
              0.40087396504139833,
              0.5706727135298564
            ],
            [
              0.4013339466421343,
              0.5699168556311414
            ],
            [
              0.40202391904323825,
              0.5695389266817839
            ],
            [
              0.4029438822447102,
              0.5695389266817839
            ],
            [
              0.4036338546458142,
              0.5691609977324263
            ],
            [
              0.4043238270469181,
              0.5687830687830688
            ],
            [
              0.40501379944802207,
              0.5691609977324263
            ],
            [
              0.40570377184912604,
              0.5695389266817839
            ],
            [
              0.406163753449862,
              0.5702947845804989
            ],
            [
              0.40685372585096596,
              0.5706727135298564
            ],
            [
              0.40754369825206993,
              0.5710506424792139
            ],
            [
              0.4080036798528059,
              0.5718065003779289
            ],
            [
              0.40869365225390986,
              0.5721844293272865
            ],
            [
              0.4093836246550138,
              0.572562358276644
            ],
            [
              0.41007359705611773,
              0.5729402872260015
            ],
            [
              0.41053357865685375,
              0.5736961451247166
            ],
            [
              0.4109935602575897,
              0.5744520030234316
            ],
            [
              0.4116835326586937,
              0.5748299319727891
            ],
            [
              0.41214351425942963,
              0.5755857898715041
            ],
            [
              0.4126034958601656,
              0.5763416477702192
            ],
            [
              0.4128334866605336,
              0.5774754346182918
            ],
            [
              0.41329346826126956,
              0.5782312925170068
            ],
            [
              0.4135234590616375,
              0.5793650793650794
            ],
            [
              0.4139834406623735,
              0.5801209372637944
            ],
            [
              0.4144434222631095,
              0.5808767951625095
            ],
            [
              0.41490340386384544,
              0.5816326530612245
            ],
            [
              0.41513339466421345,
              0.5827664399092971
            ],
            [
              0.41513339466421345,
              0.5842781557067271
            ],
            [
              0.41490340386384544,
              0.5854119425547997
            ],
            [
              0.41467341306347744,
              0.5865457294028723
            ],
            [
              0.41467341306347744,
              0.5880574452003023
            ],
            [
              0.41490340386384544,
              0.5891912320483749
            ],
            [
              0.41513339466421345,
              0.5903250188964475
            ],
            [
              0.41467341306347744,
              0.5910808767951625
            ],
            [
              0.4144434222631095,
              0.592214663643235
            ],
            [
              0.4142134314627415,
              0.5933484504913077
            ],
            [
              0.4139834406623735,
              0.5944822373393802
            ],
            [
              0.4137534498620055,
              0.5956160241874527
            ],
            [
              0.41329346826126956,
              0.5963718820861678
            ],
            [
              0.41329346826126956,
              0.5978835978835979
            ],
            [
              0.4128334866605336,
              0.5986394557823129
            ],
            [
              0.4128334866605336,
              0.600151171579743
            ],
            [
              0.4123735050597976,
              0.6009070294784581
            ],
            [
              0.41214351425942963,
              0.6020408163265306
            ],
            [
              0.4116835326586937,
              0.6027966742252456
            ],
            [
              0.41122355105795766,
              0.6035525321239606
            ],
            [
              0.4107635694572217,
              0.6043083900226758
            ],
            [
              0.41053357865685375,
              0.6054421768707483
            ],
            [
              0.41007359705611773,
              0.6061980347694633
            ],
            [
              0.4096136154553818,
              0.6069538926681783
            ],
            [
              0.4091536338546458,
              0.6077097505668935
            ],
            [
              0.40869365225390986,
              0.6084656084656085
            ],
            [
              0.4082336706531739,
              0.6092214663643235
            ],
            [
              0.4077736890524379,
              0.6099773242630385
            ],
            [
              0.4073137074517019,
              0.6107331821617535
            ],
            [
              0.40708371665133397,
              0.6118669690098262
            ],
            [
              0.40662373505059796,
              0.6126228269085412
            ],
            [
              0.406163753449862,
              0.6133786848072562
            ],
            [
              0.40570377184912604,
              0.6141345427059712
            ],
            [
              0.40547378104875803,
              0.6152683295540439
            ],
            [
              0.40501379944802207,
              0.6160241874527589
            ],
            [
              0.4047838086476541,
              0.6171579743008314
            ],
            [
              0.4043238270469181,
              0.6179138321995464
            ],
            [
              0.40386384544618215,
              0.6186696900982616
            ],
            [
              0.4031738730450782,
              0.6190476190476191
            ],
            [
              0.40248390064397427,
              0.6194255479969766
            ],
            [
              0.4017939282428703,
              0.6198034769463341
            ],
            [
              0.40110395584176634,
              0.6201814058956916
            ],
            [
              0.4006439742410304,
              0.6209372637944066
            ],
            [
              0.40018399264029436,
              0.6216931216931217
            ],
            [
              0.3997240110395584,
              0.6224489795918368
            ],
            [
              0.39949402023919045,
              0.6235827664399093
            ],
            [
              0.39903403863845444,
              0.6243386243386243
            ],
            [
              0.3985740570377185,
              0.6250944822373394
            ],
            [
              0.3985740570377185,
              0.6266061980347695
            ],
            [
              0.3985740570377185,
              0.6281179138321995
            ],
            [
              0.3981140754369825,
              0.6288737717309146
            ],
            [
              0.3981140754369825,
              0.6303854875283447
            ],
            [
              0.39742410303587855,
              0.6307634164777022
            ],
            [
              0.3969641214351426,
              0.6315192743764172
            ]
          ]
        ]
      },
      "properties": {
        "segment_id": 8,
        "area": 2384,
        "bbox": [
          856.0,
          753.0,
          46.0,
          82.0
        ],
        "iou": 0.873234748840332,
        "stability": 0.9410329461097717,
        "auto_generated": true,
        "model": "segment_anything"
      }
    },
    {
      "type": "Feature",
      "geometry": {
        "type": "Polygon",
        "coordinates": [
          [
            [
              0.12925482980680772,
              0.937641723356009
            ],
            [
              0.12787488500459981,
              0.937641723356009
            ],
            [
              0.1264949402023919,
              0.937641723356009
            ],
            [
              0.125114995400184,
              0.937641723356009
            ],
            [
              0.12419503219871206,
              0.936885865457294
            ],
            [
              0.12327506899724011,
              0.936130007558579
            ],
            [
              0.12258509659613616,
              0.9349962207105065
            ],
            [
              0.12189512419503219,
              0.9338624338624338
            ],
            [
              0.12097516099356026,
              0.9331065759637188
            ],
            [
              0.12005519779208831,
              0.9323507180650038
            ],
            [
              0.11913523459061638,
              0.9315948601662888
            ],
            [
              0.11936522539098436,
              0.9304610733182161
            ],
            [
              0.11936522539098436,
              0.9281934996220711
            ],
            [
              0.11982520699172033,
              0.926681783824641
            ],
            [
              0.12051517939282429,
              0.9255479969765684
            ],
            [
              0.12120515179392824,
              0.9244142101284959
            ],
            [
              0.12166513339466421,
              0.9229024943310657
            ],
            [
              0.12235510579576817,
              0.9217687074829932
            ],
            [
              0.12304507819687213,
              0.9206349206349206
            ],
            [
              0.12373505059797608,
              0.9195011337868481
            ],
            [
              0.12465501379944802,
              0.918745275888133
            ],
            [
              0.12557497700091996,
              0.917989417989418
            ],
            [
              0.1267249310027599,
              0.9176114890400605
            ],
            [
              0.12764489420423183,
              0.9168556311413454
            ],
            [
              0.12856485740570378,
              0.9160997732426304
            ],
            [
              0.1297148114075437,
              0.9157218442932729
            ],
            [
              0.13063477460901565,
              0.9149659863945578
            ],
            [
              0.13155473781048757,
              0.9142101284958428
            ],
            [
              0.13247470101195952,
              0.9134542705971277
            ],
            [
              0.13316467341306348,
              0.9123204837490552
            ],
            [
              0.1343146274149034,
              0.9119425547996977
            ],
            [
              0.13523459061637536,
              0.9111866969009826
            ],
            [
              0.13615455381784727,
              0.9104308390022676
            ],
            [
              0.13707451701931922,
              0.9096749811035525
            ],
            [
              0.13799448022079117,
              0.9089191232048375
            ],
            [
              0.1389144434222631,
              0.9081632653061225
            ],
            [
              0.14006439742410304,
              0.907785336356765
            ],
            [
              0.14098436062557498,
              0.9070294784580499
            ],
            [
              0.1421343146274149,
              0.9066515495086923
            ],
            [
              0.14305427782888686,
              0.9058956916099773
            ],
            [
              0.14397424103035877,
              0.9051398337112623
            ],
            [
              0.14489420423183072,
              0.9043839758125473
            ],
            [
              0.14581416743330267,
              0.9036281179138322
            ],
            [
              0.1467341306347746,
              0.9028722600151171
            ],
            [
              0.14765409383624656,
              0.9021164021164021
            ],
            [
              0.14880404783808648,
              0.9017384731670446
            ],
            [
              0.1499540018399264,
              0.9013605442176871
            ],
            [
              0.15110395584176634,
              0.9009826152683296
            ],
            [
              0.15225390984360626,
              0.9006046863189721
            ],
            [
              0.1534038638454462,
              0.9002267573696145
            ],
            [
              0.1545538178472861,
              0.899848828420257
            ],
            [
              0.15547378104875806,
              0.8990929705215419
            ],
            [
              0.15639374425023,
              0.8983371126228269
            ],
            [
              0.1577736890524379,
              0.8983371126228269
            ],
            [
              0.15869365225390986,
              0.8975812547241119
            ],
            [
              0.16007359705611776,
              0.8975812547241119
            ],
            [
              0.16145354185832567,
              0.8975812547241119
            ],
            [
              0.16283348666053357,
              0.8975812547241119
            ],
            [
              0.16421343146274148,
              0.8975812547241119
            ],
            [
              0.16513339466421342,
              0.8983371126228269
            ],
            [
              0.16605335786568537,
              0.8990929705215419
            ],
            [
              0.16674333026678934,
              0.9002267573696145
            ],
            [
              0.1672033118675253,
              0.9017384731670446
            ],
            [
              0.16789328426862926,
              0.9028722600151171
            ],
            [
              0.1688132474701012,
              0.9036281179138322
            ],
            [
              0.16996320147194113,
              0.9040060468631897
            ],
            [
              0.17088316467341305,
              0.9047619047619048
            ],
            [
              0.17203311867525298,
              0.9051398337112623
            ],
            [
              0.17295308187672492,
              0.9058956916099773
            ],
            [
              0.17433302667893286,
              0.9058956916099773
            ],
            [
              0.17571297148114076,
              0.9058956916099773
            ],
            [
              0.1766329346826127,
              0.9066515495086923
            ],
            [
              0.17732290708371665,
              0.907785336356765
            ],
            [
              0.17778288868445263,
              0.909297052154195
            ],
            [
              0.1782428702851886,
              0.9108087679516251
            ],
            [
              0.1782428702851886,
              0.9130763416477702
            ],
            [
              0.17847286108555657,
              0.9149659863945578
            ],
            [
              0.1782428702851886,
              0.9160997732426304
            ],
            [
              0.17755289788408463,
              0.9172335600907029
            ],
            [
              0.1764029438822447,
              0.9176114890400605
            ],
            [
              0.17525298988040477,
              0.917989417989418
            ],
            [
              0.17387304507819687,
              0.917989417989418
            ],
            [
              0.17295308187672492,
              0.918745275888133
            ],
            [
              0.17203311867525298,
              0.9195011337868481
            ],
            [
              0.17111315547378106,
              0.9202569916855631
            ],
            [
              0.16973321067157313,
              0.9202569916855631
            ],
            [
              0.1688132474701012,
              0.9210128495842782
            ],
            [
              0.16743330266789327,
              0.9210128495842782
            ],
            [
              0.16651333946642136,
              0.9217687074829932
            ],
            [
              0.1655933762649494,
              0.9225245653817082
            ],
            [
              0.16467341306347746,
              0.9232804232804233
            ],
            [
              0.16375344986200552,
              0.9240362811791383
            ],
            [
              0.16283348666053357,
              0.9247921390778534
            ],
            [
              0.16191352345906163,
              0.9255479969765684
            ],
            [
              0.1607635694572217,
              0.9259259259259259
            ],
            [
              0.15961361545538177,
              0.9263038548752834
            ],
            [
              0.15869365225390986,
              0.9270597127739985
            ],
            [
              0.15754369825206993,
              0.927437641723356
            ],
            [
              0.15639374425023,
              0.9278155706727135
            ],
            [
              0.15547378104875806,
              0.9285714285714286
            ],
            [
              0.1545538178472861,
              0.9293272864701436
            ],
            [
              0.1531738730450782,
              0.9293272864701436
            ],
            [
              0.15225390984360626,
              0.9300831443688586
            ],
            [
              0.15133394664213431,
              0.9308390022675737
            ],
            [
              0.15041398344066237,
              0.9315948601662888
            ],
            [
              0.14903403863845446,
              0.9315948601662888
            ],
            [
              0.14811407543698252,
              0.9323507180650038
            ],
            [
              0.1467341306347746,
              0.9323507180650038
            ],
            [
              0.14581416743330267,
              0.9331065759637188
            ],
            [
              0.14466421343146274,
              0.9334845049130763
            ],
            [
              0.14351425942962281,
              0.9338624338624338
            ],
            [
              0.14259429622815087,
              0.9346182917611489
            ],
            [
              0.14144434222631094,
              0.9349962207105065
            ],
            [
              0.14029438822447102,
              0.935374149659864
            ],
            [
              0.1389144434222631,
              0.935374149659864
            ],
            [
              0.1375344986200552,
              0.935374149659864
            ],
            [
              0.13638454461821528,
              0.9357520786092215
            ],
            [
              0.13523459061637536,
              0.936130007558579
            ],
            [
              0.13408463661453543,
              0.9365079365079365
            ],
            [
              0.1329346826126955,
              0.936885865457294
            ],
            [
              0.13155473781048757,
              0.936885865457294
            ],
            [
              0.13017479300827967,
              0.936885865457294
            ],
            [
              0.12925482980680772,
              0.937641723356009
            ]
          ]
        ]
      },
      "properties": {
        "segment_id": 9,
        "area": 3855,
        "bbox": [
          259.0,
          1188.0,
          129.0,
          52.0
        ],
        "iou": 0.9246519804000854,
        "stability": 0.9542351365089417,
        "auto_generated": true,
        "model": "segment_anything"
      }
    },
    {
      "type": "Feature",
      "geometry": {
        "type": "Polygon",
        "coordinates": [
          [
            [
              0.5547378104875805,
              0.7312925170068028
            ],
            [
              0.5538178472861086,
              0.7312925170068028
            ],
            [
              0.5528978840846366,
              0.7312925170068028
            ],
            [
              0.5522079116835327,
              0.7309145880574452
            ],
            [
              0.5515179392824286,
              0.7305366591080876
            ],
            [
              0.5505979760809567,
              0.7305366591080876
            ],
            [
              0.5496780128794848,
              0.7305366591080876
            ],
            [
              0.5489880404783809,
              0.7301587301587301
            ],
            [
              0.5482980680772769,
              0.7297808012093726
            ],
            [
              0.547378104875805,
              0.7297808012093726
            ],
            [
              0.546458141674333,
              0.7297808012093726
            ],
            [
              0.5455381784728611,
              0.7297808012093726
            ],
            [
              0.5448482060717571,
              0.7294028722600151
            ],
            [
              0.5441582336706532,
              0.7290249433106576
            ],
            [
              0.5432382704691813,
              0.7290249433106576
            ],
            [
              0.5423183072677092,
              0.7290249433106576
            ],
            [
              0.5413983440662373,
              0.7290249433106576
            ],
            [
              0.5407083716651334,
              0.7286470143613001
            ],
            [
              0.5400183992640294,
              0.7282690854119426
            ],
            [
              0.5390984360625575,
              0.7282690854119426
            ],
            [
              0.5381784728610856,
              0.7282690854119426
            ],
            [
              0.5372585096596136,
              0.7282690854119426
            ],
            [
              0.5363385464581417,
              0.7282690854119426
            ],
            [
              0.5356485740570377,
              0.7278911564625851
            ],
            [
              0.5349586016559338,
              0.7275132275132276
            ],
            [
              0.5340386384544619,
              0.7275132275132276
            ],
            [
              0.5331186752529898,
              0.7275132275132276
            ],
            [
              0.5321987120515179,
              0.7275132275132276
            ],
            [
              0.531278748850046,
              0.7275132275132276
            ],
            [
              0.5303587856485741,
              0.7275132275132276
            ],
            [
              0.5294388224471022,
              0.7275132275132276
            ],
            [
              0.5289788408463661,
              0.7267573696145124
            ],
            [
              0.5280588776448942,
              0.7267573696145124
            ],
            [
              0.5271389144434223,
              0.7267573696145124
            ],
            [
              0.5262189512419503,
              0.7267573696145124
            ],
            [
              0.5252989880404784,
              0.7267573696145124
            ],
            [
              0.5246090156393745,
              0.7263794406651549
            ],
            [
              0.5239190432382704,
              0.7260015117157974
            ],
            [
              0.5229990800367985,
              0.7260015117157974
            ],
            [
              0.5225390984360626,
              0.7252456538170824
            ],
            [
              0.5218491260349586,
              0.7248677248677249
            ],
            [
              0.5211591536338547,
              0.7244897959183674
            ],
            [
              0.5206991720331187,
              0.7237339380196524
            ],
            [
              0.5202391904323828,
              0.7229780801209372
            ],
            [
              0.5195492180312787,
              0.7226001511715797
            ],
            [
              0.5190892364305428,
              0.7218442932728647
            ],
            [
              0.5186292548298068,
              0.7210884353741497
            ],
            [
              0.5181692732290708,
              0.7203325774754347
            ],
            [
              0.5174793008279669,
              0.719954648526077
            ],
            [
              0.5170193192272309,
              0.719198790627362
            ],
            [
              0.516329346826127,
              0.7188208616780045
            ],
            [
              0.515639374425023,
              0.718442932728647
            ],
            [
              0.514949402023919,
              0.7180650037792895
            ],
            [
              0.5142594296228151,
              0.717687074829932
            ],
            [
              0.5137994480220791,
              0.716931216931217
            ],
            [
              0.5128794848206072,
              0.716931216931217
            ],
            [
              0.5121895124195032,
              0.7165532879818595
            ],
            [
              0.5114995400183993,
              0.7161753590325018
            ],
            [
              0.5105795768169273,
              0.7161753590325018
            ],
            [
              0.5101195952161913,
              0.7154195011337868
            ],
            [
              0.5096596136154554,
              0.7146636432350718
            ],
            [
              0.5096596136154554,
              0.7139077853363568
            ],
            [
              0.5101195952161913,
              0.7131519274376418
            ],
            [
              0.5105795768169273,
              0.7123960695389266
            ],
            [
              0.5110395584176632,
              0.7116402116402116
            ],
            [
              0.5119595216191353,
              0.7116402116402116
            ],
            [
              0.5126494940202392,
              0.7112622826908541
            ],
            [
              0.5133394664213431,
              0.7108843537414966
            ],
            [
              0.5142594296228151,
              0.7108843537414966
            ],
            [
              0.515179392824287,
              0.7108843537414966
            ],
            [
              0.516099356025759,
              0.7108843537414966
            ],
            [
              0.5170193192272309,
              0.7108843537414966
            ],
            [
              0.5179392824287029,
              0.7108843537414966
            ],
            [
              0.5188592456301748,
              0.7108843537414966
            ],
            [
              0.5197792088316467,
              0.7108843537414966
            ],
            [
              0.5206991720331187,
              0.7108843537414966
            ],
            [
              0.5216191352345906,
              0.7108843537414966
            ],
            [
              0.5225390984360626,
              0.7108843537414966
            ],
            [
              0.5234590616375345,
              0.7108843537414966
            ],
            [
              0.5243790248390064,
              0.7108843537414966
            ],
            [
              0.5252989880404784,
              0.7108843537414966
            ],
            [
              0.5262189512419503,
              0.7108843537414966
            ],
            [
              0.5271389144434223,
              0.7108843537414966
            ],
            [
              0.5275988960441582,
              0.7116402116402116
            ],
            [
              0.5285188592456301,
              0.7116402116402116
            ],
            [
              0.5294388224471022,
              0.7116402116402116
            ],
            [
              0.5298988040478381,
              0.7123960695389266
            ],
            [
              0.53081876724931,
              0.7123960695389266
            ],
            [
              0.531738730450782,
              0.7123960695389266
            ],
            [
              0.5326586936522539,
              0.7123960695389266
            ],
            [
              0.5333486660533578,
              0.7127739984882842
            ],
            [
              0.5340386384544619,
              0.7131519274376418
            ],
            [
              0.5349586016559338,
              0.7131519274376418
            ],
            [
              0.5358785648574057,
              0.7131519274376418
            ],
            [
              0.5367985280588776,
              0.7131519274376418
            ],
            [
              0.5377184912603495,
              0.7131519274376418
            ],
            [
              0.5381784728610856,
              0.7139077853363568
            ],
            [
              0.5390984360625575,
              0.7139077853363568
            ],
            [
              0.5400183992640294,
              0.7139077853363568
            ],
            [
              0.5409383624655014,
              0.7139077853363568
            ],
            [
              0.5418583256669733,
              0.7139077853363568
            ],
            [
              0.5423183072677092,
              0.7146636432350718
            ],
            [
              0.5432382704691813,
              0.7146636432350718
            ],
            [
              0.5441582336706532,
              0.7146636432350718
            ],
            [
              0.5446182152713891,
              0.7154195011337868
            ],
            [
              0.5455381784728611,
              0.7154195011337868
            ],
            [
              0.545998160073597,
              0.7161753590325018
            ],
            [
              0.546688132474701,
              0.7165532879818595
            ],
            [
              0.547378104875805,
              0.716931216931217
            ],
            [
              0.547838086476541,
              0.717687074829932
            ],
            [
              0.5482980680772769,
              0.718442932728647
            ],
            [
              0.5487580496780129,
              0.719198790627362
            ],
            [
              0.5494480220791168,
              0.7195767195767195
            ],
            [
              0.5501379944802208,
              0.719954648526077
            ],
            [
              0.5505979760809567,
              0.7207105064247922
            ],
            [
              0.5512879484820608,
              0.7210884353741497
            ],
            [
              0.5519779208831647,
              0.7214663643235072
            ],
            [
              0.5524379024839007,
              0.7222222222222222
            ],
            [
              0.5531278748850046,
              0.7226001511715797
            ],
            [
              0.5538178472861086,
              0.7229780801209372
            ],
            [
              0.5547378104875805,
              0.7229780801209372
            ],
            [
              0.5554277828886844,
              0.7233560090702947
            ],
            [
              0.5561177552897885,
              0.7237339380196524
            ],
            [
              0.5568077276908924,
              0.7241118669690099
            ],
            [
              0.5574977000919963,
              0.7244897959183674
            ],
            [
              0.5579576816927323,
              0.7252456538170824
            ],
            [
              0.5586476540938362,
              0.7256235827664399
            ],
            [
              0.5593376264949402,
              0.7260015117157974
            ],
            [
              0.5597976080956761,
              0.7267573696145124
            ],
            [
              0.5597976080956761,
              0.7275132275132276
            ],
            [
              0.5593376264949402,
              0.7282690854119426
            ],
            [
              0.5588776448942042,
              0.7290249433106576
            ],
            [
              0.5581876724931003,
              0.7294028722600151
            ],
            [
              0.5574977000919963,
              0.7297808012093726
            ],
            [
              0.5570377184912604,
              0.7305366591080876
            ],
            [
              0.5561177552897885,
              0.7305366591080876
            ],
            [
              0.5551977920883164,
              0.7305366591080876
            ],
            [
              0.5547378104875805,
              0.7312925170068028
            ]
          ]
        ]
      },
      "properties": {
        "segment_id": 10,
        "area": 1651,
        "bbox": [
          1108.0,
          941.0,
          109.0,
          26.0
        ],
        "iou": 0.8716913461685181,
        "stability": 0.945358395576477,
        "auto_generated": true,
        "model": "segment_anything"
      }
    },
    {
      "type": "Feature",
      "geometry": {
        "type": "Polygon",
        "coordinates": [
          [
            [
              0.3454461821527139,
              0.9051398337112623
            ],
            [
              0.34498620055197793,
              0.9051398337112623
            ],
            [
              0.34452621895124197,
              0.9051398337112623
            ],
            [
              0.34406623735050595,
              0.9051398337112623
            ],
            [
              0.34360625574977,
              0.9051398337112623
            ],
            [
              0.34314627414903404,
              0.9051398337112623
            ],
            [
              0.3426862925482981,
              0.9051398337112623
            ],
            [
              0.3422263109475621,
              0.9051398337112623
            ],
            [
              0.3417663293468261,
              0.9051398337112623
            ],
            [
              0.34130634774609014,
              0.9051398337112623
            ],
            [
              0.3408463661453542,
              0.9051398337112623
            ],
            [
              0.3406163753449862,
              0.9047619047619048
            ],
            [
              0.3406163753449862,
              0.9040060468631897
            ],
            [
              0.3406163753449862,
              0.9032501889644747
            ],
            [
              0.3406163753449862,
              0.9024943310657596
            ],
            [
              0.3406163753449862,
              0.9017384731670446
            ],
            [
              0.3406163753449862,
              0.9009826152683296
            ],
            [
              0.3406163753449862,
              0.9002267573696145
            ],
            [
              0.3408463661453542,
              0.899848828420257
            ],
            [
              0.3410763569457222,
              0.8994708994708994
            ],
            [
              0.3410763569457222,
              0.8987150415721844
            ],
            [
              0.34130634774609014,
              0.8983371126228269
            ],
            [
              0.34153633854645815,
              0.8979591836734694
            ],
            [
              0.34153633854645815,
              0.8972033257747544
            ],
            [
              0.3417663293468261,
              0.8968253968253969
            ],
            [
              0.3419963201471941,
              0.8964474678760394
            ],
            [
              0.3419963201471941,
              0.8956916099773242
            ],
            [
              0.3419963201471941,
              0.8949357520786092
            ],
            [
              0.3419963201471941,
              0.8941798941798942
            ],
            [
              0.3419963201471941,
              0.8934240362811792
            ],
            [
              0.3419963201471941,
              0.8926681783824642
            ],
            [
              0.3419963201471941,
              0.891912320483749
            ],
            [
              0.3422263109475621,
              0.8915343915343915
            ],
            [
              0.34245630174793007,
              0.891156462585034
            ],
            [
              0.34245630174793007,
              0.890400604686319
            ],
            [
              0.34245630174793007,
              0.889644746787604
            ],
            [
              0.3426862925482981,
              0.8892668178382465
            ],
            [
              0.34291628334866603,
              0.8888888888888888
            ],
            [
              0.34314627414903404,
              0.8885109599395313
            ],
            [
              0.34337626494940204,
              0.8881330309901738
            ],
            [
              0.34360625574977,
              0.8877551020408163
            ],
            [
              0.343836246550138,
              0.8873771730914588
            ],
            [
              0.34406623735050595,
              0.8869992441421013
            ],
            [
              0.34429622815087396,
              0.8866213151927438
            ],
            [
              0.34452621895124197,
              0.8862433862433863
            ],
            [
              0.3447562097516099,
              0.8858654572940288
            ],
            [
              0.34498620055197793,
              0.8854875283446711
            ],
            [
              0.3454461821527139,
              0.8854875283446711
            ],
            [
              0.3456761729530819,
              0.8851095993953136
            ],
            [
              0.34590616375344985,
              0.8847316704459561
            ],
            [
              0.3463661453541858,
              0.8847316704459561
            ],
            [
              0.3468261269549218,
              0.8847316704459561
            ],
            [
              0.3470561177552898,
              0.8843537414965986
            ],
            [
              0.3472861085556578,
              0.8839758125472411
            ],
            [
              0.34774609015639374,
              0.8839758125472411
            ],
            [
              0.3482060717571297,
              0.8839758125472411
            ],
            [
              0.3484360625574977,
              0.8835978835978836
            ],
            [
              0.3486660533578657,
              0.8832199546485261
            ],
            [
              0.34912603495860167,
              0.8832199546485261
            ],
            [
              0.34958601655933763,
              0.8832199546485261
            ],
            [
              0.3500459981600736,
              0.8832199546485261
            ],
            [
              0.35050597976080955,
              0.8832199546485261
            ],
            [
              0.35073597056117756,
              0.8835978835978836
            ],
            [
              0.35096596136154556,
              0.8839758125472411
            ],
            [
              0.3514259429622815,
              0.8839758125472411
            ],
            [
              0.3518859245630175,
              0.8839758125472411
            ],
            [
              0.35234590616375344,
              0.8839758125472411
            ],
            [
              0.35257589696412145,
              0.8843537414965986
            ],
            [
              0.3528058877644894,
              0.8847316704459561
            ],
            [
              0.3532658693652254,
              0.8847316704459561
            ],
            [
              0.3537258509659614,
              0.8847316704459561
            ],
            [
              0.35418583256669733,
              0.8847316704459561
            ],
            [
              0.3546458141674333,
              0.8847316704459561
            ],
            [
              0.35510579576816925,
              0.8847316704459561
            ],
            [
              0.35556577736890527,
              0.8847316704459561
            ],
            [
              0.3560257589696412,
              0.8847316704459561
            ],
            [
              0.3564857405703772,
              0.8847316704459561
            ],
            [
              0.35694572217111314,
              0.8847316704459561
            ],
            [
              0.3574057037718491,
              0.8847316704459561
            ],
            [
              0.3578656853725851,
              0.8847316704459561
            ],
            [
              0.3583256669733211,
              0.8847316704459561
            ],
            [
              0.35878564857405704,
              0.8847316704459561
            ],
            [
              0.359245630174793,
              0.8847316704459561
            ],
            [
              0.35970561177552896,
              0.8847316704459561
            ],
            [
              0.36016559337626497,
              0.8847316704459561
            ],
            [
              0.36062557497700093,
              0.8847316704459561
            ],
            [
              0.3610855565777369,
              0.8847316704459561
            ],
            [
              0.36154553817847285,
              0.8847316704459561
            ],
            [
              0.3620055197792088,
              0.8847316704459561
            ],
            [
              0.3624655013799448,
              0.8847316704459561
            ],
            [
              0.3629254829806808,
              0.8847316704459561
            ],
            [
              0.36315547378104873,
              0.8851095993953136
            ],
            [
              0.36338546458141674,
              0.8854875283446711
            ],
            [
              0.3638454461821527,
              0.8854875283446711
            ],
            [
              0.36430542778288866,
              0.8854875283446711
            ],
            [
              0.36453541858325667,
              0.8858654572940288
            ],
            [
              0.3647654093836247,
              0.8862433862433863
            ],
            [
              0.3649954001839926,
              0.8866213151927438
            ],
            [
              0.36522539098436063,
              0.8869992441421013
            ],
            [
              0.3654553817847286,
              0.8873771730914588
            ],
            [
              0.3656853725850966,
              0.8877551020408163
            ],
            [
              0.3659153633854646,
              0.8881330309901738
            ],
            [
              0.36614535418583255,
              0.8885109599395313
            ],
            [
              0.36637534498620056,
              0.8888888888888888
            ],
            [
              0.36637534498620056,
              0.889644746787604
            ],
            [
              0.36637534498620056,
              0.890400604686319
            ],
            [
              0.36614535418583255,
              0.8907785336356765
            ],
            [
              0.3659153633854646,
              0.891156462585034
            ],
            [
              0.3659153633854646,
              0.891912320483749
            ],
            [
              0.3656853725850966,
              0.8922902494331065
            ],
            [
              0.3654553817847286,
              0.8926681783824642
            ],
            [
              0.36522539098436063,
              0.8930461073318217
            ],
            [
              0.3649954001839926,
              0.8934240362811792
            ],
            [
              0.3647654093836247,
              0.8938019652305367
            ],
            [
              0.36453541858325667,
              0.8941798941798942
            ],
            [
              0.36430542778288866,
              0.8945578231292517
            ],
            [
              0.3640754369825207,
              0.8949357520786092
            ],
            [
              0.3638454461821527,
              0.8953136810279667
            ],
            [
              0.36361545538178475,
              0.8956916099773242
            ],
            [
              0.36338546458141674,
              0.8960695389266817
            ],
            [
              0.36315547378104873,
              0.8964474678760394
            ],
            [
              0.3629254829806808,
              0.8968253968253969
            ],
            [
              0.3626954921803128,
              0.8972033257747544
            ],
            [
              0.3624655013799448,
              0.8975812547241119
            ],
            [
              0.3620055197792088,
              0.8975812547241119
            ],
            [
              0.36177552897884085,
              0.8979591836734694
            ],
            [
              0.36154553817847285,
              0.8983371126228269
            ],
            [
              0.3613155473781049,
              0.8987150415721844
            ],
            [
              0.3610855565777369,
              0.8990929705215419
            ],
            [
              0.36062557497700093,
              0.8990929705215419
            ],
            [
              0.3603955841766329,
              0.8994708994708994
            ],
            [
              0.36016559337626497,
              0.899848828420257
            ],
            [
              0.35993560257589696,
              0.9002267573696145
            ],
            [
              0.35970561177552896,
              0.9006046863189721
            ],
            [
              0.359245630174793,
              0.9006046863189721
            ],
            [
              0.35878564857405704,
              0.9006046863189721
            ],
            [
              0.35855565777368903,
              0.9009826152683296
            ],
            [
              0.3583256669733211,
              0.9013605442176871
            ],
            [
              0.3578656853725851,
              0.9013605442176871
            ],
            [
              0.3574057037718491,
              0.9013605442176871
            ],
            [
              0.35717571297148115,
              0.9017384731670446
            ],
            [
              0.35694572217111314,
              0.9021164021164021
            ],
            [
              0.3564857405703772,
              0.9021164021164021
            ],
            [
              0.3560257589696412,
              0.9021164021164021
            ],
            [
              0.35556577736890527,
              0.9021164021164021
            ],
            [
              0.35510579576816925,
              0.9021164021164021
            ],
            [
              0.3546458141674333,
              0.9021164021164021
            ],
            [
              0.35418583256669733,
              0.9021164021164021
            ],
            [
              0.3537258509659614,
              0.9021164021164021
            ],
            [
              0.3532658693652254,
              0.9021164021164021
            ],
            [
              0.3528058877644894,
              0.9021164021164021
            ],
            [
              0.35234590616375344,
              0.9021164021164021
            ],
            [
              0.3521159153633855,
              0.9024943310657596
            ],
            [
              0.3518859245630175,
              0.9028722600151171
            ],
            [
              0.3514259429622815,
              0.9028722600151171
            ],
            [
              0.35096596136154556,
              0.9028722600151171
            ],
            [
              0.35050597976080955,
              0.9028722600151171
            ],
            [
              0.3502759889604416,
              0.9032501889644747
            ],
            [
              0.3500459981600736,
              0.9036281179138322
            ],
            [
              0.34958601655933763,
              0.9036281179138322
            ],
            [
              0.34912603495860167,
              0.9036281179138322
            ],
            [
              0.3486660533578657,
              0.9036281179138322
            ],
            [
              0.3482060717571297,
              0.9036281179138322
            ],
            [
              0.34797608095676175,
              0.9040060468631897
            ],
            [
              0.34774609015639374,
              0.9043839758125473
            ],
            [
              0.3472861085556578,
              0.9043839758125473
            ],
            [
              0.3468261269549218,
              0.9043839758125473
            ],
            [
              0.3463661453541858,
              0.9043839758125473
            ],
            [
              0.34590616375344985,
              0.9043839758125473
            ],
            [
              0.3456761729530819,
              0.9047619047619048
            ],
            [
              0.3454461821527139,
              0.9051398337112623
            ],
            [
              0.3454461821527139,
              0.9051398337112623
            ]
          ]
        ]
      },
      "properties": {
        "segment_id": 11,
        "area": 1154,
        "bbox": [
          741.0,
          1169.0,
          55.0,
          28.0
        ],
        "iou": 0.8657653331756592,
        "stability": 0.9551607370376587,
        "auto_generated": true,
        "model": "segment_anything"
      }
    },
    {
      "type": "Feature",
      "geometry": {
        "type": "Polygon",
        "coordinates": [
          [
            [
              0.7525298988040479,
              0.9021164021164021
            ],
            [
              0.7511499540018399,
              0.9021164021164021
            ],
            [
              0.750459981600736,
              0.9009826152683296
            ],
            [
              0.749540018399264,
              0.9002267573696145
            ],
            [
              0.7483900643974241,
              0.899848828420257
            ],
            [
              0.7474701011959521,
              0.8990929705215419
            ],
            [
              0.7463201471941122,
              0.8987150415721844
            ],
            [
              0.7451701931922723,
              0.8983371126228269
            ],
            [
              0.7437902483900644,
              0.8983371126228269
            ],
            [
              0.7428702851885924,
              0.8975812547241119
            ],
            [
              0.7414903403863845,
              0.8975812547241119
            ],
            [
              0.7405703771849126,
              0.8968253968253969
            ],
            [
              0.7391904323827047,
              0.8968253968253969
            ],
            [
              0.7382704691812327,
              0.8975812547241119
            ],
            [
              0.7368905243790248,
              0.8975812547241119
            ],
            [
              0.735510579576817,
              0.8975812547241119
            ],
            [
              0.734130634774609,
              0.8975812547241119
            ],
            [
              0.7327506899724011,
              0.8975812547241119
            ],
            [
              0.7313707451701932,
              0.8975812547241119
            ],
            [
              0.7304507819687213,
              0.8983371126228269
            ],
            [
              0.7290708371665133,
              0.8983371126228269
            ],
            [
              0.7281508739650414,
              0.8990929705215419
            ],
            [
              0.7267709291628335,
              0.8990929705215419
            ],
            [
              0.7253909843606255,
              0.8990929705215419
            ],
            [
              0.7240110395584176,
              0.8990929705215419
            ],
            [
              0.7230910763569457,
              0.8983371126228269
            ],
            [
              0.7221711131554738,
              0.8975812547241119
            ],
            [
              0.7212511499540019,
              0.8968253968253969
            ],
            [
              0.7203311867525299,
              0.8960695389266817
            ],
            [
              0.7194112235510579,
              0.8953136810279667
            ],
            [
              0.718491260349586,
              0.8945578231292517
            ],
            [
              0.7175712971481141,
              0.8938019652305367
            ],
            [
              0.7166513339466422,
              0.8930461073318217
            ],
            [
              0.7157313707451702,
              0.8922902494331065
            ],
            [
              0.7148114075436982,
              0.8915343915343915
            ],
            [
              0.7138914443422263,
              0.8907785336356765
            ],
            [
              0.7129714811407544,
              0.8900226757369615
            ],
            [
              0.7120515179392825,
              0.8892668178382465
            ],
            [
              0.7111315547378105,
              0.8885109599395313
            ],
            [
              0.7099816007359706,
              0.8881330309901738
            ],
            [
              0.7088316467341307,
              0.8877551020408163
            ],
            [
              0.7081416743330267,
              0.8866213151927438
            ],
            [
              0.7072217111315547,
              0.8858654572940288
            ],
            [
              0.7065317387304508,
              0.8847316704459561
            ],
            [
              0.7056117755289788,
              0.8839758125472411
            ],
            [
              0.7049218031278749,
              0.8828420256991686
            ],
            [
              0.7044618215271389,
              0.8813303099017384
            ],
            [
              0.7049218031278749,
              0.8798185941043084
            ],
            [
              0.7056117755289788,
              0.8786848072562359
            ],
            [
              0.7065317387304508,
              0.8779289493575207
            ],
            [
              0.7074517019319227,
              0.8771730914588057
            ],
            [
              0.7083716651333947,
              0.8764172335600907
            ],
            [
              0.7097516099356026,
              0.8764172335600907
            ],
            [
              0.7111315547378105,
              0.8764172335600907
            ],
            [
              0.7125114995400184,
              0.8764172335600907
            ],
            [
              0.7138914443422263,
              0.8764172335600907
            ],
            [
              0.7152713891444342,
              0.8764172335600907
            ],
            [
              0.7166513339466422,
              0.8764172335600907
            ],
            [
              0.7175712971481141,
              0.8771730914588057
            ],
            [
              0.718951241950322,
              0.8771730914588057
            ],
            [
              0.7203311867525299,
              0.8771730914588057
            ],
            [
              0.7217111315547378,
              0.8771730914588057
            ],
            [
              0.7226310947562098,
              0.8779289493575207
            ],
            [
              0.7240110395584176,
              0.8779289493575207
            ],
            [
              0.7253909843606255,
              0.8779289493575207
            ],
            [
              0.7267709291628335,
              0.8779289493575207
            ],
            [
              0.7281508739650414,
              0.8779289493575207
            ],
            [
              0.7295308187672493,
              0.8779289493575207
            ],
            [
              0.7304507819687213,
              0.8786848072562359
            ],
            [
              0.7318307267709292,
              0.8786848072562359
            ],
            [
              0.7327506899724011,
              0.8794406651549509
            ],
            [
              0.734130634774609,
              0.8794406651549509
            ],
            [
              0.735280588776449,
              0.8798185941043084
            ],
            [
              0.7364305427782889,
              0.8801965230536659
            ],
            [
              0.7378104875804968,
              0.8801965230536659
            ],
            [
              0.7391904323827047,
              0.8801965230536659
            ],
            [
              0.7401103955841767,
              0.8809523809523809
            ],
            [
              0.7414903403863845,
              0.8809523809523809
            ],
            [
              0.7428702851885924,
              0.8809523809523809
            ],
            [
              0.7437902483900644,
              0.881708238851096
            ],
            [
              0.7451701931922723,
              0.881708238851096
            ],
            [
              0.7463201471941122,
              0.8820861678004536
            ],
            [
              0.7474701011959521,
              0.8824640967498111
            ],
            [
              0.7486200551977921,
              0.8828420256991686
            ],
            [
              0.749770009199632,
              0.8832199546485261
            ],
            [
              0.7506899724011039,
              0.8839758125472411
            ],
            [
              0.7516099356025759,
              0.8847316704459561
            ],
            [
              0.7525298988040479,
              0.8854875283446711
            ],
            [
              0.7536798528058878,
              0.8858654572940288
            ],
            [
              0.7545998160073597,
              0.8866213151927438
            ],
            [
              0.7555197792088316,
              0.8873771730914588
            ],
            [
              0.7564397424103035,
              0.8881330309901738
            ],
            [
              0.7571297148114076,
              0.8892668178382465
            ],
            [
              0.7573597056117756,
              0.891156462585034
            ],
            [
              0.7578196872125115,
              0.8926681783824642
            ],
            [
              0.7575896964121435,
              0.8945578231292517
            ],
            [
              0.7571297148114076,
              0.8960695389266817
            ],
            [
              0.7564397424103035,
              0.8972033257747544
            ],
            [
              0.7557497700091996,
              0.8983371126228269
            ],
            [
              0.7548298068077277,
              0.8990929705215419
            ],
            [
              0.7541398344066237,
              0.9002267573696145
            ],
            [
              0.7532198712051518,
              0.9009826152683296
            ],
            [
              0.7525298988040479,
              0.9021164021164021
            ]
          ]
        ]
      },
      "properties": {
        "segment_id": 12,
        "area": 2441,
        "bbox": [
          1532.0,
          1160.0,
          115.0,
          33.0
        ],
        "iou": 0.9112567901611328,
        "stability": 0.9600798487663269,
        "auto_generated": true,
        "model": "segment_anything"
      }
    },
    {
      "type": "Feature",
      "geometry": {
        "type": "Polygon",
        "coordinates": [
          [
            [
              0.2736890524379025,
              0.7479213907785336
            ],
            [
              0.27230910763569455,
              0.7479213907785336
            ],
            [
              0.27092916283348667,
              0.7479213907785336
            ],
            [
              0.26954921803127874,
              0.7479213907785336
            ],
            [
              0.26816927322907086,
              0.7479213907785336
            ],
            [
              0.2672493100275989,
              0.7471655328798186
            ],
            [
              0.26632934682612697,
              0.7464096749811036
            ],
            [
              0.265639374425023,
              0.745275888133031
            ],
            [
              0.26494940202391903,
              0.7441421012849584
            ],
            [
              0.2640294388224471,
              0.7433862433862434
            ],
            [
              0.26333946642134315,
              0.7422524565381708
            ],
            [
              0.26241950321987123,
              0.7414965986394558
            ],
            [
              0.26172953081876726,
              0.7403628117913832
            ],
            [
              0.2612695492180313,
              0.7388510959939532
            ],
            [
              0.2608095676172953,
              0.737339380196523
            ],
            [
              0.2601195952161914,
              0.7362055933484505
            ],
            [
              0.2608095676172953,
              0.735071806500378
            ],
            [
              0.2621895124195032,
              0.735071806500378
            ],
            [
              0.26310947562097514,
              0.7343159486016629
            ],
            [
              0.2640294388224471,
              0.7335600907029478
            ],
            [
              0.26494940202391903,
              0.7328042328042328
            ],
            [
              0.265869365225391,
              0.7320483749055178
            ],
            [
              0.26701931922723093,
              0.7316704459561603
            ],
            [
              0.26816927322907086,
              0.7312925170068028
            ],
            [
              0.26954921803127874,
              0.7312925170068028
            ],
            [
              0.27069917203311866,
              0.7309145880574452
            ],
            [
              0.2718491260349586,
              0.7305366591080876
            ],
            [
              0.27276908923643056,
              0.7297808012093726
            ],
            [
              0.2736890524379025,
              0.7290249433106576
            ],
            [
              0.2746090156393744,
              0.7282690854119426
            ],
            [
              0.2755289788408464,
              0.7275132275132276
            ],
            [
              0.2764489420423183,
              0.7267573696145124
            ],
            [
              0.27736890524379026,
              0.7260015117157974
            ],
            [
              0.2782888684452622,
              0.7252456538170824
            ],
            [
              0.27920883164673416,
              0.7244897959183674
            ],
            [
              0.2803587856485741,
              0.7241118669690099
            ],
            [
              0.281278748850046,
              0.7233560090702947
            ],
            [
              0.2821987120515179,
              0.7226001511715797
            ],
            [
              0.28334866605335784,
              0.7222222222222222
            ],
            [
              0.2842686292548298,
              0.7214663643235072
            ],
            [
              0.2856485740570377,
              0.7214663643235072
            ],
            [
              0.2867985280588776,
              0.7210884353741497
            ],
            [
              0.28794848206071755,
              0.7207105064247922
            ],
            [
              0.2888684452621895,
              0.719954648526077
            ],
            [
              0.28978840846366144,
              0.719198790627362
            ],
            [
              0.29093836246550137,
              0.7188208616780045
            ],
            [
              0.2920883164673413,
              0.718442932728647
            ],
            [
              0.29300827966881327,
              0.717687074829932
            ],
            [
              0.29438822447102114,
              0.717687074829932
            ],
            [
              0.2957681692732291,
              0.717687074829932
            ],
            [
              0.297148114075437,
              0.717687074829932
            ],
            [
              0.2985280588776449,
              0.717687074829932
            ],
            [
              0.2999080036798528,
              0.717687074829932
            ],
            [
              0.30082796688132474,
              0.718442932728647
            ],
            [
              0.30197792088316466,
              0.7188208616780045
            ],
            [
              0.3031278748850046,
              0.719198790627362
            ],
            [
              0.3045078196872125,
              0.719198790627362
            ],
            [
              0.30542778288868444,
              0.719954648526077
            ],
            [
              0.3068077276908924,
              0.719954648526077
            ],
            [
              0.30818767249310025,
              0.719954648526077
            ],
            [
              0.3095676172953082,
              0.719954648526077
            ],
            [
              0.3109475620975161,
              0.719954648526077
            ],
            [
              0.31186752529898804,
              0.7207105064247922
            ],
            [
              0.31301747930082796,
              0.7210884353741497
            ],
            [
              0.31278748850046,
              0.7229780801209372
            ],
            [
              0.31186752529898804,
              0.7237339380196524
            ],
            [
              0.3109475620975161,
              0.7244897959183674
            ],
            [
              0.3097976080956762,
              0.7248677248677249
            ],
            [
              0.3091076356945722,
              0.7260015117157974
            ],
            [
              0.30864765409383627,
              0.7275132275132276
            ],
            [
              0.30841766329346826,
              0.7294028722600151
            ],
            [
              0.30841766329346826,
              0.7316704459561603
            ],
            [
              0.3088776448942042,
              0.7331821617535903
            ],
            [
              0.30841766329346826,
              0.7346938775510204
            ],
            [
              0.3079576816927323,
              0.7362055933484505
            ],
            [
              0.3070377184912603,
              0.7369614512471655
            ],
            [
              0.3063477460901564,
              0.7380952380952381
            ],
            [
              0.30542778288868444,
              0.7388510959939532
            ],
            [
              0.3045078196872125,
              0.7396069538926682
            ],
            [
              0.30358785648574055,
              0.7403628117913832
            ],
            [
              0.30266789328426863,
              0.7411186696900982
            ],
            [
              0.3012879484820607,
              0.7411186696900982
            ],
            [
              0.3003679852805888,
              0.7418745275888133
            ],
            [
              0.29898804047838085,
              0.7418745275888133
            ],
            [
              0.2978380864765409,
              0.7414965986394558
            ],
            [
              0.296688132474701,
              0.7411186696900982
            ],
            [
              0.2953081876724931,
              0.7411186696900982
            ],
            [
              0.2939282428702852,
              0.7411186696900982
            ],
            [
              0.29300827966881327,
              0.7418745275888133
            ],
            [
              0.2920883164673413,
              0.7426303854875284
            ],
            [
              0.2907083716651334,
              0.7426303854875284
            ],
            [
              0.28978840846366144,
              0.7433862433862434
            ],
            [
              0.2886384544618215,
              0.7437641723356009
            ],
            [
              0.2874885004599816,
              0.7441421012849584
            ],
            [
              0.28656853725850967,
              0.7448979591836735
            ],
            [
              0.28541858325666974,
              0.745275888133031
            ],
            [
              0.2842686292548298,
              0.7456538170823885
            ],
            [
              0.28334866605335784,
              0.7464096749811036
            ],
            [
              0.28196872125114997,
              0.7464096749811036
            ],
            [
              0.28081876724931004,
              0.7467876039304611
            ],
            [
              0.2796688132474701,
              0.7471655328798186
            ],
            [
              0.2782888684452622,
              0.7471655328798186
            ],
            [
              0.2769089236430543,
              0.7471655328798186
            ],
            [
              0.2755289788408464,
              0.7471655328798186
            ],
            [
              0.27414903403863844,
              0.7471655328798186
            ],
            [
              0.2736890524379025,
              0.7479213907785336
            ]
          ]
        ]
      },
      "properties": {
        "segment_id": 13,
        "area": 2782,
        "bbox": [
          566.0,
          950.0,
          114.0,
          39.0
        ],
        "iou": 0.8667473793029785,
        "stability": 0.931951642036438,
        "auto_generated": true,
        "model": "segment_anything"
      }
    },
    {
      "type": "Feature",
      "geometry": {
        "type": "Polygon",
        "coordinates": [
          [
            [
              0.0,
              0.719198790627362
            ],
            [
              0.009659613615455382,
              0.7154195011337868
            ],
            [
              0.019779208831646734,
              0.7123960695389266
            ],
            [
              0.028978840846366146,
              0.7078609221466364
            ],
            [
              0.03955841766329347,
              0.7055933484504913
            ],
            [
              0.04921803127874885,
              0.7018140589569161
            ],
            [
              0.05910763569457222,
              0.6984126984126984
            ],
            [
              0.06853725850965961,
              0.6942554799697657
            ],
            [
              0.07911683532658693,
              0.6919879062736206
            ],
            [
              0.09015639374425023,
              0.6904761904761905
            ],
            [
              0.10027598896044158,
              0.6874527588813303
            ],
            [
              0.10947562097516099,
              0.6844293272864701
            ],
            [
              0.12005519779208831,
              0.682161753590325
            ],
            [
              0.13155473781048757,
              0.68140589569161
            ],
            [
              0.1421343146274149,
              0.6791383219954649
            ],
            [
              0.1531738730450782,
              0.6776266061980347
            ],
            [
              0.16375344986200552,
              0.6753590325018897
            ],
            [
              0.17387304507819687,
              0.6723356009070295
            ],
            [
              0.1844526218951242,
              0.6700680272108843
            ],
            [
              0.19503219871205152,
              0.6678004535147393
            ],
            [
              0.20607175712971482,
              0.6662887377173091
            ],
            [
              0.21711131554737811,
              0.6647770219198791
            ],
            [
              0.22723091076356947,
              0.6617535903250189
            ],
            [
              0.23781048758049678,
              0.6594860166288737
            ],
            [
              0.24885004599816007,
              0.6579743008314437
            ],
            [
              0.26034958601655933,
              0.6572184429327287
            ],
            [
              0.2718491260349586,
              0.6564625850340136
            ],
            [
              0.28334866605335784,
              0.6557067271352985
            ],
            [
              0.29438822447102114,
              0.6541950113378685
            ],
            [
              0.3063477460901564,
              0.6541950113378685
            ],
            [
              0.31784728610855567,
              0.6549508692365835
            ],
            [
              0.32934682612695493,
              0.6557067271352985
            ],
            [
              0.3403863845446182,
              0.6572184429327287
            ],
            [
              0.3518859245630175,
              0.6579743008314437
            ],
            [
              0.3610855565777369,
              0.6625094482237339
            ],
            [
              0.36982520699172033,
              0.6678004535147393
            ],
            [
              0.37074517019319225,
              0.6776266061980347
            ],
            [
              0.3702851885924563,
              0.6866969009826153
            ],
            [
              0.3794848206071757,
              0.6866969009826153
            ],
            [
              0.3896044158233671,
              0.6882086167800453
            ],
            [
              0.39926402943882244,
              0.6919879062736206
            ],
            [
              0.4107635694572217,
              0.6927437641723356
            ],
            [
              0.42134314627414904,
              0.6904761904761905
            ],
            [
              0.4284728610855566,
              0.6825396825396826
            ],
            [
              0.43422263109475623,
              0.6738473167044595
            ],
            [
              0.4457221711131555,
              0.6746031746031746
            ],
            [
              0.4567617295308188,
              0.6761148904006047
            ],
            [
              0.4678012879484821,
              0.6776266061980347
            ],
            [
              0.47838086476540936,
              0.6798941798941799
            ],
            [
              0.48758049678012877,
              0.68140589569161
            ],
            [
              0.49862005519779207,
              0.68140589569161
            ],
            [
              0.5091996320147194,
              0.6836734693877551
            ],
            [
              0.5202391904323828,
              0.6851851851851852
            ],
            [
              0.5296688132474701,
              0.6893424036281179
            ],
            [
              0.5395584176632935,
              0.6927437641723356
            ],
            [
              0.5501379944802208,
              0.6950113378684807
            ],
            [
              0.5593376264949402,
              0.699546485260771
            ],
            [
              0.5699172033118676,
              0.7018140589569161
            ],
            [
              0.5800367985280589,
              0.7048374905517762
            ],
            [
              0.5906163753449862,
              0.7055933484504913
            ],
            [
              0.6011959521619136,
              0.7078609221466364
            ],
            [
              0.6113155473781049,
              0.7108843537414966
            ],
            [
              0.6214351425942962,
              0.7139077853363568
            ],
            [
              0.6315547378104875,
              0.716931216931217
            ],
            [
              0.641444342226311,
              0.7203325774754347
            ],
            [
              0.6513339466421343,
              0.7237339380196524
            ],
            [
              0.6609935602575897,
              0.7275132275132276
            ],
            [
              0.671113155473781,
              0.7305366591080876
            ],
            [
              0.6816927322907084,
              0.7328042328042328
            ],
            [
              0.6918123275068997,
              0.735827664399093
            ],
            [
              0.7014719411223551,
              0.7396069538926682
            ],
            [
              0.7111315547378105,
              0.7433862433862434
            ],
            [
              0.7217111315547378,
              0.7456538170823885
            ],
            [
              0.7318307267709292,
              0.7486772486772487
            ],
            [
              0.7410303587856486,
              0.7532123960695389
            ],
            [
              0.7506899724011039,
              0.7569916855631141
            ],
            [
              0.7614995400183993,
              0.7588813303099018
            ],
            [
              0.7711591536338547,
              0.762660619803477
            ],
            [
              0.7805887764489421,
              0.7668178382464097
            ],
            [
              0.7907083716651334,
              0.7698412698412699
            ],
            [
              0.8003679852805887,
              0.7736205593348451
            ],
            [
              0.8104875804967802,
              0.7766439909297053
            ],
            [
              0.8201471941122355,
              0.7804232804232805
            ],
            [
              0.8302667893284269,
              0.7834467120181405
            ],
            [
              0.8403863845446182,
              0.7864701436130007
            ],
            [
              0.8498160073597056,
              0.7906273620559335
            ],
            [
              0.859705611775529,
              0.7940287226001512
            ],
            [
              0.8698252069917203,
              0.7970521541950113
            ],
            [
              0.8794848206071757,
              0.8008314436885865
            ],
            [
              0.8891444342226311,
              0.8046107331821618
            ],
            [
              0.8992640294388224,
              0.8076341647770219
            ],
            [
              0.9093836246550138,
              0.8106575963718821
            ],
            [
              0.9190432382704692,
              0.8144368858654573
            ],
            [
              0.9287028518859246,
              0.8182161753590325
            ],
            [
              0.9392824287028518,
              0.8204837490551776
            ],
            [
              0.9480220791168353,
              0.825774754346183
            ],
            [
              0.9576816927322908,
              0.8295540438397582
            ],
            [
              0.9673413063477461,
              0.8333333333333334
            ],
            [
              0.9774609015639374,
              0.8363567649281936
            ],
            [
              0.985510579576817,
              0.8427815570672713
            ],
            [
              0.9954001839926403,
              0.846182917611489
            ],
            [
              0.0,
              0.719198790627362
            ]
          ]
        ]
      },
      "properties": {
        "segment_id": 14,
        "area": 802801,
        "bbox": [
          0.0,
          866.0,
          2173.0,
          456.0
        ],
        "iou": 1.046257734298706,
        "stability": 0.9715254306793213,
        "auto_generated": true,
        "model": "segment_anything"
      }
    },
    {
      "type": "Feature",
      "geometry": {
        "type": "Polygon",
        "coordinates": [
          [
            [
              0.5742870285188593,
              0.999244142101285
            ],
            [
              0.5685372585096596,
              0.9988662131519275
            ],
            [
              0.563017479300828,
              0.9981103552532123
            ],
            [
              0.5574977000919963,
              0.9973544973544973
            ],
            [
              0.5519779208831647,
              0.9981103552532123
            ],
            [
              0.545998160073597,
              0.9981103552532123
            ],
            [
              0.5400183992640294,
              0.9981103552532123
            ],
            [
              0.5340386384544619,
              0.9981103552532123
            ],
            [
              0.5285188592456301,
              0.9973544973544973
            ],
            [
              0.5234590616375345,
              0.9973544973544973
            ],
            [
              0.5174793008279669,
              0.9973544973544973
            ],
            [
              0.5114995400183993,
              0.9973544973544973
            ],
            [
              0.5055197792088316,
              0.9973544973544973
            ],
            [
              0.49954001839926404,
              0.9973544973544973
            ],
            [
              0.4935602575896964,
              0.9973544973544973
            ],
            [
              0.48758049678012877,
              0.9973544973544973
            ],
            [
              0.48206071757129715,
              0.9965986394557823
            ],
            [
              0.4765409383624655,
              0.9973544973544973
            ],
            [
              0.47102115915363385,
              0.9965986394557823
            ],
            [
              0.4650413983440662,
              0.9965986394557823
            ],
            [
              0.45906163753449863,
              0.9965986394557823
            ],
            [
              0.453081876724931,
              0.9965986394557823
            ],
            [
              0.44802207911683534,
              0.9965986394557823
            ],
            [
              0.4429622815087397,
              0.9950869236583523
            ],
            [
              0.43698252069917204,
              0.9950869236583523
            ],
            [
              0.4312327506899724,
              0.9947089947089947
            ],
            [
              0.42594296228150874,
              0.9935752078609221
            ],
            [
              0.4204231830726771,
              0.9943310657596371
            ],
            [
              0.41490340386384544,
              0.9950869236583523
            ],
            [
              0.4093836246550138,
              0.9943310657596371
            ],
            [
              0.40386384544618215,
              0.9950869236583523
            ],
            [
              0.3988040478380865,
              0.9950869236583523
            ],
            [
              0.3937442502299908,
              0.9950869236583523
            ],
            [
              0.3889144434222631,
              0.9947089947089947
            ],
            [
              0.3840846366145354,
              0.9958427815570673
            ],
            [
              0.37902483900643974,
              0.9958427815570673
            ],
            [
              0.3735050597976081,
              0.9950869236583523
            ],
            [
              0.36798528058877644,
              0.9958427815570673
            ],
            [
              0.3629254829806808,
              0.9958427815570673
            ],
            [
              0.3574057037718491,
              0.9950869236583523
            ],
            [
              0.3518859245630175,
              0.9958427815570673
            ],
            [
              0.34613615455381785,
              0.9962207105064248
            ],
            [
              0.34130634774609014,
              0.9950869236583523
            ],
            [
              0.3360165593376265,
              0.9954648526077098
            ],
            [
              0.33072677092916286,
              0.9958427815570673
            ],
            [
              0.3252069917203312,
              0.9950869236583523
            ],
            [
              0.31968721251149956,
              0.9958427815570673
            ],
            [
              0.3137074517019319,
              0.9958427815570673
            ],
            [
              0.3077276908923643,
              0.9958427815570673
            ],
            [
              0.3017479300827967,
              0.9958427815570673
            ],
            [
              0.296688132474701,
              0.9958427815570673
            ],
            [
              0.2920883164673413,
              0.9950869236583523
            ],
            [
              0.28656853725850967,
              0.9958427815570673
            ],
            [
              0.28081876724931004,
              0.9954648526077098
            ],
            [
              0.2750689972401104,
              0.9950869236583523
            ],
            [
              0.2690892364305428,
              0.9950869236583523
            ],
            [
              0.26310947562097514,
              0.9950869236583523
            ],
            [
              0.25712971481140756,
              0.9950869236583523
            ],
            [
              0.2511499540018399,
              0.9950869236583523
            ],
            [
              0.24517019319227232,
              0.9950869236583523
            ],
            [
              0.23919043238270468,
              0.9950869236583523
            ],
            [
              0.23367065317387303,
              0.9958427815570673
            ],
            [
              0.22769089236430542,
              0.9958427815570673
            ],
            [
              0.22217111315547378,
              0.9965986394557823
            ],
            [
              0.21665133394664213,
              0.9958427815570673
            ],
            [
              0.21113155473781048,
              0.9965986394557823
            ],
            [
              0.20515179392824287,
              0.9965986394557823
            ],
            [
              0.19917203311867526,
              0.9965986394557823
            ],
            [
              0.19319227230910763,
              0.9965986394557823
            ],
            [
              0.18721251149954002,
              0.9965986394557823
            ],
            [
              0.18215271389144433,
              0.9965986394557823
            ],
            [
              0.1766329346826127,
              0.9973544973544973
            ],
            [
              0.17111315547378106,
              0.9965986394557823
            ],
            [
              0.1655933762649494,
              0.9973544973544973
            ],
            [
              0.15961361545538177,
              0.9973544973544973
            ],
            [
              0.15409383624655013,
              0.9965986394557823
            ],
            [
              0.14811407543698252,
              0.9965986394557823
            ],
            [
              0.1421343146274149,
              0.9965986394557823
            ],
            [
              0.13615455381784727,
              0.9965986394557823
            ],
            [
              0.13017479300827967,
              0.9965986394557823
            ],
            [
              0.12465501379944802,
              0.9958427815570673
            ],
            [
              0.11867525298988041,
              0.9958427815570673
            ],
            [
              0.11269549218031279,
              0.9958427815570673
            ],
            [
              0.10671573137074516,
              0.9958427815570673
            ],
            [
              0.10073597056117756,
              0.9958427815570673
            ],
            [
              0.09521619135234591,
              0.9950869236583523
            ],
            [
              0.08923643054277829,
              0.9950869236583523
            ],
            [
              0.08371665133394664,
              0.9958427815570673
            ],
            [
              0.07773689052437903,
              0.9958427815570673
            ],
            [
              0.07175712971481141,
              0.9958427815570673
            ],
            [
              0.06577736890524379,
              0.9958427815570673
            ],
            [
              0.05979760809567617,
              0.9958427815570673
            ],
            [
              0.053817847286108556,
              0.9958427815570673
            ],
            [
              0.04783808647654094,
              0.9958427815570673
            ],
            [
              0.042778288868445265,
              0.9958427815570673
            ],
            [
              0.03679852805887764,
              0.9958427815570673
            ],
            [
              0.031278748850046,
              0.9965986394557823
            ],
            [
              0.02621895124195032,
              0.9965986394557823
            ],
            [
              0.020239190432382703,
              0.9965986394557823
            ],
            [
              0.014259429622815088,
              0.9965986394557823
            ],
            [
              0.008739650413983441,
              0.9973544973544973
            ],
            [
              0.0027598896044158236,
              0.9973544973544973
            ],
            [
              0.5742870285188593,
              0.999244142101285
            ]
          ]
        ]
      },
      "properties": {
        "segment_id": 14,
        "area": 802801,
        "bbox": [
          0.0,
          866.0,
          2173.0,
          456.0
        ],
        "iou": 1.046257734298706,
        "stability": 0.9715254306793213,
        "auto_generated": true,
        "model": "segment_anything"
      }
    },
    {
      "type": "Feature",
      "geometry": {
        "type": "Polygon",
        "coordinates": [
          [
            [
              0.999540018399264,
              0.9973544973544973
            ],
            [
              0.9990800367985281,
              0.9973544973544973
            ],
            [
              0.9986200551977921,
              0.9973544973544973
            ],
            [
              0.9981600735970562,
              0.9973544973544973
            ],
            [
              0.9977000919963201,
              0.9973544973544973
            ],
            [
              0.9972401103955841,
              0.9973544973544973
            ],
            [
              0.9967801287948482,
              0.9973544973544973
            ],
            [
              0.9963201471941122,
              0.9973544973544973
            ],
            [
              0.9958601655933763,
              0.9973544973544973
            ],
            [
              0.9954001839926403,
              0.9973544973544973
            ],
            [
              0.9949402023919043,
              0.9973544973544973
            ],
            [
              0.9944802207911684,
              0.9973544973544973
            ],
            [
              0.9940202391904324,
              0.9973544973544973
            ],
            [
              0.9935602575896965,
              0.9973544973544973
            ],
            [
              0.9931002759889604,
              0.9973544973544973
            ],
            [
              0.9926402943882244,
              0.9973544973544973
            ],
            [
              0.9921803127874885,
              0.9973544973544973
            ],
            [
              0.9917203311867525,
              0.9973544973544973
            ],
            [
              0.9912603495860166,
              0.9973544973544973
            ],
            [
              0.9908003679852806,
              0.9973544973544973
            ],
            [
              0.9903403863845446,
              0.9973544973544973
            ],
            [
              0.9898804047838087,
              0.9973544973544973
            ],
            [
              0.9894204231830727,
              0.9973544973544973
            ],
            [
              0.9889604415823368,
              0.9973544973544973
            ],
            [
              0.9885004599816007,
              0.9973544973544973
            ],
            [
              0.9880404783808647,
              0.9973544973544973
            ],
            [
              0.9875804967801288,
              0.9973544973544973
            ],
            [
              0.9871205151793928,
              0.9973544973544973
            ],
            [
              0.9866605335786569,
              0.9973544973544973
            ],
            [
              0.9862005519779209,
              0.9973544973544973
            ],
            [
              0.9857405703771849,
              0.9973544973544973
            ],
            [
              0.985280588776449,
              0.9973544973544973
            ],
            [
              0.984820607175713,
              0.9973544973544973
            ],
            [
              0.984360625574977,
              0.9973544973544973
            ],
            [
              0.983900643974241,
              0.9973544973544973
            ],
            [
              0.983440662373505,
              0.9973544973544973
            ],
            [
              0.9829806807727691,
              0.9973544973544973
            ],
            [
              0.9825206991720331,
              0.9973544973544973
            ],
            [
              0.9820607175712971,
              0.9973544973544973
            ],
            [
              0.9816007359705612,
              0.9973544973544973
            ],
            [
              0.9811407543698252,
              0.9973544973544973
            ],
            [
              0.9806807727690893,
              0.9973544973544973
            ],
            [
              0.9802207911683533,
              0.9973544973544973
            ],
            [
              0.9797608095676172,
              0.9973544973544973
            ],
            [
              0.9793008279668813,
              0.9973544973544973
            ],
            [
              0.9788408463661453,
              0.9973544973544973
            ],
            [
              0.9783808647654094,
              0.9973544973544973
            ],
            [
              0.9779208831646734,
              0.9973544973544973
            ],
            [
              0.9774609015639374,
              0.9973544973544973
            ],
            [
              0.9770009199632015,
              0.9973544973544973
            ],
            [
              0.9765409383624655,
              0.9973544973544973
            ],
            [
              0.9760809567617296,
              0.9973544973544973
            ],
            [
              0.9756209751609936,
              0.9973544973544973
            ],
            [
              0.9753909843606255,
              0.9969765684051398
            ],
            [
              0.9751609935602575,
              0.9965986394557823
            ],
            [
              0.9747010119595216,
              0.9965986394557823
            ],
            [
              0.9742410303587856,
              0.9965986394557823
            ],
            [
              0.9737810487580497,
              0.9965986394557823
            ],
            [
              0.9733210671573137,
              0.9965986394557823
            ],
            [
              0.9730910763569457,
              0.9969765684051398
            ],
            [
              0.9728610855565777,
              0.9973544973544973
            ],
            [
              0.9724011039558418,
              0.9973544973544973
            ],
            [
              0.9719411223551058,
              0.9973544973544973
            ],
            [
              0.9714811407543699,
              0.9973544973544973
            ],
            [
              0.9710211591536339,
              0.9973544973544973
            ],
            [
              0.9705611775528978,
              0.9973544973544973
            ],
            [
              0.9701011959521619,
              0.9973544973544973
            ],
            [
              0.9696412143514259,
              0.9973544973544973
            ],
            [
              0.96918123275069,
              0.9973544973544973
            ],
            [
              0.968721251149954,
              0.9973544973544973
            ],
            [
              0.968261269549218,
              0.9973544973544973
            ],
            [
              0.9678012879484821,
              0.9973544973544973
            ],
            [
              0.9675712971481141,
              0.9977324263038548
            ],
            [
              0.9673413063477461,
              0.9981103552532123
            ],
            [
              0.9668813247470102,
              0.9981103552532123
            ],
            [
              0.9664213431462741,
              0.9981103552532123
            ],
            [
              0.9659613615455381,
              0.9981103552532123
            ],
            [
              0.9655013799448022,
              0.9981103552532123
            ],
            [
              0.9650413983440662,
              0.9981103552532123
            ],
            [
              0.9645814167433303,
              0.9981103552532123
            ],
            [
              0.9641214351425943,
              0.9981103552532123
            ],
            [
              0.9636614535418583,
              0.9981103552532123
            ],
            [
              0.9632014719411224,
              0.9981103552532123
            ],
            [
              0.9627414903403864,
              0.9981103552532123
            ],
            [
              0.9622815087396505,
              0.9981103552532123
            ],
            [
              0.9618215271389144,
              0.9981103552532123
            ],
            [
              0.9613615455381784,
              0.9981103552532123
            ],
            [
              0.9609015639374425,
              0.9981103552532123
            ],
            [
              0.9606715731370745,
              0.9977324263038548
            ],
            [
              0.9604415823367065,
              0.9973544973544973
            ],
            [
              0.9599816007359706,
              0.9973544973544973
            ],
            [
              0.9595216191352346,
              0.9973544973544973
            ],
            [
              0.9590616375344986,
              0.9973544973544973
            ],
            [
              0.9586016559337627,
              0.9973544973544973
            ],
            [
              0.9581416743330267,
              0.9973544973544973
            ],
            [
              0.9576816927322908,
              0.9973544973544973
            ],
            [
              0.9572217111315547,
              0.9973544973544973
            ],
            [
              0.9567617295308187,
              0.9973544973544973
            ],
            [
              0.9563017479300828,
              0.9973544973544973
            ],
            [
              0.9558417663293468,
              0.9973544973544973
            ],
            [
              0.9553817847286109,
              0.9973544973544973
            ],
            [
              0.9551517939282429,
              0.9977324263038548
            ],
            [
              0.9549218031278749,
              0.9981103552532123
            ],
            [
              0.9544618215271389,
              0.9981103552532123
            ],
            [
              0.954001839926403,
              0.9981103552532123
            ],
            [
              0.953541858325667,
              0.9981103552532123
            ],
            [
              0.953081876724931,
              0.9981103552532123
            ],
            [
              0.952621895124195,
              0.9981103552532123
            ],
            [
              0.952161913523459,
              0.9981103552532123
            ],
            [
              0.9517019319227231,
              0.9981103552532123
            ],
            [
              0.9514719411223551,
              0.99848828420257
            ],
            [
              0.9512419503219871,
              0.9988662131519275
            ],
            [
              0.9507819687212512,
              0.9988662131519275
            ],
            [
              0.9503219871205152,
              0.9988662131519275
            ],
            [
              0.9498620055197792,
              0.9988662131519275
            ],
            [
              0.9496320147194113,
              0.99848828420257
            ],
            [
              0.9494020239190433,
              0.9981103552532123
            ],
            [
              0.9489420423183073,
              0.9981103552532123
            ],
            [
              0.9484820607175714,
              0.9981103552532123
            ],
            [
              0.9480220791168353,
              0.9981103552532123
            ],
            [
              0.9475620975160993,
              0.9981103552532123
            ],
            [
              0.9471021159153634,
              0.9981103552532123
            ],
            [
              0.9466421343146274,
              0.9981103552532123
            ],
            [
              0.9461821527138914,
              0.9981103552532123
            ],
            [
              0.9457221711131555,
              0.9981103552532123
            ],
            [
              0.9452621895124195,
              0.9981103552532123
            ],
            [
              0.9450321987120515,
              0.99848828420257
            ],
            [
              0.9448022079116836,
              0.9988662131519275
            ],
            [
              0.9443422263109476,
              0.9988662131519275
            ],
            [
              0.9438822447102115,
              0.9988662131519275
            ],
            [
              0.9434222631094756,
              0.9988662131519275
            ],
            [
              0.9429622815087396,
              0.9988662131519275
            ],
            [
              0.9425022999080037,
              0.9988662131519275
            ],
            [
              0.9420423183072677,
              0.9988662131519275
            ],
            [
              0.9415823367065317,
              0.9988662131519275
            ],
            [
              0.9411223551057958,
              0.9988662131519275
            ],
            [
              0.9406623735050598,
              0.9988662131519275
            ],
            [
              0.9404323827046918,
              0.99848828420257
            ],
            [
              0.9402023919043239,
              0.9981103552532123
            ],
            [
              0.9397424103035878,
              0.9981103552532123
            ],
            [
              0.9392824287028518,
              0.9981103552532123
            ],
            [
              0.9388224471021159,
              0.9981103552532123
            ],
            [
              0.9383624655013799,
              0.9981103552532123
            ],
            [
              0.9381324747010119,
              0.99848828420257
            ],
            [
              0.937902483900644,
              0.9988662131519275
            ],
            [
              0.937442502299908,
              0.9988662131519275
            ],
            [
              0.936982520699172,
              0.9988662131519275
            ],
            [
              0.9365225390984361,
              0.9988662131519275
            ],
            [
              0.9360625574977001,
              0.9988662131519275
            ],
            [
              0.9356025758969642,
              0.9988662131519275
            ],
            [
              0.9351425942962281,
              0.9988662131519275
            ],
            [
              0.9346826126954921,
              0.9988662131519275
            ],
            [
              0.9342226310947562,
              0.9988662131519275
            ],
            [
              0.9337626494940202,
              0.9988662131519275
            ],
            [
              0.9333026678932843,
              0.9988662131519275
            ],
            [
              0.9328426862925483,
              0.9988662131519275
            ],
            [
              0.9323827046918123,
              0.9988662131519275
            ],
            [
              0.9321527138914444,
              0.99848828420257
            ],
            [
              0.9319227230910764,
              0.9981103552532123
            ],
            [
              0.9314627414903404,
              0.9981103552532123
            ],
            [
              0.9312327506899724,
              0.99848828420257
            ],
            [
              0.9310027598896045,
              0.9988662131519275
            ],
            [
              0.9305427782888684,
              0.9988662131519275
            ],
            [
              0.9300827966881324,
              0.9988662131519275
            ],
            [
              0.9296228150873965,
              0.9988662131519275
            ],
            [
              0.9291628334866605,
              0.9988662131519275
            ],
            [
              0.9287028518859246,
              0.9988662131519275
            ],
            [
              0.9284728610855566,
              0.999244142101285
            ],
            [
              0.999540018399264,
              0.9973544973544973
            ]
          ]
        ]
      },
      "properties": {
        "segment_id": 14,
        "area": 802801,
        "bbox": [
          0.0,
          866.0,
          2173.0,
          456.0
        ],
        "iou": 1.046257734298706,
        "stability": 0.9715254306793213,
        "auto_generated": true,
        "model": "segment_anything"
      }
    },
    {
      "type": "Feature",
      "geometry": {
        "type": "Polygon",
        "coordinates": [
          [
            [
              0.9266329346826127,
              0.999244142101285
            ],
            [
              0.9241030358785649,
              0.9981103552532123
            ],
            [
              0.921343146274149,
              0.9988662131519275
            ],
            [
              0.9181232750689973,
              0.9988662131519275
            ],
            [
              0.9153633854645814,
              0.9981103552532123
            ],
            [
              0.9121435142594296,
              0.9981103552532123
            ],
            [
              0.9089236430542779,
              0.9981103552532123
            ],
            [
              0.905703771849126,
              0.9981103552532123
            ],
            [
              0.9024839006439742,
              0.9981103552532123
            ],
            [
              0.8992640294388224,
              0.9981103552532123
            ],
            [
              0.8965041398344066,
              0.9973544973544973
            ],
            [
              0.8937442502299908,
              0.9981103552532123
            ],
            [
              0.890524379024839,
              0.9981103552532123
            ],
            [
              0.8877644894204232,
              0.9973544973544973
            ],
            [
              0.8845446182152714,
              0.9973544973544973
            ],
            [
              0.8813247470101196,
              0.9973544973544973
            ],
            [
              0.8781048758049678,
              0.9973544973544973
            ],
            [
              0.874885004599816,
              0.9973544973544973
            ],
            [
              0.8721251149954001,
              0.9981103552532123
            ],
            [
              0.8693652253909844,
              0.9973544973544973
            ],
            [
              0.8661453541858326,
              0.9973544973544973
            ],
            [
              0.8629254829806807,
              0.9973544973544973
            ],
            [
              0.859705611775529,
              0.9973544973544973
            ],
            [
              0.8564857405703772,
              0.9973544973544973
            ],
            [
              0.8532658693652254,
              0.9973544973544973
            ],
            [
              0.8500459981600736,
              0.9973544973544973
            ],
            [
              0.8468261269549218,
              0.9973544973544973
            ],
            [
              0.84360625574977,
              0.9973544973544973
            ],
            [
              0.8403863845446182,
              0.9973544973544973
            ],
            [
              0.8371665133394665,
              0.9973544973544973
            ],
            [
              0.8339466421343146,
              0.9973544973544973
            ],
            [
              0.8307267709291628,
              0.9973544973544973
            ],
            [
              0.827506899724011,
              0.9973544973544973
            ],
            [
              0.8245170193192273,
              0.9977324263038548
            ],
            [
              0.8219871205151794,
              0.9973544973544973
            ],
            [
              0.8187672493100276,
              0.9973544973544973
            ],
            [
              0.8155473781048758,
              0.9973544973544973
            ],
            [
              0.812327506899724,
              0.9973544973544973
            ],
            [
              0.8091076356945722,
              0.9973544973544973
            ],
            [
              0.8061177552897885,
              0.9977324263038548
            ],
            [
              0.8031278748850046,
              0.9981103552532123
            ],
            [
              0.7999080036798528,
              0.9981103552532123
            ],
            [
              0.796688132474701,
              0.9981103552532123
            ],
            [
              0.7934682612695492,
              0.9981103552532123
            ],
            [
              0.7902483900643974,
              0.9981103552532123
            ],
            [
              0.7872585096596136,
              0.9977324263038548
            ],
            [
              0.7842686292548298,
              0.9973544973544973
            ],
            [
              0.781048758049678,
              0.9973544973544973
            ],
            [
              0.7778288868445262,
              0.9973544973544973
            ],
            [
              0.7746090156393745,
              0.9973544973544973
            ],
            [
              0.7713891444342227,
              0.9973544973544973
            ],
            [
              0.7686292548298068,
              0.9981103552532123
            ],
            [
              0.765409383624655,
              0.9981103552532123
            ],
            [
              0.7621895124195032,
              0.9981103552532123
            ],
            [
              0.7589696412143514,
              0.9981103552532123
            ],
            [
              0.7557497700091996,
              0.9981103552532123
            ],
            [
              0.7525298988040479,
              0.9981103552532123
            ],
            [
              0.7493100275988961,
              0.9981103552532123
            ],
            [
              0.7465501379944802,
              0.9973544973544973
            ],
            [
              0.7433302667893285,
              0.9973544973544973
            ],
            [
              0.7401103955841767,
              0.9973544973544973
            ],
            [
              0.7373505059797608,
              0.9981103552532123
            ],
            [
              0.734590616375345,
              0.9973544973544973
            ],
            [
              0.7313707451701932,
              0.9973544973544973
            ],
            [
              0.7281508739650414,
              0.9973544973544973
            ],
            [
              0.7249310027598896,
              0.9973544973544973
            ],
            [
              0.7221711131554738,
              0.9981103552532123
            ],
            [
              0.718951241950322,
              0.9981103552532123
            ],
            [
              0.7161913523459061,
              0.9973544973544973
            ],
            [
              0.7129714811407544,
              0.9973544973544973
            ],
            [
              0.7097516099356026,
              0.9973544973544973
            ],
            [
              0.7067617295308187,
              0.9977324263038548
            ],
            [
              0.703771849126035,
              0.9981103552532123
            ],
            [
              0.7005519779208832,
              0.9981103552532123
            ],
            [
              0.6973321067157314,
              0.9981103552532123
            ],
            [
              0.6945722171113156,
              0.9973544973544973
            ],
            [
              0.6913523459061638,
              0.9973544973544973
            ],
            [
              0.6885924563017479,
              0.9981103552532123
            ],
            [
              0.6853725850965962,
              0.9981103552532123
            ],
            [
              0.6821527138914444,
              0.9981103552532123
            ],
            [
              0.6793928242870285,
              0.9973544973544973
            ],
            [
              0.6761729530818767,
              0.9973544973544973
            ],
            [
              0.6734130634774609,
              0.9981103552532123
            ],
            [
              0.6701931922723091,
              0.9981103552532123
            ],
            [
              0.6669733210671573,
              0.9981103552532123
            ],
            [
              0.6637534498620056,
              0.9981103552532123
            ],
            [
              0.6605335786568537,
              0.9981103552532123
            ],
            [
              0.6573137074517019,
              0.9981103552532123
            ],
            [
              0.6540938362465502,
              0.9981103552532123
            ],
            [
              0.6508739650413984,
              0.9981103552532123
            ],
            [
              0.6476540938362465,
              0.9981103552532123
            ],
            [
              0.6444342226310947,
              0.9981103552532123
            ],
            [
              0.641214351425943,
              0.9981103552532123
            ],
            [
              0.6379944802207912,
              0.9981103552532123
            ],
            [
              0.6347746090156394,
              0.9981103552532123
            ],
            [
              0.6315547378104875,
              0.9981103552532123
            ],
            [
              0.6283348666053358,
              0.9981103552532123
            ],
            [
              0.625114995400184,
              0.9981103552532123
            ],
            [
              0.6223551057957681,
              0.9988662131519275
            ],
            [
              0.6191352345906164,
              0.9988662131519275
            ],
            [
              0.6163753449862005,
              0.9981103552532123
            ],
            [
              0.6131554737810487,
              0.9981103552532123
            ],
            [
              0.609935602575897,
              0.9981103552532123
            ],
            [
              0.6071757129714811,
              0.9988662131519275
            ],
            [
              0.6044158233670653,
              0.9981103552532123
            ],
            [
              0.6011959521619136,
              0.9981103552532123
            ],
            [
              0.5986660533578657,
              0.99848828420257
            ],
            [
              0.5956761729530818,
              0.9981103552532123
            ],
            [
              0.5931462741490341,
              0.999244142101285
            ],
            [
              0.9266329346826127,
              0.999244142101285
            ]
          ]
        ]
      },
      "properties": {
        "segment_id": 14,
        "area": 802801,
        "bbox": [
          0.0,
          866.0,
          2173.0,
          456.0
        ],
        "iou": 1.046257734298706,
        "stability": 0.9715254306793213,
        "auto_generated": true,
        "model": "segment_anything"
      }
    },
    {
      "type": "Feature",
      "geometry": {
        "type": "Polygon",
        "coordinates": [
          [
            [
              0.0,
              0.0041572184429327285
            ],
            [
              0.00919963201471941,
              0.003401360544217687
            ],
            [
              0.017939282428702852,
              0.003401360544217687
            ],
            [
              0.027138914443422264,
              0.0041572184429327285
            ],
            [
              0.03679852805887764,
              0.0041572184429327285
            ],
            [
              0.04645814167433303,
              0.0041572184429327285
            ],
            [
              0.05611775528978841,
              0.0041572184429327285
            ],
            [
              0.06577736890524379,
              0.0041572184429327285
            ],
            [
              0.07543698252069918,
              0.0041572184429327285
            ],
            [
              0.08509659613615456,
              0.0041572184429327285
            ],
            [
              0.09475620975160993,
              0.0041572184429327285
            ],
            [
              0.10441582336706531,
              0.0041572184429327285
            ],
            [
              0.1140754369825207,
              0.0041572184429327285
            ],
            [
              0.12373505059797608,
              0.0041572184429327285
            ],
            [
              0.13339466421343146,
              0.0041572184429327285
            ],
            [
              0.14305427782888686,
              0.0041572184429327285
            ],
            [
              0.15271389144434222,
              0.0041572184429327285
            ],
            [
              0.1623735050597976,
              0.0041572184429327285
            ],
            [
              0.17203311867525298,
              0.0041572184429327285
            ],
            [
              0.18169273229070837,
              0.0041572184429327285
            ],
            [
              0.19135234590616376,
              0.0041572184429327285
            ],
            [
              0.20101195952161913,
              0.0041572184429327285
            ],
            [
              0.21067157313707452,
              0.0041572184429327285
            ],
            [
              0.2203311867525299,
              0.0041572184429327285
            ],
            [
              0.22999080036798528,
              0.0041572184429327285
            ],
            [
              0.23965041398344067,
              0.0041572184429327285
            ],
            [
              0.24931002759889603,
              0.0041572184429327285
            ],
            [
              0.25896964121435145,
              0.0041572184429327285
            ],
            [
              0.2686292548298068,
              0.0041572184429327285
            ],
            [
              0.2782888684452622,
              0.0041572184429327285
            ],
            [
              0.28794848206071755,
              0.0041572184429327285
            ],
            [
              0.29760809567617297,
              0.0041572184429327285
            ],
            [
              0.30726770929162833,
              0.0041572184429327285
            ],
            [
              0.3169273229070837,
              0.0041572184429327285
            ],
            [
              0.3265869365225391,
              0.0041572184429327285
            ],
            [
              0.3362465501379945,
              0.0041572184429327285
            ],
            [
              0.34590616375344985,
              0.0041572184429327285
            ],
            [
              0.35556577736890527,
              0.0041572184429327285
            ],
            [
              0.36522539098436063,
              0.0041572184429327285
            ],
            [
              0.374885004599816,
              0.0041572184429327285
            ],
            [
              0.3845446182152714,
              0.0041572184429327285
            ],
            [
              0.3942042318307268,
              0.0041572184429327285
            ],
            [
              0.40386384544618215,
              0.0041572184429327285
            ],
            [
              0.4135234590616375,
              0.0041572184429327285
            ],
            [
              0.42318307267709293,
              0.0041572184429327285
            ],
            [
              0.4328426862925483,
              0.0041572184429327285
            ],
            [
              0.44181232750689975,
              0.003779289493575208
            ],
            [
              0.4503219871205152,
              0.0041572184429327285
            ],
            [
              0.45998160073597055,
              0.0041572184429327285
            ],
            [
              0.4696412143514259,
              0.0041572184429327285
            ],
            [
              0.47930082796688134,
              0.0041572184429327285
            ],
            [
              0.4889604415823367,
              0.0041572184429327285
            ],
            [
              0.49862005519779207,
              0.0041572184429327285
            ],
            [
              0.5082796688132475,
              0.0041572184429327285
            ],
            [
              0.5179392824287029,
              0.0041572184429327285
            ],
            [
              0.5275988960441582,
              0.0041572184429327285
            ],
            [
              0.5372585096596136,
              0.0041572184429327285
            ],
            [
              0.546918123275069,
              0.0041572184429327285
            ],
            [
              0.5565777368905244,
              0.0041572184429327285
            ],
            [
              0.5662373505059798,
              0.0041572184429327285
            ],
            [
              0.5758969641214351,
              0.0041572184429327285
            ],
            [
              0.5855565777368905,
              0.0041572184429327285
            ],
            [
              0.5952161913523459,
              0.0041572184429327285
            ],
            [
              0.6048758049678012,
              0.0041572184429327285
            ],
            [
              0.6145354185832567,
              0.0041572184429327285
            ],
            [
              0.6241950321987121,
              0.0041572184429327285
            ],
            [
              0.6338546458141674,
              0.0041572184429327285
            ],
            [
              0.6435142594296228,
              0.0041572184429327285
            ],
            [
              0.6531738730450782,
              0.0041572184429327285
            ],
            [
              0.6628334866605335,
              0.0041572184429327285
            ],
            [
              0.672493100275989,
              0.0041572184429327285
            ],
            [
              0.6821527138914444,
              0.0041572184429327285
            ],
            [
              0.6918123275068997,
              0.0041572184429327285
            ],
            [
              0.7014719411223551,
              0.0041572184429327285
            ],
            [
              0.7111315547378105,
              0.0041572184429327285
            ],
            [
              0.7207911683532658,
              0.0041572184429327285
            ],
            [
              0.7304507819687213,
              0.0041572184429327285
            ],
            [
              0.7401103955841767,
              0.0041572184429327285
            ],
            [
              0.749770009199632,
              0.0041572184429327285
            ],
            [
              0.7594296228150874,
              0.0041572184429327285
            ],
            [
              0.7690892364305428,
              0.0041572184429327285
            ],
            [
              0.7787488500459981,
              0.0041572184429327285
            ],
            [
              0.7884084636614536,
              0.0041572184429327285
            ],
            [
              0.7980680772769089,
              0.0041572184429327285
            ],
            [
              0.8077276908923643,
              0.0041572184429327285
            ],
            [
              0.8173873045078197,
              0.0041572184429327285
            ],
            [
              0.827046918123275,
              0.0041572184429327285
            ],
            [
              0.8367065317387304,
              0.0041572184429327285
            ],
            [
              0.8463661453541859,
              0.0041572184429327285
            ],
            [
              0.8560257589696412,
              0.0041572184429327285
            ],
            [
              0.8656853725850966,
              0.0041572184429327285
            ],
            [
              0.875344986200552,
              0.0041572184429327285
            ],
            [
              0.8850045998160073,
              0.0041572184429327285
            ],
            [
              0.8946642134314627,
              0.0041572184429327285
            ],
            [
              0.9043238270469182,
              0.0041572184429327285
            ],
            [
              0.9139834406623735,
              0.0041572184429327285
            ],
            [
              0.9236430542778289,
              0.0041572184429327285
            ],
            [
              0.9333026678932843,
              0.0041572184429327285
            ],
            [
              0.9429622815087396,
              0.0041572184429327285
            ],
            [
              0.952621895124195,
              0.0041572184429327285
            ],
            [
              0.9622815087396505,
              0.0041572184429327285
            ],
            [
              0.9719411223551058,
              0.0041572184429327285
            ],
            [
              0.9816007359705612,
              0.0041572184429327285
            ],
            [
              0.9912603495860166,
              0.0041572184429327285
            ],
            [
              0.0,
              0.0041572184429327285
            ]
          ]
        ]
      },
      "properties": {
        "segment_id": 15,
        "area": 2002579,
        "bbox": [
          0.0,
          5.0,
          2173.0,
          1045.0
        ],
        "iou": 1.0264612436294556,
        "stability": 0.9941419959068298,
        "auto_generated": true,
        "model": "segment_anything"
      }
    },
    {
      "type": "Feature",
      "geometry": {
        "type": "Polygon",
        "coordinates": [
          [
            [
              0.999540018399264,
              0.791005291005291
            ],
            [
              0.983440662373505,
              0.7902494331065759
            ],
            [
              0.968721251149954,
              0.7887377173091459
            ],
            [
              0.953541858325667,
              0.7894935752078609
            ],
            [
              0.937442502299908,
              0.7902494331065759
            ],
            [
              0.921343146274149,
              0.791005291005291
            ],
            [
              0.9052437902483901,
              0.7917611489040061
            ],
            [
              0.889604415823367,
              0.7932728647014361
            ],
            [
              0.87442502299908,
              0.7925170068027211
            ],
            [
              0.859705611775529,
              0.7894935752078609
            ],
            [
              0.8463661453541859,
              0.7842025699168557
            ],
            [
              0.8325666973321068,
              0.7796674225245653
            ],
            [
              0.8187672493100276,
              0.7751322751322751
            ],
            [
              0.8049678012879485,
              0.7705971277399849
            ],
            [
              0.7911683532658693,
              0.7660619803476947
            ],
            [
              0.7782888684452622,
              0.7600151171579743
            ],
            [
              0.7640294388224471,
              0.7562358276643991
            ],
            [
              0.750229990800368,
              0.7517006802721088
            ],
            [
              0.7368905243790248,
              0.7464096749811036
            ],
            [
              0.7230910763569457,
              0.7418745275888133
            ],
            [
              0.7088316467341307,
              0.7380952380952381
            ],
            [
              0.6950321987120515,
              0.7335600907029478
            ],
            [
              0.6814627414903404,
              0.7286470143613001
            ],
            [
              0.6674333026678932,
              0.7244897959183674
            ],
            [
              0.6536338546458141,
              0.719954648526077
            ],
            [
              0.639834406623735,
              0.7154195011337868
            ],
            [
              0.6258049678012879,
              0.7112622826908541
            ],
            [
              0.6117755289788408,
              0.7071050642479214
            ],
            [
              0.6046458141674333,
              0.6961451247165533
            ],
            [
              0.6041858325666973,
              0.6817838246409675
            ],
            [
              0.593376264949402,
              0.6904761904761905
            ],
            [
              0.5876264949402024,
              0.6802721088435374
            ],
            [
              0.579116835326587,
              0.6670445956160241
            ],
            [
              0.5639374425022999,
              0.6678004535147393
            ],
            [
              0.5545078196872125,
              0.6780045351473923
            ],
            [
              0.546458141674333,
              0.6874527588813303
            ],
            [
              0.5324287028518859,
              0.6832955404383976
            ],
            [
              0.5174793008279669,
              0.6806500377928949
            ],
            [
              0.5018399264029438,
              0.6791383219954649
            ],
            [
              0.4871205151793928,
              0.6761148904006047
            ],
            [
              0.4721711131554738,
              0.673469387755102
            ],
            [
              0.45722171113155474,
              0.6708238851095994
            ],
            [
              0.4420423183072677,
              0.6685563114134543
            ],
            [
              0.42778288868445263,
              0.6662887377173091
            ],
            [
              0.42065317387304507,
              0.6507936507936508
            ],
            [
              0.4119135234590616,
              0.6379440665154951
            ],
            [
              0.41145354185832567,
              0.6175359032501889
            ],
            [
              0.41651333946642133,
              0.5986394557823129
            ],
            [
              0.42318307267709293,
              0.6035525321239606
            ],
            [
              0.4356025758969641,
              0.608843537414966
            ],
            [
              0.43675252989880403,
              0.5895691609977324
            ],
            [
              0.4385924563017479,
              0.5668934240362812
            ],
            [
              0.4450321987120515,
              0.5502645502645502
            ],
            [
              0.45239190432382703,
              0.5351473922902494
            ],
            [
              0.45354185832566696,
              0.5151171579743008
            ],
            [
              0.44273229070837167,
              0.5200302343159486
            ],
            [
              0.4356025758969641,
              0.5143613000755858
            ],
            [
              0.42870285188592455,
              0.4984882842025699
            ],
            [
              0.4188132474701012,
              0.4943310657596372
            ],
            [
              0.41214351425942963,
              0.5105820105820106
            ],
            [
              0.4082336706531739,
              0.5313681027966742
            ],
            [
              0.40869365225390986,
              0.54572940287226
            ],
            [
              0.40386384544618215,
              0.5634920634920635
            ],
            [
              0.39282428702851885,
              0.572562358276644
            ],
            [
              0.39144434222631097,
              0.5544217687074829
            ],
            [
              0.40041398344066237,
              0.5419501133786848
            ],
            [
              0.4017939282428703,
              0.5200302343159486
            ],
            [
              0.3923643054277829,
              0.5083144368858654
            ],
            [
              0.3879944802207912,
              0.5222978080120937
            ],
            [
              0.38339466421343144,
              0.5419501133786848
            ],
            [
              0.38017479300827967,
              0.563869992441421
            ],
            [
              0.3843146274149034,
              0.5842781557067271
            ],
            [
              0.39029438822447104,
              0.6016628873771731
            ],
            [
              0.39029438822447104,
              0.6273620559334845
            ],
            [
              0.38569457221711134,
              0.6470143613000756
            ],
            [
              0.37626494940202393,
              0.6572184429327287
            ],
            [
              0.3610855565777369,
              0.6549508692365835
            ],
            [
              0.3454461821527139,
              0.6534391534391535
            ],
            [
              0.33026678932842685,
              0.6511715797430083
            ],
            [
              0.31508739650413986,
              0.6489040060468632
            ],
            [
              0.29898804047838085,
              0.6496598639455783
            ],
            [
              0.28334866605335784,
              0.6511715797430083
            ],
            [
              0.26816927322907086,
              0.6534391534391535
            ],
            [
              0.25252989880404786,
              0.6549508692365835
            ],
            [
              0.23643054277828887,
              0.6557067271352985
            ],
            [
              0.22125114995400183,
              0.6579743008314437
            ],
            [
              0.20653173873045078,
              0.6609977324263039
            ],
            [
              0.1922723091076357,
              0.6647770219198791
            ],
            [
              0.17755289788408463,
              0.6678004535147393
            ],
            [
              0.16283348666053357,
              0.6708238851095994
            ],
            [
              0.14765409383624656,
              0.6730914588057445
            ],
            [
              0.1329346826126955,
              0.6761148904006047
            ],
            [
              0.11775528978840846,
              0.6783824640967498
            ],
            [
              0.10303587856485741,
              0.68140589569161
            ],
            [
              0.08785648574057038,
              0.6836734693877551
            ],
            [
              0.07405703771849126,
              0.6882086167800453
            ],
            [
              0.060257589696412144,
              0.6927437641723356
            ],
            [
              0.04645814167433303,
              0.6972789115646258
            ],
            [
              0.033348666053357866,
              0.7029478458049887
            ],
            [
              0.019779208831646734,
              0.7078609221466364
            ],
            [
              0.006209751609935602,
              0.7127739984882842
            ],
            [
              0.999540018399264,
              0.791005291005291
            ]
          ]
        ]
      },
      "properties": {
        "segment_id": 15,
        "area": 2002579,
        "bbox": [
          0.0,
          5.0,
          2173.0,
          1045.0
        ],
        "iou": 1.0264612436294556,
        "stability": 0.9941419959068298,
        "auto_generated": true,
        "model": "segment_anything"
      }
    }
  ],
  "metadata": {
    "model": "segment_anything",
    "num_segments": 16
  }
}