{
  "type": "FeatureCollection",
  "features": [
    {
      "type": "Feature",
      "geometry": {
        "type": "Polygon",
        "coordinates": [
          [
            [
              0.6775528978840847,
              0.40249433106575966
            ],
            [
              0.6770929162833487,
              0.40249433106575966
            ],
            [
              0.6766329346826127,
              0.40249433106575966
            ],
            [
              0.6761729530818767,
              0.40249433106575966
            ],
            [
              0.6757129714811407,
              0.40249433106575966
            ],
            [
              0.6752529898804048,
              0.40249433106575966
            ],
            [
              0.6750229990800368,
              0.4021164021164021
            ],
            [
              0.6747930082796688,
              0.4017384731670446
            ],
            [
              0.6745630174793008,
              0.4013605442176871
            ],
            [
              0.6745630174793008,
              0.40060468631897206
            ],
            [
              0.6745630174793008,
              0.399848828420257
            ],
            [
              0.6747930082796688,
              0.3994708994708995
            ],
            [
              0.6750229990800368,
              0.39909297052154197
            ],
            [
              0.6750229990800368,
              0.3983371126228269
            ],
            [
              0.6750229990800368,
              0.3975812547241119
            ],
            [
              0.6752529898804048,
              0.39720332577475437
            ],
            [
              0.6754829806807727,
              0.3968253968253968
            ],
            [
              0.6754829806807727,
              0.3960695389266818
            ],
            [
              0.6757129714811407,
              0.3956916099773243
            ],
            [
              0.6759429622815087,
              0.39531368102796677
            ],
            [
              0.6761729530818767,
              0.3949357520786092
            ],
            [
              0.6764029438822448,
              0.3945578231292517
            ],
            [
              0.6764029438822448,
              0.3938019652305367
            ],
            [
              0.6766329346826127,
              0.3934240362811791
            ],
            [
              0.6768629254829807,
              0.3930461073318216
            ],
            [
              0.6770929162833487,
              0.3926681783824641
            ],
            [
              0.6773229070837167,
              0.3922902494331066
            ],
            [
              0.6775528978840847,
              0.3919123204837491
            ],
            [
              0.6777828886844526,
              0.3915343915343915
            ],
            [
              0.6777828886844526,
              0.3907785336356765
            ],
            [
              0.6780128794848206,
              0.390400604686319
            ],
            [
              0.6784728610855566,
              0.390400604686319
            ],
            [
              0.6787028518859246,
              0.3900226757369615
            ],
            [
              0.6789328426862925,
              0.3896447467876039
            ],
            [
              0.6793928242870285,
              0.3896447467876039
            ],
            [
              0.6796228150873965,
              0.3892668178382464
            ],
            [
              0.6798528058877645,
              0.3888888888888889
            ],
            [
              0.6803127874885004,
              0.3888888888888889
            ],
            [
              0.6807727690892365,
              0.3888888888888889
            ],
            [
              0.6812327506899724,
              0.3888888888888889
            ],
            [
              0.6816927322907084,
              0.3888888888888889
            ],
            [
              0.6821527138914444,
              0.3888888888888889
            ],
            [
              0.6826126954921803,
              0.3888888888888889
            ],
            [
              0.6830726770929163,
              0.3888888888888889
            ],
            [
              0.6833026678932843,
              0.3885109599395314
            ],
            [
              0.6835326586936522,
              0.3881330309901738
            ],
            [
              0.6837626494940202,
              0.3877551020408163
            ],
            [
              0.6839926402943882,
              0.3873771730914588
            ],
            [
              0.6842226310947562,
              0.3869992441421013
            ],
            [
              0.6844526218951242,
              0.3866213151927438
            ],
            [
              0.6846826126954921,
              0.3862433862433862
            ],
            [
              0.6846826126954921,
              0.3854875283446712
            ],
            [
              0.6849126034958601,
              0.3851095993953137
            ],
            [
              0.6853725850965962,
              0.3851095993953137
            ],
            [
              0.6858325666973321,
              0.3851095993953137
            ],
            [
              0.6860625574977001,
              0.3847316704459562
            ],
            [
              0.6862925482980681,
              0.3843537414965986
            ],
            [
              0.6867525298988041,
              0.3843537414965986
            ],
            [
              0.68721251149954,
              0.3843537414965986
            ],
            [
              0.687442502299908,
              0.3847316704459562
            ],
            [
              0.687442502299908,
              0.3854875283446712
            ],
            [
              0.687442502299908,
              0.3862433862433862
            ],
            [
              0.687442502299908,
              0.3869992441421013
            ],
            [
              0.687442502299908,
              0.3877551020408163
            ],
            [
              0.687442502299908,
              0.3885109599395314
            ],
            [
              0.687442502299908,
              0.3892668178382464
            ],
            [
              0.687672493100276,
              0.3896447467876039
            ],
            [
              0.687902483900644,
              0.3892668178382464
            ],
            [
              0.6881324747010119,
              0.3888888888888889
            ],
            [
              0.6885924563017479,
              0.3888888888888889
            ],
            [
              0.6890524379024839,
              0.3888888888888889
            ],
            [
              0.6895124195032198,
              0.3888888888888889
            ],
            [
              0.6899724011039559,
              0.3888888888888889
            ],
            [
              0.6902023919043239,
              0.3885109599395314
            ],
            [
              0.6904323827046918,
              0.3881330309901738
            ],
            [
              0.6908923643054278,
              0.3881330309901738
            ],
            [
              0.6911223551057958,
              0.3877551020408163
            ],
            [
              0.6913523459061638,
              0.3873771730914588
            ],
            [
              0.6918123275068997,
              0.3873771730914588
            ],
            [
              0.6920423183072677,
              0.3869992441421013
            ],
            [
              0.6922723091076357,
              0.3866213151927438
            ],
            [
              0.6927322907083716,
              0.3866213151927438
            ],
            [
              0.6929622815087396,
              0.3869992441421013
            ],
            [
              0.6929622815087396,
              0.3877551020408163
            ],
            [
              0.6929622815087396,
              0.3885109599395314
            ],
            [
              0.6929622815087396,
              0.3892668178382464
            ],
            [
              0.6927322907083716,
              0.3896447467876039
            ],
            [
              0.6925022999080037,
              0.3900226757369615
            ],
            [
              0.6925022999080037,
              0.3907785336356765
            ],
            [
              0.6922723091076357,
              0.391156462585034
            ],
            [
              0.6920423183072677,
              0.3915343915343915
            ],
            [
              0.6918123275068997,
              0.3919123204837491
            ],
            [
              0.6915823367065317,
              0.3922902494331066
            ],
            [
              0.6915823367065317,
              0.3930461073318216
            ],
            [
              0.6913523459061638,
              0.3934240362811791
            ],
            [
              0.6911223551057958,
              0.3938019652305367
            ],
            [
              0.6911223551057958,
              0.3945578231292517
            ],
            [
              0.6908923643054278,
              0.3949357520786092
            ],
            [
              0.6906623735050598,
              0.39531368102796677
            ],
            [
              0.6906623735050598,
              0.3960695389266818
            ],
            [
              0.6906623735050598,
              0.3968253968253968
            ],
            [
              0.6904323827046918,
              0.39720332577475437
            ],
            [
              0.6902023919043239,
              0.3975812547241119
            ],
            [
              0.6902023919043239,
              0.3983371126228269
            ],
            [
              0.6902023919043239,
              0.39909297052154197
            ],
            [
              0.6902023919043239,
              0.399848828420257
            ],
            [
              0.6899724011039559,
              0.4002267573696145
            ],
            [
              0.6895124195032198,
              0.4002267573696145
            ],
            [
              0.6890524379024839,
              0.4002267573696145
            ],
            [
              0.6885924563017479,
              0.4002267573696145
            ],
            [
              0.6881324747010119,
              0.4002267573696145
            ],
            [
              0.687672493100276,
              0.4002267573696145
            ],
            [
              0.68721251149954,
              0.4002267573696145
            ],
            [
              0.6867525298988041,
              0.4002267573696145
            ],
            [
              0.6862925482980681,
              0.4002267573696145
            ],
            [
              0.6858325666973321,
              0.4002267573696145
            ],
            [
              0.6853725850965962,
              0.4002267573696145
            ],
            [
              0.6849126034958601,
              0.4002267573696145
            ],
            [
              0.6844526218951242,
              0.4002267573696145
            ],
            [
              0.6839926402943882,
              0.4002267573696145
            ],
            [
              0.6835326586936522,
              0.4002267573696145
            ],
            [
              0.6830726770929163,
              0.4002267573696145
            ],
            [
              0.6826126954921803,
              0.4002267573696145
            ],
            [
              0.6821527138914444,
              0.4002267573696145
            ],
            [
              0.6816927322907084,
              0.4002267573696145
            ],
            [
              0.6812327506899724,
              0.4002267573696145
            ],
            [
              0.6807727690892365,
              0.4002267573696145
            ],
            [
              0.6805427782888684,
              0.40060468631897206
            ],
            [
              0.6803127874885004,
              0.40098261526832957
            ],
            [
              0.6798528058877645,
              0.40098261526832957
            ],
            [
              0.6793928242870285,
              0.40098261526832957
            ],
            [
              0.6791628334866605,
              0.4013605442176871
            ],
            [
              0.6789328426862925,
              0.4017384731670446
            ],
            [
              0.6784728610855566,
              0.4017384731670446
            ],
            [
              0.6780128794848206,
              0.4017384731670446
            ],
            [
              0.6777828886844526,
              0.4021164021164021
            ],
            [
              0.6775528978840847,
              0.40249433106575966
            ],
            [
              0.6775528978840847,
              0.40249433106575966
            ]
          ]
        ]
      },
      "properties": {
        "segment_id": 0,
        "area": 559,
        "bbox": [
          1467.0,
          509.0,
          39.0,
          23.0
        ],
        "iou": 0.9010887145996094,
        "stability": 0.9684210419654846,
        "auto_generated": true,
        "model": "segment_anything"
      }
    },
    {
      "type": "Feature",
      "geometry": {
        "type": "Polygon",
        "coordinates": [
          [
            [
              0.6826126954921803,
              0.4395313681027967
            ],
            [
              0.6812327506899724,
              0.4395313681027967
            ],
            [
              0.6798528058877645,
              0.4395313681027967
            ],
            [
              0.6787028518859246,
              0.43915343915343913
            ],
            [
              0.6775528978840847,
              0.4387755102040816
            ],
            [
              0.6766329346826127,
              0.4380196523053666
            ],
            [
              0.6757129714811407,
              0.43726379440665153
            ],
            [
              0.6747930082796688,
              0.4365079365079365
            ],
            [
              0.6738730450781969,
              0.4357520786092215
            ],
            [
              0.672953081876725,
              0.4349962207105064
            ],
            [
              0.672263109475621,
              0.43386243386243384
            ],
            [
              0.671343146274149,
              0.4331065759637188
            ],
            [
              0.6701931922723091,
              0.4327286470143613
            ],
            [
              0.6692732290708372,
              0.43197278911564624
            ],
            [
              0.6685832566697332,
              0.4308390022675737
            ],
            [
              0.6685832566697332,
              0.42857142857142855
            ],
            [
              0.6688132474701012,
              0.42668178382464095
            ],
            [
              0.6690432382704692,
              0.42479213907785335
            ],
            [
              0.6690432382704692,
              0.42252456538170824
            ],
            [
              0.6690432382704692,
              0.42025699168556313
            ],
            [
              0.6690432382704692,
              0.41798941798941797
            ],
            [
              0.6690432382704692,
              0.41572184429327286
            ],
            [
              0.6695032198712052,
              0.41421012849584277
            ],
            [
              0.6695032198712052,
              0.41194255479969766
            ],
            [
              0.6701931922723091,
              0.4108087679516251
            ],
            [
              0.670883164673413,
              0.40967498110355255
            ],
            [
              0.671343146274149,
              0.40816326530612246
            ],
            [
              0.672033118675253,
              0.4070294784580499
            ],
            [
              0.672493100275989,
              0.4055177626606198
            ],
            [
              0.6731830726770929,
              0.40438397581254726
            ],
            [
              0.6738730450781969,
              0.4032501889644747
            ],
            [
              0.6745630174793008,
              0.4021164021164021
            ],
            [
              0.6747930082796688,
              0.4002267573696145
            ],
            [
              0.6750229990800368,
              0.3983371126228269
            ],
            [
              0.6754829806807727,
              0.3968253968253968
            ],
            [
              0.6759429622815087,
              0.39531368102796677
            ],
            [
              0.6766329346826127,
              0.3941798941798942
            ],
            [
              0.6773229070837167,
              0.3930461073318216
            ],
            [
              0.6777828886844526,
              0.3915343915343915
            ],
            [
              0.6784728610855566,
              0.390400604686319
            ],
            [
              0.6793928242870285,
              0.3896447467876039
            ],
            [
              0.6803127874885004,
              0.3888888888888889
            ],
            [
              0.6814627414903404,
              0.3885109599395314
            ],
            [
              0.6826126954921803,
              0.3881330309901738
            ],
            [
              0.6835326586936522,
              0.3873771730914588
            ],
            [
              0.6844526218951242,
              0.3866213151927438
            ],
            [
              0.6851425942962281,
              0.3854875283446712
            ],
            [
              0.6862925482980681,
              0.3851095993953137
            ],
            [
              0.68721251149954,
              0.3858654572940287
            ],
            [
              0.687442502299908,
              0.3877551020408163
            ],
            [
              0.6881324747010119,
              0.3888888888888889
            ],
            [
              0.6895124195032198,
              0.3888888888888889
            ],
            [
              0.6906623735050598,
              0.3885109599395314
            ],
            [
              0.6915823367065317,
              0.3877551020408163
            ],
            [
              0.6925022999080037,
              0.3877551020408163
            ],
            [
              0.6927322907083716,
              0.3888888888888889
            ],
            [
              0.6922723091076357,
              0.390400604686319
            ],
            [
              0.6915823367065317,
              0.3915343915343915
            ],
            [
              0.6911223551057958,
              0.3930461073318216
            ],
            [
              0.6908923643054278,
              0.3949357520786092
            ],
            [
              0.6906623735050598,
              0.3968253968253968
            ],
            [
              0.6906623735050598,
              0.39909297052154197
            ],
            [
              0.6908923643054278,
              0.40098261526832957
            ],
            [
              0.6915823367065317,
              0.4021164021164021
            ],
            [
              0.6927322907083716,
              0.40249433106575966
            ],
            [
              0.6936522539098436,
              0.4032501889644747
            ],
            [
              0.6950321987120515,
              0.4032501889644747
            ],
            [
              0.6959521619135235,
              0.4040060468631897
            ],
            [
              0.6968721251149954,
              0.40476190476190477
            ],
            [
              0.6975620975160993,
              0.40589569160997735
            ],
            [
              0.6982520699172033,
              0.4070294784580499
            ],
            [
              0.6989420423183073,
              0.40816326530612246
            ],
            [
              0.6996320147194113,
              0.409297052154195
            ],
            [
              0.7005519779208832,
              0.41005291005291006
            ],
            [
              0.7014719411223551,
              0.4108087679516251
            ],
            [
              0.702161913523459,
              0.41194255479969766
            ],
            [
              0.702621895124195,
              0.41345427059712775
            ],
            [
              0.703311867525299,
              0.4145880574452003
            ],
            [
              0.704001839926403,
              0.41572184429327286
            ],
            [
              0.7044618215271389,
              0.41723356009070295
            ],
            [
              0.7051517939282429,
              0.41836734693877553
            ],
            [
              0.7058417663293468,
              0.41950113378684806
            ],
            [
              0.7063017479300828,
              0.42101284958427815
            ],
            [
              0.7067617295308187,
              0.42252456538170824
            ],
            [
              0.7067617295308187,
              0.42479213907785335
            ],
            [
              0.7063017479300828,
              0.42630385487528344
            ],
            [
              0.7051517939282429,
              0.42668178382464095
            ],
            [
              0.703771849126035,
              0.42668178382464095
            ],
            [
              0.702391904323827,
              0.42668178382464095
            ],
            [
              0.7014719411223551,
              0.427437641723356
            ],
            [
              0.7000919963201472,
              0.427437641723356
            ],
            [
              0.6991720331186753,
              0.42819349962207104
            ],
            [
              0.6984820607175714,
              0.4293272864701436
            ],
            [
              0.6977920883164673,
              0.4304610733182162
            ],
            [
              0.6968721251149954,
              0.4312169312169312
            ],
            [
              0.6961821527138914,
              0.43008314436885864
            ],
            [
              0.6957221711131555,
              0.42857142857142855
            ],
            [
              0.6950321987120515,
              0.427437641723356
            ],
            [
              0.6936522539098436,
              0.427437641723356
            ],
            [
              0.6927322907083716,
              0.42819349962207104
            ],
            [
              0.6915823367065317,
              0.42857142857142855
            ],
            [
              0.6906623735050598,
              0.4293272864701436
            ],
            [
              0.6897424103035878,
              0.43008314436885864
            ],
            [
              0.6888224471021159,
              0.4308390022675737
            ],
            [
              0.6881324747010119,
              0.43197278911564624
            ],
            [
              0.68721251149954,
              0.4327286470143613
            ],
            [
              0.6862925482980681,
              0.43348450491307633
            ],
            [
              0.6856025758969642,
              0.4346182917611489
            ],
            [
              0.6849126034958601,
              0.4357520786092215
            ],
            [
              0.6842226310947562,
              0.436885865457294
            ],
            [
              0.6835326586936522,
              0.4380196523053666
            ],
            [
              0.6828426862925483,
              0.43915343915343913
            ],
            [
              0.6826126954921803,
              0.4395313681027967
            ]
          ]
        ]
      },
      "properties": {
        "segment_id": 1,
        "area": 3496,
        "bbox": [
          1454.0,
          510.0,
          82.0,
          71.0
        ],
        "iou": 0.8835239410400391,
        "stability": 0.939545214176178,
        "auto_generated": true,
        "model": "segment_anything"
      }
    },
    {
      "type": "Feature",
      "geometry": {
        "type": "Polygon",
        "coordinates": [
          [
            [
              0.7258509659613616,
              0.7569916855631141
            ],
            [
              0.7249310027598896,
              0.7569916855631141
            ],
            [
              0.7240110395584176,
              0.7569916855631141
            ],
            [
              0.7230910763569457,
              0.7569916855631141
            ],
            [
              0.7226310947562098,
              0.7562358276643991
            ],
            [
              0.7224011039558418,
              0.7551020408163265
            ],
            [
              0.7219411223551058,
              0.7543461829176115
            ],
            [
              0.7219411223551058,
              0.7528344671201814
            ],
            [
              0.7214811407543699,
              0.7520786092214664
            ],
            [
              0.7212511499540019,
              0.7509448223733938
            ],
            [
              0.7210211591536339,
              0.7498110355253212
            ],
            [
              0.7205611775528978,
              0.7490551776266062
            ],
            [
              0.7203311867525299,
              0.7479213907785336
            ],
            [
              0.7201011959521619,
              0.7467876039304611
            ],
            [
              0.7198712051517939,
              0.7456538170823885
            ],
            [
              0.7196412143514259,
              0.7445200302343159
            ],
            [
              0.71918123275069,
              0.7437641723356009
            ],
            [
              0.71918123275069,
              0.7422524565381708
            ],
            [
              0.718721251149954,
              0.7414965986394558
            ],
            [
              0.718491260349586,
              0.7403628117913832
            ],
            [
              0.718261269549218,
              0.7392290249433107
            ],
            [
              0.7178012879484821,
              0.7384731670445956
            ],
            [
              0.7173413063477461,
              0.7377173091458806
            ],
            [
              0.7171113155473781,
              0.736583522297808
            ],
            [
              0.7168813247470102,
              0.7354497354497355
            ],
            [
              0.7164213431462741,
              0.7346938775510204
            ],
            [
              0.7164213431462741,
              0.7331821617535903
            ],
            [
              0.7159613615455381,
              0.7324263038548753
            ],
            [
              0.7157313707451702,
              0.7312925170068028
            ],
            [
              0.7155013799448022,
              0.7301587301587301
            ],
            [
              0.7150413983440662,
              0.7294028722600151
            ],
            [
              0.7148114075436982,
              0.7282690854119426
            ],
            [
              0.7143514259429623,
              0.7275132275132276
            ],
            [
              0.7141214351425943,
              0.7263794406651549
            ],
            [
              0.7136614535418583,
              0.7256235827664399
            ],
            [
              0.7134314627414904,
              0.7244897959183674
            ],
            [
              0.7129714811407544,
              0.7237339380196524
            ],
            [
              0.7127414903403864,
              0.7226001511715797
            ],
            [
              0.7122815087396505,
              0.7218442932728647
            ],
            [
              0.7120515179392825,
              0.7207105064247922
            ],
            [
              0.7118215271389144,
              0.7195767195767195
            ],
            [
              0.7115915363385464,
              0.718442932728647
            ],
            [
              0.7113615455381784,
              0.7173091458805745
            ],
            [
              0.7109015639374425,
              0.7165532879818595
            ],
            [
              0.7109015639374425,
              0.7150415721844293
            ],
            [
              0.7104415823367065,
              0.7142857142857143
            ],
            [
              0.7102115915363385,
              0.7131519274376418
            ],
            [
              0.7099816007359706,
              0.7120181405895691
            ],
            [
              0.7095216191352346,
              0.7112622826908541
            ],
            [
              0.7090616375344986,
              0.7105064247921391
            ],
            [
              0.7090616375344986,
              0.708994708994709
            ],
            [
              0.7086016559337627,
              0.7082388510959939
            ],
            [
              0.7086016559337627,
              0.7067271352985639
            ],
            [
              0.7081416743330267,
              0.7059712773998488
            ],
            [
              0.7079116835326587,
              0.7048374905517762
            ],
            [
              0.7076816927322908,
              0.7037037037037037
            ],
            [
              0.7072217111315547,
              0.7029478458049887
            ],
            [
              0.7069917203311867,
              0.7018140589569161
            ],
            [
              0.7065317387304508,
              0.701058201058201
            ],
            [
              0.7063017479300828,
              0.6999244142101285
            ],
            [
              0.7060717571297148,
              0.6987906273620559
            ],
            [
              0.7058417663293468,
              0.6976568405139834
            ],
            [
              0.7053817847286109,
              0.6969009826152683
            ],
            [
              0.7053817847286109,
              0.6953892668178382
            ],
            [
              0.7049218031278749,
              0.6946334089191232
            ],
            [
              0.7049218031278749,
              0.6931216931216931
            ],
            [
              0.7044618215271389,
              0.6923658352229781
            ],
            [
              0.704231830726771,
              0.6912320483749055
            ],
            [
              0.704231830726771,
              0.6904761904761905
            ],
            [
              0.7044618215271389,
              0.6893424036281179
            ],
            [
              0.7049218031278749,
              0.6885865457294029
            ],
            [
              0.7051517939282429,
              0.6874527588813303
            ],
            [
              0.7053817847286109,
              0.6863189720332578
            ],
            [
              0.7056117755289788,
              0.6851851851851852
            ],
            [
              0.7060717571297148,
              0.6844293272864701
            ],
            [
              0.7069917203311867,
              0.6844293272864701
            ],
            [
              0.7074517019319227,
              0.6851851851851852
            ],
            [
              0.7083716651333947,
              0.6851851851851852
            ],
            [
              0.7090616375344986,
              0.6855631141345427
            ],
            [
              0.7095216191352346,
              0.6863189720332578
            ],
            [
              0.7099816007359706,
              0.6870748299319728
            ],
            [
              0.7104415823367065,
              0.6878306878306878
            ],
            [
              0.7109015639374425,
              0.6885865457294029
            ],
            [
              0.7113615455381784,
              0.6893424036281179
            ],
            [
              0.7115915363385464,
              0.6904761904761905
            ],
            [
              0.7118215271389144,
              0.691609977324263
            ],
            [
              0.7122815087396505,
              0.6923658352229781
            ],
            [
              0.7125114995400184,
              0.6934996220710506
            ],
            [
              0.7127414903403864,
              0.6946334089191232
            ],
            [
              0.7132014719411224,
              0.6953892668178382
            ],
            [
              0.7134314627414904,
              0.6965230536659108
            ],
            [
              0.7136614535418583,
              0.6976568405139834
            ],
            [
              0.7138914443422263,
              0.6987906273620559
            ],
            [
              0.7141214351425943,
              0.6999244142101285
            ],
            [
              0.7143514259429623,
              0.701058201058201
            ],
            [
              0.7145814167433303,
              0.7021919879062736
            ],
            [
              0.7150413983440662,
              0.7029478458049887
            ],
            [
              0.7150413983440662,
              0.7044595616024187
            ],
            [
              0.7155013799448022,
              0.7052154195011338
            ],
            [
              0.7157313707451702,
              0.7063492063492064
            ],
            [
              0.7159613615455381,
              0.7074829931972789
            ],
            [
              0.7164213431462741,
              0.7082388510959939
            ],
            [
              0.7166513339466422,
              0.7093726379440665
            ],
            [
              0.7168813247470102,
              0.7105064247921391
            ],
            [
              0.7173413063477461,
              0.7112622826908541
            ],
            [
              0.7175712971481141,
              0.7123960695389266
            ],
            [
              0.7178012879484821,
              0.7135298563869993
            ],
            [
              0.718261269549218,
              0.7142857142857143
            ],
            [
              0.718721251149954,
              0.7150415721844293
            ],
            [
              0.718721251149954,
              0.7165532879818595
            ],
            [
              0.71918123275069,
              0.7173091458805745
            ],
            [
              0.7194112235510579,
              0.718442932728647
            ],
            [
              0.7196412143514259,
              0.7195767195767195
            ],
            [
              0.7198712051517939,
              0.7207105064247922
            ],
            [
              0.7201011959521619,
              0.7218442932728647
            ],
            [
              0.7205611775528978,
              0.7226001511715797
            ],
            [
              0.7207911683532658,
              0.7237339380196524
            ],
            [
              0.7210211591536339,
              0.7248677248677249
            ],
            [
              0.7214811407543699,
              0.7256235827664399
            ],
            [
              0.7214811407543699,
              0.72713529856387
            ],
            [
              0.7219411223551058,
              0.7278911564625851
            ],
            [
              0.7219411223551058,
              0.7294028722600151
            ],
            [
              0.7224011039558418,
              0.7301587301587301
            ],
            [
              0.7224011039558418,
              0.7316704459561603
            ],
            [
              0.7228610855565777,
              0.7324263038548753
            ],
            [
              0.7228610855565777,
              0.7339380196523053
            ],
            [
              0.7233210671573137,
              0.7346938775510204
            ],
            [
              0.7233210671573137,
              0.7362055933484505
            ],
            [
              0.7237810487580497,
              0.7369614512471655
            ],
            [
              0.7240110395584176,
              0.7380952380952381
            ],
            [
              0.7242410303587856,
              0.7392290249433107
            ],
            [
              0.7247010119595216,
              0.7399848828420257
            ],
            [
              0.7249310027598896,
              0.7411186696900982
            ],
            [
              0.7251609935602575,
              0.7422524565381708
            ],
            [
              0.7256209751609936,
              0.7430083144368859
            ],
            [
              0.7258509659613616,
              0.7441421012849584
            ],
            [
              0.7260809567617296,
              0.745275888133031
            ],
            [
              0.7265409383624655,
              0.746031746031746
            ],
            [
              0.7267709291628335,
              0.7471655328798186
            ],
            [
              0.7270009199632015,
              0.7482993197278912
            ],
            [
              0.7274609015639374,
              0.7490551776266062
            ],
            [
              0.7274609015639374,
              0.7505668934240363
            ],
            [
              0.7276908923643054,
              0.7517006802721088
            ],
            [
              0.7279208831646734,
              0.7528344671201814
            ],
            [
              0.7279208831646734,
              0.7543461829176115
            ],
            [
              0.7274609015639374,
              0.7551020408163265
            ],
            [
              0.7270009199632015,
              0.7558578987150416
            ],
            [
              0.7263109475620975,
              0.7562358276643991
            ],
            [
              0.7258509659613616,
              0.7569916855631141
            ]
          ]
        ]
      },
      "properties": {
        "segment_id": 2,
        "area": 1439,
        "bbox": [
          1531.0,
          906.0,
          51.0,
          95.0
        ],
        "iou": 0.9154683351516724,
        "stability": 0.9644808769226074,
        "auto_generated": true,
        "model": "segment_anything"
      }
    },
    {
      "type": "Feature",
      "geometry": {
        "type": "Polygon",
        "coordinates": [
          [
            [
              0.6614535418583257,
              0.7388510959939532
            ],
            [
              0.6605335786568537,
              0.7388510959939532
            ],
            [
              0.6600735970561178,
              0.7380952380952381
            ],
            [
              0.6591536338546458,
              0.7380952380952381
            ],
            [
              0.6584636614535418,
              0.7377173091458806
            ],
            [
              0.6586936522539099,
              0.736583522297808
            ],
            [
              0.6589236430542779,
              0.7354497354497355
            ],
            [
              0.6589236430542779,
              0.7339380196523053
            ],
            [
              0.6584636614535418,
              0.7331821617535903
            ],
            [
              0.6584636614535418,
              0.7316704459561603
            ],
            [
              0.6584636614535418,
              0.7301587301587301
            ],
            [
              0.6589236430542779,
              0.7294028722600151
            ],
            [
              0.6593836246550138,
              0.7286470143613001
            ],
            [
              0.6598436062557498,
              0.7278911564625851
            ],
            [
              0.6603035878564857,
              0.72713529856387
            ],
            [
              0.6605335786568537,
              0.7260015117157974
            ],
            [
              0.6609935602575897,
              0.7252456538170824
            ],
            [
              0.6612235510579577,
              0.7241118669690099
            ],
            [
              0.6616835326586936,
              0.7233560090702947
            ],
            [
              0.6621435142594296,
              0.7226001511715797
            ],
            [
              0.6623735050597976,
              0.7214663643235072
            ],
            [
              0.6628334866605335,
              0.7207105064247922
            ],
            [
              0.6630634774609016,
              0.7195767195767195
            ],
            [
              0.6635234590616376,
              0.7188208616780045
            ],
            [
              0.6639834406623735,
              0.7180650037792895
            ],
            [
              0.6644434222631095,
              0.7173091458805745
            ],
            [
              0.6649034038638455,
              0.7165532879818595
            ],
            [
              0.6653633854645814,
              0.7157974300831443
            ],
            [
              0.6658233670653174,
              0.7150415721844293
            ],
            [
              0.6660533578656854,
              0.7139077853363568
            ],
            [
              0.6665133394664213,
              0.7131519274376418
            ],
            [
              0.6669733210671573,
              0.7123960695389266
            ],
            [
              0.6672033118675254,
              0.7112622826908541
            ],
            [
              0.6676632934682613,
              0.7105064247921391
            ],
            [
              0.6681232750689973,
              0.7097505668934241
            ],
            [
              0.6685832566697332,
              0.708994708994709
            ],
            [
              0.6690432382704692,
              0.7082388510959939
            ],
            [
              0.6695032198712052,
              0.7074829931972789
            ],
            [
              0.6699632014719411,
              0.7067271352985639
            ],
            [
              0.6701931922723091,
              0.7055933484504913
            ],
            [
              0.6704231830726771,
              0.7044595616024187
            ],
            [
              0.670883164673413,
              0.7037037037037037
            ],
            [
              0.671343146274149,
              0.7029478458049887
            ],
            [
              0.671803127874885,
              0.7021919879062736
            ],
            [
              0.672263109475621,
              0.7014361300075586
            ],
            [
              0.672723091076357,
              0.7006802721088435
            ],
            [
              0.672953081876725,
              0.699546485260771
            ],
            [
              0.6734130634774609,
              0.6987906273620559
            ],
            [
              0.6738730450781969,
              0.6980347694633409
            ],
            [
              0.6743330266789328,
              0.6972789115646258
            ],
            [
              0.6745630174793008,
              0.6961451247165533
            ],
            [
              0.6750229990800368,
              0.6953892668178382
            ],
            [
              0.6754829806807727,
              0.6946334089191232
            ],
            [
              0.6759429622815087,
              0.6938775510204082
            ],
            [
              0.6761729530818767,
              0.6927437641723356
            ],
            [
              0.6766329346826127,
              0.6919879062736206
            ],
            [
              0.6770929162833487,
              0.6912320483749055
            ],
            [
              0.6775528978840847,
              0.6904761904761905
            ],
            [
              0.6777828886844526,
              0.6893424036281179
            ],
            [
              0.6782428702851886,
              0.6885865457294029
            ],
            [
              0.6787028518859246,
              0.6878306878306878
            ],
            [
              0.6791628334866605,
              0.6870748299319728
            ],
            [
              0.6796228150873965,
              0.6863189720332578
            ],
            [
              0.6798528058877645,
              0.6851851851851852
            ],
            [
              0.6803127874885004,
              0.6844293272864701
            ],
            [
              0.6807727690892365,
              0.6836734693877551
            ],
            [
              0.6816927322907084,
              0.6836734693877551
            ],
            [
              0.6821527138914444,
              0.6829176114890401
            ],
            [
              0.6830726770929163,
              0.6829176114890401
            ],
            [
              0.6835326586936522,
              0.6836734693877551
            ],
            [
              0.6839926402943882,
              0.6844293272864701
            ],
            [
              0.6842226310947562,
              0.6855631141345427
            ],
            [
              0.6846826126954921,
              0.6863189720332578
            ],
            [
              0.6846826126954921,
              0.6878306878306878
            ],
            [
              0.6846826126954921,
              0.6893424036281179
            ],
            [
              0.6846826126954921,
              0.690854119425548
            ],
            [
              0.6842226310947562,
              0.691609977324263
            ],
            [
              0.6837626494940202,
              0.6923658352229781
            ],
            [
              0.6833026678932843,
              0.6931216931216931
            ],
            [
              0.6830726770929163,
              0.6942554799697657
            ],
            [
              0.6826126954921803,
              0.6950113378684807
            ],
            [
              0.6821527138914444,
              0.6957671957671958
            ],
            [
              0.6816927322907084,
              0.6965230536659108
            ],
            [
              0.6814627414903404,
              0.6976568405139834
            ],
            [
              0.6810027598896045,
              0.6984126984126984
            ],
            [
              0.6805427782888684,
              0.6991685563114135
            ],
            [
              0.6800827966881324,
              0.6999244142101285
            ],
            [
              0.6796228150873965,
              0.7006802721088435
            ],
            [
              0.6791628334866605,
              0.7014361300075586
            ],
            [
              0.6787028518859246,
              0.7021919879062736
            ],
            [
              0.6784728610855566,
              0.7033257747543462
            ],
            [
              0.6780128794848206,
              0.7040816326530612
            ],
            [
              0.6777828886844526,
              0.7052154195011338
            ],
            [
              0.6773229070837167,
              0.7059712773998488
            ],
            [
              0.6768629254829807,
              0.7067271352985639
            ],
            [
              0.6766329346826127,
              0.7078609221466364
            ],
            [
              0.6761729530818767,
              0.7086167800453514
            ],
            [
              0.6757129714811407,
              0.7093726379440665
            ],
            [
              0.6752529898804048,
              0.7101284958427816
            ],
            [
              0.6747930082796688,
              0.7108843537414966
            ],
            [
              0.6743330266789328,
              0.7116402116402116
            ],
            [
              0.6741030358785649,
              0.7127739984882842
            ],
            [
              0.6736430542778289,
              0.7135298563869993
            ],
            [
              0.6731830726770929,
              0.7142857142857143
            ],
            [
              0.672723091076357,
              0.7150415721844293
            ],
            [
              0.672263109475621,
              0.7157974300831443
            ],
            [
              0.671803127874885,
              0.7165532879818595
            ],
            [
              0.671573137074517,
              0.717687074829932
            ],
            [
              0.671113155473781,
              0.718442932728647
            ],
            [
              0.670883164673413,
              0.7195767195767195
            ],
            [
              0.6704231830726771,
              0.7203325774754347
            ],
            [
              0.6699632014719411,
              0.7210884353741497
            ],
            [
              0.6695032198712052,
              0.7218442932728647
            ],
            [
              0.6692732290708372,
              0.7229780801209372
            ],
            [
              0.6688132474701012,
              0.7237339380196524
            ],
            [
              0.6683532658693653,
              0.7244897959183674
            ],
            [
              0.6678932842686293,
              0.7252456538170824
            ],
            [
              0.6676632934682613,
              0.7263794406651549
            ],
            [
              0.6672033118675254,
              0.72713529856387
            ],
            [
              0.6669733210671573,
              0.7282690854119426
            ],
            [
              0.6667433302667893,
              0.7294028722600151
            ],
            [
              0.6660533578656854,
              0.7297808012093726
            ],
            [
              0.6655933762649494,
              0.7305366591080876
            ],
            [
              0.6651333946642134,
              0.7312925170068028
            ],
            [
              0.6646734130634775,
              0.7320483749055178
            ],
            [
              0.6644434222631095,
              0.7331821617535903
            ],
            [
              0.6639834406623735,
              0.7339380196523053
            ],
            [
              0.6635234590616376,
              0.7346938775510204
            ],
            [
              0.6632934682612696,
              0.735827664399093
            ],
            [
              0.6628334866605335,
              0.736583522297808
            ],
            [
              0.6623735050597976,
              0.737339380196523
            ],
            [
              0.6619135234590616,
              0.7380952380952381
            ],
            [
              0.6614535418583257,
              0.7388510959939532
            ]
          ]
        ]
      },
      "properties": {
        "segment_id": 3,
        "area": 1062,
        "bbox": [
          1432.0,
          904.0,
          56.0,
          73.0
        ],
        "iou": 0.9076087474822998,
        "stability": 0.9373865723609924,
        "auto_generated": true,
        "model": "segment_anything"
      }
    },
    {
      "type": "Feature",
      "geometry": {
        "type": "Polygon",
        "coordinates": [
          [
            [
              0.8141674333026679,
              0.7879818594104309
            ],
            [
              0.8132474701011959,
              0.7872260015117158
            ],
            [
              0.8118675252989881,
              0.7872260015117158
            ],
            [
              0.8104875804967802,
              0.7872260015117158
            ],
            [
              0.8093376264949402,
              0.7868480725623582
            ],
            [
              0.8081876724931003,
              0.7864701436130007
            ],
            [
              0.8068077276908924,
              0.7864701436130007
            ],
            [
              0.8054277828886844,
              0.7864701436130007
            ],
            [
              0.8045078196872125,
              0.7857142857142857
            ],
            [
              0.8031278748850046,
              0.7857142857142857
            ],
            [
              0.8019779208831647,
              0.7853363567649282
            ],
            [
              0.8008279668813247,
              0.7849584278155707
            ],
            [
              0.7999080036798528,
              0.7842025699168557
            ],
            [
              0.7987580496780129,
              0.7838246409674982
            ],
            [
              0.797608095676173,
              0.7834467120181405
            ],
            [
              0.796688132474701,
              0.7826908541194255
            ],
            [
              0.7955381784728611,
              0.782312925170068
            ],
            [
              0.7946182152713891,
              0.781557067271353
            ],
            [
              0.7934682612695492,
              0.7811791383219955
            ],
            [
              0.7925482980680773,
              0.7804232804232805
            ],
            [
              0.7911683532658693,
              0.7804232804232805
            ],
            [
              0.7902483900643974,
              0.7796674225245653
            ],
            [
              0.7893284268629255,
              0.7789115646258503
            ],
            [
              0.7881784728610856,
              0.7785336356764928
            ],
            [
              0.7872585096596136,
              0.7777777777777778
            ],
            [
              0.7861085556577737,
              0.7773998488284203
            ],
            [
              0.7851885924563018,
              0.7766439909297053
            ],
            [
              0.7840386384544619,
              0.7762660619803476
            ],
            [
              0.7828886844526219,
              0.7758881330309901
            ],
            [
              0.7819687212511499,
              0.7751322751322751
            ],
            [
              0.781048758049678,
              0.7743764172335601
            ],
            [
              0.7798988040478381,
              0.7739984882842026
            ],
            [
              0.7787488500459981,
              0.7736205593348451
            ],
            [
              0.7778288868445262,
              0.77286470143613
            ],
            [
              0.7766789328426863,
              0.7724867724867724
            ],
            [
              0.7755289788408464,
              0.7721088435374149
            ],
            [
              0.7746090156393745,
              0.7713529856386999
            ],
            [
              0.7736890524379025,
              0.7705971277399849
            ],
            [
              0.7725390984360626,
              0.7702191987906274
            ],
            [
              0.7713891444342227,
              0.7698412698412699
            ],
            [
              0.7702391904323828,
              0.7694633408919124
            ],
            [
              0.7690892364305428,
              0.7690854119425548
            ],
            [
              0.7681692732290708,
              0.7683295540438397
            ],
            [
              0.7672493100275989,
              0.7675736961451247
            ],
            [
              0.766329346826127,
              0.7668178382464097
            ],
            [
              0.765409383624655,
              0.7660619803476947
            ],
            [
              0.765179392824287,
              0.764172335600907
            ],
            [
              0.765179392824287,
              0.7619047619047619
            ],
            [
              0.765869365225391,
              0.7607709750566893
            ],
            [
              0.7667893284268629,
              0.7600151171579743
            ],
            [
              0.7677092916283349,
              0.7592592592592593
            ],
            [
              0.7686292548298068,
              0.7585034013605442
            ],
            [
              0.7693192272309107,
              0.7573696145124716
            ],
            [
              0.7704691812327507,
              0.7569916855631141
            ],
            [
              0.7718491260349586,
              0.7569916855631141
            ],
            [
              0.7725390984360626,
              0.7581254724111867
            ],
            [
              0.7732290708371665,
              0.7592592592592593
            ],
            [
              0.7739190432382704,
              0.7603930461073318
            ],
            [
              0.7748390064397425,
              0.7611489040060468
            ],
            [
              0.7759889604415824,
              0.7615268329554044
            ],
            [
              0.7769089236430543,
              0.7622826908541194
            ],
            [
              0.7778288868445262,
              0.7630385487528345
            ],
            [
              0.7789788408463661,
              0.763416477702192
            ],
            [
              0.7801287948482061,
              0.7637944066515495
            ],
            [
              0.781048758049678,
              0.7645502645502645
            ],
            [
              0.7821987120515179,
              0.764928193499622
            ],
            [
              0.7833486660533578,
              0.7653061224489796
            ],
            [
              0.7842686292548298,
              0.7660619803476947
            ],
            [
              0.7854185832566697,
              0.7664399092970522
            ],
            [
              0.7865685372585096,
              0.7668178382464097
            ],
            [
              0.7874885004599816,
              0.7675736961451247
            ],
            [
              0.7884084636614536,
              0.7683295540438397
            ],
            [
              0.7897884084636615,
              0.7683295540438397
            ],
            [
              0.7907083716651334,
              0.7690854119425548
            ],
            [
              0.7918583256669733,
              0.7694633408919124
            ],
            [
              0.7927782888684453,
              0.7702191987906274
            ],
            [
              0.7939282428702852,
              0.7705971277399849
            ],
            [
              0.7948482060717571,
              0.7713529856386999
            ],
            [
              0.795768169273229,
              0.7721088435374149
            ],
            [
              0.797148114075437,
              0.7721088435374149
            ],
            [
              0.7980680772769089,
              0.77286470143613
            ],
            [
              0.7989880404783809,
              0.7736205593348451
            ],
            [
              0.8001379944802208,
              0.7739984882842026
            ],
            [
              0.8012879484820608,
              0.7743764172335601
            ],
            [
              0.8022079116835327,
              0.7751322751322751
            ],
            [
              0.8033578656853726,
              0.7755102040816326
            ],
            [
              0.8045078196872125,
              0.7758881330309901
            ],
            [
              0.8054277828886844,
              0.7766439909297053
            ],
            [
              0.8065777368905244,
              0.7770219198790628
            ],
            [
              0.8077276908923643,
              0.7773998488284203
            ],
            [
              0.8086476540938362,
              0.7781557067271353
            ],
            [
              0.8097976080956761,
              0.7785336356764928
            ],
            [
              0.8109475620975161,
              0.7789115646258503
            ],
            [
              0.8118675252989881,
              0.7796674225245653
            ],
            [
              0.81278748850046,
              0.7804232804232805
            ],
            [
              0.8137074517019319,
              0.7811791383219955
            ],
            [
              0.8143974241030358,
              0.782312925170068
            ],
            [
              0.8150873965041399,
              0.7834467120181405
            ],
            [
              0.8155473781048758,
              0.7849584278155707
            ],
            [
              0.8153173873045079,
              0.7860922146636432
            ],
            [
              0.8146274149034038,
              0.7872260015117158
            ],
            [
              0.8141674333026679,
              0.7879818594104309
            ]
          ]
        ]
      },
      "properties": {
        "segment_id": 4,
        "area": 1425,
        "bbox": [
          1664.0,
          1002.0,
          109.0,
          40.0
        ],
        "iou": 0.8831049203872681,
        "stability": 0.9595890641212463,
        "auto_generated": true,
        "model": "segment_anything"
      }
    },
    {
      "type": "Feature",
      "geometry": {
        "type": "Polygon",
        "coordinates": [
          [
            [
              0.6384544618215271,
              0.4531368102796674
            ],
            [
              0.6379944802207912,
              0.4531368102796674
            ],
            [
              0.6375344986200552,
              0.4531368102796674
            ],
            [
              0.6370745170193193,
              0.4531368102796674
            ],
            [
              0.6366145354185833,
              0.4531368102796674
            ],
            [
              0.6361545538178472,
              0.4531368102796674
            ],
            [
              0.6356945722171113,
              0.4531368102796674
            ],
            [
              0.6352345906163753,
              0.4531368102796674
            ],
            [
              0.6350045998160073,
              0.4527588813303099
            ],
            [
              0.6347746090156394,
              0.4523809523809524
            ],
            [
              0.6343146274149034,
              0.4523809523809524
            ],
            [
              0.6338546458141674,
              0.4523809523809524
            ],
            [
              0.6336246550137995,
              0.4520030234315949
            ],
            [
              0.6333946642134315,
              0.45162509448223737
            ],
            [
              0.6329346826126955,
              0.45162509448223737
            ],
            [
              0.6327046918123275,
              0.4512471655328798
            ],
            [
              0.6324747010119596,
              0.4508692365835223
            ],
            [
              0.6322447102115916,
              0.4504913076341648
            ],
            [
              0.6320147194112236,
              0.4501133786848073
            ],
            [
              0.6317847286108556,
              0.4497354497354497
            ],
            [
              0.6315547378104875,
              0.4493575207860922
            ],
            [
              0.6310947562097516,
              0.4493575207860922
            ],
            [
              0.6308647654093836,
              0.4489795918367347
            ],
            [
              0.6306347746090156,
              0.4486016628873772
            ],
            [
              0.6304047838086476,
              0.4482237339380197
            ],
            [
              0.6301747930082797,
              0.4478458049886621
            ],
            [
              0.6299448022079117,
              0.4474678760393046
            ],
            [
              0.6297148114075437,
              0.4470899470899471
            ],
            [
              0.6294848206071757,
              0.4467120181405896
            ],
            [
              0.6294848206071757,
              0.4459561602418745
            ],
            [
              0.6294848206071757,
              0.4452003023431595
            ],
            [
              0.6294848206071757,
              0.4444444444444444
            ],
            [
              0.6294848206071757,
              0.4436885865457294
            ],
            [
              0.6294848206071757,
              0.4429327286470144
            ],
            [
              0.6297148114075437,
              0.4425547996976568
            ],
            [
              0.6299448022079117,
              0.4421768707482993
            ],
            [
              0.6299448022079117,
              0.4414210128495843
            ],
            [
              0.6301747930082797,
              0.4410430839002268
            ],
            [
              0.6304047838086476,
              0.4406651549508692
            ],
            [
              0.6304047838086476,
              0.4399092970521542
            ],
            [
              0.6306347746090156,
              0.4395313681027967
            ],
            [
              0.6308647654093836,
              0.43915343915343913
            ],
            [
              0.6308647654093836,
              0.4383975812547241
            ],
            [
              0.6310947562097516,
              0.4380196523053666
            ],
            [
              0.6315547378104875,
              0.4380196523053666
            ],
            [
              0.6317847286108556,
              0.4376417233560091
            ],
            [
              0.6320147194112236,
              0.43726379440665153
            ],
            [
              0.6322447102115916,
              0.436885865457294
            ],
            [
              0.6324747010119596,
              0.4365079365079365
            ],
            [
              0.6329346826126955,
              0.4365079365079365
            ],
            [
              0.6331646734130635,
              0.436130007558579
            ],
            [
              0.6333946642134315,
              0.4357520786092215
            ],
            [
              0.6336246550137995,
              0.43537414965986393
            ],
            [
              0.6338546458141674,
              0.4349962207105064
            ],
            [
              0.6340846366145354,
              0.4346182917611489
            ],
            [
              0.6343146274149034,
              0.4342403628117914
            ],
            [
              0.6347746090156394,
              0.4342403628117914
            ],
            [
              0.6350045998160073,
              0.43386243386243384
            ],
            [
              0.6352345906163753,
              0.43348450491307633
            ],
            [
              0.6356945722171113,
              0.43348450491307633
            ],
            [
              0.6361545538178472,
              0.43348450491307633
            ],
            [
              0.6363845446182153,
              0.4331065759637188
            ],
            [
              0.6366145354185833,
              0.4327286470143613
            ],
            [
              0.6370745170193193,
              0.4327286470143613
            ],
            [
              0.6375344986200552,
              0.4327286470143613
            ],
            [
              0.6379944802207912,
              0.4327286470143613
            ],
            [
              0.6384544618215271,
              0.4327286470143613
            ],
            [
              0.6389144434222631,
              0.4327286470143613
            ],
            [
              0.6391444342226311,
              0.4331065759637188
            ],
            [
              0.6393744250229991,
              0.43348450491307633
            ],
            [
              0.639834406623735,
              0.43348450491307633
            ],
            [
              0.640064397424103,
              0.43386243386243384
            ],
            [
              0.640294388224471,
              0.4342403628117914
            ],
            [
              0.640754369825207,
              0.4342403628117914
            ],
            [
              0.640984360625575,
              0.4346182917611489
            ],
            [
              0.641214351425943,
              0.4349962207105064
            ],
            [
              0.641674333026679,
              0.4349962207105064
            ],
            [
              0.6419043238270469,
              0.43537414965986393
            ],
            [
              0.6421343146274149,
              0.4357520786092215
            ],
            [
              0.6425942962281509,
              0.4357520786092215
            ],
            [
              0.6428242870285189,
              0.436130007558579
            ],
            [
              0.6430542778288868,
              0.4365079365079365
            ],
            [
              0.6432842686292548,
              0.436885865457294
            ],
            [
              0.6435142594296228,
              0.43726379440665153
            ],
            [
              0.6437442502299908,
              0.4376417233560091
            ],
            [
              0.6439742410303588,
              0.4380196523053666
            ],
            [
              0.6442042318307267,
              0.4383975812547241
            ],
            [
              0.6442042318307267,
              0.43915343915343913
            ],
            [
              0.6444342226310947,
              0.4395313681027967
            ],
            [
              0.6446642134314627,
              0.4399092970521542
            ],
            [
              0.6446642134314627,
              0.4406651549508692
            ],
            [
              0.6446642134314627,
              0.4414210128495843
            ],
            [
              0.6446642134314627,
              0.4421768707482993
            ],
            [
              0.6446642134314627,
              0.4429327286470144
            ],
            [
              0.6446642134314627,
              0.4436885865457294
            ],
            [
              0.6446642134314627,
              0.4444444444444444
            ],
            [
              0.6446642134314627,
              0.4452003023431595
            ],
            [
              0.6444342226310947,
              0.445578231292517
            ],
            [
              0.6442042318307267,
              0.4459561602418745
            ],
            [
              0.6439742410303588,
              0.4463340891912321
            ],
            [
              0.6437442502299908,
              0.4467120181405896
            ],
            [
              0.6435142594296228,
              0.4470899470899471
            ],
            [
              0.6430542778288868,
              0.4470899470899471
            ],
            [
              0.6425942962281509,
              0.4470899470899471
            ],
            [
              0.6423643054277829,
              0.4474678760393046
            ],
            [
              0.6421343146274149,
              0.4478458049886621
            ],
            [
              0.641674333026679,
              0.4478458049886621
            ],
            [
              0.641444342226311,
              0.4482237339380197
            ],
            [
              0.641214351425943,
              0.4486016628873772
            ],
            [
              0.640984360625575,
              0.4489795918367347
            ],
            [
              0.640754369825207,
              0.4493575207860922
            ],
            [
              0.640294388224471,
              0.4493575207860922
            ],
            [
              0.640064397424103,
              0.4497354497354497
            ],
            [
              0.639834406623735,
              0.4501133786848073
            ],
            [
              0.639604415823367,
              0.4504913076341648
            ],
            [
              0.6393744250229991,
              0.4508692365835223
            ],
            [
              0.6391444342226311,
              0.4512471655328798
            ],
            [
              0.6389144434222631,
              0.45162509448223737
            ],
            [
              0.6386844526218951,
              0.4520030234315949
            ],
            [
              0.6386844526218951,
              0.4527588813303099
            ],
            [
              0.6384544618215271,
              0.4531368102796674
            ],
            [
              0.6384544618215271,
              0.4531368102796674
            ]
          ]
        ]
      },
      "properties": {
        "segment_id": 5,
        "area": 640,
        "bbox": [
          1369.0,
          573.0,
          32.0,
          26.0
        ],
        "iou": 0.8727223873138428,
        "stability": 0.9677419066429138,
        "auto_generated": true,
        "model": "segment_anything"
      }
    },
    {
      "type": "Feature",
      "geometry": {
        "type": "Polygon",
        "coordinates": [
          [
            [
              0.7580496780128795,
              0.5718065003779289
            ],
            [
              0.7562097516099356,
              0.5718065003779289
            ],
            [
              0.7543698252069917,
              0.5718065003779289
            ],
            [
              0.7525298988040479,
              0.5718065003779289
            ],
            [
              0.7511499540018399,
              0.5710506424792139
            ],
            [
              0.75,
              0.5699168556311414
            ],
            [
              0.7490800367985281,
              0.5684051398337112
            ],
            [
              0.7486200551977921,
              0.5661375661375662
            ],
            [
              0.7481600735970562,
              0.563869992441421
            ],
            [
              0.7481600735970562,
              0.5608465608465608
            ],
            [
              0.7477000919963201,
              0.5585789871504158
            ],
            [
              0.7474701011959521,
              0.5559334845049131
            ],
            [
              0.7472401103955841,
              0.5532879818594104
            ],
            [
              0.7474701011959521,
              0.5521541950113379
            ],
            [
              0.7488500459981601,
              0.5529100529100529
            ],
            [
              0.749770009199632,
              0.5544217687074829
            ],
            [
              0.7509199632014719,
              0.5555555555555556
            ],
            [
              0.7520699172033118,
              0.5566893424036281
            ],
            [
              0.7532198712051518,
              0.5578231292517006
            ],
            [
              0.7545998160073597,
              0.5585789871504158
            ],
            [
              0.7562097516099356,
              0.5589569160997733
            ],
            [
              0.7580496780128795,
              0.5589569160997733
            ],
            [
              0.7594296228150874,
              0.5582010582010583
            ],
            [
              0.7612695492180312,
              0.5582010582010583
            ],
            [
              0.7628794848206072,
              0.5578231292517006
            ],
            [
              0.7640294388224471,
              0.5566893424036281
            ],
            [
              0.765179392824287,
              0.5555555555555556
            ],
            [
              0.766329346826127,
              0.5544217687074829
            ],
            [
              0.7672493100275989,
              0.5529100529100529
            ],
            [
              0.7681692732290708,
              0.5513983371126229
            ],
            [
              0.7690892364305428,
              0.5498866213151927
            ],
            [
              0.7697792088316467,
              0.5479969765684052
            ],
            [
              0.7706991720331187,
              0.546485260770975
            ],
            [
              0.7711591536338547,
              0.54421768707483
            ],
            [
              0.7716191352345906,
              0.5419501133786848
            ],
            [
              0.7720791168353266,
              0.5396825396825397
            ],
            [
              0.7725390984360626,
              0.5374149659863946
            ],
            [
              0.7727690892364305,
              0.5347694633408919
            ],
            [
              0.7729990800367985,
              0.5321239606953893
            ],
            [
              0.7729990800367985,
              0.5291005291005291
            ],
            [
              0.7729990800367985,
              0.5260770975056689
            ],
            [
              0.7729990800367985,
              0.5230536659108088
            ],
            [
              0.7729990800367985,
              0.5200302343159486
            ],
            [
              0.7725390984360626,
              0.5177626606198035
            ],
            [
              0.7720791168353266,
              0.5154950869236583
            ],
            [
              0.7716191352345906,
              0.5132275132275133
            ],
            [
              0.7711591536338547,
              0.5109599395313681
            ],
            [
              0.7706991720331187,
              0.5086923658352229
            ],
            [
              0.7700091996320148,
              0.5068027210884354
            ],
            [
              0.7693192272309107,
              0.5049130763416477
            ],
            [
              0.7688592456301748,
              0.5026455026455027
            ],
            [
              0.7679392824287029,
              0.5011337868480725
            ],
            [
              0.7672493100275989,
              0.499244142101285
            ],
            [
              0.766559337626495,
              0.4973544973544973
            ],
            [
              0.765639374425023,
              0.4958427815570673
            ],
            [
              0.764719411223551,
              0.4943310657596372
            ],
            [
              0.7635694572217111,
              0.4931972789115646
            ],
            [
              0.7626494940202392,
              0.4916855631141345
            ],
            [
              0.7612695492180312,
              0.4909297052154195
            ],
            [
              0.7598896044158233,
              0.49017384731670444
            ],
            [
              0.7587396504139834,
              0.4890400604686319
            ],
            [
              0.7578196872125115,
              0.4875283446712018
            ],
            [
              0.7566697332106715,
              0.48639455782312924
            ],
            [
              0.7555197792088316,
              0.4852607709750567
            ],
            [
              0.7555197792088316,
              0.48223733938019653
            ],
            [
              0.7550597976080957,
              0.4799697656840514
            ],
            [
              0.7555197792088316,
              0.47770219198790626
            ],
            [
              0.7564397424103035,
              0.47694633408919124
            ],
            [
              0.7580496780128795,
              0.47732426303854875
            ],
            [
              0.7594296228150874,
              0.4780801209372638
            ],
            [
              0.7605795768169273,
              0.47921390778533635
            ],
            [
              0.7617295308187673,
              0.48034769463340893
            ],
            [
              0.7635694572217111,
              0.48034769463340893
            ],
            [
              0.764949402023919,
              0.48110355253212395
            ],
            [
              0.766099356025759,
              0.48223733938019653
            ],
            [
              0.7672493100275989,
              0.4833711262282691
            ],
            [
              0.7681692732290708,
              0.48488284202569915
            ],
            [
              0.7690892364305428,
              0.48639455782312924
            ],
            [
              0.7702391904323828,
              0.4875283446712018
            ],
            [
              0.7711591536338547,
              0.4890400604686319
            ],
            [
              0.7718491260349586,
              0.4909297052154195
            ],
            [
              0.7725390984360626,
              0.4928193499622071
            ],
            [
              0.7734590616375345,
              0.4943310657596372
            ],
            [
              0.7743790248390064,
              0.4958427815570673
            ],
            [
              0.7750689972401104,
              0.4977324263038549
            ],
            [
              0.7757589696412144,
              0.4996220710506425
            ],
            [
              0.7766789328426863,
              0.5011337868480725
            ],
            [
              0.7771389144434223,
              0.5034013605442177
            ],
            [
              0.7778288868445262,
              0.5052910052910053
            ],
            [
              0.7782888684452622,
              0.5075585789871504
            ],
            [
              0.7789788408463661,
              0.509448223733938
            ],
            [
              0.7794388224471022,
              0.5117157974300831
            ],
            [
              0.7798988040478381,
              0.5139833711262283
            ],
            [
              0.7798988040478381,
              0.5170068027210885
            ],
            [
              0.7803587856485741,
              0.5192743764172335
            ],
            [
              0.7803587856485741,
              0.5222978080120937
            ],
            [
              0.7803587856485741,
              0.5253212396069539
            ],
            [
              0.7803587856485741,
              0.528344671201814
            ],
            [
              0.7803587856485741,
              0.5313681027966742
            ],
            [
              0.7798988040478381,
              0.5336356764928194
            ],
            [
              0.7798988040478381,
              0.5366591080876795
            ],
            [
              0.7794388224471022,
              0.5389266817838246
            ],
            [
              0.7789788408463661,
              0.5411942554799698
            ],
            [
              0.7785188592456301,
              0.5434618291761149
            ],
            [
              0.7780588776448942,
              0.54572940287226
            ],
            [
              0.7775988960441582,
              0.5479969765684052
            ],
            [
              0.7769089236430543,
              0.5498866213151927
            ],
            [
              0.7762189512419503,
              0.5517762660619804
            ],
            [
              0.7755289788408464,
              0.5536659108087679
            ],
            [
              0.7746090156393745,
              0.5551776266061981
            ],
            [
              0.7736890524379025,
              0.5566893424036281
            ],
            [
              0.7727690892364305,
              0.5582010582010583
            ],
            [
              0.7718491260349586,
              0.5597127739984883
            ],
            [
              0.7709291628334867,
              0.5612244897959183
            ],
            [
              0.7700091996320148,
              0.5627362055933485
            ],
            [
              0.7688592456301748,
              0.563869992441421
            ],
            [
              0.7679392824287029,
              0.5653817082388511
            ],
            [
              0.7667893284268629,
              0.5665154950869237
            ],
            [
              0.765639374425023,
              0.5676492819349962
            ],
            [
              0.764489420423183,
              0.5687830687830688
            ],
            [
              0.7631094756209752,
              0.5695389266817839
            ],
            [
              0.7617295308187673,
              0.5702947845804989
            ],
            [
              0.7601195952161913,
              0.5706727135298564
            ],
            [
              0.7585096596136155,
              0.5710506424792139
            ],
            [
              0.7580496780128795,
              0.5718065003779289
            ]
          ]
        ]
      },
      "properties": {
        "segment_id": 6,
        "area": 2699,
        "bbox": [
          1624.0,
          631.0,
          72.0,
          125.0
        ],
        "iou": 0.8640525341033936,
        "stability": 0.9432471394538879,
        "auto_generated": true,
        "model": "segment_anything"
      }
    },
    {
      "type": "Feature",
      "geometry": {
        "type": "Polygon",
        "coordinates": [
          [
            [
              0.07451701931922723,
              0.7690854119425548
            ],
            [
              0.07382704691812328,
              0.7679516250944822
            ],
            [
              0.0733670653173873,
              0.7664399092970522
            ],
            [
              0.0733670653173873,
              0.764172335600907
            ],
            [
              0.07290708371665133,
              0.762660619803477
            ],
            [
              0.07267709291628335,
              0.7607709750566893
            ],
            [
              0.07244710211591536,
              0.7588813303099018
            ],
            [
              0.07221711131554738,
              0.7569916855631141
            ],
            [
              0.07198712051517939,
              0.7551020408163265
            ],
            [
              0.07152713891444343,
              0.7535903250188964
            ],
            [
              0.07152713891444343,
              0.7513227513227513
            ],
            [
              0.07106715731370745,
              0.7498110355253212
            ],
            [
              0.07083716651333946,
              0.7479213907785336
            ],
            [
              0.07060717571297148,
              0.746031746031746
            ],
            [
              0.07014719411223551,
              0.7445200302343159
            ],
            [
              0.07014719411223551,
              0.7422524565381708
            ],
            [
              0.06968721251149954,
              0.7407407407407407
            ],
            [
              0.06922723091076358,
              0.7392290249433107
            ],
            [
              0.06922723091076358,
              0.7369614512471655
            ],
            [
              0.0687672493100276,
              0.7354497354497355
            ],
            [
              0.0687672493100276,
              0.7331821617535903
            ],
            [
              0.06830726770929163,
              0.7316704459561603
            ],
            [
              0.06784728610855566,
              0.7301587301587301
            ],
            [
              0.06784728610855566,
              0.7278911564625851
            ],
            [
              0.06738730450781968,
              0.7263794406651549
            ],
            [
              0.0671573137074517,
              0.7244897959183674
            ],
            [
              0.06692732290708371,
              0.7226001511715797
            ],
            [
              0.06646734130634775,
              0.7210884353741497
            ],
            [
              0.06646734130634775,
              0.7188208616780045
            ],
            [
              0.06600735970561178,
              0.7173091458805745
            ],
            [
              0.06600735970561178,
              0.7150415721844293
            ],
            [
              0.0655473781048758,
              0.7135298563869993
            ],
            [
              0.06508739650413983,
              0.7120181405895691
            ],
            [
              0.06508739650413983,
              0.7097505668934241
            ],
            [
              0.06462741490340386,
              0.7082388510959939
            ],
            [
              0.06508739650413983,
              0.7067271352985639
            ],
            [
              0.06577736890524379,
              0.7055933484504913
            ],
            [
              0.06669733210671573,
              0.7048374905517762
            ],
            [
              0.06807727690892364,
              0.7048374905517762
            ],
            [
              0.06945722171113156,
              0.7048374905517762
            ],
            [
              0.0703771849126035,
              0.7040816326530612
            ],
            [
              0.07175712971481141,
              0.7040816326530612
            ],
            [
              0.07290708371665133,
              0.7037037037037037
            ],
            [
              0.07405703771849126,
              0.7033257747543462
            ],
            [
              0.07543698252069918,
              0.7033257747543462
            ],
            [
              0.0765869365225391,
              0.7029478458049887
            ],
            [
              0.07773689052437903,
              0.7025699168556312
            ],
            [
              0.07911683532658693,
              0.7025699168556312
            ],
            [
              0.08049678012879485,
              0.7025699168556312
            ],
            [
              0.08141674333026679,
              0.7018140589569161
            ],
            [
              0.0827966881324747,
              0.7018140589569161
            ],
            [
              0.08371665133394664,
              0.701058201058201
            ],
            [
              0.08509659613615456,
              0.701058201058201
            ],
            [
              0.08624655013799448,
              0.7006802721088435
            ],
            [
              0.08739650413983441,
              0.700302343159486
            ],
            [
              0.08877644894204231,
              0.700302343159486
            ],
            [
              0.08969641214351426,
              0.701058201058201
            ],
            [
              0.09038638454461821,
              0.7021919879062736
            ],
            [
              0.0906163753449862,
              0.7040816326530612
            ],
            [
              0.09084636614535418,
              0.7059712773998488
            ],
            [
              0.09130634774609016,
              0.7074829931972789
            ],
            [
              0.09153633854645814,
              0.7093726379440665
            ],
            [
              0.09176632934682613,
              0.7112622826908541
            ],
            [
              0.0922263109475621,
              0.7127739984882842
            ],
            [
              0.09245630174793008,
              0.7146636432350718
            ],
            [
              0.09268629254829806,
              0.7165532879818595
            ],
            [
              0.09291628334866606,
              0.718442932728647
            ],
            [
              0.09314627414903404,
              0.7203325774754347
            ],
            [
              0.09360625574977001,
              0.7218442932728647
            ],
            [
              0.09383624655013799,
              0.7237339380196524
            ],
            [
              0.09429622815087396,
              0.7252456538170824
            ],
            [
              0.09452621895124196,
              0.72713529856387
            ],
            [
              0.09498620055197791,
              0.7286470143613001
            ],
            [
              0.09498620055197791,
              0.7309145880574452
            ],
            [
              0.09544618215271389,
              0.7324263038548753
            ],
            [
              0.09590616375344986,
              0.7339380196523053
            ],
            [
              0.09590616375344986,
              0.7362055933484505
            ],
            [
              0.09636614535418583,
              0.7377173091458806
            ],
            [
              0.0968261269549218,
              0.7392290249433107
            ],
            [
              0.0968261269549218,
              0.7414965986394558
            ],
            [
              0.09728610855565778,
              0.7430083144368859
            ],
            [
              0.09751609935602576,
              0.7448979591836735
            ],
            [
              0.09774609015639374,
              0.7467876039304611
            ],
            [
              0.09820607175712971,
              0.7482993197278912
            ],
            [
              0.0984360625574977,
              0.7501889644746788
            ],
            [
              0.09866605335786569,
              0.7520786092214664
            ],
            [
              0.09912603495860166,
              0.7535903250188964
            ],
            [
              0.09935602575896964,
              0.7554799697656841
            ],
            [
              0.09958601655933763,
              0.7573696145124716
            ],
            [
              0.09958601655933763,
              0.7596371882086168
            ],
            [
              0.09935602575896964,
              0.7615268329554044
            ],
            [
              0.0984360625574977,
              0.7622826908541194
            ],
            [
              0.09705611775528979,
              0.7622826908541194
            ],
            [
              0.09613615455381785,
              0.7630385487528345
            ],
            [
              0.09475620975160993,
              0.7630385487528345
            ],
            [
              0.09337626494940203,
              0.7630385487528345
            ],
            [
              0.09245630174793008,
              0.7637944066515495
            ],
            [
              0.09130634774609016,
              0.764172335600907
            ],
            [
              0.09015639374425023,
              0.7645502645502645
            ],
            [
              0.0890064397424103,
              0.764928193499622
            ],
            [
              0.08785648574057038,
              0.7653061224489796
            ],
            [
              0.08670653173873046,
              0.7656840513983371
            ],
            [
              0.08555657773689053,
              0.7660619803476947
            ],
            [
              0.08417663293468261,
              0.7660619803476947
            ],
            [
              0.08325666973321068,
              0.7668178382464097
            ],
            [
              0.08187672493100276,
              0.7668178382464097
            ],
            [
              0.08072677092916283,
              0.7671957671957672
            ],
            [
              0.07957681692732291,
              0.7675736961451247
            ],
            [
              0.07865685372585096,
              0.7683295540438397
            ],
            [
              0.07727690892364306,
              0.7683295540438397
            ],
            [
              0.07589696412143514,
              0.7683295540438397
            ],
            [
              0.07474701011959521,
              0.7687074829931972
            ],
            [
              0.07451701931922723,
              0.7690854119425548
            ]
          ]
        ]
      },
      "properties": {
        "segment_id": 7,
        "area": 4849,
        "bbox": [
          141.0,
          927.0,
          75.0,
          90.0
        ],
        "iou": 1.002943515777588,
        "stability": 0.9871034026145935,
        "auto_generated": true,
        "model": "segment_anything"
      }
    },
    {
      "type": "Feature",
      "geometry": {
        "type": "Polygon",
        "coordinates": [
          [
            [
              0.1655933762649494,
              0.7441421012849584
            ],
            [
              0.16421343146274148,
              0.7441421012849584
            ],
            [
              0.16306347746090155,
              0.7437641723356009
            ],
            [
              0.16283348666053357,
              0.7418745275888133
            ],
            [
              0.1626034958601656,
              0.7399848828420257
            ],
            [
              0.16214351425942963,
              0.7384731670445956
            ],
            [
              0.16168353265869365,
              0.7369614512471655
            ],
            [
              0.16145354185832567,
              0.735071806500378
            ],
            [
              0.1612235510579577,
              0.7331821617535903
            ],
            [
              0.1607635694572217,
              0.7316704459561603
            ],
            [
              0.16030358785648574,
              0.7301587301587301
            ],
            [
              0.15984360625574978,
              0.7286470143613001
            ],
            [
              0.15961361545538177,
              0.7267573696145124
            ],
            [
              0.1593836246550138,
              0.7248677248677249
            ],
            [
              0.15892364305427784,
              0.7233560090702947
            ],
            [
              0.15869365225390986,
              0.7214663643235072
            ],
            [
              0.15846366145354185,
              0.7195767195767195
            ],
            [
              0.15823367065317387,
              0.717687074829932
            ],
            [
              0.1577736890524379,
              0.7161753590325018
            ],
            [
              0.15731370745170192,
              0.7146636432350718
            ],
            [
              0.15708371665133394,
              0.7127739984882842
            ],
            [
              0.15662373505059798,
              0.7112622826908541
            ],
            [
              0.15639374425023,
              0.7093726379440665
            ],
            [
              0.156163753449862,
              0.7074829931972789
            ],
            [
              0.15570377184912604,
              0.7059712773998488
            ],
            [
              0.15524379024839005,
              0.7044595616024187
            ],
            [
              0.15501379944802207,
              0.7025699168556312
            ],
            [
              0.1547838086476541,
              0.7006802721088435
            ],
            [
              0.15432382704691813,
              0.6991685563114135
            ],
            [
              0.15409383624655013,
              0.6972789115646258
            ],
            [
              0.15386384544618215,
              0.6953892668178382
            ],
            [
              0.1534038638454462,
              0.6938775510204082
            ],
            [
              0.1531738730450782,
              0.6919879062736206
            ],
            [
              0.15271389144434222,
              0.6904761904761905
            ],
            [
              0.15248390064397424,
              0.6885865457294029
            ],
            [
              0.15225390984360626,
              0.6866969009826153
            ],
            [
              0.15202391904323828,
              0.6848072562358276
            ],
            [
              0.1515639374425023,
              0.6832955404383976
            ],
            [
              0.1515639374425023,
              0.6810279667422524
            ],
            [
              0.15110395584176634,
              0.6795162509448224
            ],
            [
              0.15064397424103035,
              0.6780045351473923
            ],
            [
              0.15041398344066237,
              0.6761148904006047
            ],
            [
              0.1501839926402944,
              0.674225245653817
            ],
            [
              0.14972401103955843,
              0.672713529856387
            ],
            [
              0.1501839926402944,
              0.671201814058957
            ],
            [
              0.15087396504139836,
              0.6700680272108843
            ],
            [
              0.15179392824287027,
              0.6693121693121693
            ],
            [
              0.1531738730450782,
              0.6693121693121693
            ],
            [
              0.1545538178472861,
              0.6693121693121693
            ],
            [
              0.15593376264949402,
              0.6693121693121693
            ],
            [
              0.15685372585096596,
              0.6685563114134543
            ],
            [
              0.15823367065317387,
              0.6685563114134543
            ],
            [
              0.15961361545538177,
              0.6685563114134543
            ],
            [
              0.16053357865685372,
              0.6678004535147393
            ],
            [
              0.16191352345906163,
              0.6678004535147393
            ],
            [
              0.16306347746090155,
              0.6674225245653818
            ],
            [
              0.16421343146274148,
              0.6670445956160241
            ],
            [
              0.1655933762649494,
              0.6670445956160241
            ],
            [
              0.16674333026678934,
              0.6666666666666666
            ],
            [
              0.16789328426862926,
              0.6662887377173091
            ],
            [
              0.16927322907083717,
              0.6662887377173091
            ],
            [
              0.1701931922723091,
              0.6655328798185941
            ],
            [
              0.17134314627414904,
              0.6659108087679516
            ],
            [
              0.171803127874885,
              0.6674225245653818
            ],
            [
              0.17226310947562098,
              0.6689342403628118
            ],
            [
              0.17272309107635694,
              0.6704459561602418
            ],
            [
              0.17295308187672492,
              0.6723356009070295
            ],
            [
              0.1731830726770929,
              0.674225245653817
            ],
            [
              0.1736430542778289,
              0.6757369614512472
            ],
            [
              0.17410303587856485,
              0.6772486772486772
            ],
            [
              0.17456301747930084,
              0.6787603930461074
            ],
            [
              0.1750229990800368,
              0.6802721088435374
            ],
            [
              0.17548298068077278,
              0.6817838246409675
            ],
            [
              0.17594296228150874,
              0.6832955404383976
            ],
            [
              0.17617295308187672,
              0.6851851851851852
            ],
            [
              0.1764029438822447,
              0.6870748299319728
            ],
            [
              0.1768629254829807,
              0.6885865457294029
            ],
            [
              0.17732290708371665,
              0.690098261526833
            ],
            [
              0.17732290708371665,
              0.6923658352229781
            ],
            [
              0.17778288868445263,
              0.6938775510204082
            ],
            [
              0.1780128794848206,
              0.6957671957671958
            ],
            [
              0.1782428702851886,
              0.6976568405139834
            ],
            [
              0.17870285188592455,
              0.6991685563114135
            ],
            [
              0.17916283348666054,
              0.7006802721088435
            ],
            [
              0.1796228150873965,
              0.7021919879062736
            ],
            [
              0.18008279668813248,
              0.7037037037037037
            ],
            [
              0.18008279668813248,
              0.7059712773998488
            ],
            [
              0.18054277828886844,
              0.7074829931972789
            ],
            [
              0.1810027598896044,
              0.708994708994709
            ],
            [
              0.1812327506899724,
              0.7108843537414966
            ],
            [
              0.18169273229070837,
              0.7123960695389266
            ],
            [
              0.18192272309107635,
              0.7142857142857143
            ],
            [
              0.18238270469181234,
              0.7157974300831443
            ],
            [
              0.18261269549218032,
              0.717687074829932
            ],
            [
              0.1828426862925483,
              0.7195767195767195
            ],
            [
              0.18330266789328428,
              0.7210884353741497
            ],
            [
              0.18353265869365226,
              0.7229780801209372
            ],
            [
              0.18399264029438822,
              0.7244897959183674
            ],
            [
              0.1844526218951242,
              0.7260015117157974
            ],
            [
              0.1846826126954922,
              0.7278911564625851
            ],
            [
              0.18514259429622815,
              0.7294028722600151
            ],
            [
              0.18537258509659613,
              0.7312925170068028
            ],
            [
              0.18560257589696413,
              0.7331821617535903
            ],
            [
              0.1860625574977001,
              0.7346938775510204
            ],
            [
              0.1860625574977001,
              0.7369614512471655
            ],
            [
              0.18537258509659613,
              0.7380952380952381
            ],
            [
              0.1842226310947562,
              0.7384731670445956
            ],
            [
              0.18307267709291627,
              0.7388510959939532
            ],
            [
              0.18169273229070837,
              0.7388510959939532
            ],
            [
              0.18077276908923642,
              0.7396069538926682
            ],
            [
              0.17939282428702852,
              0.7396069538926682
            ],
            [
              0.17847286108555657,
              0.7403628117913832
            ],
            [
              0.17709291628334867,
              0.7403628117913832
            ],
            [
              0.17617295308187672,
              0.7411186696900982
            ],
            [
              0.17479300827966882,
              0.7411186696900982
            ],
            [
              0.17387304507819687,
              0.7418745275888133
            ],
            [
              0.17249310027598896,
              0.7418745275888133
            ],
            [
              0.17111315547378106,
              0.7418745275888133
            ],
            [
              0.1701931922723091,
              0.7426303854875284
            ],
            [
              0.1688132474701012,
              0.7426303854875284
            ],
            [
              0.16789328426862926,
              0.7433862433862434
            ],
            [
              0.16651333946642136,
              0.7433862433862434
            ],
            [
              0.1655933762649494,
              0.7441421012849584
            ]
          ]
        ]
      },
      "properties": {
        "segment_id": 8,
        "area": 5104,
        "bbox": [
          326.0,
          881.0,
          78.0,
          103.0
        ],
        "iou": 0.9957013130187988,
        "stability": 0.9869675040245056,
        "auto_generated": true,
        "model": "segment_anything"
      }
    },
    {
      "type": "Feature",
      "geometry": {
        "type": "Polygon",
        "coordinates": [
          [
            [
              0.13569457221711131,
              0.7524565381708239
            ],
            [
              0.13477460901563937,
              0.7517006802721088
            ],
            [
              0.13408463661453543,
              0.7505668934240363
            ],
            [
              0.13385464581416742,
              0.7486772486772487
            ],
            [
              0.13362465501379944,
              0.7467876039304611
            ],
            [
              0.13316467341306348,
              0.745275888133031
            ],
            [
              0.1329346826126955,
              0.7433862433862434
            ],
            [
              0.1327046918123275,
              0.7414965986394558
            ],
            [
              0.13224471021159154,
              0.7399848828420257
            ],
            [
              0.13178472861085558,
              0.7384731670445956
            ],
            [
              0.13155473781048757,
              0.736583522297808
            ],
            [
              0.1313247470101196,
              0.7346938775510204
            ],
            [
              0.13086476540938363,
              0.7331821617535903
            ],
            [
              0.13040478380864765,
              0.7316704459561603
            ],
            [
              0.13040478380864765,
              0.7294028722600151
            ],
            [
              0.12994480220791169,
              0.7278911564625851
            ],
            [
              0.1297148114075437,
              0.7260015117157974
            ],
            [
              0.12948482060717573,
              0.7241118669690099
            ],
            [
              0.12902483900643974,
              0.7226001511715797
            ],
            [
              0.12902483900643974,
              0.7203325774754347
            ],
            [
              0.12856485740570378,
              0.7188208616780045
            ],
            [
              0.12833486660533577,
              0.716931216931217
            ],
            [
              0.12787488500459981,
              0.7154195011337868
            ],
            [
              0.12764489420423183,
              0.7135298563869993
            ],
            [
              0.12718491260349585,
              0.7120181405895691
            ],
            [
              0.1267249310027599,
              0.7105064247921391
            ],
            [
              0.1267249310027599,
              0.7082388510959939
            ],
            [
              0.12626494940202393,
              0.7067271352985639
            ],
            [
              0.12580496780128794,
              0.7052154195011338
            ],
            [
              0.12580496780128794,
              0.7029478458049887
            ],
            [
              0.12534498620055198,
              0.7014361300075586
            ],
            [
              0.12488500459981601,
              0.6999244142101285
            ],
            [
              0.12488500459981601,
              0.6976568405139834
            ],
            [
              0.12442502299908004,
              0.6961451247165533
            ],
            [
              0.12442502299908004,
              0.6938775510204082
            ],
            [
              0.12465501379944802,
              0.6919879062736206
            ],
            [
              0.12488500459981601,
              0.690098261526833
            ],
            [
              0.12488500459981601,
              0.6878306878306878
            ],
            [
              0.12442502299908004,
              0.6863189720332578
            ],
            [
              0.12396504139834406,
              0.6848072562358276
            ],
            [
              0.12373505059797608,
              0.6829176114890401
            ],
            [
              0.12350505979760809,
              0.6810279667422524
            ],
            [
              0.12350505979760809,
              0.6787603930461074
            ],
            [
              0.12350505979760809,
              0.6764928193499622
            ],
            [
              0.12419503219871206,
              0.6753590325018897
            ],
            [
              0.12557497700091996,
              0.6753590325018897
            ],
            [
              0.12695492180312787,
              0.6753590325018897
            ],
            [
              0.12833486660533577,
              0.6753590325018897
            ],
            [
              0.12948482060717573,
              0.6749811035525322
            ],
            [
              0.13063477460901565,
              0.6746031746031746
            ],
            [
              0.13201471941122356,
              0.6746031746031746
            ],
            [
              0.1329346826126955,
              0.6738473167044595
            ],
            [
              0.1343146274149034,
              0.6738473167044595
            ],
            [
              0.13546458141674333,
              0.673469387755102
            ],
            [
              0.13661453541858326,
              0.6730914588057445
            ],
            [
              0.13799448022079117,
              0.6730914588057445
            ],
            [
              0.1389144434222631,
              0.6723356009070295
            ],
            [
              0.14029438822447102,
              0.6723356009070295
            ],
            [
              0.14167433302667892,
              0.6723356009070295
            ],
            [
              0.14259429622815087,
              0.6715797430083145
            ],
            [
              0.14397424103035877,
              0.6715797430083145
            ],
            [
              0.1451241950321987,
              0.671957671957672
            ],
            [
              0.14581416743330267,
              0.6730914588057445
            ],
            [
              0.14604415823367065,
              0.6749811035525322
            ],
            [
              0.14650413983440663,
              0.6764928193499622
            ],
            [
              0.1469641214351426,
              0.6780045351473923
            ],
            [
              0.14719411223551057,
              0.6798941798941799
            ],
            [
              0.14742410303587858,
              0.6817838246409675
            ],
            [
              0.14788408463661454,
              0.6832955404383976
            ],
            [
              0.14811407543698252,
              0.6851851851851852
            ],
            [
              0.1485740570377185,
              0.6866969009826153
            ],
            [
              0.14880404783808648,
              0.6885865457294029
            ],
            [
              0.14926402943882244,
              0.690098261526833
            ],
            [
              0.14926402943882244,
              0.6923658352229781
            ],
            [
              0.14972401103955843,
              0.6938775510204082
            ],
            [
              0.1501839926402944,
              0.6953892668178382
            ],
            [
              0.15041398344066237,
              0.6972789115646258
            ],
            [
              0.15064397424103035,
              0.6991685563114135
            ],
            [
              0.15110395584176634,
              0.7006802721088435
            ],
            [
              0.1515639374425023,
              0.7021919879062736
            ],
            [
              0.15179392824287027,
              0.7040816326530612
            ],
            [
              0.15202391904323828,
              0.7059712773998488
            ],
            [
              0.15248390064397424,
              0.7074829931972789
            ],
            [
              0.15271389144434222,
              0.7093726379440665
            ],
            [
              0.1529438822447102,
              0.7112622826908541
            ],
            [
              0.1534038638454462,
              0.7127739984882842
            ],
            [
              0.15386384544618215,
              0.7142857142857143
            ],
            [
              0.15386384544618215,
              0.7165532879818595
            ],
            [
              0.15432382704691813,
              0.7180650037792895
            ],
            [
              0.1545538178472861,
              0.719954648526077
            ],
            [
              0.1547838086476541,
              0.7218442932728647
            ],
            [
              0.15524379024839005,
              0.7233560090702947
            ],
            [
              0.15547378104875806,
              0.7252456538170824
            ],
            [
              0.15570377184912604,
              0.72713529856387
            ],
            [
              0.15570377184912604,
              0.7294028722600151
            ],
            [
              0.156163753449862,
              0.7309145880574452
            ],
            [
              0.15639374425023,
              0.7328042328042328
            ],
            [
              0.15662373505059798,
              0.7346938775510204
            ],
            [
              0.15708371665133394,
              0.7362055933484505
            ],
            [
              0.15754369825206993,
              0.7377173091458806
            ],
            [
              0.1577736890524379,
              0.7396069538926682
            ],
            [
              0.15823367065317387,
              0.7411186696900982
            ],
            [
              0.15846366145354185,
              0.7430083144368859
            ],
            [
              0.1580036798528059,
              0.7445200302343159
            ],
            [
              0.15731370745170192,
              0.7456538170823885
            ],
            [
              0.156163753449862,
              0.746031746031746
            ],
            [
              0.15501379944802207,
              0.7464096749811036
            ],
            [
              0.15386384544618215,
              0.7467876039304611
            ],
            [
              0.15271389144434222,
              0.7471655328798186
            ],
            [
              0.1515639374425023,
              0.7475434618291761
            ],
            [
              0.15041398344066237,
              0.7479213907785336
            ],
            [
              0.14926402943882244,
              0.7482993197278912
            ],
            [
              0.14811407543698252,
              0.7486772486772487
            ],
            [
              0.1469641214351426,
              0.7490551776266062
            ],
            [
              0.14581416743330267,
              0.7494331065759637
            ],
            [
              0.14443422263109476,
              0.7494331065759637
            ],
            [
              0.14328426862925484,
              0.7498110355253212
            ],
            [
              0.1421343146274149,
              0.7501889644746788
            ],
            [
              0.14098436062557498,
              0.7505668934240363
            ],
            [
              0.13983440662373506,
              0.7509448223733938
            ],
            [
              0.13845446182152715,
              0.7509448223733938
            ],
            [
              0.1375344986200552,
              0.7517006802721088
            ],
            [
              0.13615455381784727,
              0.7517006802721088
            ],
            [
              0.13569457221711131,
              0.7524565381708239
            ]
          ]
        ]
      },
      "properties": {
        "segment_id": 9,
        "area": 5460,
        "bbox": [
          269.0,
          889.0,
          75.0,
          106.0
        ],
        "iou": 0.9940249919891357,
        "stability": 0.9877982139587402,
        "auto_generated": true,
        "model": "segment_anything"
      }
    },
    {
      "type": "Feature",
      "geometry": {
        "type": "Polygon",
        "coordinates": [
          [
            [
              0.10671573137074516,
              0.7600151171579743
            ],
            [
              0.10579576816927323,
              0.7592592592592593
            ],
            [
              0.10487580496780129,
              0.7585034013605442
            ],
            [
              0.10464581416743331,
              0.7566137566137566
            ],
            [
              0.10418583256669733,
              0.7551020408163265
            ],
            [
              0.10395584176632934,
              0.7532123960695389
            ],
            [
              0.10372585096596136,
              0.7513227513227513
            ],
            [
              0.10326586936522539,
              0.7498110355253212
            ],
            [
              0.10303587856485741,
              0.7479213907785336
            ],
            [
              0.10257589696412144,
              0.7464096749811036
            ],
            [
              0.10234590616375346,
              0.7445200302343159
            ],
            [
              0.10188592456301748,
              0.7430083144368859
            ],
            [
              0.10188592456301748,
              0.7407407407407407
            ],
            [
              0.10142594296228151,
              0.7392290249433107
            ],
            [
              0.10119595216191353,
              0.737339380196523
            ],
            [
              0.10096596136154554,
              0.7354497354497355
            ],
            [
              0.10050597976080956,
              0.7339380196523053
            ],
            [
              0.10027598896044158,
              0.7320483749055178
            ],
            [
              0.10004599816007359,
              0.7301587301587301
            ],
            [
              0.09958601655933763,
              0.7286470143613001
            ],
            [
              0.09958601655933763,
              0.7263794406651549
            ],
            [
              0.09912603495860166,
              0.7248677248677249
            ],
            [
              0.09889604415823366,
              0.7229780801209372
            ],
            [
              0.09866605335786569,
              0.7210884353741497
            ],
            [
              0.09820607175712971,
              0.7195767195767195
            ],
            [
              0.09797608095676173,
              0.717687074829932
            ],
            [
              0.09774609015639374,
              0.7157974300831443
            ],
            [
              0.09728610855565778,
              0.7142857142857143
            ],
            [
              0.09728610855565778,
              0.7120181405895691
            ],
            [
              0.0968261269549218,
              0.7105064247921391
            ],
            [
              0.09659613615455381,
              0.7086167800453514
            ],
            [
              0.09613615455381785,
              0.7071050642479214
            ],
            [
              0.09590616375344986,
              0.7052154195011338
            ],
            [
              0.09567617295308188,
              0.7033257747543462
            ],
            [
              0.09544618215271389,
              0.7014361300075586
            ],
            [
              0.09567617295308188,
              0.699546485260771
            ],
            [
              0.09636614535418583,
              0.6984126984126984
            ],
            [
              0.0968261269549218,
              0.6969009826152683
            ],
            [
              0.0968261269549218,
              0.6946334089191232
            ],
            [
              0.09636614535418583,
              0.6931216931216931
            ],
            [
              0.09590616375344986,
              0.691609977324263
            ],
            [
              0.09590616375344986,
              0.6893424036281179
            ],
            [
              0.09544618215271389,
              0.6878306878306878
            ],
            [
              0.09544618215271389,
              0.6855631141345427
            ],
            [
              0.09544618215271389,
              0.6832955404383976
            ],
            [
              0.09613615455381785,
              0.682161753590325
            ],
            [
              0.09705611775528979,
              0.68140589569161
            ],
            [
              0.0984360625574977,
              0.68140589569161
            ],
            [
              0.09958601655933763,
              0.6810279667422524
            ],
            [
              0.10073597056117756,
              0.6806500377928949
            ],
            [
              0.10211591536338546,
              0.6806500377928949
            ],
            [
              0.10326586936522539,
              0.6802721088435374
            ],
            [
              0.10441582336706531,
              0.6798941798941799
            ],
            [
              0.10579576816927323,
              0.6798941798941799
            ],
            [
              0.10671573137074516,
              0.6791383219954649
            ],
            [
              0.10809567617295308,
              0.6791383219954649
            ],
            [
              0.10947562097516099,
              0.6791383219954649
            ],
            [
              0.11085556577736891,
              0.6791383219954649
            ],
            [
              0.11177552897884084,
              0.6783824640967498
            ],
            [
              0.11315547378104876,
              0.6783824640967498
            ],
            [
              0.11430542778288869,
              0.6780045351473923
            ],
            [
              0.11545538178472861,
              0.6776266061980347
            ],
            [
              0.11683532658693652,
              0.6776266061980347
            ],
            [
              0.11798528058877644,
              0.6780045351473923
            ],
            [
              0.11867525298988041,
              0.6791383219954649
            ],
            [
              0.11913523459061638,
              0.6806500377928949
            ],
            [
              0.11936522539098436,
              0.6825396825396826
            ],
            [
              0.11982520699172033,
              0.6840513983371126
            ],
            [
              0.11982520699172033,
              0.6863189720332578
            ],
            [
              0.12028518859245631,
              0.6878306878306878
            ],
            [
              0.12074517019319227,
              0.6893424036281179
            ],
            [
              0.12074517019319227,
              0.691609977324263
            ],
            [
              0.12120515179392824,
              0.6931216931216931
            ],
            [
              0.12166513339466421,
              0.6946334089191232
            ],
            [
              0.12189512419503219,
              0.6965230536659108
            ],
            [
              0.12212511499540019,
              0.6984126984126984
            ],
            [
              0.12235510579576817,
              0.700302343159486
            ],
            [
              0.12281508739650414,
              0.7018140589569161
            ],
            [
              0.12327506899724011,
              0.7033257747543462
            ],
            [
              0.12350505979760809,
              0.7052154195011338
            ],
            [
              0.12350505979760809,
              0.7074829931972789
            ],
            [
              0.12396504139834406,
              0.708994708994709
            ],
            [
              0.12442502299908004,
              0.7105064247921391
            ],
            [
              0.12488500459981601,
              0.7120181405895691
            ],
            [
              0.12488500459981601,
              0.7142857142857143
            ],
            [
              0.12534498620055198,
              0.7157974300831443
            ],
            [
              0.12534498620055198,
              0.7180650037792895
            ],
            [
              0.12580496780128794,
              0.7195767195767195
            ],
            [
              0.12603495860165592,
              0.7214663643235072
            ],
            [
              0.12626494940202393,
              0.7233560090702947
            ],
            [
              0.1267249310027599,
              0.7248677248677249
            ],
            [
              0.1267249310027599,
              0.72713529856387
            ],
            [
              0.12718491260349585,
              0.7286470143613001
            ],
            [
              0.12718491260349585,
              0.7309145880574452
            ],
            [
              0.12741490340386386,
              0.7328042328042328
            ],
            [
              0.12764489420423183,
              0.7346938775510204
            ],
            [
              0.12764489420423183,
              0.7369614512471655
            ],
            [
              0.12764489420423183,
              0.7392290249433107
            ],
            [
              0.1281048758049678,
              0.7407407407407407
            ],
            [
              0.12856485740570378,
              0.7422524565381708
            ],
            [
              0.12879484820607176,
              0.7441421012849584
            ],
            [
              0.12902483900643974,
              0.746031746031746
            ],
            [
              0.12948482060717573,
              0.7475434618291761
            ],
            [
              0.12948482060717573,
              0.7498110355253212
            ],
            [
              0.12948482060717573,
              0.7520786092214664
            ],
            [
              0.12879484820607176,
              0.7532123960695389
            ],
            [
              0.12787488500459981,
              0.753968253968254
            ],
            [
              0.1264949402023919,
              0.753968253968254
            ],
            [
              0.12534498620055198,
              0.7543461829176115
            ],
            [
              0.12419503219871206,
              0.754724111866969
            ],
            [
              0.12304507819687213,
              0.7551020408163265
            ],
            [
              0.12189512419503219,
              0.7554799697656841
            ],
            [
              0.12097516099356026,
              0.7562358276643991
            ],
            [
              0.11959521619135234,
              0.7562358276643991
            ],
            [
              0.11844526218951242,
              0.7566137566137566
            ],
            [
              0.11729530818767249,
              0.7569916855631141
            ],
            [
              0.11637534498620056,
              0.7577475434618292
            ],
            [
              0.11499540018399264,
              0.7577475434618292
            ],
            [
              0.11361545538178473,
              0.7577475434618292
            ],
            [
              0.11269549218031279,
              0.7585034013605442
            ],
            [
              0.11131554737810488,
              0.7585034013605442
            ],
            [
              0.10993560257589696,
              0.7585034013605442
            ],
            [
              0.10901563937442502,
              0.7592592592592593
            ],
            [
              0.10763569457221711,
              0.7592592592592593
            ],
            [
              0.10671573137074516,
              0.7600151171579743
            ]
          ]
        ]
      },
      "properties": {
        "segment_id": 10,
        "area": 5849,
        "bbox": [
          208.0,
          897.0,
          73.0,
          108.0
        ],
        "iou": 0.9465214014053345,
        "stability": 0.9756797552108765,
        "auto_generated": true,
        "model": "segment_anything"
      }
    },
    {
      "type": "Feature",
      "geometry": {
        "type": "Polygon",
        "coordinates": [
          [
            [
              0.24747010119595217,
              0.736583522297808
            ],
            [
              0.24701011959521618,
              0.736583522297808
            ],
            [
              0.24655013799448022,
              0.736583522297808
            ],
            [
              0.24609015639374426,
              0.736583522297808
            ],
            [
              0.24563017479300828,
              0.736583522297808
            ],
            [
              0.24517019319227232,
              0.736583522297808
            ],
            [
              0.24471021159153633,
              0.736583522297808
            ],
            [
              0.24425022999080037,
              0.736583522297808
            ],
            [
              0.24379024839006438,
              0.736583522297808
            ],
            [
              0.24333026678932843,
              0.736583522297808
            ],
            [
              0.24287028518859247,
              0.736583522297808
            ],
            [
              0.24241030358785648,
              0.736583522297808
            ],
            [
              0.24195032198712052,
              0.736583522297808
            ],
            [
              0.24149034038638453,
              0.736583522297808
            ],
            [
              0.24103035878564857,
              0.736583522297808
            ],
            [
              0.24057037718491261,
              0.736583522297808
            ],
            [
              0.24011039558417663,
              0.736583522297808
            ],
            [
              0.23965041398344067,
              0.736583522297808
            ],
            [
              0.23919043238270468,
              0.736583522297808
            ],
            [
              0.23873045078196872,
              0.736583522297808
            ],
            [
              0.23850045998160074,
              0.7362055933484505
            ],
            [
              0.23827046918123276,
              0.735827664399093
            ],
            [
              0.23781048758049678,
              0.735827664399093
            ],
            [
              0.23735050597976082,
              0.735827664399093
            ],
            [
              0.23689052437902483,
              0.735827664399093
            ],
            [
              0.23643054277828887,
              0.735827664399093
            ],
            [
              0.2362005519779209,
              0.7354497354497355
            ],
            [
              0.23597056117755288,
              0.735071806500378
            ],
            [
              0.23551057957681693,
              0.735071806500378
            ],
            [
              0.23528058877644895,
              0.7346938775510204
            ],
            [
              0.23505059797608097,
              0.7343159486016629
            ],
            [
              0.23482060717571296,
              0.7339380196523053
            ],
            [
              0.23482060717571296,
              0.7331821617535903
            ],
            [
              0.23482060717571296,
              0.7324263038548753
            ],
            [
              0.23482060717571296,
              0.7316704459561603
            ],
            [
              0.23459061637534498,
              0.7312925170068028
            ],
            [
              0.234360625574977,
              0.7309145880574452
            ],
            [
              0.23459061637534498,
              0.7305366591080876
            ],
            [
              0.23482060717571296,
              0.7301587301587301
            ],
            [
              0.23482060717571296,
              0.7294028722600151
            ],
            [
              0.23482060717571296,
              0.7286470143613001
            ],
            [
              0.23505059797608097,
              0.7282690854119426
            ],
            [
              0.23528058877644895,
              0.7278911564625851
            ],
            [
              0.23528058877644895,
              0.72713529856387
            ],
            [
              0.23551057957681693,
              0.7267573696145124
            ],
            [
              0.2357405703771849,
              0.7263794406651549
            ],
            [
              0.23597056117755288,
              0.7260015117157974
            ],
            [
              0.2362005519779209,
              0.7256235827664399
            ],
            [
              0.23643054277828887,
              0.7252456538170824
            ],
            [
              0.23666053357865685,
              0.7248677248677249
            ],
            [
              0.23689052437902483,
              0.7244897959183674
            ],
            [
              0.23735050597976082,
              0.7244897959183674
            ],
            [
              0.2375804967801288,
              0.7241118669690099
            ],
            [
              0.23781048758049678,
              0.7237339380196524
            ],
            [
              0.23804047838086476,
              0.7233560090702947
            ],
            [
              0.23827046918123276,
              0.7229780801209372
            ],
            [
              0.23873045078196872,
              0.7229780801209372
            ],
            [
              0.2389604415823367,
              0.7226001511715797
            ],
            [
              0.23919043238270468,
              0.7222222222222222
            ],
            [
              0.23965041398344067,
              0.7222222222222222
            ],
            [
              0.23988040478380865,
              0.7218442932728647
            ],
            [
              0.24011039558417663,
              0.7214663643235072
            ],
            [
              0.24057037718491261,
              0.7214663643235072
            ],
            [
              0.24103035878564857,
              0.7214663643235072
            ],
            [
              0.24149034038638453,
              0.7214663643235072
            ],
            [
              0.24195032198712052,
              0.7214663643235072
            ],
            [
              0.24241030358785648,
              0.7214663643235072
            ],
            [
              0.24264029438822446,
              0.7210884353741497
            ],
            [
              0.24287028518859247,
              0.7207105064247922
            ],
            [
              0.24333026678932843,
              0.7207105064247922
            ],
            [
              0.24379024839006438,
              0.7207105064247922
            ],
            [
              0.2440202391904324,
              0.7203325774754347
            ],
            [
              0.24425022999080037,
              0.719954648526077
            ],
            [
              0.24471021159153633,
              0.719954648526077
            ],
            [
              0.2449402023919043,
              0.7203325774754347
            ],
            [
              0.24517019319227232,
              0.7207105064247922
            ],
            [
              0.24563017479300828,
              0.7207105064247922
            ],
            [
              0.24609015639374426,
              0.7207105064247922
            ],
            [
              0.24655013799448022,
              0.7207105064247922
            ],
            [
              0.24701011959521618,
              0.7207105064247922
            ],
            [
              0.24747010119595217,
              0.7207105064247922
            ],
            [
              0.24793008279668813,
              0.7207105064247922
            ],
            [
              0.24839006439742412,
              0.7207105064247922
            ],
            [
              0.2486200551977921,
              0.7210884353741497
            ],
            [
              0.24885004599816007,
              0.7214663643235072
            ],
            [
              0.24931002759889603,
              0.7214663643235072
            ],
            [
              0.24977000919963202,
              0.7214663643235072
            ],
            [
              0.250229990800368,
              0.7214663643235072
            ],
            [
              0.25068997240110397,
              0.7214663643235072
            ],
            [
              0.2511499540018399,
              0.7214663643235072
            ],
            [
              0.2516099356025759,
              0.7214663643235072
            ],
            [
              0.25206991720331184,
              0.7214663643235072
            ],
            [
              0.25252989880404786,
              0.7214663643235072
            ],
            [
              0.2529898804047838,
              0.7214663643235072
            ],
            [
              0.2534498620055198,
              0.7214663643235072
            ],
            [
              0.25390984360625574,
              0.7214663643235072
            ],
            [
              0.25413983440662374,
              0.7218442932728647
            ],
            [
              0.2543698252069917,
              0.7222222222222222
            ],
            [
              0.2545998160073597,
              0.7226001511715797
            ],
            [
              0.2548298068077277,
              0.7229780801209372
            ],
            [
              0.25505979760809566,
              0.7233560090702947
            ],
            [
              0.25505979760809566,
              0.7241118669690099
            ],
            [
              0.25505979760809566,
              0.7248677248677249
            ],
            [
              0.25505979760809566,
              0.7256235827664399
            ],
            [
              0.25505979760809566,
              0.7263794406651549
            ],
            [
              0.2548298068077277,
              0.7267573696145124
            ],
            [
              0.2545998160073597,
              0.72713529856387
            ],
            [
              0.2545998160073597,
              0.7278911564625851
            ],
            [
              0.2545998160073597,
              0.7286470143613001
            ],
            [
              0.2545998160073597,
              0.7294028722600151
            ],
            [
              0.2543698252069917,
              0.7297808012093726
            ],
            [
              0.25413983440662374,
              0.7301587301587301
            ],
            [
              0.25413983440662374,
              0.7309145880574452
            ],
            [
              0.25390984360625574,
              0.7312925170068028
            ],
            [
              0.2536798528058878,
              0.7316704459561603
            ],
            [
              0.2534498620055198,
              0.7320483749055178
            ],
            [
              0.25321987120515177,
              0.7324263038548753
            ],
            [
              0.2529898804047838,
              0.7328042328042328
            ],
            [
              0.25252989880404786,
              0.7328042328042328
            ],
            [
              0.25229990800367985,
              0.7331821617535903
            ],
            [
              0.25206991720331184,
              0.7335600907029478
            ],
            [
              0.2518399264029439,
              0.7339380196523053
            ],
            [
              0.2516099356025759,
              0.7343159486016629
            ],
            [
              0.2511499540018399,
              0.7343159486016629
            ],
            [
              0.2509199632014719,
              0.7346938775510204
            ],
            [
              0.25068997240110397,
              0.735071806500378
            ],
            [
              0.25045998160073596,
              0.7354497354497355
            ],
            [
              0.250229990800368,
              0.735827664399093
            ],
            [
              0.24977000919963202,
              0.735827664399093
            ],
            [
              0.24931002759889603,
              0.735827664399093
            ],
            [
              0.24885004599816007,
              0.735827664399093
            ],
            [
              0.24839006439742412,
              0.735827664399093
            ],
            [
              0.24793008279668813,
              0.735827664399093
            ],
            [
              0.24770009199632015,
              0.7362055933484505
            ],
            [
              0.24747010119595217,
              0.736583522297808
            ],
            [
              0.24747010119595217,
              0.736583522297808
            ]
          ]
        ]
      },
      "properties": {
        "segment_id": 11,
        "area": 774,
        "bbox": [
          510.0,
          953.0,
          44.0,
          21.0
        ],
        "iou": 0.935312032699585,
        "stability": 0.9757961630821228,
        "auto_generated": true,
        "model": "segment_anything"
      }
    },
    {
      "type": "Feature",
      "geometry": {
        "type": "Polygon",
        "coordinates": [
          [
            [
              0.20331186752529898,
              0.7426303854875284
            ],
            [
              0.20193192272309107,
              0.7426303854875284
            ],
            [
              0.20055197792088317,
              0.7426303854875284
            ],
            [
              0.19917203311867526,
              0.7426303854875284
            ],
            [
              0.19779208831646733,
              0.7426303854875284
            ],
            [
              0.19641214351425942,
              0.7426303854875284
            ],
            [
              0.19503219871205152,
              0.7426303854875284
            ],
            [
              0.1938822447102116,
              0.7422524565381708
            ],
            [
              0.19319227230910763,
              0.7411186696900982
            ],
            [
              0.19273229070837167,
              0.7396069538926682
            ],
            [
              0.1925022999080037,
              0.7377173091458806
            ],
            [
              0.1925022999080037,
              0.7354497354497355
            ],
            [
              0.1925022999080037,
              0.7331821617535903
            ],
            [
              0.1922723091076357,
              0.7312925170068028
            ],
            [
              0.1920423183072677,
              0.7294028722600151
            ],
            [
              0.1920423183072677,
              0.72713529856387
            ],
            [
              0.1920423183072677,
              0.7248677248677249
            ],
            [
              0.1920423183072677,
              0.7226001511715797
            ],
            [
              0.1920423183072677,
              0.7203325774754347
            ],
            [
              0.19158233670653174,
              0.7188208616780045
            ],
            [
              0.1920423183072677,
              0.7173091458805745
            ],
            [
              0.1920423183072677,
              0.7150415721844293
            ],
            [
              0.1920423183072677,
              0.7127739984882842
            ],
            [
              0.19158233670653174,
              0.7112622826908541
            ],
            [
              0.19158233670653174,
              0.708994708994709
            ],
            [
              0.19158233670653174,
              0.7067271352985639
            ],
            [
              0.19158233670653174,
              0.7044595616024187
            ],
            [
              0.19158233670653174,
              0.7021919879062736
            ],
            [
              0.19158233670653174,
              0.6999244142101285
            ],
            [
              0.19158233670653174,
              0.6976568405139834
            ],
            [
              0.19158233670653174,
              0.6953892668178382
            ],
            [
              0.19158233670653174,
              0.6931216931216931
            ],
            [
              0.19158233670653174,
              0.690854119425548
            ],
            [
              0.19135234590616376,
              0.6889644746787604
            ],
            [
              0.19112235510579575,
              0.6870748299319728
            ],
            [
              0.19112235510579575,
              0.6848072562358276
            ],
            [
              0.19112235510579575,
              0.6825396825396826
            ],
            [
              0.19112235510579575,
              0.6802721088435374
            ],
            [
              0.19112235510579575,
              0.6780045351473923
            ],
            [
              0.19112235510579575,
              0.6757369614512472
            ],
            [
              0.19112235510579575,
              0.673469387755102
            ],
            [
              0.19112235510579575,
              0.671201814058957
            ],
            [
              0.19089236430542778,
              0.6693121693121693
            ],
            [
              0.1906623735050598,
              0.6674225245653818
            ],
            [
              0.1906623735050598,
              0.6651549508692366
            ],
            [
              0.19112235510579575,
              0.6636432350718064
            ],
            [
              0.19112235510579575,
              0.6613756613756614
            ],
            [
              0.19135234590616376,
              0.6594860166288737
            ],
            [
              0.1920423183072677,
              0.6583522297808012
            ],
            [
              0.19273229070837167,
              0.6572184429327287
            ],
            [
              0.1938822447102116,
              0.6568405139833712
            ],
            [
              0.19503219871205152,
              0.6564625850340136
            ],
            [
              0.19641214351425942,
              0.6564625850340136
            ],
            [
              0.19779208831646733,
              0.6564625850340136
            ],
            [
              0.19871205151793928,
              0.6557067271352985
            ],
            [
              0.19963201471941122,
              0.6564625850340136
            ],
            [
              0.20078196872125115,
              0.6568405139833712
            ],
            [
              0.20193192272309107,
              0.6572184429327287
            ],
            [
              0.20285188592456302,
              0.6564625850340136
            ],
            [
              0.20423183072677092,
              0.6564625850340136
            ],
            [
              0.20561177552897883,
              0.6564625850340136
            ],
            [
              0.2063017479300828,
              0.6575963718820862
            ],
            [
              0.20676172953081876,
              0.6591080876795162
            ],
            [
              0.20676172953081876,
              0.6613756613756614
            ],
            [
              0.20722171113155474,
              0.6628873771730914
            ],
            [
              0.20722171113155474,
              0.6651549508692366
            ],
            [
              0.20722171113155474,
              0.6674225245653818
            ],
            [
              0.20722171113155474,
              0.6696900982615268
            ],
            [
              0.20722171113155474,
              0.671957671957672
            ],
            [
              0.20722171113155474,
              0.674225245653817
            ],
            [
              0.20722171113155474,
              0.6764928193499622
            ],
            [
              0.20722171113155474,
              0.6787603930461074
            ],
            [
              0.20722171113155474,
              0.6810279667422524
            ],
            [
              0.20722171113155474,
              0.6832955404383976
            ],
            [
              0.20722171113155474,
              0.6855631141345427
            ],
            [
              0.20722171113155474,
              0.6878306878306878
            ],
            [
              0.2076816927322907,
              0.6893424036281179
            ],
            [
              0.2076816927322907,
              0.691609977324263
            ],
            [
              0.2076816927322907,
              0.6938775510204082
            ],
            [
              0.2076816927322907,
              0.6961451247165533
            ],
            [
              0.2076816927322907,
              0.6984126984126984
            ],
            [
              0.2076816927322907,
              0.7006802721088435
            ],
            [
              0.2076816927322907,
              0.7029478458049887
            ],
            [
              0.2081416743330267,
              0.7044595616024187
            ],
            [
              0.2081416743330267,
              0.7067271352985639
            ],
            [
              0.2081416743330267,
              0.708994708994709
            ],
            [
              0.2081416743330267,
              0.7112622826908541
            ],
            [
              0.2081416743330267,
              0.7135298563869993
            ],
            [
              0.2081416743330267,
              0.7157974300831443
            ],
            [
              0.20791168353265868,
              0.717687074829932
            ],
            [
              0.2076816927322907,
              0.7195767195767195
            ],
            [
              0.2081416743330267,
              0.7210884353741497
            ],
            [
              0.2081416743330267,
              0.7233560090702947
            ],
            [
              0.2081416743330267,
              0.7256235827664399
            ],
            [
              0.2081416743330267,
              0.7278911564625851
            ],
            [
              0.2081416743330267,
              0.7301587301587301
            ],
            [
              0.2081416743330267,
              0.7324263038548753
            ],
            [
              0.2081416743330267,
              0.7346938775510204
            ],
            [
              0.2081416743330267,
              0.7369614512471655
            ],
            [
              0.20791168353265868,
              0.7388510959939532
            ],
            [
              0.20745170193192272,
              0.7403628117913832
            ],
            [
              0.20653173873045078,
              0.7411186696900982
            ],
            [
              0.20538178472861085,
              0.7414965986394558
            ],
            [
              0.20423183072677092,
              0.7418745275888133
            ],
            [
              0.20331186752529898,
              0.7426303854875284
            ]
          ]
        ]
      },
      "properties": {
        "segment_id": 12,
        "area": 3943,
        "bbox": [
          415.0,
          868.0,
          37.0,
          114.0
        ],
        "iou": 0.9322242736816406,
        "stability": 0.9726817011833191,
        "auto_generated": true,
        "model": "segment_anything"
      }
    },
    {
      "type": "Feature",
      "geometry": {
        "type": "Polygon",
        "coordinates": [
          [
            [
              0.0,
              0.9459561602418746
            ],
            [
              0.00045998160073597056,
              0.9459561602418746
            ],
            [
              0.0009199632014719411,
              0.9459561602418746
            ],
            [
              0.0013799448022079118,
              0.9459561602418746
            ],
            [
              0.0018399264029438822,
              0.9459561602418746
            ],
            [
              0.0022999080036798527,
              0.9459561602418746
            ],
            [
              0.0027598896044158236,
              0.9459561602418746
            ],
            [
              0.003219871205151794,
              0.9459561602418746
            ],
            [
              0.0036798528058877645,
              0.9459561602418746
            ],
            [
              0.004139834406623735,
              0.9459561602418746
            ],
            [
              0.004599816007359705,
              0.9459561602418746
            ],
            [
              0.005059797608095676,
              0.9459561602418746
            ],
            [
              0.0052897884084636615,
              0.9463340891912321
            ],
            [
              0.005519779208831647,
              0.9467120181405896
            ],
            [
              0.005979760809567618,
              0.9467120181405896
            ],
            [
              0.006209751609935602,
              0.9470899470899471
            ],
            [
              0.006439742410303588,
              0.9474678760393046
            ],
            [
              0.0068997240110395585,
              0.9474678760393046
            ],
            [
              0.007359705611775529,
              0.9474678760393046
            ],
            [
              0.007589696412143515,
              0.9478458049886621
            ],
            [
              0.0078196872125115,
              0.9482237339380196
            ],
            [
              0.008049678012879485,
              0.9478458049886621
            ],
            [
              0.00827966881324747,
              0.9474678760393046
            ],
            [
              0.008739650413983441,
              0.9474678760393046
            ],
            [
              0.008969641214351426,
              0.9470899470899471
            ],
            [
              0.00919963201471941,
              0.9467120181405896
            ],
            [
              0.009659613615455382,
              0.9467120181405896
            ],
            [
              0.009889604415823367,
              0.9463340891912321
            ],
            [
              0.010119595216191352,
              0.9459561602418746
            ],
            [
              0.010579576816927323,
              0.9459561602418746
            ],
            [
              0.011039558417663294,
              0.9459561602418746
            ],
            [
              0.011269549218031279,
              0.9463340891912321
            ],
            [
              0.011499540018399264,
              0.9467120181405896
            ],
            [
              0.011959521619135235,
              0.9467120181405896
            ],
            [
              0.012419503219871205,
              0.9467120181405896
            ],
            [
              0.012879484820607176,
              0.9467120181405896
            ],
            [
              0.01310947562097516,
              0.9470899470899471
            ],
            [
              0.013339466421343146,
              0.9474678760393046
            ],
            [
              0.013569457221711132,
              0.9478458049886621
            ],
            [
              0.013799448022079117,
              0.9482237339380196
            ],
            [
              0.014029438822447102,
              0.9486016628873771
            ],
            [
              0.014259429622815088,
              0.9489795918367347
            ],
            [
              0.014489420423183073,
              0.9493575207860923
            ],
            [
              0.014719411223551058,
              0.9497354497354498
            ],
            [
              0.01517939282428703,
              0.9497354497354498
            ],
            [
              0.015409383624655014,
              0.9501133786848073
            ],
            [
              0.015639374425023,
              0.9504913076341648
            ],
            [
              0.01609935602575897,
              0.9504913076341648
            ],
            [
              0.01655933762649494,
              0.9504913076341648
            ],
            [
              0.01701931922723091,
              0.9504913076341648
            ],
            [
              0.017249310027598896,
              0.9508692365835223
            ],
            [
              0.017479300827966882,
              0.9512471655328798
            ],
            [
              0.017939282428702852,
              0.9512471655328798
            ],
            [
              0.01816927322907084,
              0.9516250944822373
            ],
            [
              0.01839926402943882,
              0.9520030234315948
            ],
            [
              0.018859245630174794,
              0.9520030234315948
            ],
            [
              0.019319227230910764,
              0.9520030234315948
            ],
            [
              0.01954921803127875,
              0.9523809523809523
            ],
            [
              0.019779208831646734,
              0.95275888133031
            ],
            [
              0.02000919963201472,
              0.9531368102796675
            ],
            [
              0.020239190432382703,
              0.953514739229025
            ],
            [
              0.02046918123275069,
              0.9538926681783825
            ],
            [
              0.020699172033118676,
              0.95427059712774
            ],
            [
              0.02092916283348666,
              0.9546485260770975
            ],
            [
              0.02092916283348666,
              0.9554043839758125
            ],
            [
              0.02092916283348666,
              0.9561602418745276
            ],
            [
              0.021159153633854646,
              0.9565381708238851
            ],
            [
              0.021389144434222632,
              0.9569160997732427
            ],
            [
              0.021389144434222632,
              0.9576719576719577
            ],
            [
              0.021619135234590615,
              0.9580498866213152
            ],
            [
              0.021849126034958602,
              0.9584278155706727
            ],
            [
              0.021849126034958602,
              0.9591836734693877
            ],
            [
              0.021849126034958602,
              0.9599395313681028
            ],
            [
              0.02207911683532659,
              0.9603174603174603
            ],
            [
              0.02230910763569457,
              0.9606953892668179
            ],
            [
              0.02230910763569457,
              0.9614512471655329
            ],
            [
              0.02230910763569457,
              0.9622071050642479
            ],
            [
              0.02230910763569457,
              0.9629629629629629
            ],
            [
              0.02230910763569457,
              0.963718820861678
            ],
            [
              0.02230910763569457,
              0.9644746787603931
            ],
            [
              0.02230910763569457,
              0.9652305366591081
            ],
            [
              0.02230910763569457,
              0.9659863945578231
            ],
            [
              0.02230910763569457,
              0.9667422524565382
            ],
            [
              0.02230910763569457,
              0.9674981103552532
            ],
            [
              0.02230910763569457,
              0.9682539682539683
            ],
            [
              0.02230910763569457,
              0.9690098261526833
            ],
            [
              0.02207911683532659,
              0.9693877551020408
            ],
            [
              0.021849126034958602,
              0.9697656840513983
            ],
            [
              0.021849126034958602,
              0.9705215419501134
            ],
            [
              0.021849126034958602,
              0.9712773998488284
            ],
            [
              0.02207911683532659,
              0.971655328798186
            ],
            [
              0.02230910763569457,
              0.9720332577475435
            ],
            [
              0.02230910763569457,
              0.9727891156462585
            ],
            [
              0.022539098436062558,
              0.973167044595616
            ],
            [
              0.02276908923643054,
              0.9735449735449735
            ],
            [
              0.02276908923643054,
              0.9743008314436886
            ],
            [
              0.02276908923643054,
              0.9750566893424036
            ],
            [
              0.02276908923643054,
              0.9758125472411187
            ],
            [
              0.02276908923643054,
              0.9765684051398337
            ],
            [
              0.022539098436062558,
              0.9769463340891912
            ],
            [
              0.02230910763569457,
              0.9773242630385488
            ],
            [
              0.02230910763569457,
              0.9780801209372638
            ],
            [
              0.02230910763569457,
              0.9788359788359788
            ],
            [
              0.02207911683532659,
              0.9792139077853363
            ],
            [
              0.021849126034958602,
              0.9795918367346939
            ],
            [
              0.021849126034958602,
              0.9803476946334089
            ],
            [
              0.021619135234590615,
              0.9807256235827665
            ],
            [
              0.021389144434222632,
              0.981103552532124
            ],
            [
              0.021389144434222632,
              0.981859410430839
            ],
            [
              0.021159153633854646,
              0.9822373393801965
            ],
            [
              0.02092916283348666,
              0.982615268329554
            ],
            [
              0.02092916283348666,
              0.983371126228269
            ],
            [
              0.02092916283348666,
              0.9841269841269841
            ],
            [
              0.02092916283348666,
              0.9848828420256992
            ],
            [
              0.02092916283348666,
              0.9856386999244142
            ],
            [
              0.02092916283348666,
              0.9863945578231292
            ],
            [
              0.02092916283348666,
              0.9871504157218443
            ],
            [
              0.020699172033118676,
              0.9875283446712018
            ],
            [
              0.02046918123275069,
              0.9879062736205594
            ],
            [
              0.02046918123275069,
              0.9886621315192744
            ],
            [
              0.020239190432382703,
              0.9890400604686319
            ],
            [
              0.02000919963201472,
              0.9894179894179894
            ],
            [
              0.02000919963201472,
              0.9901738473167044
            ],
            [
              0.02000919963201472,
              0.9909297052154195
            ],
            [
              0.02000919963201472,
              0.9916855631141346
            ],
            [
              0.02000919963201472,
              0.9924414210128496
            ],
            [
              0.02000919963201472,
              0.9931972789115646
            ],
            [
              0.02000919963201472,
              0.9939531368102796
            ],
            [
              0.019779208831646734,
              0.9943310657596371
            ],
            [
              0.01954921803127875,
              0.9947089947089947
            ],
            [
              0.019319227230910764,
              0.9950869236583523
            ],
            [
              0.019089236430542778,
              0.9954648526077098
            ],
            [
              0.018859245630174794,
              0.9958427815570673
            ],
            [
              0.01839926402943882,
              0.9958427815570673
            ],
            [
              0.017939282428702852,
              0.9958427815570673
            ],
            [
              0.017709291628334865,
              0.9962207105064248
            ],
            [
              0.017479300827966882,
              0.9965986394557823
            ],
            [
              0.01701931922723091,
              0.9965986394557823
            ],
            [
              0.01655933762649494,
              0.9965986394557823
            ],
            [
              0.01609935602575897,
              0.9965986394557823
            ],
            [
              0.015639374425023,
              0.9965986394557823
            ],
            [
              0.015409383624655014,
              0.9969765684051398
            ],
            [
              0.01517939282428703,
              0.9973544973544973
            ],
            [
              0.014719411223551058,
              0.9973544973544973
            ],
            [
              0.014259429622815088,
              0.9973544973544973
            ],
            [
              0.013799448022079117,
              0.9973544973544973
            ],
            [
              0.013339466421343146,
              0.9973544973544973
            ],
            [
              0.012879484820607176,
              0.9973544973544973
            ],
            [
              0.012419503219871205,
              0.9973544973544973
            ],
            [
              0.011959521619135235,
              0.9973544973544973
            ],
            [
              0.011499540018399264,
              0.9973544973544973
            ],
            [
              0.011039558417663294,
              0.9973544973544973
            ],
            [
              0.010579576816927323,
              0.9973544973544973
            ],
            [
              0.010119595216191352,
              0.9973544973544973
            ],
            [
              0.009659613615455382,
              0.9973544973544973
            ],
            [
              0.00919963201471941,
              0.9973544973544973
            ],
            [
              0.008739650413983441,
              0.9973544973544973
            ],
            [
              0.00827966881324747,
              0.9973544973544973
            ],
            [
              0.0078196872125115,
              0.9973544973544973
            ],
            [
              0.007359705611775529,
              0.9973544973544973
            ],
            [
              0.0068997240110395585,
              0.9973544973544973
            ],
            [
              0.006439742410303588,
              0.9973544973544973
            ],
            [
              0.005979760809567618,
              0.9973544973544973
            ],
            [
              0.005519779208831647,
              0.9973544973544973
            ],
            [
              0.005059797608095676,
              0.9973544973544973
            ],
            [
              0.004599816007359705,
              0.9973544973544973
            ],
            [
              0.004139834406623735,
              0.9973544973544973
            ],
            [
              0.0036798528058877645,
              0.9973544973544973
            ],
            [
              0.003219871205151794,
              0.9973544973544973
            ],
            [
              0.0027598896044158236,
              0.9973544973544973
            ],
            [
              0.0022999080036798527,
              0.9973544973544973
            ],
            [
              0.0018399264029438822,
              0.9973544973544973
            ],
            [
              0.0013799448022079118,
              0.9973544973544973
            ],
            [
              0.0009199632014719411,
              0.9973544973544973
            ],
            [
              0.00045998160073597056,
              0.9973544973544973
            ],
            [
              0.0,
              0.9973544973544973
            ],
            [
              0.0,
              0.9459561602418746
            ]
          ]
        ]
      },
      "properties": {
        "segment_id": 13,
        "area": 3045,
        "bbox": [
          0.0,
          1252.0,
          49.0,
          67.0
        ],
        "iou": 0.8771257400512695,
        "stability": 0.9228832125663757,
        "auto_generated": true,
        "model": "segment_anything"
      }
    },
    {
      "type": "Feature",
      "geometry": {
        "type": "Polygon",
        "coordinates": [
          [
            [
              0.7102115915363385,
              0.5249433106575964
            ],
            [
              0.7092916283348666,
              0.5249433106575964
            ],
            [
              0.7083716651333947,
              0.5249433106575964
            ],
            [
              0.7079116835326587,
              0.5241874527588813
            ],
            [
              0.7069917203311867,
              0.5241874527588813
            ],
            [
              0.7063017479300828,
              0.5238095238095238
            ],
            [
              0.7056117755289788,
              0.5234315948601663
            ],
            [
              0.7049218031278749,
              0.5230536659108088
            ],
            [
              0.704231830726771,
              0.5226757369614512
            ],
            [
              0.703311867525299,
              0.5226757369614512
            ],
            [
              0.702391904323827,
              0.5226757369614512
            ],
            [
              0.7014719411223551,
              0.5226757369614512
            ],
            [
              0.7005519779208832,
              0.5226757369614512
            ],
            [
              0.6996320147194113,
              0.5226757369614512
            ],
            [
              0.6991720331186753,
              0.5219198790627362
            ],
            [
              0.6982520699172033,
              0.5219198790627362
            ],
            [
              0.6973321067157314,
              0.5219198790627362
            ],
            [
              0.6966421343146274,
              0.5215419501133787
            ],
            [
              0.6959521619135235,
              0.5211640211640212
            ],
            [
              0.6950321987120515,
              0.5211640211640212
            ],
            [
              0.6943422263109476,
              0.5207860922146637
            ],
            [
              0.6936522539098436,
              0.5204081632653061
            ],
            [
              0.6927322907083716,
              0.5204081632653061
            ],
            [
              0.6922723091076357,
              0.5196523053665911
            ],
            [
              0.6915823367065317,
              0.5192743764172335
            ],
            [
              0.6908923643054278,
              0.518896447467876
            ],
            [
              0.6904323827046918,
              0.518140589569161
            ],
            [
              0.6902023919043239,
              0.5170068027210885
            ],
            [
              0.6897424103035878,
              0.5162509448223734
            ],
            [
              0.6892824287028518,
              0.5154950869236583
            ],
            [
              0.6892824287028518,
              0.5139833711262283
            ],
            [
              0.6888224471021159,
              0.5132275132275133
            ],
            [
              0.6888224471021159,
              0.5117157974300831
            ],
            [
              0.6888224471021159,
              0.5102040816326531
            ],
            [
              0.6888224471021159,
              0.5086923658352229
            ],
            [
              0.6888224471021159,
              0.5071806500377929
            ],
            [
              0.6892824287028518,
              0.5064247921390779
            ],
            [
              0.6892824287028518,
              0.5049130763416477
            ],
            [
              0.6895124195032198,
              0.5037792894935752
            ],
            [
              0.6897424103035878,
              0.5026455026455027
            ],
            [
              0.6899724011039559,
              0.50151171579743
            ],
            [
              0.6904323827046918,
              0.500755857898715
            ],
            [
              0.6906623735050598,
              0.4996220710506425
            ],
            [
              0.6911223551057958,
              0.4988662131519274
            ],
            [
              0.6915823367065317,
              0.4981103552532124
            ],
            [
              0.6922723091076357,
              0.4977324263038549
            ],
            [
              0.6927322907083716,
              0.4969765684051398
            ],
            [
              0.6936522539098436,
              0.4969765684051398
            ],
            [
              0.6945722171113156,
              0.4969765684051398
            ],
            [
              0.6954921803127875,
              0.4969765684051398
            ],
            [
              0.6964121435142594,
              0.4969765684051398
            ],
            [
              0.6973321067157314,
              0.4969765684051398
            ],
            [
              0.6982520699172033,
              0.4969765684051398
            ],
            [
              0.6991720331186753,
              0.4969765684051398
            ],
            [
              0.6996320147194113,
              0.4962207105064248
            ],
            [
              0.7005519779208832,
              0.4962207105064248
            ],
            [
              0.7012419503219871,
              0.4958427815570673
            ],
            [
              0.7017019319227231,
              0.4950869236583522
            ],
            [
              0.702391904323827,
              0.4947089947089947
            ],
            [
              0.702851885924563,
              0.4939531368102797
            ],
            [
              0.703311867525299,
              0.4931972789115646
            ],
            [
              0.703771849126035,
              0.4924414210128496
            ],
            [
              0.704231830726771,
              0.4916855631141345
            ],
            [
              0.7049218031278749,
              0.491307634164777
            ],
            [
              0.7056117755289788,
              0.4909297052154195
            ],
            [
              0.7063017479300828,
              0.490551776266062
            ],
            [
              0.7069917203311867,
              0.49017384731670444
            ],
            [
              0.7079116835326587,
              0.49017384731670444
            ],
            [
              0.7083716651333947,
              0.4894179894179894
            ],
            [
              0.7092916283348666,
              0.4894179894179894
            ],
            [
              0.7102115915363385,
              0.4894179894179894
            ],
            [
              0.7111315547378105,
              0.4894179894179894
            ],
            [
              0.7118215271389144,
              0.4897959183673469
            ],
            [
              0.7125114995400184,
              0.49017384731670444
            ],
            [
              0.7134314627414904,
              0.49017384731670444
            ],
            [
              0.7141214351425943,
              0.490551776266062
            ],
            [
              0.7148114075436982,
              0.4909297052154195
            ],
            [
              0.7152713891444342,
              0.4916855631141345
            ],
            [
              0.7157313707451702,
              0.4924414210128496
            ],
            [
              0.7161913523459061,
              0.4931972789115646
            ],
            [
              0.7166513339466422,
              0.4939531368102797
            ],
            [
              0.7168813247470102,
              0.4950869236583522
            ],
            [
              0.7173413063477461,
              0.4958427815570673
            ],
            [
              0.7173413063477461,
              0.4973544973544973
            ],
            [
              0.7175712971481141,
              0.4984882842025699
            ],
            [
              0.7178012879484821,
              0.4996220710506425
            ],
            [
              0.7178012879484821,
              0.5011337868480725
            ],
            [
              0.718261269549218,
              0.5018896447467877
            ],
            [
              0.718261269549218,
              0.5034013605442177
            ],
            [
              0.718261269549218,
              0.5049130763416477
            ],
            [
              0.7178012879484821,
              0.5056689342403629
            ],
            [
              0.7178012879484821,
              0.5071806500377929
            ],
            [
              0.7178012879484821,
              0.5086923658352229
            ],
            [
              0.7173413063477461,
              0.509448223733938
            ],
            [
              0.7173413063477461,
              0.5109599395313681
            ],
            [
              0.7168813247470102,
              0.5117157974300831
            ],
            [
              0.7166513339466422,
              0.5128495842781557
            ],
            [
              0.7164213431462741,
              0.5139833711262283
            ],
            [
              0.7159613615455381,
              0.5147392290249433
            ],
            [
              0.7157313707451702,
              0.5158730158730159
            ],
            [
              0.7152713891444342,
              0.516628873771731
            ],
            [
              0.7148114075436982,
              0.517384731670446
            ],
            [
              0.7143514259429623,
              0.518140589569161
            ],
            [
              0.7141214351425943,
              0.5192743764172335
            ],
            [
              0.7136614535418583,
              0.5200302343159486
            ],
            [
              0.7132014719411224,
              0.5207860922146637
            ],
            [
              0.7129714811407544,
              0.5219198790627362
            ],
            [
              0.7127414903403864,
              0.5230536659108088
            ],
            [
              0.7122815087396505,
              0.5238095238095238
            ],
            [
              0.7115915363385464,
              0.5241874527588813
            ],
            [
              0.7106715731370745,
              0.5241874527588813
            ],
            [
              0.7102115915363385,
              0.5249433106575964
            ]
          ]
        ]
      },
      "properties": {
        "segment_id": 14,
        "area": 2230,
        "bbox": [
          1498.0,
          648.0,
          63.0,
          46.0
        ],
        "iou": 0.8888309001922607,
        "stability": 0.9756421446800232,
        "auto_generated": true,
        "model": "segment_anything"
      }
    },
    {
      "type": "Feature",
      "geometry": {
        "type": "Polygon",
        "coordinates": [
          [
            [
              0.21573137074517018,
              0.7441421012849584
            ],
            [
              0.21343146274149033,
              0.7441421012849584
            ],
            [
              0.21159153633854647,
              0.7433862433862434
            ],
            [
              0.20975160993560257,
              0.7426303854875284
            ],
            [
              0.20837166513339467,
              0.7411186696900982
            ],
            [
              0.20653173873045078,
              0.7418745275888133
            ],
            [
              0.2046918123275069,
              0.7426303854875284
            ],
            [
              0.20239190432382706,
              0.7426303854875284
            ],
            [
              0.20009199632014718,
              0.7426303854875284
            ],
            [
              0.19825206991720332,
              0.7433862433862434
            ],
            [
              0.19595216191352346,
              0.7433862433862434
            ],
            [
              0.19411223551057957,
              0.7426303854875284
            ],
            [
              0.19296228150873965,
              0.7407407407407407
            ],
            [
              0.1925022999080037,
              0.7377173091458806
            ],
            [
              0.1925022999080037,
              0.7339380196523053
            ],
            [
              0.1920423183072677,
              0.7309145880574452
            ],
            [
              0.1920423183072677,
              0.72713529856387
            ],
            [
              0.1920423183072677,
              0.7233560090702947
            ],
            [
              0.19181232750689972,
              0.719954648526077
            ],
            [
              0.19158233670653174,
              0.7165532879818595
            ],
            [
              0.19112235510579575,
              0.7135298563869993
            ],
            [
              0.19112235510579575,
              0.7097505668934241
            ],
            [
              0.19112235510579575,
              0.7059712773998488
            ],
            [
              0.19112235510579575,
              0.7021919879062736
            ],
            [
              0.19112235510579575,
              0.6984126984126984
            ],
            [
              0.19112235510579575,
              0.6946334089191232
            ],
            [
              0.1906623735050598,
              0.691609977324263
            ],
            [
              0.19020239190432384,
              0.6885865457294029
            ],
            [
              0.1906623735050598,
              0.6855631141345427
            ],
            [
              0.19020239190432384,
              0.6825396825396826
            ],
            [
              0.19020239190432384,
              0.6787603930461074
            ],
            [
              0.19020239190432384,
              0.6749811035525322
            ],
            [
              0.19020239190432384,
              0.671201814058957
            ],
            [
              0.18997240110395583,
              0.6678004535147393
            ],
            [
              0.18974241030358785,
              0.6643990929705216
            ],
            [
              0.1906623735050598,
              0.6621315192743764
            ],
            [
              0.19135234590616376,
              0.6594860166288737
            ],
            [
              0.1925022999080037,
              0.6575963718820862
            ],
            [
              0.1938822447102116,
              0.656084656084656
            ],
            [
              0.19572217111315549,
              0.655328798185941
            ],
            [
              0.19733210671573137,
              0.6541950113378685
            ],
            [
              0.19894204231830726,
              0.6530612244897959
            ],
            [
              0.2003219871205152,
              0.6515495086923658
            ],
            [
              0.20193192272309107,
              0.6504157218442933
            ],
            [
              0.20400183992640294,
              0.6500377928949358
            ],
            [
              0.20561177552897883,
              0.6489040060468632
            ],
            [
              0.20699172033118676,
              0.6473922902494331
            ],
            [
              0.20837166513339467,
              0.645880574452003
            ],
            [
              0.20998160073597055,
              0.6447467876039304
            ],
            [
              0.21159153633854647,
              0.6436130007558579
            ],
            [
              0.21320147194112235,
              0.6424792139077853
            ],
            [
              0.21504139834406624,
              0.6417233560090703
            ],
            [
              0.2168813247470101,
              0.6409674981103552
            ],
            [
              0.21849126034958602,
              0.6398337112622827
            ],
            [
              0.2203311867525299,
              0.6390778533635676
            ],
            [
              0.22263109475620976,
              0.6390778533635676
            ],
            [
              0.22424103035878565,
              0.6386999244142101
            ],
            [
              0.22631094756209752,
              0.6390778533635676
            ],
            [
              0.2279208831646734,
              0.6402116402116402
            ],
            [
              0.22999080036798528,
              0.6405895691609977
            ],
            [
              0.23183072677092917,
              0.6413454270597128
            ],
            [
              0.23367065317387303,
              0.6405895691609977
            ],
            [
              0.23597056117755288,
              0.6405895691609977
            ],
            [
              0.23781048758049678,
              0.6398337112622827
            ],
            [
              0.23988040478380865,
              0.6402116402116402
            ],
            [
              0.24149034038638453,
              0.6413454270597128
            ],
            [
              0.24264029438822446,
              0.6432350718065004
            ],
            [
              0.2435602575896964,
              0.6455026455026455
            ],
            [
              0.2435602575896964,
              0.6492819349962207
            ],
            [
              0.2435602575896964,
              0.6530612244897959
            ],
            [
              0.2440202391904324,
              0.656084656084656
            ],
            [
              0.2440202391904324,
              0.6598639455782312
            ],
            [
              0.2440202391904324,
              0.6636432350718064
            ],
            [
              0.24448022079116835,
              0.6666666666666666
            ],
            [
              0.24448022079116835,
              0.6704459561602418
            ],
            [
              0.24448022079116835,
              0.674225245653817
            ],
            [
              0.24448022079116835,
              0.6780045351473923
            ],
            [
              0.24448022079116835,
              0.6817838246409675
            ],
            [
              0.24448022079116835,
              0.6855631141345427
            ],
            [
              0.24448022079116835,
              0.6893424036281179
            ],
            [
              0.24448022079116835,
              0.6931216931216931
            ],
            [
              0.24448022079116835,
              0.6969009826152683
            ],
            [
              0.24448022079116835,
              0.7006802721088435
            ],
            [
              0.24448022079116835,
              0.7044595616024187
            ],
            [
              0.2440202391904324,
              0.7074829931972789
            ],
            [
              0.2435602575896964,
              0.7105064247921391
            ],
            [
              0.2440202391904324,
              0.7135298563869993
            ],
            [
              0.2435602575896964,
              0.7165532879818595
            ],
            [
              0.24172033118675254,
              0.7173091458805745
            ],
            [
              0.2403403863845446,
              0.7188208616780045
            ],
            [
              0.2394204231830727,
              0.7210884353741497
            ],
            [
              0.23850045998160074,
              0.7233560090702947
            ],
            [
              0.23735050597976082,
              0.7252456538170824
            ],
            [
              0.23597056117755288,
              0.7267573696145124
            ],
            [
              0.23459061637534498,
              0.7282690854119426
            ],
            [
              0.23367065317387303,
              0.7305366591080876
            ],
            [
              0.23229070837166513,
              0.7320483749055178
            ],
            [
              0.23091076356945722,
              0.7335600907029478
            ],
            [
              0.22930082796688134,
              0.7346938775510204
            ],
            [
              0.22746090156393745,
              0.7354497354497355
            ],
            [
              0.22585096596136153,
              0.736583522297808
            ],
            [
              0.2247010119595216,
              0.7384731670445956
            ],
            [
              0.22401103955841767,
              0.7411186696900982
            ],
            [
              0.22263109475620976,
              0.7426303854875284
            ],
            [
              0.2205611775528979,
              0.7430083144368859
            ],
            [
              0.21849126034958602,
              0.7433862433862434
            ],
            [
              0.21619135234590617,
              0.7433862433862434
            ],
            [
              0.21573137074517018,
              0.7441421012849584
            ]
          ]
        ]
      },
      "properties": {
        "segment_id": 15,
        "area": 14123,
        "bbox": [
          413.0,
          845.0,
          118.0,
          139.0
        ],
        "iou": 0.8707472681999207,
        "stability": 0.9568630456924438,
        "auto_generated": true,
        "model": "segment_anything"
      }
    },
    {
      "type": "Feature",
      "geometry": {
        "type": "Polygon",
        "coordinates": [
          [
            [
              0.7019319227230911,
              0.6844293272864701
            ],
            [
              0.6987120515179392,
              0.6836734693877551
            ],
            [
              0.6954921803127875,
              0.6829176114890401
            ],
            [
              0.6934222631094756,
              0.6802721088435374
            ],
            [
              0.6929622815087396,
              0.6749811035525322
            ],
            [
              0.6948022079116836,
              0.671957671957672
            ],
            [
              0.6971021159153634,
              0.6696900982615268
            ],
            [
              0.6991720331186753,
              0.6670445956160241
            ],
            [
              0.7012419503219871,
              0.6643990929705216
            ],
            [
              0.704231830726771,
              0.6632653061224489
            ],
            [
              0.7069917203311867,
              0.6617535903250189
            ],
            [
              0.7095216191352346,
              0.6598639455782312
            ],
            [
              0.7115915363385464,
              0.6572184429327287
            ],
            [
              0.7136614535418583,
              0.654572940287226
            ],
            [
              0.7150413983440662,
              0.6507936507936508
            ],
            [
              0.7155013799448022,
              0.6455026455026455
            ],
            [
              0.7150413983440662,
              0.6402116402116402
            ],
            [
              0.7145814167433303,
              0.6349206349206349
            ],
            [
              0.7136614535418583,
              0.6303854875283447
            ],
            [
              0.7127414903403864,
              0.6258503401360545
            ],
            [
              0.7132014719411224,
              0.6205593348450491
            ],
            [
              0.7141214351425943,
              0.6160241874527589
            ],
            [
              0.7155013799448022,
              0.6122448979591837
            ],
            [
              0.7173413063477461,
              0.6092214663643235
            ],
            [
              0.7178012879484821,
              0.6039304610733183
            ],
            [
              0.7168813247470102,
              0.5993953136810279
            ],
            [
              0.7159613615455381,
              0.5948601662887377
            ],
            [
              0.7150413983440662,
              0.5903250188964475
            ],
            [
              0.7141214351425943,
              0.5857898715041572
            ],
            [
              0.7136614535418583,
              0.5804988662131519
            ],
            [
              0.7127414903403864,
              0.5759637188208617
            ],
            [
              0.7122815087396505,
              0.5706727135298564
            ],
            [
              0.7109015639374425,
              0.5668934240362812
            ],
            [
              0.7129714811407544,
              0.5642479213907785
            ],
            [
              0.7148114075436982,
              0.5612244897959183
            ],
            [
              0.7164213431462741,
              0.5578231292517006
            ],
            [
              0.7155013799448022,
              0.5532879818594104
            ],
            [
              0.7178012879484821,
              0.5510204081632653
            ],
            [
              0.7196412143514259,
              0.5479969765684052
            ],
            [
              0.7219411223551058,
              0.5479969765684052
            ],
            [
              0.7249310027598896,
              0.5491307634164777
            ],
            [
              0.7270009199632015,
              0.5517762660619804
            ],
            [
              0.7276908923643054,
              0.5566893424036281
            ],
            [
              0.7283808647654094,
              0.5616024187452758
            ],
            [
              0.7304507819687213,
              0.5627362055933485
            ],
            [
              0.7313707451701932,
              0.5589569160997733
            ],
            [
              0.7306807727690893,
              0.5540438397581254
            ],
            [
              0.7302207911683533,
              0.5487528344671202
            ],
            [
              0.7322907083716651,
              0.5461073318216175
            ],
            [
              0.735280588776449,
              0.54572940287226
            ],
            [
              0.7380404783808647,
              0.54724111866969
            ],
            [
              0.7410303587856486,
              0.5483749055177627
            ],
            [
              0.7444802207911684,
              0.5487528344671202
            ],
            [
              0.7454001839926403,
              0.5532879818594104
            ],
            [
              0.7460901563937442,
              0.5582010582010583
            ],
            [
              0.7472401103955841,
              0.562358276643991
            ],
            [
              0.7481600735970562,
              0.5668934240362812
            ],
            [
              0.749540018399264,
              0.5706727135298564
            ],
            [
              0.7513799448022079,
              0.5736961451247166
            ],
            [
              0.7532198712051518,
              0.5767195767195767
            ],
            [
              0.7536798528058878,
              0.582010582010582
            ],
            [
              0.7536798528058878,
              0.5880574452003023
            ],
            [
              0.7536798528058878,
              0.5941043083900227
            ],
            [
              0.7532198712051518,
              0.5993953136810279
            ],
            [
              0.7536798528058878,
              0.6046863189720333
            ],
            [
              0.7548298068077277,
              0.608843537414966
            ],
            [
              0.7562097516099356,
              0.6126228269085412
            ],
            [
              0.7580496780128795,
              0.6156462585034014
            ],
            [
              0.7603495860165593,
              0.6179138321995464
            ],
            [
              0.7614995400183993,
              0.6220710506424793
            ],
            [
              0.7619595216191353,
              0.6273620559334845
            ],
            [
              0.7610395584176632,
              0.6318972033257747
            ],
            [
              0.7610395584176632,
              0.6379440665154951
            ],
            [
              0.7610395584176632,
              0.6439909297052154
            ],
            [
              0.7589696412143514,
              0.6466364323507181
            ],
            [
              0.7562097516099356,
              0.6466364323507181
            ],
            [
              0.7534498620055198,
              0.6481481481481481
            ],
            [
              0.7513799448022079,
              0.6455026455026455
            ],
            [
              0.7509199632014719,
              0.6402116402116402
            ],
            [
              0.750459981600736,
              0.6349206349206349
            ],
            [
              0.7488500459981601,
              0.6315192743764172
            ],
            [
              0.7465501379944802,
              0.6292517006802721
            ],
            [
              0.7442502299908004,
              0.626984126984127
            ],
            [
              0.7414903403863845,
              0.6254724111866969
            ],
            [
              0.7398804047838087,
              0.6220710506424793
            ],
            [
              0.7368905243790248,
              0.6224489795918368
            ],
            [
              0.735050597976081,
              0.6254724111866969
            ],
            [
              0.733440662373505,
              0.6288737717309146
            ],
            [
              0.7316007359705612,
              0.6318972033257747
            ],
            [
              0.7295308187672493,
              0.6345427059712774
            ],
            [
              0.7279208831646734,
              0.6379440665154951
            ],
            [
              0.7283808647654094,
              0.6432350718065004
            ],
            [
              0.7288408463661453,
              0.6485260770975056
            ],
            [
              0.7293008279668813,
              0.653817082388511
            ],
            [
              0.7293008279668813,
              0.6583522297808012
            ],
            [
              0.7276908923643054,
              0.6617535903250189
            ],
            [
              0.7258509659613616,
              0.6647770219198791
            ],
            [
              0.7235510579576817,
              0.6670445956160241
            ],
            [
              0.7212511499540019,
              0.6693121693121693
            ],
            [
              0.718721251149954,
              0.671201814058957
            ],
            [
              0.7166513339466422,
              0.6738473167044595
            ],
            [
              0.7143514259429623,
              0.6761148904006047
            ],
            [
              0.7120515179392825,
              0.6783824640967498
            ],
            [
              0.7104415823367065,
              0.6817838246409675
            ],
            [
              0.7074517019319227,
              0.6829176114890401
            ],
            [
              0.704231830726771,
              0.6836734693877551
            ],
            [
              0.7019319227230911,
              0.6844293272864701
            ]
          ]
        ]
      },
      "properties": {
        "segment_id": 16,
        "area": 11993,
        "bbox": [
          1507.0,
          722.0,
          149.0,
          183.0
        ],
        "iou": 0.8656929731369019,
        "stability": 0.9322866201400757,
        "auto_generated": true,
        "model": "segment_anything"
      }
    },
    {
      "type": "Feature",
      "geometry": {
        "type": "Polygon",
        "coordinates": [
          [
            [
              0.999540018399264,
              0.22940287226001513
            ],
            [
              0.9894204231830727,
              0.2309145880574452
            ],
            [
              0.9788408463661453,
              0.23167044595616024
            ],
            [
              0.968261269549218,
              0.23242630385487528
            ],
            [
              0.9572217111315547,
              0.23242630385487528
            ],
            [
              0.9461821527138914,
              0.23242630385487528
            ],
            [
              0.9365225390984361,
              0.23318216175359033
            ],
            [
              0.9254829806807727,
              0.23318216175359033
            ],
            [
              0.9149034038638455,
              0.23393801965230537
            ],
            [
              0.9052437902483901,
              0.23469387755102042
            ],
            [
              0.8951241950321988,
              0.23469387755102042
            ],
            [
              0.8850045998160073,
              0.23620559334845048
            ],
            [
              0.874655013799448,
              0.23733938019652306
            ],
            [
              0.8652253909843606,
              0.2399848828420257
            ],
            [
              0.8574057037718491,
              0.245275888133031
            ],
            [
              0.8482060717571297,
              0.24829931972789115
            ],
            [
              0.8408463661453542,
              0.25434618291761146
            ],
            [
              0.8325666973321068,
              0.25888133030990174
            ],
            [
              0.8242870285188593,
              0.263416477702192
            ],
            [
              0.8160073597056118,
              0.2679516250944822
            ],
            [
              0.8074977000919963,
              0.272108843537415
            ],
            [
              0.8003679852805887,
              0.2785336356764928
            ],
            [
              0.7923183072677092,
              0.2834467120181406
            ],
            [
              0.7838086476540939,
              0.2876039304610733
            ],
            [
              0.7759889604415824,
              0.2928949357520786
            ],
            [
              0.7674793008279669,
              0.29705215419501135
            ],
            [
              0.7596596136154554,
              0.30234315948601664
            ],
            [
              0.7525298988040479,
              0.30876795162509446
            ],
            [
              0.7437902483900644,
              0.3125472411186697
            ],
            [
              0.7364305427782889,
              0.31859410430839
            ],
            [
              0.7276908923643054,
              0.3223733938019652
            ],
            [
              0.7196412143514259,
              0.327286470143613
            ],
            [
              0.7111315547378105,
              0.3314436885865457
            ],
            [
              0.7014719411223551,
              0.3306878306878307
            ],
            [
              0.6908923643054278,
              0.3314436885865457
            ],
            [
              0.6803127874885004,
              0.3306878306878307
            ],
            [
              0.6697332106715731,
              0.3299319727891156
            ],
            [
              0.6586936522539099,
              0.3299319727891156
            ],
            [
              0.6476540938362465,
              0.3299319727891156
            ],
            [
              0.6366145354185833,
              0.3299319727891156
            ],
            [
              0.6264949402023919,
              0.3284202569916856
            ],
            [
              0.6168353265869365,
              0.3261526832955404
            ],
            [
              0.6080956761729531,
              0.3284202569916856
            ],
            [
              0.5984360625574977,
              0.3276643990929705
            ],
            [
              0.5878564857405704,
              0.3284202569916856
            ],
            [
              0.577736890524379,
              0.3299319727891156
            ],
            [
              0.5671573137074517,
              0.3306878306878307
            ],
            [
              0.5570377184912604,
              0.3306878306878307
            ],
            [
              0.546688132474701,
              0.3310657596371882
            ],
            [
              0.5363385464581417,
              0.3299319727891156
            ],
            [
              0.5252989880404784,
              0.3299319727891156
            ],
            [
              0.5142594296228151,
              0.3299319727891156
            ],
            [
              0.5036798528058878,
              0.3306878306878307
            ],
            [
              0.49310027598896045,
              0.3314436885865457
            ],
            [
              0.4825206991720331,
              0.3306878306878307
            ],
            [
              0.47194112235510577,
              0.3299319727891156
            ],
            [
              0.4613615455381785,
              0.3306878306878307
            ],
            [
              0.4512419503219871,
              0.3306878306878307
            ],
            [
              0.4402023919043238,
              0.3306878306878307
            ],
            [
              0.4296228150873965,
              0.3299319727891156
            ],
            [
              0.41950321987120515,
              0.3284202569916856
            ],
            [
              0.4089236430542778,
              0.3291761148904006
            ],
            [
              0.3988040478380865,
              0.3291761148904006
            ],
            [
              0.38822447102115915,
              0.3299319727891156
            ],
            [
              0.3781048758049678,
              0.3299319727891156
            ],
            [
              0.36798528058877644,
              0.3299319727891156
            ],
            [
              0.3574057037718491,
              0.3291761148904006
            ],
            [
              0.3468261269549218,
              0.3284202569916856
            ],
            [
              0.33670653173873044,
              0.3284202569916856
            ],
            [
              0.3261269549218031,
              0.3291761148904006
            ],
            [
              0.3160073597056118,
              0.3276643990929705
            ],
            [
              0.3058877644894204,
              0.3261526832955404
            ],
            [
              0.29553817847286107,
              0.327286470143613
            ],
            [
              0.2856485740570377,
              0.3261526832955404
            ],
            [
              0.2755289788408464,
              0.32464096749811033
            ],
            [
              0.26494940202391903,
              0.3253968253968254
            ],
            [
              0.25528978840846367,
              0.3261526832955404
            ],
            [
              0.24471021159153633,
              0.3253968253968254
            ],
            [
              0.23505059797608097,
              0.3261526832955404
            ],
            [
              0.22493100275988961,
              0.32464096749811033
            ],
            [
              0.21527138914443422,
              0.3253968253968254
            ],
            [
              0.20561177552897883,
              0.32464096749811033
            ],
            [
              0.19595216191352346,
              0.3253968253968254
            ],
            [
              0.18537258509659613,
              0.3261526832955404
            ],
            [
              0.17594296228150874,
              0.32653061224489793
            ],
            [
              0.16605335786568537,
              0.3261526832955404
            ],
            [
              0.15593376264949402,
              0.3261526832955404
            ],
            [
              0.14627414903403863,
              0.3253968253968254
            ],
            [
              0.13661453541858326,
              0.32464096749811033
            ],
            [
              0.1264949402023919,
              0.3261526832955404
            ],
            [
              0.11637534498620056,
              0.32464096749811033
            ],
            [
              0.10648574057037719,
              0.3242630385487528
            ],
            [
              0.09751609935602576,
              0.3238851095993953
            ],
            [
              0.08831646734130635,
              0.3238851095993953
            ],
            [
              0.07865685372585096,
              0.32464096749811033
            ],
            [
              0.06853725850965961,
              0.3261526832955404
            ],
            [
              0.05795768169273229,
              0.3253968253968254
            ],
            [
              0.04714811407543698,
              0.3257747543461829
            ],
            [
              0.03679852805887764,
              0.3253968253968254
            ],
            [
              0.025988960441582335,
              0.3250188964474679
            ],
            [
              0.015639374425023,
              0.3253968253968254
            ],
            [
              0.006439742410303588,
              0.3253968253968254
            ],
            [
              0.999540018399264,
              0.22940287226001513
            ]
          ]
        ]
      },
      "properties": {
        "segment_id": 17,
        "area": 888854,
        "bbox": [
          0.0,
          0.0,
          2173.0,
          438.0
        ],
        "iou": 1.043800950050354,
        "stability": 0.9810324311256409,
        "auto_generated": true,
        "model": "segment_anything"
      }
    },
    {
      "type": "Feature",
      "geometry": {
        "type": "Polygon",
        "coordinates": [
          [
            [
              0.0,
              0.3321995464852608
            ],
            [
              0.011039558417663294,
              0.3321995464852608
            ],
            [
              0.021159153633854646,
              0.3321995464852608
            ],
            [
              0.03173873045078197,
              0.3329554043839758
            ],
            [
              0.042778288868445265,
              0.3329554043839758
            ],
            [
              0.052897884084636616,
              0.3329554043839758
            ],
            [
              0.062557497700092,
              0.3337112622826909
            ],
            [
              0.07267709291628335,
              0.3337112622826909
            ],
            [
              0.0827966881324747,
              0.3352229780801209
            ],
            [
              0.09291628334866606,
              0.3352229780801209
            ],
            [
              0.10234590616375346,
              0.3363567649281935
            ],
            [
              0.11223551057957681,
              0.336734693877551
            ],
            [
              0.12143514259429623,
              0.336734693877551
            ],
            [
              0.13063477460901565,
              0.3352229780801209
            ],
            [
              0.13937442502299907,
              0.335978835978836
            ],
            [
              0.1485740570377185,
              0.335978835978836
            ],
            [
              0.15892364305427784,
              0.3348450491307634
            ],
            [
              0.16973321067157313,
              0.3344671201814059
            ],
            [
              0.18031278748850046,
              0.3337112622826909
            ],
            [
              0.19089236430542778,
              0.3329554043839758
            ],
            [
              0.2014719411223551,
              0.3337112622826909
            ],
            [
              0.21205151793928242,
              0.3329554043839758
            ],
            [
              0.22171113155473782,
              0.3321995464852608
            ],
            [
              0.23137074517019318,
              0.3329554043839758
            ],
            [
              0.24149034038638453,
              0.3314436885865457
            ],
            [
              0.2516099356025759,
              0.3299319727891156
            ],
            [
              0.26172953081876726,
              0.3314436885865457
            ],
            [
              0.27138914443422263,
              0.3306878306878307
            ],
            [
              0.28173873045078196,
              0.3310657596371882
            ],
            [
              0.2911683532658694,
              0.3314436885865457
            ],
            [
              0.30082796688132474,
              0.3306878306878307
            ],
            [
              0.3114075436982521,
              0.3314436885865457
            ],
            [
              0.3219871205151794,
              0.3321995464852608
            ],
            [
              0.3330266789328427,
              0.3321995464852608
            ],
            [
              0.3426862925482981,
              0.3344671201814059
            ],
            [
              0.35234590616375344,
              0.3352229780801209
            ],
            [
              0.3629254829806808,
              0.335978835978836
            ],
            [
              0.37258509659613614,
              0.3352229780801209
            ],
            [
              0.3827046918123275,
              0.3352229780801209
            ],
            [
              0.39190432382704693,
              0.336734693877551
            ],
            [
              0.4013339466421343,
              0.3356009070294785
            ],
            [
              0.41122355105795766,
              0.3352229780801209
            ],
            [
              0.421803127874885,
              0.335978835978836
            ],
            [
              0.43146274149034036,
              0.3352229780801209
            ],
            [
              0.44158233670653174,
              0.3352229780801209
            ],
            [
              0.45170193192272307,
              0.3352229780801209
            ],
            [
              0.46274149034038636,
              0.3352229780801209
            ],
            [
              0.47194112235510577,
              0.3352229780801209
            ],
            [
              0.48298068077276907,
              0.3352229780801209
            ],
            [
              0.49310027598896045,
              0.3352229780801209
            ],
            [
              0.5032198712051518,
              0.336734693877551
            ],
            [
              0.5133394664213431,
              0.3352229780801209
            ],
            [
              0.5225390984360626,
              0.3352229780801209
            ],
            [
              0.5326586936522539,
              0.3352229780801209
            ],
            [
              0.5434682612695492,
              0.3348450491307634
            ],
            [
              0.5533578656853726,
              0.3344671201814059
            ],
            [
              0.5637074517019319,
              0.3356009070294785
            ],
            [
              0.5731370745170193,
              0.3352229780801209
            ],
            [
              0.5832566697332107,
              0.3352229780801209
            ],
            [
              0.5929162833486661,
              0.3344671201814059
            ],
            [
              0.6021159153633855,
              0.3329554043839758
            ],
            [
              0.6117755289788408,
              0.3306878306878307
            ],
            [
              0.6221251149954001,
              0.3318216175359032
            ],
            [
              0.6320147194112236,
              0.3321995464852608
            ],
            [
              0.6430542778288868,
              0.3321995464852608
            ],
            [
              0.6540938362465502,
              0.3321995464852608
            ],
            [
              0.6651333946642134,
              0.3321995464852608
            ],
            [
              0.6761729530818767,
              0.3321995464852608
            ],
            [
              0.6867525298988041,
              0.3329554043839758
            ],
            [
              0.6977920883164673,
              0.3329554043839758
            ],
            [
              0.7088316467341307,
              0.3329554043839758
            ],
            [
              0.718951241950322,
              0.3314436885865457
            ],
            [
              0.7265409383624655,
              0.3257747543461829
            ],
            [
              0.734590616375345,
              0.32086167800453513
            ],
            [
              0.7428702851885924,
              0.3163265306122449
            ],
            [
              0.750229990800368,
              0.31027966742252455
            ],
            [
              0.7589696412143514,
              0.30650037792894935
            ],
            [
              0.7667893284268629,
              0.30120937263794406
            ],
            [
              0.7741490340386384,
              0.29516250944822375
            ],
            [
              0.7826586936522539,
              0.291005291005291
            ],
            [
              0.7902483900643974,
              0.2853363567649282
            ],
            [
              0.7985280588776449,
              0.2808012093726379
            ],
            [
              0.8065777368905244,
              0.2758881330309902
            ],
            [
              0.8139374425022999,
              0.2698412698412698
            ],
            [
              0.8233670653173873,
              0.2671957671957672
            ],
            [
              0.8307267709291628,
              0.26114890400604684
            ],
            [
              0.8390064397424103,
              0.2566137566137566
            ],
            [
              0.8472861085556578,
              0.25359032501889645
            ],
            [
              0.8555657773689053,
              0.2490551776266062
            ],
            [
              0.8631554737810487,
              0.24338624338624337
            ],
            [
              0.8735050597976081,
              0.24225245653817082
            ],
            [
              0.8827046918123275,
              0.24074074074074073
            ],
            [
              0.8928242870285189,
              0.23922902494331066
            ],
            [
              0.9024839006439742,
              0.2399848828420257
            ],
            [
              0.9116835326586936,
              0.23847316704459562
            ],
            [
              0.921573137074517,
              0.23809523809523808
            ],
            [
              0.9323827046918123,
              0.23771730914588057
            ],
            [
              0.9427322907083716,
              0.23658352229780802
            ],
            [
              0.952621895124195,
              0.23620559334845048
            ],
            [
              0.9627414903403864,
              0.23469387755102042
            ],
            [
              0.9724011039558418,
              0.23393801965230537
            ],
            [
              0.9820607175712971,
              0.23318216175359033
            ],
            [
              0.9921803127874885,
              0.23167044595616024
            ],
            [
              0.0,
              0.3321995464852608
            ]
          ]
        ]
      },
      "properties": {
        "segment_id": 18,
        "area": 1816331,
        "bbox": [
          0.0,
          307.0,
          2173.0,
          1011.0
        ],
        "iou": 1.0220927000045776,
        "stability": 0.9401806592941284,
        "auto_generated": true,
        "model": "segment_anything"
      }
    },
    {
      "type": "Feature",
      "geometry": {
        "type": "Polygon",
        "coordinates": [
          [
            [
              0.8111775528978841,
              0.7913832199546486
            ],
            [
              0.8109475620975161,
              0.7789115646258503
            ],
            [
              0.7989880404783809,
              0.7721088435374149
            ],
            [
              0.7872585096596136,
              0.764928193499622
            ],
            [
              0.7890984360625575,
              0.7566137566137566
            ],
            [
              0.7950781968721251,
              0.7445200302343159
            ],
            [
              0.7840386384544619,
              0.7362055933484505
            ],
            [
              0.781508739650414,
              0.717687074829932
            ],
            [
              0.7748390064397425,
              0.7044595616024187
            ],
            [
              0.7690892364305428,
              0.6874527588813303
            ],
            [
              0.764719411223551,
              0.6681783824640968
            ],
            [
              0.765639374425023,
              0.6447467876039304
            ],
            [
              0.765179392824287,
              0.6205593348450491
            ],
            [
              0.7578196872125115,
              0.6061980347694633
            ],
            [
              0.7568997240110396,
              0.581254724111867
            ],
            [
              0.765639374425023,
              0.5691609977324263
            ],
            [
              0.7746090156393745,
              0.5574452003023431
            ],
            [
              0.78081876724931,
              0.5411942554799698
            ],
            [
              0.781278748850046,
              0.5154950869236583
            ],
            [
              0.7764489420423183,
              0.4969765684051398
            ],
            [
              0.7704691812327507,
              0.4833711262282691
            ],
            [
              0.7679392824287029,
              0.46409674981103555
            ],
            [
              0.766559337626495,
              0.4444444444444444
            ],
            [
              0.7603495860165593,
              0.4327286470143613
            ],
            [
              0.7490800367985281,
              0.4406651549508692
            ],
            [
              0.7419503219871205,
              0.45540438397581257
            ],
            [
              0.7437902483900644,
              0.4780801209372638
            ],
            [
              0.7529898804047838,
              0.4894179894179894
            ],
            [
              0.7628794848206072,
              0.4981103552532124
            ],
            [
              0.7693192272309107,
              0.5139833711262283
            ],
            [
              0.7711591536338547,
              0.5343915343915344
            ],
            [
              0.764489420423183,
              0.5498866213151927
            ],
            [
              0.750459981600736,
              0.5495086923658352
            ],
            [
              0.7414903403863845,
              0.5377928949357521
            ],
            [
              0.7327506899724011,
              0.5256991685563114
            ],
            [
              0.7180312787488501,
              0.5234315948601663
            ],
            [
              0.7194112235510579,
              0.500755857898715
            ],
            [
              0.7115915363385464,
              0.4871504157218443
            ],
            [
              0.703541858325667,
              0.47845804988662133
            ],
            [
              0.7104415823367065,
              0.4633408919123205
            ],
            [
              0.7136614535418583,
              0.4482237339380197
            ],
            [
              0.7150413983440662,
              0.4270597127739985
            ],
            [
              0.7079116835326587,
              0.41232048374905517
            ],
            [
              0.7005519779208832,
              0.3979591836734694
            ],
            [
              0.6936522539098436,
              0.3843537414965986
            ],
            [
              0.6796228150873965,
              0.3847316704459562
            ],
            [
              0.671573137074517,
              0.3979591836734694
            ],
            [
              0.6632934682612696,
              0.4108087679516251
            ],
            [
              0.6577736890524379,
              0.427437641723356
            ],
            [
              0.6678932842686293,
              0.43726379440665153
            ],
            [
              0.6798528058877645,
              0.4440665154950869
            ],
            [
              0.6918123275068997,
              0.4402872260015117
            ],
            [
              0.6860625574977001,
              0.455026455026455
            ],
            [
              0.6738730450781969,
              0.4614512471655329
            ],
            [
              0.6623735050597976,
              0.4614512471655329
            ],
            [
              0.6534038638454461,
              0.4497354497354497
            ],
            [
              0.6460441582336707,
              0.43537414965986393
            ],
            [
              0.6391444342226311,
              0.42025699168556313
            ],
            [
              0.6292548298068077,
              0.41156462585034015
            ],
            [
              0.6239650413983441,
              0.42328042328042326
            ],
            [
              0.6271849126034958,
              0.4429327286470144
            ],
            [
              0.6331646734130635,
              0.4580498866213152
            ],
            [
              0.6430542778288868,
              0.46825396825396826
            ],
            [
              0.6474241030358786,
              0.4875283446712018
            ],
            [
              0.6511039558417663,
              0.5079365079365079
            ],
            [
              0.6529438822447102,
              0.5253212396069539
            ],
            [
              0.6458141674333027,
              0.5400604686318972
            ],
            [
              0.640984360625575,
              0.5585789871504158
            ],
            [
              0.6391444342226311,
              0.5789871504157218
            ],
            [
              0.6490340386384544,
              0.5891912320483749
            ],
            [
              0.6598436062557498,
              0.582010582010582
            ],
            [
              0.6655933762649494,
              0.5650037792894935
            ],
            [
              0.6750229990800368,
              0.5540438397581254
            ],
            [
              0.6885924563017479,
              0.5498866213151927
            ],
            [
              0.6987120515179392,
              0.5506424792139077
            ],
            [
              0.7065317387304508,
              0.5642479213907785
            ],
            [
              0.7113615455381784,
              0.5827664399092971
            ],
            [
              0.7150413983440662,
              0.6031746031746031
            ],
            [
              0.7113615455381784,
              0.6235827664399093
            ],
            [
              0.7115915363385464,
              0.6473922902494331
            ],
            [
              0.703081876724931,
              0.6598639455782312
            ],
            [
              0.6925022999080037,
              0.6689342403628118
            ],
            [
              0.6821527138914444,
              0.6783824640967498
            ],
            [
              0.6743330266789328,
              0.6919879062736206
            ],
            [
              0.6672033118675254,
              0.7067271352985639
            ],
            [
              0.6603035878564857,
              0.7218442932728647
            ],
            [
              0.6497240110395585,
              0.7294028722600151
            ],
            [
              0.6356945722171113,
              0.7312925170068028
            ],
            [
              0.6310947562097516,
              0.7433862433862434
            ],
            [
              0.6458141674333027,
              0.7441421012849584
            ],
            [
              0.6586936522539099,
              0.7479213907785336
            ],
            [
              0.672493100275989,
              0.7486772486772487
            ],
            [
              0.6867525298988041,
              0.7501889644746788
            ],
            [
              0.6989420423183073,
              0.7558578987150416
            ],
            [
              0.7120515179392825,
              0.7585034013605442
            ],
            [
              0.7203311867525299,
              0.7698412698412699
            ],
            [
              0.735510579576817,
              0.7683295540438397
            ],
            [
              0.750229990800368,
              0.7690854119425548
            ],
            [
              0.764949402023919,
              0.7698412698412699
            ],
            [
              0.7782888684452622,
              0.7743764172335601
            ],
            [
              0.7897884084636615,
              0.7819349962207105
            ],
            [
              0.8026678932842686,
              0.7872260015117158
            ],
            [
              0.8111775528978841,
              0.7913832199546486
            ]
          ]
        ]
      },
      "properties": {
        "segment_id": 18,
        "area": 1816331,
        "bbox": [
          0.0,
          307.0,
          2173.0,
          1011.0
        ],
        "iou": 1.0220927000045776,
        "stability": 0.9401806592941284,
        "auto_generated": true,
        "model": "segment_anything"
      }
    },
    {
      "type": "Feature",
      "geometry": {
        "type": "Polygon",
        "coordinates": [
          [
            [
              0.7207911683532658,
              0.7018140589569161
            ],
            [
              0.7196412143514259,
              0.7014361300075586
            ],
            [
              0.718951241950322,
              0.700302343159486
            ],
            [
              0.718491260349586,
              0.6987906273620559
            ],
            [
              0.7180312787488501,
              0.6972789115646258
            ],
            [
              0.7173413063477461,
              0.6961451247165533
            ],
            [
              0.7168813247470102,
              0.6946334089191232
            ],
            [
              0.7161913523459061,
              0.6934996220710506
            ],
            [
              0.7152713891444342,
              0.6927437641723356
            ],
            [
              0.7145814167433303,
              0.691609977324263
            ],
            [
              0.7141214351425943,
              0.690098261526833
            ],
            [
              0.7136614535418583,
              0.6885865457294029
            ],
            [
              0.7132014719411224,
              0.6870748299319728
            ],
            [
              0.7132014719411224,
              0.6848072562358276
            ],
            [
              0.7136614535418583,
              0.6832955404383976
            ],
            [
              0.7143514259429623,
              0.682161753590325
            ],
            [
              0.7155013799448022,
              0.6817838246409675
            ],
            [
              0.7166513339466422,
              0.68140589569161
            ],
            [
              0.7175712971481141,
              0.6806500377928949
            ],
            [
              0.718261269549218,
              0.6795162509448224
            ],
            [
              0.718951241950322,
              0.6783824640967498
            ],
            [
              0.7194112235510579,
              0.6768707482993197
            ],
            [
              0.7198712051517939,
              0.6753590325018897
            ],
            [
              0.7203311867525299,
              0.6738473167044595
            ],
            [
              0.7212511499540019,
              0.6730914588057445
            ],
            [
              0.7221711131554738,
              0.6738473167044595
            ],
            [
              0.7235510579576817,
              0.6738473167044595
            ],
            [
              0.7249310027598896,
              0.6738473167044595
            ],
            [
              0.7253909843606255,
              0.6723356009070295
            ],
            [
              0.7260809567617296,
              0.671201814058957
            ],
            [
              0.7265409383624655,
              0.6696900982615268
            ],
            [
              0.7270009199632015,
              0.6681783824640968
            ],
            [
              0.7276908923643054,
              0.6670445956160241
            ],
            [
              0.7286108555657773,
              0.6662887377173091
            ],
            [
              0.7293008279668813,
              0.6651549508692366
            ],
            [
              0.7297608095676172,
              0.6636432350718064
            ],
            [
              0.7302207911683533,
              0.6621315192743764
            ],
            [
              0.7306807727690893,
              0.6606198034769464
            ],
            [
              0.7311407543698252,
              0.6591080876795162
            ],
            [
              0.7316007359705612,
              0.6575963718820862
            ],
            [
              0.7320607175712971,
              0.656084656084656
            ],
            [
              0.7320607175712971,
              0.653817082388511
            ],
            [
              0.7325206991720331,
              0.6523053665910808
            ],
            [
              0.7322907083716651,
              0.6504157218442933
            ],
            [
              0.7318307267709292,
              0.6489040060468632
            ],
            [
              0.7316007359705612,
              0.6470143613000756
            ],
            [
              0.7311407543698252,
              0.6455026455026455
            ],
            [
              0.7311407543698252,
              0.6432350718065004
            ],
            [
              0.7311407543698252,
              0.6409674981103552
            ],
            [
              0.7313707451701932,
              0.6390778533635676
            ],
            [
              0.7318307267709292,
              0.6375661375661376
            ],
            [
              0.7325206991720331,
              0.636432350718065
            ],
            [
              0.7329806807727691,
              0.6349206349206349
            ],
            [
              0.733440662373505,
              0.6334089191232048
            ],
            [
              0.733900643974241,
              0.6318972033257747
            ],
            [
              0.734590616375345,
              0.6307634164777022
            ],
            [
              0.735280588776449,
              0.6296296296296297
            ],
            [
              0.7362005519779209,
              0.6288737717309146
            ],
            [
              0.7373505059797608,
              0.628495842781557
            ],
            [
              0.7382704691812327,
              0.6292517006802721
            ],
            [
              0.7396504139834407,
              0.6292517006802721
            ],
            [
              0.7410303587856486,
              0.6292517006802721
            ],
            [
              0.7419503219871205,
              0.6300075585789872
            ],
            [
              0.7433302667893285,
              0.6300075585789872
            ],
            [
              0.7442502299908004,
              0.6307634164777022
            ],
            [
              0.7456301747930083,
              0.6307634164777022
            ],
            [
              0.7465501379944802,
              0.6315192743764172
            ],
            [
              0.7474701011959521,
              0.6322751322751323
            ],
            [
              0.7481600735970562,
              0.6334089191232048
            ],
            [
              0.7486200551977921,
              0.6349206349206349
            ],
            [
              0.7486200551977921,
              0.63718820861678
            ],
            [
              0.7486200551977921,
              0.6394557823129252
            ],
            [
              0.7486200551977921,
              0.6417233560090703
            ],
            [
              0.7486200551977921,
              0.6439909297052154
            ],
            [
              0.7486200551977921,
              0.6462585034013606
            ],
            [
              0.7486200551977921,
              0.6485260770975056
            ],
            [
              0.7486200551977921,
              0.6507936507936508
            ],
            [
              0.7483900643974241,
              0.6526832955404384
            ],
            [
              0.7477000919963201,
              0.653817082388511
            ],
            [
              0.7467801287948482,
              0.654572940287226
            ],
            [
              0.7460901563937442,
              0.6557067271352985
            ],
            [
              0.7454001839926403,
              0.6568405139833712
            ],
            [
              0.7449402023919043,
              0.6583522297808012
            ],
            [
              0.7444802207911684,
              0.6598639455782312
            ],
            [
              0.7440202391904324,
              0.6613756613756614
            ],
            [
              0.7435602575896965,
              0.6628873771730914
            ],
            [
              0.7431002759889604,
              0.6643990929705216
            ],
            [
              0.7424103035878565,
              0.6655328798185941
            ],
            [
              0.7414903403863845,
              0.6662887377173091
            ],
            [
              0.7405703771849126,
              0.6670445956160241
            ],
            [
              0.7396504139834407,
              0.6678004535147393
            ],
            [
              0.7382704691812327,
              0.6678004535147393
            ],
            [
              0.7368905243790248,
              0.6678004535147393
            ],
            [
              0.7357405703771849,
              0.6681783824640968
            ],
            [
              0.734590616375345,
              0.6685563114134543
            ],
            [
              0.733440662373505,
              0.6689342403628118
            ],
            [
              0.7325206991720331,
              0.6696900982615268
            ],
            [
              0.7320607175712971,
              0.671201814058957
            ],
            [
              0.7316007359705612,
              0.672713529856387
            ],
            [
              0.7316007359705612,
              0.6749811035525322
            ],
            [
              0.7311407543698252,
              0.6764928193499622
            ],
            [
              0.7304507819687213,
              0.6776266061980347
            ],
            [
              0.7297608095676172,
              0.6787603930461074
            ],
            [
              0.7290708371665133,
              0.6798941798941799
            ],
            [
              0.7281508739650414,
              0.6806500377928949
            ],
            [
              0.7276908923643054,
              0.682161753590325
            ],
            [
              0.7272309107635695,
              0.6836734693877551
            ],
            [
              0.7270009199632015,
              0.6855631141345427
            ],
            [
              0.7265409383624655,
              0.6870748299319728
            ],
            [
              0.7265409383624655,
              0.6893424036281179
            ],
            [
              0.7260809567617296,
              0.690854119425548
            ],
            [
              0.7256209751609936,
              0.6923658352229781
            ],
            [
              0.7251609935602575,
              0.6938775510204082
            ],
            [
              0.7244710211591536,
              0.6950113378684807
            ],
            [
              0.7237810487580497,
              0.6961451247165533
            ],
            [
              0.7230910763569457,
              0.6972789115646258
            ],
            [
              0.7226310947562098,
              0.6987906273620559
            ],
            [
              0.7219411223551058,
              0.6999244142101285
            ],
            [
              0.7212511499540019,
              0.701058201058201
            ],
            [
              0.7207911683532658,
              0.7018140589569161
            ]
          ]
        ]
      },
      "properties": {
        "segment_id": 18,
        "area": 1816331,
        "bbox": [
          0.0,
          307.0,
          2173.0,
          1011.0
        ],
        "iou": 1.0220927000045776,
        "stability": 0.9401806592941284,
        "auto_generated": true,
        "model": "segment_anything"
      }
    },
    {
      "type": "Feature",
      "geometry": {
        "type": "Polygon",
        "coordinates": [
          [
            [
              0.08486660533578656,
              0.7694633408919124
            ],
            [
              0.09245630174793008,
              0.7683295540438397
            ],
            [
              0.09889604415823366,
              0.7683295540438397
            ],
            [
              0.10487580496780129,
              0.7645502645502645
            ],
            [
              0.11177552897884084,
              0.7622826908541194
            ],
            [
              0.11729530818767249,
              0.7607709750566893
            ],
            [
              0.12373505059797608,
              0.7577475434618292
            ],
            [
              0.13017479300827967,
              0.7562358276643991
            ],
            [
              0.1375344986200552,
              0.7562358276643991
            ],
            [
              0.14581416743330267,
              0.7562358276643991
            ],
            [
              0.15087396504139836,
              0.7509448223733938
            ],
            [
              0.15731370745170192,
              0.7479213907785336
            ],
            [
              0.16375344986200552,
              0.7464096749811036
            ],
            [
              0.17111315547378106,
              0.7448979591836735
            ],
            [
              0.17893284268629256,
              0.7441421012849584
            ],
            [
              0.18675252989880406,
              0.7433862433862434
            ],
            [
              0.19319227230910763,
              0.7448979591836735
            ],
            [
              0.20055197792088317,
              0.7464096749811036
            ],
            [
              0.20837166513339467,
              0.7471655328798186
            ],
            [
              0.21665133394664213,
              0.7471655328798186
            ],
            [
              0.22401103955841767,
              0.7456538170823885
            ],
            [
              0.23137074517019318,
              0.7441421012849584
            ],
            [
              0.23919043238270468,
              0.7448979591836735
            ],
            [
              0.24747010119595217,
              0.7448979591836735
            ],
            [
              0.2548298068077277,
              0.7433862433862434
            ],
            [
              0.2626494940202392,
              0.7426303854875284
            ],
            [
              0.2704691812327507,
              0.7418745275888133
            ],
            [
              0.27736890524379026,
              0.7426303854875284
            ],
            [
              0.2856485740570377,
              0.7426303854875284
            ],
            [
              0.2934682612695492,
              0.7433862433862434
            ],
            [
              0.3012879484820607,
              0.7426303854875284
            ],
            [
              0.3091076356945722,
              0.7433862433862434
            ],
            [
              0.31646734130634774,
              0.7433862433862434
            ],
            [
              0.3247470101195952,
              0.7433862433862434
            ],
            [
              0.33210671573137074,
              0.7433862433862434
            ],
            [
              0.3403863845446182,
              0.7433862433862434
            ],
            [
              0.3482060717571297,
              0.7441421012849584
            ],
            [
              0.3564857405703772,
              0.7441421012849584
            ],
            [
              0.36430542778288866,
              0.7433862433862434
            ],
            [
              0.3716651333946642,
              0.7448979591836735
            ],
            [
              0.3776448942042318,
              0.7418745275888133
            ],
            [
              0.37074517019319225,
              0.7396069538926682
            ],
            [
              0.36338546458141674,
              0.7396069538926682
            ],
            [
              0.35556577736890527,
              0.7388510959939532
            ],
            [
              0.3472861085556578,
              0.7388510959939532
            ],
            [
              0.3390064397424103,
              0.7388510959939532
            ],
            [
              0.3316467341306348,
              0.7388510959939532
            ],
            [
              0.32428702851885927,
              0.737339380196523
            ],
            [
              0.31646734130634774,
              0.7380952380952381
            ],
            [
              0.3095676172953082,
              0.735827664399093
            ],
            [
              0.30289788408463664,
              0.7369614512471655
            ],
            [
              0.29622815087396503,
              0.735071806500378
            ],
            [
              0.28840846366145356,
              0.7343159486016629
            ],
            [
              0.281048758049678,
              0.7343159486016629
            ],
            [
              0.2732290708371665,
              0.7335600907029478
            ],
            [
              0.26494940202391903,
              0.7335600907029478
            ],
            [
              0.2582796688132475,
              0.7324263038548753
            ],
            [
              0.25689972401103955,
              0.7210884353741497
            ],
            [
              0.25068997240110397,
              0.717687074829932
            ],
            [
              0.24885004599816007,
              0.7108843537414966
            ],
            [
              0.2467801287948482,
              0.7059712773998488
            ],
            [
              0.24632014719411224,
              0.6946334089191232
            ],
            [
              0.24632014719411224,
              0.6810279667422524
            ],
            [
              0.24586016559337626,
              0.6681783824640968
            ],
            [
              0.2454001839926403,
              0.655328798185941
            ],
            [
              0.2449402023919043,
              0.6424792139077853
            ],
            [
              0.23965041398344067,
              0.6375661375661376
            ],
            [
              0.2329806807727691,
              0.63718820861678
            ],
            [
              0.22631094756209752,
              0.6368102796674225
            ],
            [
              0.21895124195032198,
              0.6368102796674225
            ],
            [
              0.21159153633854647,
              0.6383219954648526
            ],
            [
              0.20561177552897883,
              0.6421012849584278
            ],
            [
              0.20078196872125115,
              0.6477702191987906
            ],
            [
              0.19503219871205152,
              0.6519274376417233
            ],
            [
              0.18813247470101196,
              0.6541950113378685
            ],
            [
              0.18215271389144433,
              0.6579743008314437
            ],
            [
              0.1766329346826127,
              0.6625094482237339
            ],
            [
              0.16835326586936522,
              0.6625094482237339
            ],
            [
              0.16145354185832567,
              0.6647770219198791
            ],
            [
              0.15409383624655013,
              0.6662887377173091
            ],
            [
              0.1467341306347746,
              0.6678004535147393
            ],
            [
              0.1389144434222631,
              0.6685563114134543
            ],
            [
              0.1310947562097516,
              0.6693121693121693
            ],
            [
              0.12419503219871206,
              0.6715797430083145
            ],
            [
              0.11775528978840846,
              0.6746031746031746
            ],
            [
              0.11039558417663294,
              0.6746031746031746
            ],
            [
              0.10349586016559338,
              0.6753590325018897
            ],
            [
              0.09751609935602576,
              0.6776266061980347
            ],
            [
              0.09360625574977001,
              0.6848072562358276
            ],
            [
              0.09291628334866606,
              0.6972789115646258
            ],
            [
              0.08739650413983441,
              0.6987906273620559
            ],
            [
              0.07934682612695493,
              0.6991685563114135
            ],
            [
              0.07313707451701931,
              0.701058201058201
            ],
            [
              0.06669733210671573,
              0.7040816326530612
            ],
            [
              0.06370745170193193,
              0.7097505668934241
            ],
            [
              0.06577736890524379,
              0.719954648526077
            ],
            [
              0.06784728610855566,
              0.7301587301587301
            ],
            [
              0.06899724011039558,
              0.7418745275888133
            ],
            [
              0.07060717571297148,
              0.7528344671201814
            ],
            [
              0.07106715731370745,
              0.7656840513983371
            ],
            [
              0.07704691812327506,
              0.7694633408919124
            ],
            [
              0.08486660533578656,
              0.7694633408919124
            ]
          ]
        ]
      },
      "properties": {
        "segment_id": 18,
        "area": 1816331,
        "bbox": [
          0.0,
          307.0,
          2173.0,
          1011.0
        ],
        "iou": 1.0220927000045776,
        "stability": 0.9401806592941284,
        "auto_generated": true,
        "model": "segment_anything"
      }
    },
    {
      "type": "Feature",
      "geometry": {
        "type": "Polygon",
        "coordinates": [
          [
            [
              0.7391904323827047,
              0.7244897959183674
            ],
            [
              0.7387304507819688,
              0.7244897959183674
            ],
            [
              0.7382704691812327,
              0.7244897959183674
            ],
            [
              0.7378104875804968,
              0.7244897959183674
            ],
            [
              0.7373505059797608,
              0.7244897959183674
            ],
            [
              0.7368905243790248,
              0.7244897959183674
            ],
            [
              0.7364305427782889,
              0.7244897959183674
            ],
            [
              0.7359705611775529,
              0.7244897959183674
            ],
            [
              0.735510579576817,
              0.7244897959183674
            ],
            [
              0.735050597976081,
              0.7244897959183674
            ],
            [
              0.734590616375345,
              0.7244897959183674
            ],
            [
              0.734130634774609,
              0.7244897959183674
            ],
            [
              0.733670653173873,
              0.7244897959183674
            ],
            [
              0.7332106715731371,
              0.7244897959183674
            ],
            [
              0.7327506899724011,
              0.7244897959183674
            ],
            [
              0.7322907083716651,
              0.7244897959183674
            ],
            [
              0.7318307267709292,
              0.7244897959183674
            ],
            [
              0.7313707451701932,
              0.7244897959183674
            ],
            [
              0.7309107635694572,
              0.7244897959183674
            ],
            [
              0.7306807727690893,
              0.7241118669690099
            ],
            [
              0.7304507819687213,
              0.7237339380196524
            ],
            [
              0.7299908003679852,
              0.7237339380196524
            ],
            [
              0.7295308187672493,
              0.7237339380196524
            ],
            [
              0.7290708371665133,
              0.7237339380196524
            ],
            [
              0.7286108555657773,
              0.7237339380196524
            ],
            [
              0.7281508739650414,
              0.7237339380196524
            ],
            [
              0.7279208831646734,
              0.7233560090702947
            ],
            [
              0.7276908923643054,
              0.7229780801209372
            ],
            [
              0.7274609015639374,
              0.7226001511715797
            ],
            [
              0.7274609015639374,
              0.7218442932728647
            ],
            [
              0.7274609015639374,
              0.7210884353741497
            ],
            [
              0.7274609015639374,
              0.7203325774754347
            ],
            [
              0.7274609015639374,
              0.7195767195767195
            ],
            [
              0.7274609015639374,
              0.7188208616780045
            ],
            [
              0.7274609015639374,
              0.7180650037792895
            ],
            [
              0.7274609015639374,
              0.7173091458805745
            ],
            [
              0.7276908923643054,
              0.716931216931217
            ],
            [
              0.7279208831646734,
              0.7165532879818595
            ],
            [
              0.7279208831646734,
              0.7157974300831443
            ],
            [
              0.7279208831646734,
              0.7150415721844293
            ],
            [
              0.7279208831646734,
              0.7142857142857143
            ],
            [
              0.7279208831646734,
              0.7135298563869993
            ],
            [
              0.7279208831646734,
              0.7127739984882842
            ],
            [
              0.7281508739650414,
              0.7123960695389266
            ],
            [
              0.7283808647654094,
              0.7120181405895691
            ],
            [
              0.7283808647654094,
              0.7112622826908541
            ],
            [
              0.7283808647654094,
              0.7105064247921391
            ],
            [
              0.7283808647654094,
              0.7097505668934241
            ],
            [
              0.7286108555657773,
              0.7093726379440665
            ],
            [
              0.7288408463661453,
              0.708994708994709
            ],
            [
              0.7290708371665133,
              0.7086167800453514
            ],
            [
              0.7293008279668813,
              0.7082388510959939
            ],
            [
              0.7295308187672493,
              0.7078609221466364
            ],
            [
              0.7299908003679852,
              0.7078609221466364
            ],
            [
              0.7304507819687213,
              0.7078609221466364
            ],
            [
              0.7306807727690893,
              0.7074829931972789
            ],
            [
              0.7309107635694572,
              0.7071050642479214
            ],
            [
              0.7313707451701932,
              0.7071050642479214
            ],
            [
              0.7318307267709292,
              0.7071050642479214
            ],
            [
              0.7320607175712971,
              0.7067271352985639
            ],
            [
              0.7322907083716651,
              0.7063492063492064
            ],
            [
              0.7327506899724011,
              0.7063492063492064
            ],
            [
              0.7329806807727691,
              0.7059712773998488
            ],
            [
              0.7332106715731371,
              0.7055933484504913
            ],
            [
              0.733440662373505,
              0.7052154195011338
            ],
            [
              0.733670653173873,
              0.7048374905517762
            ],
            [
              0.733900643974241,
              0.7044595616024187
            ],
            [
              0.734130634774609,
              0.7040816326530612
            ],
            [
              0.734360625574977,
              0.7037037037037037
            ],
            [
              0.734360625574977,
              0.7029478458049887
            ],
            [
              0.734590616375345,
              0.7025699168556312
            ],
            [
              0.734820607175713,
              0.7021919879062736
            ],
            [
              0.734820607175713,
              0.7014361300075586
            ],
            [
              0.734820607175713,
              0.7006802721088435
            ],
            [
              0.734820607175713,
              0.6999244142101285
            ],
            [
              0.734820607175713,
              0.6991685563114135
            ],
            [
              0.734820607175713,
              0.6984126984126984
            ],
            [
              0.734820607175713,
              0.6976568405139834
            ],
            [
              0.734820607175713,
              0.6969009826152683
            ],
            [
              0.734820607175713,
              0.6961451247165533
            ],
            [
              0.734820607175713,
              0.6953892668178382
            ],
            [
              0.735050597976081,
              0.6950113378684807
            ],
            [
              0.735280588776449,
              0.6946334089191232
            ],
            [
              0.735280588776449,
              0.6938775510204082
            ],
            [
              0.735510579576817,
              0.6934996220710506
            ],
            [
              0.7359705611775529,
              0.6934996220710506
            ],
            [
              0.7362005519779209,
              0.6931216931216931
            ],
            [
              0.7364305427782889,
              0.6927437641723356
            ],
            [
              0.7366605335786569,
              0.6923658352229781
            ],
            [
              0.7368905243790248,
              0.6919879062736206
            ],
            [
              0.7373505059797608,
              0.6919879062736206
            ],
            [
              0.7378104875804968,
              0.6919879062736206
            ],
            [
              0.7380404783808647,
              0.691609977324263
            ],
            [
              0.7382704691812327,
              0.6912320483749055
            ],
            [
              0.7385004599816007,
              0.690854119425548
            ],
            [
              0.7387304507819688,
              0.6904761904761905
            ],
            [
              0.7389604415823368,
              0.690098261526833
            ],
            [
              0.7391904323827047,
              0.6897203325774754
            ],
            [
              0.7394204231830727,
              0.6893424036281179
            ],
            [
              0.7396504139834407,
              0.6889644746787604
            ],
            [
              0.7401103955841767,
              0.6889644746787604
            ],
            [
              0.7405703771849126,
              0.6889644746787604
            ],
            [
              0.7408003679852806,
              0.6893424036281179
            ],
            [
              0.7408003679852806,
              0.690098261526833
            ],
            [
              0.7408003679852806,
              0.690854119425548
            ],
            [
              0.7410303587856486,
              0.6912320483749055
            ],
            [
              0.7412603495860166,
              0.691609977324263
            ],
            [
              0.7412603495860166,
              0.6923658352229781
            ],
            [
              0.7412603495860166,
              0.6931216931216931
            ],
            [
              0.7414903403863845,
              0.6934996220710506
            ],
            [
              0.7417203311867525,
              0.6938775510204082
            ],
            [
              0.7417203311867525,
              0.6946334089191232
            ],
            [
              0.7417203311867525,
              0.6953892668178382
            ],
            [
              0.7417203311867525,
              0.6961451247165533
            ],
            [
              0.7419503219871205,
              0.6965230536659108
            ],
            [
              0.7421803127874885,
              0.6969009826152683
            ],
            [
              0.7421803127874885,
              0.6976568405139834
            ],
            [
              0.7421803127874885,
              0.6984126984126984
            ],
            [
              0.7421803127874885,
              0.6991685563114135
            ],
            [
              0.7421803127874885,
              0.6999244142101285
            ],
            [
              0.7421803127874885,
              0.7006802721088435
            ],
            [
              0.7421803127874885,
              0.7014361300075586
            ],
            [
              0.7421803127874885,
              0.7021919879062736
            ],
            [
              0.7421803127874885,
              0.7029478458049887
            ],
            [
              0.7421803127874885,
              0.7037037037037037
            ],
            [
              0.7421803127874885,
              0.7044595616024187
            ],
            [
              0.7421803127874885,
              0.7052154195011338
            ],
            [
              0.7421803127874885,
              0.7059712773998488
            ],
            [
              0.7421803127874885,
              0.7067271352985639
            ],
            [
              0.7421803127874885,
              0.7074829931972789
            ],
            [
              0.7424103035878565,
              0.7078609221466364
            ],
            [
              0.7426402943882244,
              0.7082388510959939
            ],
            [
              0.7426402943882244,
              0.708994708994709
            ],
            [
              0.7426402943882244,
              0.7097505668934241
            ],
            [
              0.7426402943882244,
              0.7105064247921391
            ],
            [
              0.7426402943882244,
              0.7112622826908541
            ],
            [
              0.7424103035878565,
              0.7116402116402116
            ],
            [
              0.7421803127874885,
              0.7120181405895691
            ],
            [
              0.7421803127874885,
              0.7127739984882842
            ],
            [
              0.7421803127874885,
              0.7135298563869993
            ],
            [
              0.7421803127874885,
              0.7142857142857143
            ],
            [
              0.7421803127874885,
              0.7150415721844293
            ],
            [
              0.7421803127874885,
              0.7157974300831443
            ],
            [
              0.7421803127874885,
              0.7165532879818595
            ],
            [
              0.7421803127874885,
              0.7173091458805745
            ],
            [
              0.7419503219871205,
              0.717687074829932
            ],
            [
              0.7417203311867525,
              0.7180650037792895
            ],
            [
              0.7417203311867525,
              0.7188208616780045
            ],
            [
              0.7417203311867525,
              0.7195767195767195
            ],
            [
              0.7414903403863845,
              0.719954648526077
            ],
            [
              0.7412603495860166,
              0.7203325774754347
            ],
            [
              0.7412603495860166,
              0.7210884353741497
            ],
            [
              0.7410303587856486,
              0.7214663643235072
            ],
            [
              0.7408003679852806,
              0.7218442932728647
            ],
            [
              0.7408003679852806,
              0.7226001511715797
            ],
            [
              0.7405703771849126,
              0.7229780801209372
            ],
            [
              0.7403403863845446,
              0.7233560090702947
            ],
            [
              0.7401103955841767,
              0.7237339380196524
            ],
            [
              0.7396504139834407,
              0.7237339380196524
            ],
            [
              0.7394204231830727,
              0.7241118669690099
            ],
            [
              0.7391904323827047,
              0.7244897959183674
            ],
            [
              0.7391904323827047,
              0.7244897959183674
            ]
          ]
        ]
      },
      "properties": {
        "segment_id": 18,
        "area": 1816331,
        "bbox": [
          0.0,
          307.0,
          2173.0,
          1011.0
        ],
        "iou": 1.0220927000045776,
        "stability": 0.9401806592941284,
        "auto_generated": true,
        "model": "segment_anything"
      }
    },
    {
      "type": "Feature",
      "geometry": {
        "type": "Polygon",
        "coordinates": [
          [
            [
              0.6849126034958601,
              0.7320483749055178
            ],
            [
              0.6844526218951242,
              0.7320483749055178
            ],
            [
              0.6839926402943882,
              0.7320483749055178
            ],
            [
              0.6837626494940202,
              0.7316704459561603
            ],
            [
              0.6835326586936522,
              0.7312925170068028
            ],
            [
              0.6830726770929163,
              0.7312925170068028
            ],
            [
              0.6826126954921803,
              0.7312925170068028
            ],
            [
              0.6821527138914444,
              0.7312925170068028
            ],
            [
              0.6816927322907084,
              0.7312925170068028
            ],
            [
              0.6812327506899724,
              0.7312925170068028
            ],
            [
              0.6807727690892365,
              0.7312925170068028
            ],
            [
              0.6805427782888684,
              0.7309145880574452
            ],
            [
              0.6803127874885004,
              0.7305366591080876
            ],
            [
              0.6798528058877645,
              0.7305366591080876
            ],
            [
              0.6793928242870285,
              0.7305366591080876
            ],
            [
              0.6791628334866605,
              0.7301587301587301
            ],
            [
              0.6789328426862925,
              0.7297808012093726
            ],
            [
              0.6784728610855566,
              0.7297808012093726
            ],
            [
              0.6780128794848206,
              0.7297808012093726
            ],
            [
              0.6777828886844526,
              0.7294028722600151
            ],
            [
              0.6775528978840847,
              0.7290249433106576
            ],
            [
              0.6770929162833487,
              0.7290249433106576
            ],
            [
              0.6768629254829807,
              0.7286470143613001
            ],
            [
              0.6766329346826127,
              0.7282690854119426
            ],
            [
              0.6761729530818767,
              0.7282690854119426
            ],
            [
              0.6759429622815087,
              0.7278911564625851
            ],
            [
              0.6757129714811407,
              0.7275132275132276
            ],
            [
              0.6752529898804048,
              0.7275132275132276
            ],
            [
              0.6750229990800368,
              0.72713529856387
            ],
            [
              0.6747930082796688,
              0.7267573696145124
            ],
            [
              0.6745630174793008,
              0.7263794406651549
            ],
            [
              0.6743330266789328,
              0.7260015117157974
            ],
            [
              0.6738730450781969,
              0.7260015117157974
            ],
            [
              0.6736430542778289,
              0.7256235827664399
            ],
            [
              0.6734130634774609,
              0.7252456538170824
            ],
            [
              0.6731830726770929,
              0.7248677248677249
            ],
            [
              0.6731830726770929,
              0.7241118669690099
            ],
            [
              0.672953081876725,
              0.7237339380196524
            ],
            [
              0.672723091076357,
              0.7233560090702947
            ],
            [
              0.672723091076357,
              0.7226001511715797
            ],
            [
              0.672723091076357,
              0.7218442932728647
            ],
            [
              0.672723091076357,
              0.7210884353741497
            ],
            [
              0.672953081876725,
              0.7207105064247922
            ],
            [
              0.6731830726770929,
              0.7203325774754347
            ],
            [
              0.6734130634774609,
              0.719954648526077
            ],
            [
              0.6738730450781969,
              0.719954648526077
            ],
            [
              0.6741030358785649,
              0.7195767195767195
            ],
            [
              0.6743330266789328,
              0.719198790627362
            ],
            [
              0.6745630174793008,
              0.7188208616780045
            ],
            [
              0.6747930082796688,
              0.718442932728647
            ],
            [
              0.6752529898804048,
              0.718442932728647
            ],
            [
              0.6754829806807727,
              0.7180650037792895
            ],
            [
              0.6757129714811407,
              0.717687074829932
            ],
            [
              0.6761729530818767,
              0.717687074829932
            ],
            [
              0.6764029438822448,
              0.7173091458805745
            ],
            [
              0.6766329346826127,
              0.716931216931217
            ],
            [
              0.6768629254829807,
              0.7165532879818595
            ],
            [
              0.6770929162833487,
              0.7161753590325018
            ],
            [
              0.6773229070837167,
              0.7157974300831443
            ],
            [
              0.6775528978840847,
              0.7154195011337868
            ],
            [
              0.6777828886844526,
              0.7150415721844293
            ],
            [
              0.6777828886844526,
              0.7142857142857143
            ],
            [
              0.6780128794848206,
              0.7139077853363568
            ],
            [
              0.6782428702851886,
              0.7135298563869993
            ],
            [
              0.6782428702851886,
              0.7127739984882842
            ],
            [
              0.6784728610855566,
              0.7123960695389266
            ],
            [
              0.6787028518859246,
              0.7120181405895691
            ],
            [
              0.6787028518859246,
              0.7112622826908541
            ],
            [
              0.6787028518859246,
              0.7105064247921391
            ],
            [
              0.6787028518859246,
              0.7097505668934241
            ],
            [
              0.6789328426862925,
              0.7093726379440665
            ],
            [
              0.6791628334866605,
              0.708994708994709
            ],
            [
              0.6793928242870285,
              0.7086167800453514
            ],
            [
              0.6796228150873965,
              0.7082388510959939
            ],
            [
              0.6798528058877645,
              0.7078609221466364
            ],
            [
              0.6800827966881324,
              0.7074829931972789
            ],
            [
              0.6803127874885004,
              0.7071050642479214
            ],
            [
              0.6805427782888684,
              0.7067271352985639
            ],
            [
              0.6807727690892365,
              0.7063492063492064
            ],
            [
              0.6810027598896045,
              0.7059712773998488
            ],
            [
              0.6812327506899724,
              0.7055933484504913
            ],
            [
              0.6816927322907084,
              0.7055933484504913
            ],
            [
              0.6819227230910764,
              0.7052154195011338
            ],
            [
              0.6821527138914444,
              0.7048374905517762
            ],
            [
              0.6826126954921803,
              0.7048374905517762
            ],
            [
              0.6828426862925483,
              0.7044595616024187
            ],
            [
              0.6830726770929163,
              0.7040816326530612
            ],
            [
              0.6835326586936522,
              0.7040816326530612
            ],
            [
              0.6837626494940202,
              0.7037037037037037
            ],
            [
              0.6837626494940202,
              0.7029478458049887
            ],
            [
              0.6839926402943882,
              0.7025699168556312
            ],
            [
              0.6842226310947562,
              0.7021919879062736
            ],
            [
              0.6842226310947562,
              0.7014361300075586
            ],
            [
              0.6844526218951242,
              0.701058201058201
            ],
            [
              0.6846826126954921,
              0.7006802721088435
            ],
            [
              0.6849126034958601,
              0.700302343159486
            ],
            [
              0.6851425942962281,
              0.6999244142101285
            ],
            [
              0.6853725850965962,
              0.699546485260771
            ],
            [
              0.6856025758969642,
              0.6991685563114135
            ],
            [
              0.6858325666973321,
              0.6987906273620559
            ],
            [
              0.6860625574977001,
              0.6984126984126984
            ],
            [
              0.6862925482980681,
              0.6980347694633409
            ],
            [
              0.6865225390984361,
              0.6976568405139834
            ],
            [
              0.6867525298988041,
              0.6972789115646258
            ],
            [
              0.686982520699172,
              0.6969009826152683
            ],
            [
              0.68721251149954,
              0.6965230536659108
            ],
            [
              0.687672493100276,
              0.6965230536659108
            ],
            [
              0.687902483900644,
              0.6961451247165533
            ],
            [
              0.6881324747010119,
              0.6957671957671958
            ],
            [
              0.6885924563017479,
              0.6957671957671958
            ],
            [
              0.6890524379024839,
              0.6957671957671958
            ],
            [
              0.6895124195032198,
              0.6957671957671958
            ],
            [
              0.6897424103035878,
              0.6961451247165533
            ],
            [
              0.6899724011039559,
              0.6965230536659108
            ],
            [
              0.6902023919043239,
              0.6969009826152683
            ],
            [
              0.6902023919043239,
              0.6976568405139834
            ],
            [
              0.6899724011039559,
              0.6980347694633409
            ],
            [
              0.6897424103035878,
              0.6984126984126984
            ],
            [
              0.6897424103035878,
              0.6991685563114135
            ],
            [
              0.6897424103035878,
              0.6999244142101285
            ],
            [
              0.6897424103035878,
              0.7006802721088435
            ],
            [
              0.6895124195032198,
              0.701058201058201
            ],
            [
              0.6892824287028518,
              0.7014361300075586
            ],
            [
              0.6892824287028518,
              0.7021919879062736
            ],
            [
              0.6892824287028518,
              0.7029478458049887
            ],
            [
              0.6892824287028518,
              0.7037037037037037
            ],
            [
              0.6892824287028518,
              0.7044595616024187
            ],
            [
              0.6892824287028518,
              0.7052154195011338
            ],
            [
              0.6895124195032198,
              0.7055933484504913
            ],
            [
              0.6897424103035878,
              0.7059712773998488
            ],
            [
              0.6897424103035878,
              0.7067271352985639
            ],
            [
              0.6897424103035878,
              0.7074829931972789
            ],
            [
              0.6897424103035878,
              0.7082388510959939
            ],
            [
              0.6897424103035878,
              0.708994708994709
            ],
            [
              0.6897424103035878,
              0.7097505668934241
            ],
            [
              0.6897424103035878,
              0.7105064247921391
            ],
            [
              0.6897424103035878,
              0.7112622826908541
            ],
            [
              0.6897424103035878,
              0.7120181405895691
            ],
            [
              0.6895124195032198,
              0.7123960695389266
            ],
            [
              0.6892824287028518,
              0.7127739984882842
            ],
            [
              0.6892824287028518,
              0.7135298563869993
            ],
            [
              0.6892824287028518,
              0.7142857142857143
            ],
            [
              0.6892824287028518,
              0.7150415721844293
            ],
            [
              0.6892824287028518,
              0.7157974300831443
            ],
            [
              0.6892824287028518,
              0.7165532879818595
            ],
            [
              0.6892824287028518,
              0.7173091458805745
            ],
            [
              0.6892824287028518,
              0.7180650037792895
            ],
            [
              0.6892824287028518,
              0.7188208616780045
            ],
            [
              0.6892824287028518,
              0.7195767195767195
            ],
            [
              0.6892824287028518,
              0.7203325774754347
            ],
            [
              0.6892824287028518,
              0.7210884353741497
            ],
            [
              0.6892824287028518,
              0.7218442932728647
            ],
            [
              0.6892824287028518,
              0.7226001511715797
            ],
            [
              0.6892824287028518,
              0.7233560090702947
            ],
            [
              0.6890524379024839,
              0.7237339380196524
            ],
            [
              0.6888224471021159,
              0.7241118669690099
            ],
            [
              0.6888224471021159,
              0.7248677248677249
            ],
            [
              0.6888224471021159,
              0.7256235827664399
            ],
            [
              0.6885924563017479,
              0.7260015117157974
            ],
            [
              0.6883624655013799,
              0.7263794406651549
            ],
            [
              0.6883624655013799,
              0.72713529856387
            ],
            [
              0.6883624655013799,
              0.7278911564625851
            ],
            [
              0.6881324747010119,
              0.7282690854119426
            ],
            [
              0.687902483900644,
              0.7286470143613001
            ],
            [
              0.687672493100276,
              0.7290249433106576
            ],
            [
              0.687442502299908,
              0.7294028722600151
            ],
            [
              0.68721251149954,
              0.7297808012093726
            ],
            [
              0.686982520699172,
              0.7301587301587301
            ],
            [
              0.6867525298988041,
              0.7305366591080876
            ],
            [
              0.6865225390984361,
              0.7309145880574452
            ],
            [
              0.6862925482980681,
              0.7312925170068028
            ],
            [
              0.6858325666973321,
              0.7312925170068028
            ],
            [
              0.6853725850965962,
              0.7312925170068028
            ],
            [
              0.6851425942962281,
              0.7316704459561603
            ],
            [
              0.6849126034958601,
              0.7320483749055178
            ],
            [
              0.6849126034958601,
              0.7320483749055178
            ]
          ]
        ]
      },
      "properties": {
        "segment_id": 18,
        "area": 1816331,
        "bbox": [
          0.0,
          307.0,
          2173.0,
          1011.0
        ],
        "iou": 1.0220927000045776,
        "stability": 0.9401806592941284,
        "auto_generated": true,
        "model": "segment_anything"
      }
    },
    {
      "type": "Feature",
      "geometry": {
        "type": "Polygon",
        "coordinates": [
          [
            [
              0.4431922723091076,
              0.7226001511715797
            ],
            [
              0.4448022079116835,
              0.7207105064247922
            ],
            [
              0.4406623735050598,
              0.7207105064247922
            ],
            [
              0.43721251149954,
              0.7195767195767195
            ],
            [
              0.4337626494940202,
              0.718442932728647
            ],
            [
              0.4300827966881325,
              0.719198790627362
            ],
            [
              0.4264029438822447,
              0.718442932728647
            ],
            [
              0.4236430542778289,
              0.7161753590325018
            ],
            [
              0.41950321987120515,
              0.7161753590325018
            ],
            [
              0.41582336706531736,
              0.7154195011337868
            ],
            [
              0.41214351425942963,
              0.7161753590325018
            ],
            [
              0.40846366145354185,
              0.7154195011337868
            ],
            [
              0.4043238270469181,
              0.7154195011337868
            ],
            [
              0.4006439742410304,
              0.7146636432350718
            ],
            [
              0.3969641214351426,
              0.7154195011337868
            ],
            [
              0.3937442502299908,
              0.7154195011337868
            ],
            [
              0.39006439742410304,
              0.7146636432350718
            ],
            [
              0.38638454461821525,
              0.7139077853363568
            ],
            [
              0.3827046918123275,
              0.7146636432350718
            ],
            [
              0.3785648574057038,
              0.7146636432350718
            ],
            [
              0.374885004599816,
              0.7139077853363568
            ],
            [
              0.37074517019319225,
              0.7139077853363568
            ],
            [
              0.36660533578656856,
              0.7139077853363568
            ],
            [
              0.3626954921803128,
              0.7135298563869993
            ],
            [
              0.35878564857405704,
              0.7131519274376418
            ],
            [
              0.35556577736890527,
              0.7131519274376418
            ],
            [
              0.3514259429622815,
              0.7131519274376418
            ],
            [
              0.34774609015639374,
              0.7123960695389266
            ],
            [
              0.34360625574977,
              0.7123960695389266
            ],
            [
              0.33946642134314625,
              0.7123960695389266
            ],
            [
              0.33532658693652256,
              0.7123960695389266
            ],
            [
              0.33141674333026677,
              0.7120181405895691
            ],
            [
              0.327966881324747,
              0.7123960695389266
            ],
            [
              0.32382704691812325,
              0.7123960695389266
            ],
            [
              0.3201471941122355,
              0.7116402116402116
            ],
            [
              0.3160073597056118,
              0.7116402116402116
            ],
            [
              0.31186752529898804,
              0.7116402116402116
            ],
            [
              0.3077276908923643,
              0.7116402116402116
            ],
            [
              0.30404783808647656,
              0.7108843537414966
            ],
            [
              0.2999080036798528,
              0.7108843537414966
            ],
            [
              0.29622815087396503,
              0.7116402116402116
            ],
            [
              0.29277828886844526,
              0.7105064247921391
            ],
            [
              0.2893284268629255,
              0.7093726379440665
            ],
            [
              0.2856485740570377,
              0.7101284958427816
            ],
            [
              0.28196872125114997,
              0.7093726379440665
            ],
            [
              0.2778288868445262,
              0.7093726379440665
            ],
            [
              0.27414903403863844,
              0.7086167800453514
            ],
            [
              0.2704691812327507,
              0.7093726379440665
            ],
            [
              0.26632934682612697,
              0.7093726379440665
            ],
            [
              0.2621895124195032,
              0.7093726379440665
            ],
            [
              0.25850965961361544,
              0.7086167800453514
            ],
            [
              0.2548298068077277,
              0.7093726379440665
            ],
            [
              0.25574977000919963,
              0.7108843537414966
            ],
            [
              0.2582796688132475,
              0.7135298563869993
            ],
            [
              0.2610395584176633,
              0.7150415721844293
            ],
            [
              0.26310947562097514,
              0.7116402116402116
            ],
            [
              0.265869365225391,
              0.7139077853363568
            ],
            [
              0.2686292548298068,
              0.7146636432350718
            ],
            [
              0.27138914443422263,
              0.7139077853363568
            ],
            [
              0.2739190432382705,
              0.7165532879818595
            ],
            [
              0.27736890524379026,
              0.7161753590325018
            ],
            [
              0.281508739650414,
              0.7161753590325018
            ],
            [
              0.2856485740570377,
              0.7161753590325018
            ],
            [
              0.2893284268629255,
              0.716931216931217
            ],
            [
              0.2934682612695492,
              0.716931216931217
            ],
            [
              0.29760809567617297,
              0.716931216931217
            ],
            [
              0.3012879484820607,
              0.717687074829932
            ],
            [
              0.3049678012879485,
              0.716931216931217
            ],
            [
              0.3091076356945722,
              0.716931216931217
            ],
            [
              0.31278748850046,
              0.717687074829932
            ],
            [
              0.3169273229070837,
              0.717687074829932
            ],
            [
              0.32106715731370744,
              0.717687074829932
            ],
            [
              0.3252069917203312,
              0.717687074829932
            ],
            [
              0.32934682612695493,
              0.717687074829932
            ],
            [
              0.33348666053357867,
              0.717687074829932
            ],
            [
              0.3376264949402024,
              0.717687074829932
            ],
            [
              0.3417663293468261,
              0.717687074829932
            ],
            [
              0.3454461821527139,
              0.718442932728647
            ],
            [
              0.3486660533578657,
              0.718442932728647
            ],
            [
              0.3528058877644894,
              0.718442932728647
            ],
            [
              0.35694572217111314,
              0.718442932728647
            ],
            [
              0.36062557497700093,
              0.719198790627362
            ],
            [
              0.36430542778288866,
              0.718442932728647
            ],
            [
              0.3684452621895124,
              0.718442932728647
            ],
            [
              0.3723551057957682,
              0.7188208616780045
            ],
            [
              0.37626494940202393,
              0.719198790627362
            ],
            [
              0.37994480220791166,
              0.718442932728647
            ],
            [
              0.38362465501379944,
              0.719198790627362
            ],
            [
              0.3873045078196872,
              0.719954648526077
            ],
            [
              0.39098436062557496,
              0.7207105064247922
            ],
            [
              0.3942042318307268,
              0.7207105064247922
            ],
            [
              0.3969641214351426,
              0.719954648526077
            ],
            [
              0.3997240110395584,
              0.7222222222222222
            ],
            [
              0.4034038638454462,
              0.7229780801209372
            ],
            [
              0.40754369825206993,
              0.7229780801209372
            ],
            [
              0.4116835326586937,
              0.7229780801209372
            ],
            [
              0.41582336706531736,
              0.7229780801209372
            ],
            [
              0.4199632014719411,
              0.7229780801209372
            ],
            [
              0.42410303587856485,
              0.7229780801209372
            ],
            [
              0.4282428702851886,
              0.7229780801209372
            ],
            [
              0.43238270469181234,
              0.7229780801209372
            ],
            [
              0.4365225390984361,
              0.7229780801209372
            ],
            [
              0.4402023919043238,
              0.7222222222222222
            ],
            [
              0.4431922723091076,
              0.7226001511715797
            ]
          ]
        ]
      },
      "properties": {
        "segment_id": 18,
        "area": 1816331,
        "bbox": [
          0.0,
          307.0,
          2173.0,
          1011.0
        ],
        "iou": 1.0220927000045776,
        "stability": 0.9401806592941284,
        "auto_generated": true,
        "model": "segment_anything"
      }
    },
    {
      "type": "Feature",
      "geometry": {
        "type": "Polygon",
        "coordinates": [
          [
            [
              0.6110855565777369,
              0.7301587301587301
            ],
            [
              0.6145354185832567,
              0.7297808012093726
            ],
            [
              0.6175252989880404,
              0.7286470143613001
            ],
            [
              0.6145354185832567,
              0.7275132275132276
            ],
            [
              0.6113155473781049,
              0.7267573696145124
            ],
            [
              0.6080956761729531,
              0.7260015117157974
            ],
            [
              0.6048758049678012,
              0.7267573696145124
            ],
            [
              0.6011959521619136,
              0.7267573696145124
            ],
            [
              0.5979760809567617,
              0.7260015117157974
            ],
            [
              0.5947562097516099,
              0.7252456538170824
            ],
            [
              0.5910763569457221,
              0.7252456538170824
            ],
            [
              0.5878564857405704,
              0.7260015117157974
            ],
            [
              0.5841766329346826,
              0.7260015117157974
            ],
            [
              0.5809567617295308,
              0.7252456538170824
            ],
            [
              0.577736890524379,
              0.7244897959183674
            ],
            [
              0.5740570377184913,
              0.7244897959183674
            ],
            [
              0.5712971481140754,
              0.7244897959183674
            ],
            [
              0.5685372585096596,
              0.7260015117157974
            ],
            [
              0.5655473781048758,
              0.7248677248677249
            ],
            [
              0.562557497700092,
              0.7237339380196524
            ],
            [
              0.5588776448942042,
              0.7237339380196524
            ],
            [
              0.5556577736890524,
              0.7229780801209372
            ],
            [
              0.5533578656853726,
              0.7252456538170824
            ],
            [
              0.5505979760809567,
              0.7252456538170824
            ],
            [
              0.547838086476541,
              0.7237339380196524
            ],
            [
              0.5446182152713891,
              0.7229780801209372
            ],
            [
              0.5413983440662373,
              0.7222222222222222
            ],
            [
              0.5381784728610856,
              0.7229780801209372
            ],
            [
              0.5354185832566697,
              0.7229780801209372
            ],
            [
              0.5321987120515179,
              0.7222222222222222
            ],
            [
              0.5285188592456301,
              0.7222222222222222
            ],
            [
              0.5252989880404784,
              0.7214663643235072
            ],
            [
              0.5220791168353266,
              0.7222222222222222
            ],
            [
              0.5188592456301748,
              0.7214663643235072
            ],
            [
              0.515179392824287,
              0.7214663643235072
            ],
            [
              0.5114995400183993,
              0.7214663643235072
            ],
            [
              0.5082796688132475,
              0.7207105064247922
            ],
            [
              0.5045998160073597,
              0.7207105064247922
            ],
            [
              0.5009199632014719,
              0.7207105064247922
            ],
            [
              0.49770009199632015,
              0.7214663643235072
            ],
            [
              0.4944802207911684,
              0.7207105064247922
            ],
            [
              0.4908003679852806,
              0.7207105064247922
            ],
            [
              0.4871205151793928,
              0.7207105064247922
            ],
            [
              0.4834406623735051,
              0.7207105064247922
            ],
            [
              0.4806807727690892,
              0.7207105064247922
            ],
            [
              0.4770009199632015,
              0.7207105064247922
            ],
            [
              0.4733210671573137,
              0.7207105064247922
            ],
            [
              0.4696412143514259,
              0.7207105064247922
            ],
            [
              0.46665133394664216,
              0.7218442932728647
            ],
            [
              0.4638914443422263,
              0.7210884353741497
            ],
            [
              0.4604415823367065,
              0.7207105064247922
            ],
            [
              0.4567617295308188,
              0.7207105064247922
            ],
            [
              0.453081876724931,
              0.7207105064247922
            ],
            [
              0.4503219871205152,
              0.7214663643235072
            ],
            [
              0.453081876724931,
              0.7229780801209372
            ],
            [
              0.4567617295308188,
              0.7229780801209372
            ],
            [
              0.45998160073597055,
              0.7237339380196524
            ],
            [
              0.46343146274149033,
              0.7233560090702947
            ],
            [
              0.4668813247470101,
              0.7229780801209372
            ],
            [
              0.4696412143514259,
              0.7244897959183674
            ],
            [
              0.4733210671573137,
              0.7244897959183674
            ],
            [
              0.4770009199632015,
              0.7244897959183674
            ],
            [
              0.4797608095676173,
              0.7244897959183674
            ],
            [
              0.4832106715731371,
              0.7248677248677249
            ],
            [
              0.48574057037718493,
              0.7267573696145124
            ],
            [
              0.4889604415823367,
              0.7260015117157974
            ],
            [
              0.4924103035878565,
              0.7263794406651549
            ],
            [
              0.49586016559337626,
              0.7267573696145124
            ],
            [
              0.49862005519779207,
              0.7267573696145124
            ],
            [
              0.5016099356025759,
              0.7278911564625851
            ],
            [
              0.5045998160073597,
              0.7275132275132276
            ],
            [
              0.5082796688132475,
              0.7275132275132276
            ],
            [
              0.5114995400183993,
              0.7282690854119426
            ],
            [
              0.515179392824287,
              0.7282690854119426
            ],
            [
              0.5188592456301748,
              0.7282690854119426
            ],
            [
              0.5225390984360626,
              0.7282690854119426
            ],
            [
              0.5257589696412144,
              0.7290249433106576
            ],
            [
              0.5294388224471022,
              0.7290249433106576
            ],
            [
              0.5326586936522539,
              0.7282690854119426
            ],
            [
              0.5363385464581417,
              0.7282690854119426
            ],
            [
              0.5395584176632935,
              0.7290249433106576
            ],
            [
              0.5432382704691813,
              0.7290249433106576
            ],
            [
              0.545998160073597,
              0.7290249433106576
            ],
            [
              0.5492180312787488,
              0.7282690854119426
            ],
            [
              0.5526678932842686,
              0.7286470143613001
            ],
            [
              0.5556577736890524,
              0.7297808012093726
            ],
            [
              0.5593376264949402,
              0.7297808012093726
            ],
            [
              0.563017479300828,
              0.7297808012093726
            ],
            [
              0.5662373505059798,
              0.7290249433106576
            ],
            [
              0.5699172033118676,
              0.7290249433106576
            ],
            [
              0.5731370745170193,
              0.7297808012093726
            ],
            [
              0.5768169273229071,
              0.7297808012093726
            ],
            [
              0.5804967801287948,
              0.7297808012093726
            ],
            [
              0.5841766329346826,
              0.7297808012093726
            ],
            [
              0.5878564857405704,
              0.7297808012093726
            ],
            [
              0.5910763569457221,
              0.7305366591080876
            ],
            [
              0.594296228150874,
              0.7297808012093726
            ],
            [
              0.5979760809567617,
              0.7297808012093726
            ],
            [
              0.6016559337626495,
              0.7297808012093726
            ],
            [
              0.6053357865685373,
              0.7297808012093726
            ],
            [
              0.608555657773689,
              0.7305366591080876
            ],
            [
              0.6110855565777369,
              0.7301587301587301
            ]
          ]
        ]
      },
      "properties": {
        "segment_id": 18,
        "area": 1816331,
        "bbox": [
          0.0,
          307.0,
          2173.0,
          1011.0
        ],
        "iou": 1.0220927000045776,
        "stability": 0.9401806592941284,
        "auto_generated": true,
        "model": "segment_anything"
      }
    },
    {
      "type": "Feature",
      "geometry": {
        "type": "Polygon",
        "coordinates": [
          [
            [
              0.7580496780128795,
              0.753968253968254
            ],
            [
              0.7571297148114076,
              0.753968253968254
            ],
            [
              0.7562097516099356,
              0.753968253968254
            ],
            [
              0.7552897884084636,
              0.753968253968254
            ],
            [
              0.7543698252069917,
              0.753968253968254
            ],
            [
              0.7539098436062558,
              0.7532123960695389
            ],
            [
              0.7532198712051518,
              0.7528344671201814
            ],
            [
              0.7525298988040479,
              0.7524565381708239
            ],
            [
              0.7520699172033118,
              0.7517006802721088
            ],
            [
              0.7511499540018399,
              0.7517006802721088
            ],
            [
              0.7506899724011039,
              0.7524565381708239
            ],
            [
              0.75,
              0.7528344671201814
            ],
            [
              0.7493100275988961,
              0.7532123960695389
            ],
            [
              0.7486200551977921,
              0.7535903250188964
            ],
            [
              0.7479300827966882,
              0.753968253968254
            ],
            [
              0.7470101195952162,
              0.753968253968254
            ],
            [
              0.7465501379944802,
              0.7532123960695389
            ],
            [
              0.7456301747930083,
              0.7532123960695389
            ],
            [
              0.7451701931922723,
              0.7524565381708239
            ],
            [
              0.7444802207911684,
              0.7520786092214664
            ],
            [
              0.7437902483900644,
              0.7517006802721088
            ],
            [
              0.7428702851885924,
              0.7517006802721088
            ],
            [
              0.7419503219871205,
              0.7517006802721088
            ],
            [
              0.7410303587856486,
              0.7517006802721088
            ],
            [
              0.7401103955841767,
              0.7517006802721088
            ],
            [
              0.7391904323827047,
              0.7517006802721088
            ],
            [
              0.7387304507819688,
              0.7509448223733938
            ],
            [
              0.7378104875804968,
              0.7509448223733938
            ],
            [
              0.7373505059797608,
              0.7501889644746788
            ],
            [
              0.7366605335786569,
              0.7498110355253212
            ],
            [
              0.7359705611775529,
              0.7494331065759637
            ],
            [
              0.735050597976081,
              0.7494331065759637
            ],
            [
              0.734360625574977,
              0.7498110355253212
            ],
            [
              0.733670653173873,
              0.7501889644746788
            ],
            [
              0.7327506899724011,
              0.7501889644746788
            ],
            [
              0.7320607175712971,
              0.7498110355253212
            ],
            [
              0.7316007359705612,
              0.7490551776266062
            ],
            [
              0.7313707451701932,
              0.7479213907785336
            ],
            [
              0.7311407543698252,
              0.7467876039304611
            ],
            [
              0.7306807727690893,
              0.746031746031746
            ],
            [
              0.7304507819687213,
              0.7448979591836735
            ],
            [
              0.7299908003679852,
              0.7441421012849584
            ],
            [
              0.7293008279668813,
              0.7437641723356009
            ],
            [
              0.7288408463661453,
              0.7430083144368859
            ],
            [
              0.7283808647654094,
              0.7422524565381708
            ],
            [
              0.7279208831646734,
              0.7414965986394558
            ],
            [
              0.7279208831646734,
              0.7399848828420257
            ],
            [
              0.7283808647654094,
              0.7392290249433107
            ],
            [
              0.7286108555657773,
              0.7380952380952381
            ],
            [
              0.7290708371665133,
              0.737339380196523
            ],
            [
              0.7299908003679852,
              0.737339380196523
            ],
            [
              0.7304507819687213,
              0.736583522297808
            ],
            [
              0.7313707451701932,
              0.736583522297808
            ],
            [
              0.7322907083716651,
              0.736583522297808
            ],
            [
              0.7332106715731371,
              0.736583522297808
            ],
            [
              0.734130634774609,
              0.736583522297808
            ],
            [
              0.735050597976081,
              0.736583522297808
            ],
            [
              0.7359705611775529,
              0.736583522297808
            ],
            [
              0.7368905243790248,
              0.736583522297808
            ],
            [
              0.7378104875804968,
              0.736583522297808
            ],
            [
              0.7382704691812327,
              0.737339380196523
            ],
            [
              0.7391904323827047,
              0.737339380196523
            ],
            [
              0.7401103955841767,
              0.737339380196523
            ],
            [
              0.7410303587856486,
              0.737339380196523
            ],
            [
              0.7419503219871205,
              0.737339380196523
            ],
            [
              0.7426402943882244,
              0.7377173091458806
            ],
            [
              0.7433302667893285,
              0.7380952380952381
            ],
            [
              0.7442502299908004,
              0.7380952380952381
            ],
            [
              0.7451701931922723,
              0.7380952380952381
            ],
            [
              0.7460901563937442,
              0.7380952380952381
            ],
            [
              0.7470101195952162,
              0.7380952380952381
            ],
            [
              0.7479300827966882,
              0.7380952380952381
            ],
            [
              0.7488500459981601,
              0.7380952380952381
            ],
            [
              0.7493100275988961,
              0.7388510959939532
            ],
            [
              0.75,
              0.7392290249433107
            ],
            [
              0.7506899724011039,
              0.7396069538926682
            ],
            [
              0.7511499540018399,
              0.7403628117913832
            ],
            [
              0.7518399264029438,
              0.7407407407407407
            ],
            [
              0.7525298988040479,
              0.7411186696900982
            ],
            [
              0.7534498620055198,
              0.7411186696900982
            ],
            [
              0.7543698252069917,
              0.7411186696900982
            ],
            [
              0.7552897884084636,
              0.7411186696900982
            ],
            [
              0.7562097516099356,
              0.7411186696900982
            ],
            [
              0.7566697332106715,
              0.7418745275888133
            ],
            [
              0.7573597056117756,
              0.7422524565381708
            ],
            [
              0.7580496780128795,
              0.7426303854875284
            ],
            [
              0.7587396504139834,
              0.7430083144368859
            ],
            [
              0.7594296228150874,
              0.7433862433862434
            ],
            [
              0.7603495860165593,
              0.7433862433862434
            ],
            [
              0.7610395584176632,
              0.7437641723356009
            ],
            [
              0.7617295308187673,
              0.7441421012849584
            ],
            [
              0.7626494940202392,
              0.7441421012849584
            ],
            [
              0.7631094756209752,
              0.7448979591836735
            ],
            [
              0.7635694572217111,
              0.7456538170823885
            ],
            [
              0.7640294388224471,
              0.7464096749811036
            ],
            [
              0.7642594296228151,
              0.7475434618291761
            ],
            [
              0.7642594296228151,
              0.7490551776266062
            ],
            [
              0.7637994480220791,
              0.7498110355253212
            ],
            [
              0.7633394664213431,
              0.7505668934240363
            ],
            [
              0.7628794848206072,
              0.7513227513227513
            ],
            [
              0.7621895124195032,
              0.7517006802721088
            ],
            [
              0.7614995400183993,
              0.7520786092214664
            ],
            [
              0.7608095676172953,
              0.7524565381708239
            ],
            [
              0.7603495860165593,
              0.7532123960695389
            ],
            [
              0.7594296228150874,
              0.7532123960695389
            ],
            [
              0.7585096596136155,
              0.7532123960695389
            ],
            [
              0.7580496780128795,
              0.753968253968254
            ]
          ]
        ]
      },
      "properties": {
        "segment_id": 18,
        "area": 1816331,
        "bbox": [
          0.0,
          307.0,
          2173.0,
          1011.0
        ],
        "iou": 1.0220927000045776,
        "stability": 0.9401806592941284,
        "auto_generated": true,
        "model": "segment_anything"
      }
    },
    {
      "type": "Feature",
      "geometry": {
        "type": "Polygon",
        "coordinates": [
          [
            [
              0.5922263109475621,
              0.7566137566137566
            ],
            [
              0.5952161913523459,
              0.7562358276643991
            ],
            [
              0.5984360625574977,
              0.7562358276643991
            ],
            [
              0.6011959521619136,
              0.7554799697656841
            ],
            [
              0.6016559337626495,
              0.7532123960695389
            ],
            [
              0.5988960441582337,
              0.7524565381708239
            ],
            [
              0.5956761729530818,
              0.7524565381708239
            ],
            [
              0.5924563017479301,
              0.7524565381708239
            ],
            [
              0.5892364305427783,
              0.7524565381708239
            ],
            [
              0.5867065317387304,
              0.7528344671201814
            ],
            [
              0.5837166513339467,
              0.7524565381708239
            ],
            [
              0.5809567617295308,
              0.7517006802721088
            ],
            [
              0.577736890524379,
              0.7517006802721088
            ],
            [
              0.5745170193192273,
              0.7517006802721088
            ],
            [
              0.5717571297148114,
              0.7524565381708239
            ],
            [
              0.5689972401103955,
              0.7517006802721088
            ],
            [
              0.5662373505059798,
              0.7509448223733938
            ],
            [
              0.563017479300828,
              0.7509448223733938
            ],
            [
              0.5602575896964122,
              0.7517006802721088
            ],
            [
              0.5570377184912604,
              0.7517006802721088
            ],
            [
              0.5542778288868445,
              0.7509448223733938
            ],
            [
              0.5510579576816927,
              0.7509448223733938
            ],
            [
              0.547838086476541,
              0.7509448223733938
            ],
            [
              0.5446182152713891,
              0.7509448223733938
            ],
            [
              0.5413983440662373,
              0.7509448223733938
            ],
            [
              0.5381784728610856,
              0.7509448223733938
            ],
            [
              0.5349586016559338,
              0.7509448223733938
            ],
            [
              0.531738730450782,
              0.7509448223733938
            ],
            [
              0.5289788408463661,
              0.7501889644746788
            ],
            [
              0.5257589696412144,
              0.7501889644746788
            ],
            [
              0.5225390984360626,
              0.7501889644746788
            ],
            [
              0.5200091996320148,
              0.7505668934240363
            ],
            [
              0.5170193192272309,
              0.7501889644746788
            ],
            [
              0.514949402023919,
              0.7482993197278912
            ],
            [
              0.5119595216191353,
              0.7479213907785336
            ],
            [
              0.5087396504139834,
              0.7479213907785336
            ],
            [
              0.5059797608095676,
              0.7486772486772487
            ],
            [
              0.5041398344066237,
              0.7479213907785336
            ],
            [
              0.5009199632014719,
              0.7479213907785336
            ],
            [
              0.4981600735970561,
              0.7471655328798186
            ],
            [
              0.49494020239190434,
              0.7471655328798186
            ],
            [
              0.4917203311867525,
              0.7471655328798186
            ],
            [
              0.4889604415823367,
              0.7479213907785336
            ],
            [
              0.4862005519779209,
              0.7471655328798186
            ],
            [
              0.48298068077276907,
              0.7471655328798186
            ],
            [
              0.4797608095676173,
              0.7471655328798186
            ],
            [
              0.4765409383624655,
              0.7471655328798186
            ],
            [
              0.47378104875804966,
              0.7464096749811036
            ],
            [
              0.47102115915363385,
              0.7471655328798186
            ],
            [
              0.4678012879484821,
              0.7471655328798186
            ],
            [
              0.4650413983440662,
              0.7479213907785336
            ],
            [
              0.46205151793928245,
              0.7475434618291761
            ],
            [
              0.4595216191352346,
              0.7464096749811036
            ],
            [
              0.4563017479300828,
              0.7464096749811036
            ],
            [
              0.45354185832566696,
              0.7471655328798186
            ],
            [
              0.45078196872125115,
              0.7479213907785336
            ],
            [
              0.45262189512419504,
              0.7494331065759637
            ],
            [
              0.45538178472861085,
              0.7501889644746788
            ],
            [
              0.4586016559337627,
              0.7501889644746788
            ],
            [
              0.4613615455381785,
              0.7494331065759637
            ],
            [
              0.46458141674333026,
              0.7494331065759637
            ],
            [
              0.4671113155473781,
              0.7505668934240363
            ],
            [
              0.4696412143514259,
              0.7517006802721088
            ],
            [
              0.4724011039558418,
              0.7509448223733938
            ],
            [
              0.47562097516099355,
              0.7509448223733938
            ],
            [
              0.47838086476540936,
              0.7517006802721088
            ],
            [
              0.4806807727690892,
              0.7532123960695389
            ],
            [
              0.48390064397424104,
              0.7532123960695389
            ],
            [
              0.48666053357865685,
              0.7524565381708239
            ],
            [
              0.4889604415823367,
              0.7509448223733938
            ],
            [
              0.49103035878564855,
              0.7513227513227513
            ],
            [
              0.49310027598896045,
              0.7532123960695389
            ],
            [
              0.49586016559337626,
              0.753968253968254
            ],
            [
              0.49862005519779207,
              0.754724111866969
            ],
            [
              0.5013799448022079,
              0.753968253968254
            ],
            [
              0.5043698252069917,
              0.7535903250188964
            ],
            [
              0.5068997240110396,
              0.753968253968254
            ],
            [
              0.5096596136154554,
              0.754724111866969
            ],
            [
              0.5128794848206072,
              0.754724111866969
            ],
            [
              0.516099356025759,
              0.754724111866969
            ],
            [
              0.5193192272309107,
              0.754724111866969
            ],
            [
              0.5218491260349586,
              0.7543461829176115
            ],
            [
              0.5248390064397425,
              0.754724111866969
            ],
            [
              0.5275988960441582,
              0.7554799697656841
            ],
            [
              0.53081876724931,
              0.7554799697656841
            ],
            [
              0.5340386384544619,
              0.7554799697656841
            ],
            [
              0.5372585096596136,
              0.7554799697656841
            ],
            [
              0.5404783808647654,
              0.7554799697656841
            ],
            [
              0.5436982520699172,
              0.7554799697656841
            ],
            [
              0.546918123275069,
              0.7554799697656841
            ],
            [
              0.5501379944802208,
              0.7554799697656841
            ],
            [
              0.5533578656853726,
              0.7554799697656841
            ],
            [
              0.5565777368905244,
              0.7554799697656841
            ],
            [
              0.5593376264949402,
              0.7562358276643991
            ],
            [
              0.562557497700092,
              0.7562358276643991
            ],
            [
              0.5657773689052438,
              0.7562358276643991
            ],
            [
              0.5689972401103955,
              0.7562358276643991
            ],
            [
              0.5717571297148114,
              0.7554799697656841
            ],
            [
              0.5745170193192273,
              0.7562358276643991
            ],
            [
              0.577736890524379,
              0.7562358276643991
            ],
            [
              0.5809567617295308,
              0.7562358276643991
            ],
            [
              0.5841766329346826,
              0.7562358276643991
            ],
            [
              0.5869365225390984,
              0.7554799697656841
            ],
            [
              0.5896964121435143,
              0.7562358276643991
            ],
            [
              0.5922263109475621,
              0.7566137566137566
            ]
          ]
        ]
      },
      "properties": {
        "segment_id": 18,
        "area": 1816331,
        "bbox": [
          0.0,
          307.0,
          2173.0,
          1011.0
        ],
        "iou": 1.0220927000045776,
        "stability": 0.9401806592941284,
        "auto_generated": true,
        "model": "segment_anything"
      }
    },
    {
      "type": "Feature",
      "geometry": {
        "type": "Polygon",
        "coordinates": [
          [
            [
              0.999540018399264,
              0.9950869236583523
            ],
            [
              0.9898804047838087,
              0.9965986394557823
            ],
            [
              0.9806807727690893,
              0.9958427815570673
            ],
            [
              0.9705611775528978,
              0.9950869236583523
            ],
            [
              0.9604415823367065,
              0.9958427815570673
            ],
            [
              0.9507819687212512,
              0.9958427815570673
            ],
            [
              0.9406623735050598,
              0.9950869236583523
            ],
            [
              0.9310027598896045,
              0.9950869236583523
            ],
            [
              0.921343146274149,
              0.9950869236583523
            ],
            [
              0.9112235510579577,
              0.9958427815570673
            ],
            [
              0.9015639374425023,
              0.9958427815570673
            ],
            [
              0.8923643054277829,
              0.9950869236583523
            ],
            [
              0.8829346826126955,
              0.9954648526077098
            ],
            [
              0.8735050597976081,
              0.9958427815570673
            ],
            [
              0.8631554737810487,
              0.9954648526077098
            ],
            [
              0.8537258509659613,
              0.9950869236583523
            ],
            [
              0.844066237350506,
              0.9950869236583523
            ],
            [
              0.8348666053357866,
              0.9958427815570673
            ],
            [
              0.8252069917203312,
              0.9958427815570673
            ],
            [
              0.8160073597056118,
              0.9950869236583523
            ],
            [
              0.8054277828886844,
              0.9950869236583523
            ],
            [
              0.795768169273229,
              0.9950869236583523
            ],
            [
              0.7851885924563018,
              0.9950869236583523
            ],
            [
              0.7757589696412144,
              0.9947089947089947
            ],
            [
              0.766329346826127,
              0.9943310657596371
            ],
            [
              0.7571297148114076,
              0.9950869236583523
            ],
            [
              0.7474701011959521,
              0.9950869236583523
            ],
            [
              0.7382704691812327,
              0.9943310657596371
            ],
            [
              0.7286108555657773,
              0.9943310657596371
            ],
            [
              0.718951241950322,
              0.9943310657596371
            ],
            [
              0.7083716651333947,
              0.9943310657596371
            ],
            [
              0.6987120515179392,
              0.9943310657596371
            ],
            [
              0.6885924563017479,
              0.9935752078609221
            ],
            [
              0.6784728610855566,
              0.9943310657596371
            ],
            [
              0.6688132474701012,
              0.9943310657596371
            ],
            [
              0.6596136154553818,
              0.9935752078609221
            ],
            [
              0.6499540018399264,
              0.9935752078609221
            ],
            [
              0.640294388224471,
              0.9935752078609221
            ],
            [
              0.6310947562097516,
              0.9943310657596371
            ],
            [
              0.6214351425942962,
              0.9943310657596371
            ],
            [
              0.6122355105795768,
              0.9935752078609221
            ],
            [
              0.6025758969641214,
              0.9935752078609221
            ],
            [
              0.593376264949402,
              0.9943310657596371
            ],
            [
              0.5837166513339467,
              0.9943310657596371
            ],
            [
              0.5740570377184913,
              0.9943310657596371
            ],
            [
              0.5648574057037719,
              0.9935752078609221
            ],
            [
              0.5551977920883164,
              0.9935752078609221
            ],
            [
              0.545998160073597,
              0.9943310657596371
            ],
            [
              0.5363385464581417,
              0.9943310657596371
            ],
            [
              0.5266789328426863,
              0.9943310657596371
            ],
            [
              0.5174793008279669,
              0.9935752078609221
            ],
            [
              0.5078196872125115,
              0.9935752078609221
            ],
            [
              0.49862005519779207,
              0.9943310657596371
            ],
            [
              0.4891904323827047,
              0.9939531368102796
            ],
            [
              0.47930082796688134,
              0.9943310657596371
            ],
            [
              0.46918123275068996,
              0.9935752078609221
            ],
            [
              0.45906163753449863,
              0.9943310657596371
            ],
            [
              0.4494020239190432,
              0.9943310657596371
            ],
            [
              0.4402023919043238,
              0.9935752078609221
            ],
            [
              0.4296228150873965,
              0.9935752078609221
            ],
            [
              0.4199632014719411,
              0.9935752078609221
            ],
            [
              0.4096136154553818,
              0.9931972789115646
            ],
            [
              0.3997240110395584,
              0.9935752078609221
            ],
            [
              0.39006439742410304,
              0.9935752078609221
            ],
            [
              0.3804047838086477,
              0.9935752078609221
            ],
            [
              0.37074517019319225,
              0.9935752078609221
            ],
            [
              0.36062557497700093,
              0.9928193499622071
            ],
            [
              0.3514259429622815,
              0.9935752078609221
            ],
            [
              0.3417663293468261,
              0.9935752078609221
            ],
            [
              0.33210671573137074,
              0.9935752078609221
            ],
            [
              0.3224471021159154,
              0.9935752078609221
            ],
            [
              0.31324747010119597,
              0.9928193499622071
            ],
            [
              0.30404783808647656,
              0.9935752078609221
            ],
            [
              0.29438822447102114,
              0.9935752078609221
            ],
            [
              0.28518859245630174,
              0.9928193499622071
            ],
            [
              0.2755289788408464,
              0.9928193499622071
            ],
            [
              0.26517939282428704,
              0.9931972789115646
            ],
            [
              0.25528978840846367,
              0.9928193499622071
            ],
            [
              0.24609015639374426,
              0.9935752078609221
            ],
            [
              0.23689052437902483,
              0.9928193499622071
            ],
            [
              0.22723091076356947,
              0.9928193499622071
            ],
            [
              0.21803127874885003,
              0.9935752078609221
            ],
            [
              0.20791168353265868,
              0.9928193499622071
            ],
            [
              0.19825206991720332,
              0.9928193499622071
            ],
            [
              0.18767249310027598,
              0.9928193499622071
            ],
            [
              0.1780128794848206,
              0.9928193499622071
            ],
            [
              0.16789328426862926,
              0.9935752078609221
            ],
            [
              0.1577736890524379,
              0.9928193499622071
            ],
            [
              0.14811407543698252,
              0.9928193499622071
            ],
            [
              0.13799448022079117,
              0.9935752078609221
            ],
            [
              0.12787488500459981,
              0.9928193499622071
            ],
            [
              0.11821527138914444,
              0.9928193499622071
            ],
            [
              0.10809567617295308,
              0.9935752078609221
            ],
            [
              0.09866605335786569,
              0.9931972789115646
            ],
            [
              0.08877644894204231,
              0.9935752078609221
            ],
            [
              0.07980680772769089,
              0.9931972789115646
            ],
            [
              0.07106715731370745,
              0.9931972789115646
            ],
            [
              0.06117755289788408,
              0.9943310657596371
            ],
            [
              0.05105795768169273,
              0.9935752078609221
            ],
            [
              0.04139834406623735,
              0.9935752078609221
            ],
            [
              0.03173873045078197,
              0.9935752078609221
            ],
            [
              0.02207911683532659,
              0.9935752078609221
            ],
            [
              0.012879484820607176,
              0.9943310657596371
            ],
            [
              0.004599816007359705,
              0.9935752078609221
            ],
            [
              0.999540018399264,
              0.9950869236583523
            ]
          ]
        ]
      },
      "properties": {
        "segment_id": 18,
        "area": 1816331,
        "bbox": [
          0.0,
          307.0,
          2173.0,
          1011.0
        ],
        "iou": 1.0220927000045776,
        "stability": 0.9401806592941284,
        "auto_generated": true,
        "model": "segment_anything"
      }
    },
    {
      "type": "Feature",
      "geometry": {
        "type": "Polygon",
        "coordinates": [
          [
            [
              0.5867065317387304,
              0.0
            ],
            [
              0.5867065317387304,
              0.0007558578987150416
            ],
            [
              0.5867065317387304,
              0.0015117157974300832
            ],
            [
              0.5869365225390984,
              0.001889644746787604
            ],
            [
              0.5873965041398344,
              0.001889644746787604
            ],
            [
              0.5878564857405704,
              0.001889644746787604
            ],
            [
              0.5883164673413064,
              0.001889644746787604
            ],
            [
              0.5887764489420423,
              0.001889644746787604
            ],
            [
              0.5892364305427783,
              0.001889644746787604
            ],
            [
              0.5896964121435143,
              0.001889644746787604
            ],
            [
              0.5901563937442502,
              0.001889644746787604
            ],
            [
              0.5906163753449862,
              0.001889644746787604
            ],
            [
              0.5910763569457221,
              0.001889644746787604
            ],
            [
              0.5915363385464582,
              0.001889644746787604
            ],
            [
              0.5919963201471942,
              0.001889644746787604
            ],
            [
              0.5924563017479301,
              0.001889644746787604
            ],
            [
              0.5929162833486661,
              0.001889644746787604
            ],
            [
              0.5931462741490341,
              0.0022675736961451248
            ],
            [
              0.593376264949402,
              0.0026455026455026454
            ],
            [
              0.593836246550138,
              0.0026455026455026454
            ],
            [
              0.594296228150874,
              0.0026455026455026454
            ],
            [
              0.5947562097516099,
              0.0026455026455026454
            ],
            [
              0.5952161913523459,
              0.0026455026455026454
            ],
            [
              0.5956761729530818,
              0.0026455026455026454
            ],
            [
              0.5961361545538179,
              0.0026455026455026454
            ],
            [
              0.5965961361545539,
              0.0026455026455026454
            ],
            [
              0.5970561177552898,
              0.0026455026455026454
            ],
            [
              0.5975160993560258,
              0.0026455026455026454
            ],
            [
              0.5979760809567617,
              0.0026455026455026454
            ],
            [
              0.5982060717571297,
              0.0022675736961451248
            ],
            [
              0.5984360625574977,
              0.001889644746787604
            ],
            [
              0.5988960441582337,
              0.001889644746787604
            ],
            [
              0.5993560257589696,
              0.001889644746787604
            ],
            [
              0.5998160073597056,
              0.001889644746787604
            ],
            [
              0.6002759889604415,
              0.001889644746787604
            ],
            [
              0.6005059797608095,
              0.0015117157974300832
            ],
            [
              0.6005059797608095,
              0.0007558578987150416
            ],
            [
              0.6005059797608095,
              0.0
            ],
            [
              0.5867065317387304,
              0.0
            ]
          ]
        ]
      },
      "properties": {
        "segment_id": 19,
        "area": 892399,
        "bbox": [
          0.0,
          0.0,
          2173.0,
          842.0
        ],
        "iou": 0.9468854665756226,
        "stability": 0.9410004615783691,
        "auto_generated": true,
        "model": "segment_anything"
      }
    },
    {
      "type": "Feature",
      "geometry": {
        "type": "Polygon",
        "coordinates": [
          [
            [
              0.7486200551977921,
              0.0
            ],
            [
              0.7486200551977921,
              0.0007558578987150416
            ],
            [
              0.7486200551977921,
              0.0015117157974300832
            ],
            [
              0.7488500459981601,
              0.001889644746787604
            ],
            [
              0.7493100275988961,
              0.001889644746787604
            ],
            [
              0.749770009199632,
              0.001889644746787604
            ],
            [
              0.750229990800368,
              0.001889644746787604
            ],
            [
              0.750459981600736,
              0.0022675736961451248
            ],
            [
              0.7506899724011039,
              0.0026455026455026454
            ],
            [
              0.7511499540018399,
              0.0026455026455026454
            ],
            [
              0.7516099356025759,
              0.0026455026455026454
            ],
            [
              0.7520699172033118,
              0.0026455026455026454
            ],
            [
              0.7525298988040479,
              0.0026455026455026454
            ],
            [
              0.7529898804047838,
              0.0026455026455026454
            ],
            [
              0.7534498620055198,
              0.0026455026455026454
            ],
            [
              0.7539098436062558,
              0.0026455026455026454
            ],
            [
              0.7543698252069917,
              0.0026455026455026454
            ],
            [
              0.7545998160073597,
              0.0022675736961451248
            ],
            [
              0.7548298068077277,
              0.001889644746787604
            ],
            [
              0.7552897884084636,
              0.001889644746787604
            ],
            [
              0.7557497700091996,
              0.001889644746787604
            ],
            [
              0.7562097516099356,
              0.001889644746787604
            ],
            [
              0.7566697332106715,
              0.001889644746787604
            ],
            [
              0.7571297148114076,
              0.001889644746787604
            ],
            [
              0.7575896964121435,
              0.001889644746787604
            ],
            [
              0.7580496780128795,
              0.001889644746787604
            ],
            [
              0.7585096596136155,
              0.001889644746787604
            ],
            [
              0.7589696412143514,
              0.001889644746787604
            ],
            [
              0.7594296228150874,
              0.001889644746787604
            ],
            [
              0.7598896044158233,
              0.001889644746787604
            ],
            [
              0.7603495860165593,
              0.001889644746787604
            ],
            [
              0.7608095676172953,
              0.001889644746787604
            ],
            [
              0.7612695492180312,
              0.001889644746787604
            ],
            [
              0.7617295308187673,
              0.001889644746787604
            ],
            [
              0.7621895124195032,
              0.001889644746787604
            ],
            [
              0.7626494940202392,
              0.001889644746787604
            ],
            [
              0.7631094756209752,
              0.001889644746787604
            ],
            [
              0.7635694572217111,
              0.001889644746787604
            ],
            [
              0.7640294388224471,
              0.001889644746787604
            ],
            [
              0.764489420423183,
              0.001889644746787604
            ],
            [
              0.764949402023919,
              0.001889644746787604
            ],
            [
              0.765409383624655,
              0.001889644746787604
            ],
            [
              0.765869365225391,
              0.001889644746787604
            ],
            [
              0.766099356025759,
              0.0015117157974300832
            ],
            [
              0.766099356025759,
              0.0007558578987150416
            ],
            [
              0.766099356025759,
              0.0
            ],
            [
              0.7486200551977921,
              0.0
            ]
          ]
        ]
      },
      "properties": {
        "segment_id": 19,
        "area": 892399,
        "bbox": [
          0.0,
          0.0,
          2173.0,
          842.0
        ],
        "iou": 0.9468854665756226,
        "stability": 0.9410004615783691,
        "auto_generated": true,
        "model": "segment_anything"
      }
    },
    {
      "type": "Feature",
      "geometry": {
        "type": "Polygon",
        "coordinates": [
          [
            [
              0.7683992640294388,
              0.0
            ],
            [
              0.7683992640294388,
              0.0007558578987150416
            ],
            [
              0.7683992640294388,
              0.0015117157974300832
            ],
            [
              0.7686292548298068,
              0.001889644746787604
            ],
            [
              0.7690892364305428,
              0.001889644746787604
            ],
            [
              0.7695492180312787,
              0.001889644746787604
            ],
            [
              0.7700091996320148,
              0.001889644746787604
            ],
            [
              0.7704691812327507,
              0.001889644746787604
            ],
            [
              0.7709291628334867,
              0.001889644746787604
            ],
            [
              0.7713891444342227,
              0.001889644746787604
            ],
            [
              0.7718491260349586,
              0.001889644746787604
            ],
            [
              0.7720791168353266,
              0.0022675736961451248
            ],
            [
              0.7723091076356946,
              0.0026455026455026454
            ],
            [
              0.7727690892364305,
              0.0026455026455026454
            ],
            [
              0.7732290708371665,
              0.0026455026455026454
            ],
            [
              0.7736890524379025,
              0.0026455026455026454
            ],
            [
              0.7741490340386384,
              0.0026455026455026454
            ],
            [
              0.7746090156393745,
              0.0026455026455026454
            ],
            [
              0.7750689972401104,
              0.0026455026455026454
            ],
            [
              0.7755289788408464,
              0.0026455026455026454
            ],
            [
              0.7759889604415824,
              0.0026455026455026454
            ],
            [
              0.7764489420423183,
              0.0026455026455026454
            ],
            [
              0.7769089236430543,
              0.0026455026455026454
            ],
            [
              0.7773689052437902,
              0.0026455026455026454
            ],
            [
              0.7778288868445262,
              0.0026455026455026454
            ],
            [
              0.7782888684452622,
              0.0026455026455026454
            ],
            [
              0.7787488500459981,
              0.0026455026455026454
            ],
            [
              0.7792088316467342,
              0.0026455026455026454
            ],
            [
              0.7796688132474701,
              0.0026455026455026454
            ],
            [
              0.7801287948482061,
              0.0026455026455026454
            ],
            [
              0.7805887764489421,
              0.0026455026455026454
            ],
            [
              0.781048758049678,
              0.0026455026455026454
            ],
            [
              0.781508739650414,
              0.0026455026455026454
            ],
            [
              0.7819687212511499,
              0.0026455026455026454
            ],
            [
              0.7824287028518859,
              0.0026455026455026454
            ],
            [
              0.7828886844526219,
              0.0026455026455026454
            ],
            [
              0.7833486660533578,
              0.0026455026455026454
            ],
            [
              0.7838086476540939,
              0.0026455026455026454
            ],
            [
              0.7842686292548298,
              0.0026455026455026454
            ],
            [
              0.7847286108555658,
              0.0026455026455026454
            ],
            [
              0.7851885924563018,
              0.0026455026455026454
            ],
            [
              0.7856485740570377,
              0.0026455026455026454
            ],
            [
              0.7861085556577737,
              0.0026455026455026454
            ],
            [
              0.7865685372585096,
              0.0026455026455026454
            ],
            [
              0.7870285188592456,
              0.0026455026455026454
            ],
            [
              0.7874885004599816,
              0.0026455026455026454
            ],
            [
              0.7879484820607175,
              0.0026455026455026454
            ],
            [
              0.7884084636614536,
              0.0026455026455026454
            ],
            [
              0.7888684452621895,
              0.0026455026455026454
            ],
            [
              0.7893284268629255,
              0.0026455026455026454
            ],
            [
              0.7897884084636615,
              0.0026455026455026454
            ],
            [
              0.7902483900643974,
              0.0026455026455026454
            ],
            [
              0.7907083716651334,
              0.0026455026455026454
            ],
            [
              0.7911683532658693,
              0.0026455026455026454
            ],
            [
              0.7916283348666053,
              0.0026455026455026454
            ],
            [
              0.7920883164673413,
              0.0026455026455026454
            ],
            [
              0.7925482980680773,
              0.0026455026455026454
            ],
            [
              0.7930082796688133,
              0.0026455026455026454
            ],
            [
              0.7934682612695492,
              0.0026455026455026454
            ],
            [
              0.7939282428702852,
              0.0026455026455026454
            ],
            [
              0.7943882244710212,
              0.0026455026455026454
            ],
            [
              0.7948482060717571,
              0.0026455026455026454
            ],
            [
              0.7953081876724931,
              0.0026455026455026454
            ],
            [
              0.795768169273229,
              0.0026455026455026454
            ],
            [
              0.796228150873965,
              0.0026455026455026454
            ],
            [
              0.796688132474701,
              0.0026455026455026454
            ],
            [
              0.797148114075437,
              0.0026455026455026454
            ],
            [
              0.797608095676173,
              0.0026455026455026454
            ],
            [
              0.7980680772769089,
              0.0026455026455026454
            ],
            [
              0.7985280588776449,
              0.0026455026455026454
            ],
            [
              0.7989880404783809,
              0.0026455026455026454
            ],
            [
              0.7994480220791168,
              0.0026455026455026454
            ],
            [
              0.7999080036798528,
              0.0026455026455026454
            ],
            [
              0.8001379944802208,
              0.0030234315948601664
            ],
            [
              0.8003679852805887,
              0.003401360544217687
            ],
            [
              0.8008279668813247,
              0.003401360544217687
            ],
            [
              0.8012879484820608,
              0.003401360544217687
            ],
            [
              0.8017479300827967,
              0.003401360544217687
            ],
            [
              0.8022079116835327,
              0.003401360544217687
            ],
            [
              0.8026678932842686,
              0.003401360544217687
            ],
            [
              0.8031278748850046,
              0.003401360544217687
            ],
            [
              0.8033578656853726,
              0.0030234315948601664
            ],
            [
              0.8035878564857406,
              0.0026455026455026454
            ],
            [
              0.8040478380864765,
              0.0026455026455026454
            ],
            [
              0.8045078196872125,
              0.0026455026455026454
            ],
            [
              0.8049678012879485,
              0.0026455026455026454
            ],
            [
              0.8054277828886844,
              0.0026455026455026454
            ],
            [
              0.8058877644894205,
              0.0026455026455026454
            ],
            [
              0.8063477460901564,
              0.0026455026455026454
            ],
            [
              0.8068077276908924,
              0.0026455026455026454
            ],
            [
              0.8072677092916284,
              0.0026455026455026454
            ],
            [
              0.8077276908923643,
              0.0026455026455026454
            ],
            [
              0.8081876724931003,
              0.0026455026455026454
            ],
            [
              0.8086476540938362,
              0.0026455026455026454
            ],
            [
              0.8091076356945722,
              0.0026455026455026454
            ],
            [
              0.8095676172953082,
              0.0026455026455026454
            ],
            [
              0.8100275988960441,
              0.0026455026455026454
            ],
            [
              0.8104875804967802,
              0.0026455026455026454
            ],
            [
              0.8109475620975161,
              0.0026455026455026454
            ],
            [
              0.8114075436982521,
              0.0026455026455026454
            ],
            [
              0.8118675252989881,
              0.0026455026455026454
            ],
            [
              0.812327506899724,
              0.0026455026455026454
            ],
            [
              0.81278748850046,
              0.0026455026455026454
            ],
            [
              0.8132474701011959,
              0.0026455026455026454
            ],
            [
              0.8137074517019319,
              0.0026455026455026454
            ],
            [
              0.8141674333026679,
              0.0026455026455026454
            ],
            [
              0.8146274149034038,
              0.0026455026455026454
            ],
            [
              0.8150873965041399,
              0.0026455026455026454
            ],
            [
              0.8155473781048758,
              0.0026455026455026454
            ],
            [
              0.8160073597056118,
              0.0026455026455026454
            ],
            [
              0.8164673413063478,
              0.0026455026455026454
            ],
            [
              0.8169273229070837,
              0.0026455026455026454
            ],
            [
              0.8173873045078197,
              0.0026455026455026454
            ],
            [
              0.8178472861085556,
              0.0026455026455026454
            ],
            [
              0.8183072677092916,
              0.0026455026455026454
            ],
            [
              0.8187672493100276,
              0.0026455026455026454
            ],
            [
              0.8192272309107635,
              0.0026455026455026454
            ],
            [
              0.8196872125114996,
              0.0026455026455026454
            ],
            [
              0.8201471941122355,
              0.0026455026455026454
            ],
            [
              0.8203771849126035,
              0.0022675736961451248
            ],
            [
              0.8206071757129715,
              0.001889644746787604
            ],
            [
              0.8210671573137075,
              0.001889644746787604
            ],
            [
              0.8212971481140754,
              0.0015117157974300832
            ],
            [
              0.8212971481140754,
              0.0007558578987150416
            ],
            [
              0.8212971481140754,
              0.0
            ],
            [
              0.7683992640294388,
              0.0
            ]
          ]
        ]
      },
      "properties": {
        "segment_id": 19,
        "area": 892399,
        "bbox": [
          0.0,
          0.0,
          2173.0,
          842.0
        ],
        "iou": 0.9468854665756226,
        "stability": 0.9410004615783691,
        "auto_generated": true,
        "model": "segment_anything"
      }
    },
    {
      "type": "Feature",
      "geometry": {
        "type": "Polygon",
        "coordinates": [
          [
            [
              0.999540018399264,
              0.22940287226001513
            ],
            [
              0.9903403863845446,
              0.2309145880574452
            ],
            [
              0.9799908003679852,
              0.23204837490551777
            ],
            [
              0.9701011959521619,
              0.23242630385487528
            ],
            [
              0.9599816007359706,
              0.23242630385487528
            ],
            [
              0.9500919963201472,
              0.2328042328042328
            ],
            [
              0.9406623735050598,
              0.23393801965230537
            ],
            [
              0.9300827966881324,
              0.23469387755102042
            ],
            [
              0.9204231830726771,
              0.23544973544973544
            ],
            [
              0.9107635694572217,
              0.23620559334845048
            ],
            [
              0.9006439742410304,
              0.23771730914588057
            ],
            [
              0.891444342226311,
              0.23771730914588057
            ],
            [
              0.8808647654093836,
              0.23847316704459562
            ],
            [
              0.8702851885924563,
              0.23922902494331066
            ],
            [
              0.8617755289788408,
              0.24338624338624337
            ],
            [
              0.8539558417663293,
              0.24867724867724866
            ],
            [
              0.8452161913523459,
              0.25245653817082386
            ],
            [
              0.8376264949402024,
              0.2581254724111867
            ],
            [
              0.8293468261269549,
              0.26266061980347694
            ],
            [
              0.8206071757129715,
              0.26643990929705214
            ],
            [
              0.81278748850046,
              0.2717309145880574
            ],
            [
              0.8049678012879485,
              0.2770219198790627
            ],
            [
              0.796688132474701,
              0.281557067271353
            ],
            [
              0.7888684452621895,
              0.2868480725623583
            ],
            [
              0.78081876724931,
              0.29176114890400606
            ],
            [
              0.7729990800367985,
              0.29705215419501135
            ],
            [
              0.764949402023919,
              0.30196523053665913
            ],
            [
              0.7571297148114076,
              0.3072562358276644
            ],
            [
              0.7488500459981601,
              0.31179138321995464
            ],
            [
              0.7410303587856486,
              0.31708238851095993
            ],
            [
              0.7332106715731371,
              0.3223733938019652
            ],
            [
              0.7244710211591536,
              0.3261526832955404
            ],
            [
              0.7171113155473781,
              0.3321995464852608
            ],
            [
              0.7065317387304508,
              0.3329554043839758
            ],
            [
              0.6954921803127875,
              0.3329554043839758
            ],
            [
              0.6844526218951242,
              0.3329554043839758
            ],
            [
              0.6743330266789328,
              0.3314436885865457
            ],
            [
              0.6635234590616376,
              0.3318216175359032
            ],
            [
              0.6536338546458141,
              0.3321995464852608
            ],
            [
              0.6430542778288868,
              0.3314436885865457
            ],
            [
              0.6329346826126955,
              0.3314436885865457
            ],
            [
              0.6228150873965042,
              0.3299319727891156
            ],
            [
              0.6136154553817847,
              0.3284202569916856
            ],
            [
              0.6044158233670653,
              0.3299319727891156
            ],
            [
              0.593836246550138,
              0.3291761148904006
            ],
            [
              0.5841766329346826,
              0.3299319727891156
            ],
            [
              0.5740570377184913,
              0.3314436885865457
            ],
            [
              0.5634774609015639,
              0.3321995464852608
            ],
            [
              0.5524379024839007,
              0.3321995464852608
            ],
            [
              0.5413983440662373,
              0.3321995464852608
            ],
            [
              0.531278748850046,
              0.3306878306878307
            ],
            [
              0.5211591536338547,
              0.3306878306878307
            ],
            [
              0.5110395584176632,
              0.3306878306878307
            ],
            [
              0.500459981600736,
              0.3314436885865457
            ],
            [
              0.4908003679852806,
              0.3321995464852608
            ],
            [
              0.48022079116835326,
              0.3314436885865457
            ],
            [
              0.4696412143514259,
              0.3306878306878307
            ],
            [
              0.4595216191352346,
              0.3321995464852608
            ],
            [
              0.4484820607175713,
              0.3321995464852608
            ],
            [
              0.43790248390064396,
              0.3314436885865457
            ],
            [
              0.4273229070837167,
              0.3306878306878307
            ],
            [
              0.41674333026678934,
              0.3299319727891156
            ],
            [
              0.40570377184912604,
              0.3299319727891156
            ],
            [
              0.3951241950321987,
              0.3306878306878307
            ],
            [
              0.3850045998160074,
              0.3321995464852608
            ],
            [
              0.37465501379944804,
              0.3318216175359032
            ],
            [
              0.36430542778288866,
              0.3314436885865457
            ],
            [
              0.35418583256669733,
              0.3299319727891156
            ],
            [
              0.34314627414903404,
              0.3299319727891156
            ],
            [
              0.3330266789328427,
              0.3299319727891156
            ],
            [
              0.3233670653173873,
              0.3306878306878307
            ],
            [
              0.3137074517019319,
              0.3284202569916856
            ],
            [
              0.3031278748850046,
              0.3276643990929705
            ],
            [
              0.29254829806807725,
              0.3284202569916856
            ],
            [
              0.2828886844526219,
              0.3276643990929705
            ],
            [
              0.2732290708371665,
              0.3269085411942555
            ],
            [
              0.2621895124195032,
              0.3269085411942555
            ],
            [
              0.25252989880404786,
              0.3261526832955404
            ],
            [
              0.24241030358785648,
              0.3261526832955404
            ],
            [
              0.23229070837166513,
              0.3261526832955404
            ],
            [
              0.22217111315547378,
              0.32464096749811033
            ],
            [
              0.21205151793928242,
              0.3261526832955404
            ],
            [
              0.20193192272309107,
              0.3261526832955404
            ],
            [
              0.19181232750689972,
              0.3261526832955404
            ],
            [
              0.1812327506899724,
              0.3269085411942555
            ],
            [
              0.17111315547378106,
              0.3269085411942555
            ],
            [
              0.16007359705611776,
              0.3269085411942555
            ],
            [
              0.15041398344066237,
              0.32464096749811033
            ],
            [
              0.14190432382704693,
              0.3242630385487528
            ],
            [
              0.13247470101195952,
              0.3269085411942555
            ],
            [
              0.12235510579576817,
              0.3269085411942555
            ],
            [
              0.11269549218031279,
              0.32464096749811033
            ],
            [
              0.10257589696412144,
              0.32464096749811033
            ],
            [
              0.09337626494940203,
              0.32464096749811033
            ],
            [
              0.08371665133394664,
              0.3253968253968254
            ],
            [
              0.07405703771849126,
              0.3261526832955404
            ],
            [
              0.06347746090156393,
              0.3253968253968254
            ],
            [
              0.05243790248390064,
              0.3253968253968254
            ],
            [
              0.04323827046918123,
              0.3269085411942555
            ],
            [
              0.03265869365225391,
              0.3261526832955404
            ],
            [
              0.02207911683532659,
              0.3269085411942555
            ],
            [
              0.011959521619135235,
              0.3269085411942555
            ],
            [
              0.0022999080036798527,
              0.32464096749811033
            ],
            [
              0.999540018399264,
              0.22940287226001513
            ]
          ]
        ]
      },
      "properties": {
        "segment_id": 19,
        "area": 892399,
        "bbox": [
          0.0,
          0.0,
          2173.0,
          842.0
        ],
        "iou": 0.9468854665756226,
        "stability": 0.9410004615783691,
        "auto_generated": true,
        "model": "segment_anything"
      }
    },
    {
      "type": "Feature",
      "geometry": {
        "type": "Polygon",
        "coordinates": [
          [
            [
              0.7014719411223551,
              0.4017384731670446
            ],
            [
              0.7010119595216191,
              0.4017384731670446
            ],
            [
              0.7005519779208832,
              0.4017384731670446
            ],
            [
              0.7003219871205152,
              0.4013605442176871
            ],
            [
              0.7000919963201472,
              0.40098261526832957
            ],
            [
              0.6998620055197792,
              0.40060468631897206
            ],
            [
              0.6998620055197792,
              0.399848828420257
            ],
            [
              0.6998620055197792,
              0.39909297052154197
            ],
            [
              0.6998620055197792,
              0.3983371126228269
            ],
            [
              0.6996320147194113,
              0.3979591836734694
            ],
            [
              0.6994020239190433,
              0.3975812547241119
            ],
            [
              0.6994020239190433,
              0.3968253968253968
            ],
            [
              0.6994020239190433,
              0.3960695389266818
            ],
            [
              0.6991720331186753,
              0.3956916099773243
            ],
            [
              0.6989420423183073,
              0.39531368102796677
            ],
            [
              0.6987120515179392,
              0.3949357520786092
            ],
            [
              0.6984820607175714,
              0.3945578231292517
            ],
            [
              0.6982520699172033,
              0.3941798941798942
            ],
            [
              0.6980220791168353,
              0.3938019652305367
            ],
            [
              0.6980220791168353,
              0.3930461073318216
            ],
            [
              0.6980220791168353,
              0.3922902494331066
            ],
            [
              0.6980220791168353,
              0.3915343915343915
            ],
            [
              0.6980220791168353,
              0.3907785336356765
            ],
            [
              0.6980220791168353,
              0.3900226757369615
            ],
            [
              0.6980220791168353,
              0.3892668178382464
            ],
            [
              0.6982520699172033,
              0.3888888888888889
            ],
            [
              0.6984820607175714,
              0.3885109599395314
            ],
            [
              0.6987120515179392,
              0.3881330309901738
            ],
            [
              0.6989420423183073,
              0.3877551020408163
            ],
            [
              0.6991720331186753,
              0.3873771730914588
            ],
            [
              0.6994020239190433,
              0.3869992441421013
            ],
            [
              0.6996320147194113,
              0.3866213151927438
            ],
            [
              0.7000919963201472,
              0.3866213151927438
            ],
            [
              0.7005519779208832,
              0.3866213151927438
            ],
            [
              0.7010119595216191,
              0.3866213151927438
            ],
            [
              0.7012419503219871,
              0.3869992441421013
            ],
            [
              0.7014719411223551,
              0.3873771730914588
            ],
            [
              0.7017019319227231,
              0.3877551020408163
            ],
            [
              0.7017019319227231,
              0.3885109599395314
            ],
            [
              0.7017019319227231,
              0.3892668178382464
            ],
            [
              0.7017019319227231,
              0.3900226757369615
            ],
            [
              0.7017019319227231,
              0.3907785336356765
            ],
            [
              0.7017019319227231,
              0.3915343915343915
            ],
            [
              0.7014719411223551,
              0.3919123204837491
            ],
            [
              0.7012419503219871,
              0.3922902494331066
            ],
            [
              0.7012419503219871,
              0.3930461073318216
            ],
            [
              0.7012419503219871,
              0.3938019652305367
            ],
            [
              0.7012419503219871,
              0.3945578231292517
            ],
            [
              0.7012419503219871,
              0.39531368102796677
            ],
            [
              0.7014719411223551,
              0.3956916099773243
            ],
            [
              0.7017019319227231,
              0.3960695389266818
            ],
            [
              0.7017019319227231,
              0.3968253968253968
            ],
            [
              0.7017019319227231,
              0.3975812547241119
            ],
            [
              0.7017019319227231,
              0.3983371126228269
            ],
            [
              0.7017019319227231,
              0.39909297052154197
            ],
            [
              0.7017019319227231,
              0.399848828420257
            ],
            [
              0.7017019319227231,
              0.40060468631897206
            ],
            [
              0.7017019319227231,
              0.4013605442176871
            ],
            [
              0.7014719411223551,
              0.4017384731670446
            ],
            [
              0.7014719411223551,
              0.4017384731670446
            ]
          ]
        ]
      },
      "properties": {
        "segment_id": 19,
        "area": 892399,
        "bbox": [
          0.0,
          0.0,
          2173.0,
          842.0
        ],
        "iou": 0.9468854665756226,
        "stability": 0.9410004615783691,
        "auto_generated": true,
        "model": "segment_anything"
      }
    },
    {
      "type": "Feature",
      "geometry": {
        "type": "Polygon",
        "coordinates": [
          [
            [
              0.7327506899724011,
              0.5234315948601663
            ],
            [
              0.7322907083716651,
              0.5234315948601663
            ],
            [
              0.7318307267709292,
              0.5234315948601663
            ],
            [
              0.7313707451701932,
              0.5234315948601663
            ],
            [
              0.7309107635694572,
              0.5234315948601663
            ],
            [
              0.7306807727690893,
              0.5230536659108088
            ],
            [
              0.7304507819687213,
              0.5226757369614512
            ],
            [
              0.7299908003679852,
              0.5226757369614512
            ],
            [
              0.7297608095676172,
              0.5222978080120937
            ],
            [
              0.7295308187672493,
              0.5219198790627362
            ],
            [
              0.7293008279668813,
              0.5215419501133787
            ],
            [
              0.7290708371665133,
              0.5211640211640212
            ],
            [
              0.7288408463661453,
              0.5207860922146637
            ],
            [
              0.7286108555657773,
              0.5204081632653061
            ],
            [
              0.7281508739650414,
              0.5204081632653061
            ],
            [
              0.7279208831646734,
              0.5207860922146637
            ],
            [
              0.7276908923643054,
              0.5211640211640212
            ],
            [
              0.7274609015639374,
              0.5215419501133787
            ],
            [
              0.7274609015639374,
              0.5222978080120937
            ],
            [
              0.7272309107635695,
              0.5226757369614512
            ],
            [
              0.7267709291628335,
              0.5226757369614512
            ],
            [
              0.7265409383624655,
              0.5230536659108088
            ],
            [
              0.7263109475620975,
              0.5234315948601663
            ],
            [
              0.7258509659613616,
              0.5234315948601663
            ],
            [
              0.7253909843606255,
              0.5234315948601663
            ],
            [
              0.7249310027598896,
              0.5234315948601663
            ],
            [
              0.7244710211591536,
              0.5234315948601663
            ],
            [
              0.7240110395584176,
              0.5234315948601663
            ],
            [
              0.7235510579576817,
              0.5234315948601663
            ],
            [
              0.7230910763569457,
              0.5234315948601663
            ],
            [
              0.7228610855565777,
              0.5230536659108088
            ],
            [
              0.7226310947562098,
              0.5226757369614512
            ],
            [
              0.7221711131554738,
              0.5226757369614512
            ],
            [
              0.7219411223551058,
              0.5222978080120937
            ],
            [
              0.7219411223551058,
              0.5215419501133787
            ],
            [
              0.7221711131554738,
              0.5211640211640212
            ],
            [
              0.7224011039558418,
              0.5207860922146637
            ],
            [
              0.7226310947562098,
              0.5204081632653061
            ],
            [
              0.7228610855565777,
              0.5200302343159486
            ],
            [
              0.7230910763569457,
              0.5196523053665911
            ],
            [
              0.7235510579576817,
              0.5196523053665911
            ],
            [
              0.7237810487580497,
              0.5192743764172335
            ],
            [
              0.7240110395584176,
              0.518896447467876
            ],
            [
              0.7244710211591536,
              0.518896447467876
            ],
            [
              0.7247010119595216,
              0.5185185185185185
            ],
            [
              0.7249310027598896,
              0.518140589569161
            ],
            [
              0.7253909843606255,
              0.518140589569161
            ],
            [
              0.7258509659613616,
              0.518140589569161
            ],
            [
              0.7263109475620975,
              0.518140589569161
            ],
            [
              0.7267709291628335,
              0.518140589569161
            ],
            [
              0.7270009199632015,
              0.5177626606198035
            ],
            [
              0.7272309107635695,
              0.517384731670446
            ],
            [
              0.7274609015639374,
              0.5170068027210885
            ],
            [
              0.7276908923643054,
              0.516628873771731
            ],
            [
              0.7279208831646734,
              0.5162509448223734
            ],
            [
              0.7281508739650414,
              0.5158730158730159
            ],
            [
              0.7286108555657773,
              0.5158730158730159
            ],
            [
              0.7288408463661453,
              0.5154950869236583
            ],
            [
              0.7290708371665133,
              0.5151171579743008
            ],
            [
              0.7295308187672493,
              0.5151171579743008
            ],
            [
              0.7299908003679852,
              0.5151171579743008
            ],
            [
              0.7304507819687213,
              0.5151171579743008
            ],
            [
              0.7309107635694572,
              0.5151171579743008
            ],
            [
              0.7313707451701932,
              0.5151171579743008
            ],
            [
              0.7318307267709292,
              0.5151171579743008
            ],
            [
              0.7322907083716651,
              0.5151171579743008
            ],
            [
              0.7327506899724011,
              0.5151171579743008
            ],
            [
              0.7329806807727691,
              0.5154950869236583
            ],
            [
              0.7332106715731371,
              0.5158730158730159
            ],
            [
              0.733440662373505,
              0.5162509448223734
            ],
            [
              0.733440662373505,
              0.5170068027210885
            ],
            [
              0.733440662373505,
              0.5177626606198035
            ],
            [
              0.733670653173873,
              0.518140589569161
            ],
            [
              0.733900643974241,
              0.5185185185185185
            ],
            [
              0.733900643974241,
              0.5192743764172335
            ],
            [
              0.733900643974241,
              0.5200302343159486
            ],
            [
              0.733900643974241,
              0.5207860922146637
            ],
            [
              0.733900643974241,
              0.5215419501133787
            ],
            [
              0.733670653173873,
              0.5219198790627362
            ],
            [
              0.733440662373505,
              0.5222978080120937
            ],
            [
              0.7332106715731371,
              0.5226757369614512
            ],
            [
              0.7329806807727691,
              0.5230536659108088
            ],
            [
              0.7327506899724011,
              0.5234315948601663
            ],
            [
              0.7327506899724011,
              0.5234315948601663
            ]
          ]
        ]
      },
      "properties": {
        "segment_id": 19,
        "area": 892399,
        "bbox": [
          0.0,
          0.0,
          2173.0,
          842.0
        ],
        "iou": 0.9468854665756226,
        "stability": 0.9410004615783691,
        "auto_generated": true,
        "model": "segment_anything"
      }
    },
    {
      "type": "Feature",
      "geometry": {
        "type": "Polygon",
        "coordinates": [
          [
            [
              0.24793008279668813,
              0.6368102796674225
            ],
            [
              0.24747010119595217,
              0.6368102796674225
            ],
            [
              0.24701011959521618,
              0.6368102796674225
            ],
            [
              0.2467801287948482,
              0.636432350718065
            ],
            [
              0.24655013799448022,
              0.6360544217687075
            ],
            [
              0.24609015639374426,
              0.6360544217687075
            ],
            [
              0.24586016559337626,
              0.63567649281935
            ],
            [
              0.24563017479300828,
              0.6352985638699924
            ],
            [
              0.2454001839926403,
              0.6349206349206349
            ],
            [
              0.24517019319227232,
              0.6345427059712774
            ],
            [
              0.24471021159153633,
              0.6345427059712774
            ],
            [
              0.24448022079116835,
              0.6341647770219199
            ],
            [
              0.24425022999080037,
              0.6337868480725624
            ],
            [
              0.24379024839006438,
              0.6337868480725624
            ],
            [
              0.2435602575896964,
              0.6334089191232048
            ],
            [
              0.24333026678932843,
              0.6330309901738473
            ],
            [
              0.24287028518859247,
              0.6330309901738473
            ],
            [
              0.24241030358785648,
              0.6330309901738473
            ],
            [
              0.2421803127874885,
              0.6326530612244898
            ],
            [
              0.24195032198712052,
              0.6322751322751323
            ],
            [
              0.24149034038638453,
              0.6322751322751323
            ],
            [
              0.24126034958601655,
              0.6318972033257747
            ],
            [
              0.24103035878564857,
              0.6315192743764172
            ],
            [
              0.24057037718491261,
              0.6315192743764172
            ],
            [
              0.24011039558417663,
              0.6315192743764172
            ],
            [
              0.23988040478380865,
              0.6311413454270597
            ],
            [
              0.24011039558417663,
              0.6307634164777022
            ],
            [
              0.24057037718491261,
              0.6307634164777022
            ],
            [
              0.2408003679852806,
              0.6303854875283447
            ],
            [
              0.24103035878564857,
              0.6300075585789872
            ],
            [
              0.24149034038638453,
              0.6300075585789872
            ],
            [
              0.24195032198712052,
              0.6300075585789872
            ],
            [
              0.2421803127874885,
              0.6296296296296297
            ],
            [
              0.24241030358785648,
              0.6292517006802721
            ],
            [
              0.24264029438822446,
              0.6288737717309146
            ],
            [
              0.24287028518859247,
              0.628495842781557
            ],
            [
              0.24333026678932843,
              0.628495842781557
            ],
            [
              0.2435602575896964,
              0.6281179138321995
            ],
            [
              0.24379024839006438,
              0.627739984882842
            ],
            [
              0.2440202391904324,
              0.6273620559334845
            ],
            [
              0.24425022999080037,
              0.626984126984127
            ],
            [
              0.24471021159153633,
              0.626984126984127
            ],
            [
              0.2449402023919043,
              0.6266061980347695
            ],
            [
              0.24517019319227232,
              0.626228269085412
            ],
            [
              0.24563017479300828,
              0.626228269085412
            ],
            [
              0.24586016559337626,
              0.6258503401360545
            ],
            [
              0.24609015639374426,
              0.6254724111866969
            ],
            [
              0.24655013799448022,
              0.6254724111866969
            ],
            [
              0.24701011959521618,
              0.6254724111866969
            ],
            [
              0.24747010119595217,
              0.6254724111866969
            ],
            [
              0.24770009199632015,
              0.6258503401360545
            ],
            [
              0.24793008279668813,
              0.626228269085412
            ],
            [
              0.2481600735970561,
              0.6266061980347695
            ],
            [
              0.24839006439742412,
              0.626984126984127
            ],
            [
              0.2486200551977921,
              0.6273620559334845
            ],
            [
              0.2486200551977921,
              0.6281179138321995
            ],
            [
              0.2486200551977921,
              0.6288737717309146
            ],
            [
              0.24885004599816007,
              0.6292517006802721
            ],
            [
              0.24908003679852805,
              0.6296296296296297
            ],
            [
              0.24908003679852805,
              0.6303854875283447
            ],
            [
              0.24908003679852805,
              0.6311413454270597
            ],
            [
              0.24908003679852805,
              0.6318972033257747
            ],
            [
              0.24908003679852805,
              0.6326530612244898
            ],
            [
              0.24908003679852805,
              0.6334089191232048
            ],
            [
              0.24908003679852805,
              0.6341647770219199
            ],
            [
              0.24885004599816007,
              0.6345427059712774
            ],
            [
              0.2486200551977921,
              0.6349206349206349
            ],
            [
              0.2486200551977921,
              0.63567649281935
            ],
            [
              0.24839006439742412,
              0.6360544217687075
            ],
            [
              0.2481600735970561,
              0.636432350718065
            ],
            [
              0.24793008279668813,
              0.6368102796674225
            ],
            [
              0.24793008279668813,
              0.6368102796674225
            ]
          ]
        ]
      },
      "properties": {
        "segment_id": 19,
        "area": 892399,
        "bbox": [
          0.0,
          0.0,
          2173.0,
          842.0
        ],
        "iou": 0.9468854665756226,
        "stability": 0.9410004615783691,
        "auto_generated": true,
        "model": "segment_anything"
      }
    }
  ],
  "metadata": {
    "model": "segment_anything",
    "num_segments": 20
  }
}