{
  "type": "FeatureCollection",
  "features": [
    {
      "type": "Feature",
      "geometry": {
        "type": "Polygon",
        "coordinates": [
          [
            [
              0.7972620599739244,
              0.7598547717842323
            ],
            [
              0.7959582790091264,
              0.7598547717842323
            ],
            [
              0.7946544980443285,
              0.7598547717842323
            ],
            [
              0.7933507170795306,
              0.7598547717842323
            ],
            [
              0.7920469361147328,
              0.7598547717842323
            ],
            [
              0.7910691003911343,
              0.7593360995850622
            ],
            [
              0.7900912646675359,
              0.7588174273858921
            ],
            [
              0.788787483702738,
              0.7588174273858921
            ],
            [
              0.788135593220339,
              0.7577800829875518
            ],
            [
              0.7868318122555411,
              0.7577800829875518
            ],
            [
              0.7858539765319427,
              0.7572614107883817
            ],
            [
              0.7848761408083442,
              0.7567427385892116
            ],
            [
              0.7838983050847458,
              0.7562240663900415
            ],
            [
              0.7829204693611473,
              0.7557053941908713
            ],
            [
              0.7816166883963495,
              0.7557053941908713
            ],
            [
              0.7809647979139505,
              0.7546680497925311
            ],
            [
              0.7796610169491526,
              0.7546680497925311
            ],
            [
              0.7783572359843546,
              0.7546680497925311
            ],
            [
              0.7777053455019557,
              0.7536307053941909
            ],
            [
              0.7764015645371578,
              0.7536307053941909
            ],
            [
              0.7754237288135594,
              0.7531120331950207
            ],
            [
              0.7744458930899609,
              0.7525933609958506
            ],
            [
              0.7731421121251629,
              0.7525933609958506
            ],
            [
              0.772490221642764,
              0.7515560165975104
            ],
            [
              0.7711864406779662,
              0.7515560165975104
            ],
            [
              0.7698826597131682,
              0.7515560165975104
            ],
            [
              0.7689048239895697,
              0.7510373443983402
            ],
            [
              0.7679269882659713,
              0.7505186721991701
            ],
            [
              0.7666232073011734,
              0.7505186721991701
            ],
            [
              0.765645371577575,
              0.75
            ],
            [
              0.7646675358539765,
              0.7494813278008299
            ],
            [
              0.7633637548891786,
              0.7494813278008299
            ],
            [
              0.7627118644067796,
              0.7484439834024896
            ],
            [
              0.7614080834419817,
              0.7484439834024896
            ],
            [
              0.7604302477183833,
              0.7479253112033195
            ],
            [
              0.7597783572359843,
              0.7468879668049793
            ],
            [
              0.7591264667535854,
              0.745850622406639
            ],
            [
              0.7591264667535854,
              0.7437759336099585
            ],
            [
              0.7591264667535854,
              0.741701244813278
            ],
            [
              0.7591264667535854,
              0.7396265560165975
            ],
            [
              0.7591264667535854,
              0.7375518672199171
            ],
            [
              0.7597783572359843,
              0.7365145228215768
            ],
            [
              0.7597783572359843,
              0.7344398340248963
            ],
            [
              0.7597783572359843,
              0.7323651452282157
            ],
            [
              0.7597783572359843,
              0.7302904564315352
            ],
            [
              0.7597783572359843,
              0.7282157676348547
            ],
            [
              0.7597783572359843,
              0.7261410788381742
            ],
            [
              0.7597783572359843,
              0.7240663900414938
            ],
            [
              0.7601043024771839,
              0.7225103734439834
            ],
            [
              0.7604302477183833,
              0.720954356846473
            ],
            [
              0.7610821382007823,
              0.7199170124481328
            ],
            [
              0.7610821382007823,
              0.7178423236514523
            ],
            [
              0.7617340286831812,
              0.716804979253112
            ],
            [
              0.7617340286831812,
              0.7147302904564315
            ],
            [
              0.7623859191655802,
              0.7136929460580913
            ],
            [
              0.7627118644067796,
              0.7121369294605809
            ],
            [
              0.7633637548891786,
              0.7110995850622407
            ],
            [
              0.7640156453715776,
              0.7100622406639004
            ],
            [
              0.7653194263363755,
              0.7100622406639004
            ],
            [
              0.7666232073011734,
              0.7100622406639004
            ],
            [
              0.7676010430247718,
              0.7105809128630706
            ],
            [
              0.7685788787483703,
              0.7110995850622407
            ],
            [
              0.7698826597131682,
              0.7110995850622407
            ],
            [
              0.7711864406779662,
              0.7110995850622407
            ],
            [
              0.7721642764015645,
              0.7116182572614108
            ],
            [
              0.7731421121251629,
              0.7121369294605809
            ],
            [
              0.7744458930899609,
              0.7121369294605809
            ],
            [
              0.7757496740547588,
              0.7121369294605809
            ],
            [
              0.7767275097783573,
              0.7126556016597511
            ],
            [
              0.7777053455019557,
              0.7131742738589212
            ],
            [
              0.7790091264667536,
              0.7131742738589212
            ],
            [
              0.7803129074315515,
              0.7131742738589212
            ],
            [
              0.7816166883963495,
              0.7131742738589212
            ],
            [
              0.7825945241199479,
              0.7136929460580913
            ],
            [
              0.7835723598435462,
              0.7142116182572614
            ],
            [
              0.7848761408083442,
              0.7142116182572614
            ],
            [
              0.7858539765319427,
              0.7147302904564315
            ],
            [
              0.7868318122555411,
              0.7152489626556017
            ],
            [
              0.788135593220339,
              0.7152489626556017
            ],
            [
              0.788787483702738,
              0.7162863070539419
            ],
            [
              0.7900912646675359,
              0.7162863070539419
            ],
            [
              0.7913950456323338,
              0.7162863070539419
            ],
            [
              0.7920469361147328,
              0.7173236514522822
            ],
            [
              0.7933507170795306,
              0.7173236514522822
            ],
            [
              0.7946544980443285,
              0.7173236514522822
            ],
            [
              0.7953063885267275,
              0.7183609958506224
            ],
            [
              0.7966101694915254,
              0.7183609958506224
            ],
            [
              0.7979139504563233,
              0.7183609958506224
            ],
            [
              0.7985658409387223,
              0.7193983402489627
            ],
            [
              0.7998696219035202,
              0.7193983402489627
            ],
            [
              0.8005215123859192,
              0.7204356846473029
            ],
            [
              0.8018252933507171,
              0.7204356846473029
            ],
            [
              0.8024771838331161,
              0.7214730290456431
            ],
            [
              0.8037809647979139,
              0.7214730290456431
            ],
            [
              0.8044328552803129,
              0.7225103734439834
            ],
            [
              0.8054106910039114,
              0.7230290456431535
            ],
            [
              0.8063885267275098,
              0.7235477178423236
            ],
            [
              0.8070404172099087,
              0.7245850622406639
            ],
            [
              0.8080182529335072,
              0.725103734439834
            ],
            [
              0.8086701434159062,
              0.7261410788381742
            ],
            [
              0.8089960886571056,
              0.7276970954356846
            ],
            [
              0.809322033898305,
              0.729253112033195
            ],
            [
              0.8096479791395046,
              0.7308091286307054
            ],
            [
              0.8096479791395046,
              0.7318464730290456
            ],
            [
              0.809322033898305,
              0.733402489626556
            ],
            [
              0.809322033898305,
              0.7354771784232366
            ],
            [
              0.809322033898305,
              0.7375518672199171
            ],
            [
              0.8086701434159062,
              0.7385892116182573
            ],
            [
              0.8086701434159062,
              0.7406639004149378
            ],
            [
              0.8083441981747066,
              0.7422199170124482
            ],
            [
              0.8080182529335072,
              0.7437759336099585
            ],
            [
              0.8073663624511083,
              0.7448132780082988
            ],
            [
              0.8067144719687093,
              0.745850622406639
            ],
            [
              0.8060625814863103,
              0.7468879668049793
            ],
            [
              0.8057366362451108,
              0.7484439834024896
            ],
            [
              0.8054106910039114,
              0.75
            ],
            [
              0.8047588005215124,
              0.7510373443983402
            ],
            [
              0.8044328552803129,
              0.7525933609958506
            ],
            [
              0.8041069100391134,
              0.754149377593361
            ],
            [
              0.803129074315515,
              0.7546680497925311
            ],
            [
              0.8024771838331161,
              0.7557053941908713
            ],
            [
              0.8018252933507171,
              0.7567427385892116
            ],
            [
              0.8008474576271186,
              0.7572614107883817
            ],
            [
              0.7998696219035202,
              0.7577800829875518
            ],
            [
              0.7992177314211213,
              0.7588174273858921
            ],
            [
              0.7979139504563233,
              0.7588174273858921
            ],
            [
              0.7972620599739244,
              0.7598547717842323
            ]
          ]
        ]
      },
      "properties": {
        "segment_id": 0,
        "area": 2792,
        "bbox": [
          1165.0,
          685.0,
          77.0,
          47.0
        ],
        "iou": 0.9613453149795532,
        "stability": 0.9565370082855225,
        "auto_generated": true,
        "model": "segment_anything"
      }
    },
    {
      "type": "Feature",
      "geometry": {
        "type": "Polygon",
        "coordinates": [
          [
            [
              0.7190352020860495,
              0.8003112033195021
            ],
            [
              0.7183833116036505,
              0.8003112033195021
            ],
            [
              0.7180573663624511,
              0.799792531120332
            ],
            [
              0.7177314211212517,
              0.7992738589211619
            ],
            [
              0.7170795306388527,
              0.7992738589211619
            ],
            [
              0.7167535853976532,
              0.7987551867219918
            ],
            [
              0.7164276401564538,
              0.7982365145228216
            ],
            [
              0.7161016949152542,
              0.7987551867219918
            ],
            [
              0.7157757496740548,
              0.7992738589211619
            ],
            [
              0.7151238591916558,
              0.7992738589211619
            ],
            [
              0.7144719687092569,
              0.7992738589211619
            ],
            [
              0.7138200782268579,
              0.7992738589211619
            ],
            [
              0.7131681877444589,
              0.7992738589211619
            ],
            [
              0.7128422425032594,
              0.7987551867219918
            ],
            [
              0.71251629726206,
              0.7982365145228216
            ],
            [
              0.7121903520208605,
              0.7977178423236515
            ],
            [
              0.711864406779661,
              0.7971991701244814
            ],
            [
              0.7115384615384616,
              0.7966804979253111
            ],
            [
              0.711212516297262,
              0.796161825726141
            ],
            [
              0.7108865710560626,
              0.7956431535269709
            ],
            [
              0.7108865710560626,
              0.7946058091286307
            ],
            [
              0.711212516297262,
              0.7940871369294605
            ],
            [
              0.7115384615384616,
              0.7935684647302904
            ],
            [
              0.711864406779661,
              0.7930497925311203
            ],
            [
              0.7121903520208605,
              0.7925311203319502
            ],
            [
              0.7121903520208605,
              0.7914937759336099
            ],
            [
              0.71251629726206,
              0.7909751037344398
            ],
            [
              0.7128422425032594,
              0.7904564315352697
            ],
            [
              0.7128422425032594,
              0.7894190871369294
            ],
            [
              0.7128422425032594,
              0.7883817427385892
            ],
            [
              0.7131681877444589,
              0.7878630705394191
            ],
            [
              0.7134941329856584,
              0.7873443983402489
            ],
            [
              0.7134941329856584,
              0.7863070539419087
            ],
            [
              0.7134941329856584,
              0.7852697095435685
            ],
            [
              0.7134941329856584,
              0.7842323651452282
            ],
            [
              0.7134941329856584,
              0.783195020746888
            ],
            [
              0.7134941329856584,
              0.7821576763485477
            ],
            [
              0.7134941329856584,
              0.7811203319502075
            ],
            [
              0.7134941329856584,
              0.7800829875518672
            ],
            [
              0.7134941329856584,
              0.779045643153527
            ],
            [
              0.7134941329856584,
              0.7780082987551867
            ],
            [
              0.7134941329856584,
              0.7769709543568465
            ],
            [
              0.7134941329856584,
              0.7759336099585062
            ],
            [
              0.7134941329856584,
              0.774896265560166
            ],
            [
              0.7134941329856584,
              0.7738589211618258
            ],
            [
              0.7134941329856584,
              0.7728215767634855
            ],
            [
              0.7134941329856584,
              0.7717842323651453
            ],
            [
              0.7134941329856584,
              0.770746887966805
            ],
            [
              0.7134941329856584,
              0.7697095435684648
            ],
            [
              0.7138200782268579,
              0.7691908713692946
            ],
            [
              0.7141460234680573,
              0.7686721991701245
            ],
            [
              0.7141460234680573,
              0.7676348547717843
            ],
            [
              0.7141460234680573,
              0.766597510373444
            ],
            [
              0.7141460234680573,
              0.7655601659751037
            ],
            [
              0.7141460234680573,
              0.7645228215767634
            ],
            [
              0.7141460234680573,
              0.7634854771784232
            ],
            [
              0.7144719687092569,
              0.7629668049792531
            ],
            [
              0.7147979139504563,
              0.7624481327800829
            ],
            [
              0.7147979139504563,
              0.7614107883817427
            ],
            [
              0.7147979139504563,
              0.7603734439834025
            ],
            [
              0.7147979139504563,
              0.7593360995850622
            ],
            [
              0.7147979139504563,
              0.758298755186722
            ],
            [
              0.7147979139504563,
              0.7572614107883817
            ],
            [
              0.7151238591916558,
              0.7567427385892116
            ],
            [
              0.7154498044328553,
              0.7562240663900415
            ],
            [
              0.7154498044328553,
              0.7551867219917012
            ],
            [
              0.7154498044328553,
              0.754149377593361
            ],
            [
              0.7154498044328553,
              0.7531120331950207
            ],
            [
              0.7154498044328553,
              0.7520746887966805
            ],
            [
              0.7154498044328553,
              0.7510373443983402
            ],
            [
              0.7157757496740548,
              0.7505186721991701
            ],
            [
              0.7161016949152542,
              0.75
            ],
            [
              0.7161016949152542,
              0.7489626556016598
            ],
            [
              0.7161016949152542,
              0.7479253112033195
            ],
            [
              0.7161016949152542,
              0.7468879668049793
            ],
            [
              0.7161016949152542,
              0.745850622406639
            ],
            [
              0.7161016949152542,
              0.7448132780082988
            ],
            [
              0.7164276401564538,
              0.7442946058091287
            ],
            [
              0.7167535853976532,
              0.7437759336099585
            ],
            [
              0.7167535853976532,
              0.7427385892116183
            ],
            [
              0.7167535853976532,
              0.741701244813278
            ],
            [
              0.7167535853976532,
              0.7406639004149378
            ],
            [
              0.7170795306388527,
              0.7401452282157677
            ],
            [
              0.7174054758800521,
              0.7396265560165975
            ],
            [
              0.7174054758800521,
              0.7385892116182573
            ],
            [
              0.7174054758800521,
              0.7375518672199171
            ],
            [
              0.7174054758800521,
              0.7365145228215768
            ],
            [
              0.7174054758800521,
              0.7354771784232366
            ],
            [
              0.7174054758800521,
              0.7344398340248963
            ],
            [
              0.7177314211212517,
              0.7339211618257261
            ],
            [
              0.7180573663624511,
              0.733402489626556
            ],
            [
              0.7183833116036505,
              0.7328838174273858
            ],
            [
              0.7187092568448501,
              0.7323651452282157
            ],
            [
              0.7190352020860495,
              0.7318464730290456
            ],
            [
              0.7196870925684485,
              0.7318464730290456
            ],
            [
              0.7203389830508474,
              0.7318464730290456
            ],
            [
              0.7209908735332464,
              0.7318464730290456
            ],
            [
              0.7216427640156454,
              0.7318464730290456
            ],
            [
              0.7222946544980443,
              0.7318464730290456
            ],
            [
              0.7226205997392438,
              0.7323651452282157
            ],
            [
              0.7229465449804433,
              0.7328838174273858
            ],
            [
              0.7235984354628422,
              0.7328838174273858
            ],
            [
              0.7242503259452412,
              0.7328838174273858
            ],
            [
              0.7249022164276402,
              0.7328838174273858
            ],
            [
              0.7255541069100391,
              0.7328838174273858
            ],
            [
              0.7258800521512386,
              0.733402489626556
            ],
            [
              0.7262059973924381,
              0.7339211618257261
            ],
            [
              0.7265319426336375,
              0.7344398340248963
            ],
            [
              0.7265319426336375,
              0.7354771784232366
            ],
            [
              0.7265319426336375,
              0.7365145228215768
            ],
            [
              0.7265319426336375,
              0.7375518672199171
            ],
            [
              0.7265319426336375,
              0.7385892116182573
            ],
            [
              0.7265319426336375,
              0.7396265560165975
            ],
            [
              0.7265319426336375,
              0.7406639004149378
            ],
            [
              0.7265319426336375,
              0.741701244813278
            ],
            [
              0.7262059973924381,
              0.7422199170124482
            ],
            [
              0.7258800521512386,
              0.7427385892116183
            ],
            [
              0.7258800521512386,
              0.7437759336099585
            ],
            [
              0.7258800521512386,
              0.7448132780082988
            ],
            [
              0.7258800521512386,
              0.745850622406639
            ],
            [
              0.7258800521512386,
              0.7468879668049793
            ],
            [
              0.7255541069100391,
              0.7474066390041494
            ],
            [
              0.7252281616688396,
              0.7479253112033195
            ],
            [
              0.7252281616688396,
              0.7489626556016598
            ],
            [
              0.7252281616688396,
              0.75
            ],
            [
              0.7252281616688396,
              0.7510373443983402
            ],
            [
              0.7252281616688396,
              0.7520746887966805
            ],
            [
              0.7252281616688396,
              0.7531120331950207
            ],
            [
              0.7252281616688396,
              0.754149377593361
            ],
            [
              0.7249022164276402,
              0.7546680497925311
            ],
            [
              0.7245762711864406,
              0.7551867219917012
            ],
            [
              0.7245762711864406,
              0.7562240663900415
            ],
            [
              0.7245762711864406,
              0.7572614107883817
            ],
            [
              0.7245762711864406,
              0.758298755186722
            ],
            [
              0.7245762711864406,
              0.7593360995850622
            ],
            [
              0.7245762711864406,
              0.7603734439834025
            ],
            [
              0.7245762711864406,
              0.7614107883817427
            ],
            [
              0.7242503259452412,
              0.7619294605809128
            ],
            [
              0.7239243807040417,
              0.7624481327800829
            ],
            [
              0.7239243807040417,
              0.7634854771784232
            ],
            [
              0.7239243807040417,
              0.7645228215767634
            ],
            [
              0.7239243807040417,
              0.7655601659751037
            ],
            [
              0.7239243807040417,
              0.766597510373444
            ],
            [
              0.7239243807040417,
              0.7676348547717843
            ],
            [
              0.7239243807040417,
              0.7686721991701245
            ],
            [
              0.7235984354628422,
              0.7691908713692946
            ],
            [
              0.7232724902216427,
              0.7697095435684648
            ],
            [
              0.7232724902216427,
              0.770746887966805
            ],
            [
              0.7232724902216427,
              0.7717842323651453
            ],
            [
              0.7232724902216427,
              0.7728215767634855
            ],
            [
              0.7232724902216427,
              0.7738589211618258
            ],
            [
              0.7232724902216427,
              0.774896265560166
            ],
            [
              0.7232724902216427,
              0.7759336099585062
            ],
            [
              0.7232724902216427,
              0.7769709543568465
            ],
            [
              0.7232724902216427,
              0.7780082987551867
            ],
            [
              0.7232724902216427,
              0.779045643153527
            ],
            [
              0.7232724902216427,
              0.7800829875518672
            ],
            [
              0.7232724902216427,
              0.7811203319502075
            ],
            [
              0.7232724902216427,
              0.7821576763485477
            ],
            [
              0.7229465449804433,
              0.7826763485477178
            ],
            [
              0.7226205997392438,
              0.783195020746888
            ],
            [
              0.7226205997392438,
              0.7842323651452282
            ],
            [
              0.7229465449804433,
              0.7847510373443983
            ],
            [
              0.7232724902216427,
              0.7852697095435685
            ],
            [
              0.7232724902216427,
              0.7863070539419087
            ],
            [
              0.7232724902216427,
              0.7873443983402489
            ],
            [
              0.7232724902216427,
              0.7883817427385892
            ],
            [
              0.7232724902216427,
              0.7894190871369294
            ],
            [
              0.7232724902216427,
              0.7904564315352697
            ],
            [
              0.7232724902216427,
              0.7914937759336099
            ],
            [
              0.7232724902216427,
              0.7925311203319502
            ],
            [
              0.7232724902216427,
              0.7935684647302904
            ],
            [
              0.7232724902216427,
              0.7946058091286307
            ],
            [
              0.7229465449804433,
              0.7951244813278008
            ],
            [
              0.7226205997392438,
              0.7956431535269709
            ],
            [
              0.7226205997392438,
              0.7966804979253111
            ],
            [
              0.7222946544980443,
              0.7971991701244814
            ],
            [
              0.7219687092568449,
              0.7977178423236515
            ],
            [
              0.7216427640156454,
              0.7982365145228216
            ],
            [
              0.7213168187744459,
              0.7987551867219918
            ],
            [
              0.7209908735332464,
              0.7992738589211619
            ],
            [
              0.7203389830508474,
              0.7992738589211619
            ],
            [
              0.7196870925684485,
              0.7992738589211619
            ],
            [
              0.719361147327249,
              0.799792531120332
            ],
            [
              0.7190352020860495,
              0.8003112033195021
            ],
            [
              0.7190352020860495,
              0.8003112033195021
            ]
          ]
        ]
      },
      "properties": {
        "segment_id": 1,
        "area": 965,
        "bbox": [
          1091.0,
          706.0,
          23.0,
          65.0
        ],
        "iou": 0.9604791402816772,
        "stability": 0.9692623019218445,
        "auto_generated": true,
        "model": "segment_anything"
      }
    },
    {
      "type": "Feature",
      "geometry": {
        "type": "Polygon",
        "coordinates": [
          [
            [
              0.9256844850065189,
              0.8573651452282157
            ],
            [
              0.924380704041721,
              0.8573651452282157
            ],
            [
              0.9230769230769231,
              0.8573651452282157
            ],
            [
              0.9217731421121251,
              0.8573651452282157
            ],
            [
              0.9204693611473272,
              0.8573651452282157
            ],
            [
              0.9191655801825294,
              0.8573651452282157
            ],
            [
              0.9178617992177314,
              0.8573651452282157
            ],
            [
              0.9165580182529335,
              0.8573651452282157
            ],
            [
              0.9152542372881356,
              0.8573651452282157
            ],
            [
              0.9139504563233377,
              0.8573651452282157
            ],
            [
              0.9129726205997393,
              0.8568464730290456
            ],
            [
              0.9119947848761408,
              0.8563278008298755
            ],
            [
              0.9106910039113429,
              0.8563278008298755
            ],
            [
              0.910039113428944,
              0.8552904564315352
            ],
            [
              0.9087353324641461,
              0.8552904564315352
            ],
            [
              0.9080834419817471,
              0.854253112033195
            ],
            [
              0.9071056062581486,
              0.8537344398340249
            ],
            [
              0.9061277705345502,
              0.8532157676348547
            ],
            [
              0.9048239895697523,
              0.8532157676348547
            ],
            [
              0.9035202086049544,
              0.8532157676348547
            ],
            [
              0.9022164276401564,
              0.8532157676348547
            ],
            [
              0.9009126466753585,
              0.8532157676348547
            ],
            [
              0.8996088657105606,
              0.8532157676348547
            ],
            [
              0.8983050847457628,
              0.8532157676348547
            ],
            [
              0.8976531942633638,
              0.8521784232365145
            ],
            [
              0.8963494132985659,
              0.8521784232365145
            ],
            [
              0.8950456323337679,
              0.8521784232365145
            ],
            [
              0.89374185136897,
              0.8521784232365145
            ],
            [
              0.8930899608865711,
              0.8511410788381742
            ],
            [
              0.8917861799217731,
              0.8511410788381742
            ],
            [
              0.8904823989569752,
              0.8511410788381742
            ],
            [
              0.8895045632333768,
              0.8506224066390041
            ],
            [
              0.8885267275097783,
              0.850103734439834
            ],
            [
              0.8878748370273793,
              0.8490663900414938
            ],
            [
              0.886897001303781,
              0.8485477178423236
            ],
            [
              0.8859191655801826,
              0.8480290456431535
            ],
            [
              0.8852672750977836,
              0.8469917012448133
            ],
            [
              0.8839634941329857,
              0.8469917012448133
            ],
            [
              0.8833116036505867,
              0.845954356846473
            ],
            [
              0.8820078226857888,
              0.845954356846473
            ],
            [
              0.8807040417209909,
              0.845954356846473
            ],
            [
              0.8797262059973925,
              0.8454356846473029
            ],
            [
              0.878748370273794,
              0.8449170124481328
            ],
            [
              0.878096479791395,
              0.8438796680497925
            ],
            [
              0.877444589308996,
              0.8428423236514523
            ],
            [
              0.8764667535853976,
              0.8423236514522822
            ],
            [
              0.8754889178617992,
              0.841804979253112
            ],
            [
              0.8748370273794003,
              0.8407676348547718
            ],
            [
              0.8748370273794003,
              0.8397302904564315
            ],
            [
              0.8754889178617992,
              0.8386929460580913
            ],
            [
              0.8761408083441982,
              0.8376556016597511
            ],
            [
              0.8767926988265972,
              0.8366182572614108
            ],
            [
              0.877444589308996,
              0.8355809128630706
            ],
            [
              0.878748370273794,
              0.8355809128630706
            ],
            [
              0.8794002607561929,
              0.8345435684647303
            ],
            [
              0.8803780964797914,
              0.8340248962655602
            ],
            [
              0.8813559322033898,
              0.8335062240663901
            ],
            [
              0.8823337679269883,
              0.83298755186722
            ],
            [
              0.8833116036505867,
              0.8324688796680498
            ],
            [
              0.8842894393741851,
              0.8319502074688797
            ],
            [
              0.8852672750977836,
              0.8314315352697096
            ],
            [
              0.8865710560625815,
              0.8314315352697096
            ],
            [
              0.8872229465449805,
              0.8303941908713693
            ],
            [
              0.8885267275097783,
              0.8303941908713693
            ],
            [
              0.8898305084745762,
              0.8303941908713693
            ],
            [
              0.8908083441981747,
              0.8298755186721992
            ],
            [
              0.8917861799217731,
              0.8293568464730291
            ],
            [
              0.8930899608865711,
              0.8293568464730291
            ],
            [
              0.894393741851369,
              0.8293568464730291
            ],
            [
              0.8956975228161669,
              0.8293568464730291
            ],
            [
              0.8966753585397653,
              0.828838174273859
            ],
            [
              0.8976531942633638,
              0.8283195020746889
            ],
            [
              0.8989569752281616,
              0.8283195020746889
            ],
            [
              0.9002607561929595,
              0.8283195020746889
            ],
            [
              0.9015645371577575,
              0.8283195020746889
            ],
            [
              0.9028683181225554,
              0.8283195020746889
            ],
            [
              0.9041720990873533,
              0.8283195020746889
            ],
            [
              0.9054758800521513,
              0.8283195020746889
            ],
            [
              0.9067796610169492,
              0.8283195020746889
            ],
            [
              0.9080834419817471,
              0.8283195020746889
            ],
            [
              0.909387222946545,
              0.8283195020746889
            ],
            [
              0.9106910039113429,
              0.8283195020746889
            ],
            [
              0.9119947848761408,
              0.8283195020746889
            ],
            [
              0.9132985658409387,
              0.8283195020746889
            ],
            [
              0.9146023468057366,
              0.8283195020746889
            ],
            [
              0.9159061277705346,
              0.8283195020746889
            ],
            [
              0.9172099087353325,
              0.8283195020746889
            ],
            [
              0.9185136897001304,
              0.8283195020746889
            ],
            [
              0.9191655801825294,
              0.8293568464730291
            ],
            [
              0.9204693611473272,
              0.8293568464730291
            ],
            [
              0.9214471968709257,
              0.8298755186721992
            ],
            [
              0.9224250325945241,
              0.8303941908713693
            ],
            [
              0.9230769230769231,
              0.8314315352697096
            ],
            [
              0.923728813559322,
              0.8324688796680498
            ],
            [
              0.9247066492829205,
              0.83298755186722
            ],
            [
              0.9253585397653195,
              0.8340248962655602
            ],
            [
              0.9260104302477183,
              0.8350622406639004
            ],
            [
              0.9266623207301173,
              0.8360995850622407
            ],
            [
              0.9269882659713168,
              0.8376556016597511
            ],
            [
              0.9276401564537158,
              0.8386929460580913
            ],
            [
              0.9282920469361148,
              0.8397302904564315
            ],
            [
              0.9286179921773142,
              0.8412863070539419
            ],
            [
              0.9292698826597132,
              0.8423236514522822
            ],
            [
              0.9292698826597132,
              0.8443983402489627
            ],
            [
              0.9292698826597132,
              0.8464730290456431
            ],
            [
              0.9292698826597132,
              0.8485477178423236
            ],
            [
              0.9292698826597132,
              0.8506224066390041
            ],
            [
              0.9289439374185137,
              0.8521784232365145
            ],
            [
              0.9286179921773142,
              0.8537344398340249
            ],
            [
              0.9279661016949152,
              0.8547717842323651
            ],
            [
              0.9273142112125163,
              0.8558091286307054
            ],
            [
              0.9263363754889179,
              0.8563278008298755
            ],
            [
              0.9256844850065189,
              0.8573651452282157
            ]
          ]
        ]
      },
      "properties": {
        "segment_id": 2,
        "area": 1731,
        "bbox": [
          1342.0,
          799.0,
          83.0,
          27.0
        ],
        "iou": 0.9499214887619019,
        "stability": 0.9782484173774719,
        "auto_generated": true,
        "model": "segment_anything"
      }
    },
    {
      "type": "Feature",
      "geometry": {
        "type": "Polygon",
        "coordinates": [
          [
            [
              0.9530638852672751,
              0.8656639004149378
            ],
            [
              0.9517601043024772,
              0.8656639004149378
            ],
            [
              0.9507822685788787,
              0.8651452282157677
            ],
            [
              0.9498044328552803,
              0.8646265560165975
            ],
            [
              0.9485006518904824,
              0.8646265560165975
            ],
            [
              0.9475228161668839,
              0.8641078838174274
            ],
            [
              0.9465449804432855,
              0.8635892116182573
            ],
            [
              0.9455671447196871,
              0.8630705394190872
            ],
            [
              0.9449152542372882,
              0.8620331950207469
            ],
            [
              0.9449152542372882,
              0.8599585062240664
            ],
            [
              0.9449152542372882,
              0.8578838174273858
            ],
            [
              0.9449152542372882,
              0.8558091286307054
            ],
            [
              0.9442633637548892,
              0.8547717842323651
            ],
            [
              0.9436114732724902,
              0.8537344398340249
            ],
            [
              0.9432855280312907,
              0.8521784232365145
            ],
            [
              0.9426336375488917,
              0.8511410788381742
            ],
            [
              0.9423076923076923,
              0.8495850622406639
            ],
            [
              0.9419817470664928,
              0.8480290456431535
            ],
            [
              0.9416558018252934,
              0.8464730290456431
            ],
            [
              0.9416558018252934,
              0.8443983402489627
            ],
            [
              0.9413298565840938,
              0.8428423236514523
            ],
            [
              0.9410039113428944,
              0.8412863070539419
            ],
            [
              0.940677966101695,
              0.8397302904564315
            ],
            [
              0.9403520208604954,
              0.8381742738589212
            ],
            [
              0.940026075619296,
              0.8366182572614108
            ],
            [
              0.9397001303780965,
              0.8350622406639004
            ],
            [
              0.939374185136897,
              0.8335062240663901
            ],
            [
              0.9390482398956975,
              0.8319502074688797
            ],
            [
              0.9390482398956975,
              0.8298755186721992
            ],
            [
              0.9390482398956975,
              0.8278008298755186
            ],
            [
              0.9397001303780965,
              0.8267634854771784
            ],
            [
              0.9403520208604954,
              0.8257261410788381
            ],
            [
              0.9413298565840938,
              0.825207468879668
            ],
            [
              0.9419817470664928,
              0.8241701244813278
            ],
            [
              0.9432855280312907,
              0.8241701244813278
            ],
            [
              0.9445893089960886,
              0.8241701244813278
            ],
            [
              0.9458930899608866,
              0.8241701244813278
            ],
            [
              0.9471968709256845,
              0.8241701244813278
            ],
            [
              0.9485006518904824,
              0.8241701244813278
            ],
            [
              0.9498044328552803,
              0.8241701244813278
            ],
            [
              0.9511082138200783,
              0.8241701244813278
            ],
            [
              0.9517601043024772,
              0.825207468879668
            ],
            [
              0.9530638852672751,
              0.825207468879668
            ],
            [
              0.953715775749674,
              0.8262448132780082
            ],
            [
              0.9546936114732725,
              0.8267634854771784
            ],
            [
              0.9556714471968709,
              0.8272821576763485
            ],
            [
              0.9563233376792699,
              0.8283195020746889
            ],
            [
              0.9569752281616688,
              0.8293568464730291
            ],
            [
              0.9576271186440678,
              0.8303941908713693
            ],
            [
              0.9586049543676662,
              0.8309128630705395
            ],
            [
              0.9595827900912647,
              0.8314315352697096
            ],
            [
              0.9605606258148631,
              0.8319502074688797
            ],
            [
              0.9615384615384616,
              0.8324688796680498
            ],
            [
              0.9621903520208605,
              0.8335062240663901
            ],
            [
              0.9634941329856584,
              0.8335062240663901
            ],
            [
              0.9641460234680573,
              0.8345435684647303
            ],
            [
              0.9651238591916558,
              0.8350622406639004
            ],
            [
              0.9661016949152542,
              0.8355809128630706
            ],
            [
              0.9674054758800521,
              0.8355809128630706
            ],
            [
              0.9683833116036505,
              0.8360995850622407
            ],
            [
              0.969361147327249,
              0.8366182572614108
            ],
            [
              0.970013037809648,
              0.8376556016597511
            ],
            [
              0.970664928292047,
              0.8386929460580913
            ],
            [
              0.9716427640156454,
              0.8392116182572614
            ],
            [
              0.9722946544980443,
              0.8402489626556017
            ],
            [
              0.9729465449804433,
              0.8412863070539419
            ],
            [
              0.9735984354628422,
              0.8423236514522822
            ],
            [
              0.9745762711864406,
              0.8428423236514523
            ],
            [
              0.9752281616688396,
              0.8438796680497925
            ],
            [
              0.9762059973924381,
              0.8443983402489627
            ],
            [
              0.9768578878748371,
              0.8454356846473029
            ],
            [
              0.977509778357236,
              0.8464730290456431
            ],
            [
              0.978161668839635,
              0.8475103734439834
            ],
            [
              0.9778357235984355,
              0.8490663900414938
            ],
            [
              0.9768578878748371,
              0.8495850622406639
            ],
            [
              0.9762059973924381,
              0.8506224066390041
            ],
            [
              0.9755541069100391,
              0.8516597510373444
            ],
            [
              0.9749022164276402,
              0.8526970954356846
            ],
            [
              0.9739243807040417,
              0.8532157676348547
            ],
            [
              0.9732724902216427,
              0.854253112033195
            ],
            [
              0.9722946544980443,
              0.8547717842323651
            ],
            [
              0.9713168187744459,
              0.8552904564315352
            ],
            [
              0.970664928292047,
              0.8563278008298755
            ],
            [
              0.9696870925684485,
              0.8568464730290456
            ],
            [
              0.9687092568448501,
              0.8573651452282157
            ],
            [
              0.9680573663624511,
              0.858402489626556
            ],
            [
              0.9670795306388527,
              0.8589211618257261
            ],
            [
              0.9661016949152542,
              0.8594398340248963
            ],
            [
              0.9654498044328553,
              0.8604771784232366
            ],
            [
              0.9644719687092569,
              0.8609958506224067
            ],
            [
              0.9634941329856584,
              0.8615145228215768
            ],
            [
              0.96251629726206,
              0.8620331950207469
            ],
            [
              0.9615384615384616,
              0.8625518672199171
            ],
            [
              0.9605606258148631,
              0.8630705394190872
            ],
            [
              0.9595827900912647,
              0.8635892116182573
            ],
            [
              0.9582790091264668,
              0.8635892116182573
            ],
            [
              0.9576271186440678,
              0.8646265560165975
            ],
            [
              0.9563233376792699,
              0.8646265560165975
            ],
            [
              0.9550195567144719,
              0.8646265560165975
            ],
            [
              0.953715775749674,
              0.8646265560165975
            ],
            [
              0.9530638852672751,
              0.8656639004149378
            ]
          ]
        ]
      },
      "properties": {
        "segment_id": 3,
        "area": 1539,
        "bbox": [
          1441.0,
          795.0,
          59.0,
          39.0
        ],
        "iou": 0.9443962574005127,
        "stability": 0.959744393825531,
        "auto_generated": true,
        "model": "segment_anything"
      }
    },
    {
      "type": "Feature",
      "geometry": {
        "type": "Polygon",
        "coordinates": [
          [
            [
              0.8096479791395046,
              0.7214730290456431
            ],
            [
              0.8083441981747066,
              0.7214730290456431
            ],
            [
              0.8070404172099087,
              0.7214730290456431
            ],
            [
              0.8063885267275098,
              0.7204356846473029
            ],
            [
              0.8054106910039114,
              0.7199170124481328
            ],
            [
              0.8044328552803129,
              0.7193983402489627
            ],
            [
              0.8034550195567145,
              0.7188796680497925
            ],
            [
              0.8024771838331161,
              0.7183609958506224
            ],
            [
              0.8011734028683182,
              0.7183609958506224
            ],
            [
              0.8005215123859192,
              0.7173236514522822
            ],
            [
              0.7992177314211213,
              0.7173236514522822
            ],
            [
              0.7979139504563233,
              0.7173236514522822
            ],
            [
              0.7972620599739244,
              0.7162863070539419
            ],
            [
              0.7959582790091264,
              0.7162863070539419
            ],
            [
              0.7946544980443285,
              0.7162863070539419
            ],
            [
              0.7933507170795306,
              0.7162863070539419
            ],
            [
              0.7926988265971316,
              0.7152489626556017
            ],
            [
              0.7913950456323338,
              0.7152489626556017
            ],
            [
              0.7900912646675359,
              0.7152489626556017
            ],
            [
              0.7891134289439374,
              0.7147302904564315
            ],
            [
              0.788135593220339,
              0.7142116182572614
            ],
            [
              0.7868318122555411,
              0.7142116182572614
            ],
            [
              0.7861799217731421,
              0.7131742738589212
            ],
            [
              0.7848761408083442,
              0.7131742738589212
            ],
            [
              0.7835723598435462,
              0.7131742738589212
            ],
            [
              0.7829204693611473,
              0.7121369294605809
            ],
            [
              0.7816166883963495,
              0.7121369294605809
            ],
            [
              0.7803129074315515,
              0.7121369294605809
            ],
            [
              0.7790091264667536,
              0.7121369294605809
            ],
            [
              0.7777053455019557,
              0.7121369294605809
            ],
            [
              0.7764015645371578,
              0.7121369294605809
            ],
            [
              0.7757496740547588,
              0.7110995850622407
            ],
            [
              0.7744458930899609,
              0.7110995850622407
            ],
            [
              0.7731421121251629,
              0.7110995850622407
            ],
            [
              0.772490221642764,
              0.7100622406639004
            ],
            [
              0.7715123859191656,
              0.7095435684647303
            ],
            [
              0.7705345501955672,
              0.7090248962655602
            ],
            [
              0.7692307692307693,
              0.7090248962655602
            ],
            [
              0.7679269882659713,
              0.7090248962655602
            ],
            [
              0.7672750977835724,
              0.70798755186722
            ],
            [
              0.7666232073011734,
              0.7069502074688797
            ],
            [
              0.7659713168187744,
              0.7059128630705395
            ],
            [
              0.7653194263363755,
              0.7048755186721992
            ],
            [
              0.7646675358539765,
              0.703838174273859
            ],
            [
              0.7643415906127771,
              0.7022821576763485
            ],
            [
              0.7643415906127771,
              0.700207468879668
            ],
            [
              0.7646675358539765,
              0.6986514522821576
            ],
            [
              0.7649934810951761,
              0.6970954356846473
            ],
            [
              0.7649934810951761,
              0.6950207468879668
            ],
            [
              0.765645371577575,
              0.6939834024896265
            ],
            [
              0.765645371577575,
              0.691908713692946
            ],
            [
              0.765645371577575,
              0.6898340248962656
            ],
            [
              0.765645371577575,
              0.6877593360995851
            ],
            [
              0.766297262059974,
              0.6867219917012448
            ],
            [
              0.766297262059974,
              0.6846473029045643
            ],
            [
              0.766297262059974,
              0.6825726141078838
            ],
            [
              0.766297262059974,
              0.6804979253112033
            ],
            [
              0.766297262059974,
              0.6784232365145229
            ],
            [
              0.7669491525423728,
              0.6773858921161826
            ],
            [
              0.7672750977835724,
              0.6758298755186722
            ],
            [
              0.7685788787483703,
              0.6758298755186722
            ],
            [
              0.7698826597131682,
              0.6758298755186722
            ],
            [
              0.7708604954367666,
              0.6763485477178424
            ],
            [
              0.771838331160365,
              0.6768672199170125
            ],
            [
              0.7731421121251629,
              0.6768672199170125
            ],
            [
              0.7744458930899609,
              0.6768672199170125
            ],
            [
              0.7754237288135594,
              0.6773858921161826
            ],
            [
              0.7764015645371578,
              0.6779045643153527
            ],
            [
              0.7777053455019557,
              0.6779045643153527
            ],
            [
              0.7790091264667536,
              0.6779045643153527
            ],
            [
              0.779986962190352,
              0.6784232365145229
            ],
            [
              0.7809647979139505,
              0.678941908713693
            ],
            [
              0.7822685788787483,
              0.678941908713693
            ],
            [
              0.7829204693611473,
              0.6799792531120332
            ],
            [
              0.7842242503259452,
              0.6799792531120332
            ],
            [
              0.7855280312907431,
              0.6799792531120332
            ],
            [
              0.7868318122555411,
              0.6799792531120332
            ],
            [
              0.788135593220339,
              0.6799792531120332
            ],
            [
              0.7894393741851369,
              0.6799792531120332
            ],
            [
              0.7904172099087353,
              0.6804979253112033
            ],
            [
              0.7913950456323338,
              0.6810165975103735
            ],
            [
              0.7926988265971316,
              0.6810165975103735
            ],
            [
              0.7940026075619296,
              0.6810165975103735
            ],
            [
              0.7953063885267275,
              0.6810165975103735
            ],
            [
              0.7966101694915254,
              0.6810165975103735
            ],
            [
              0.7975880052151239,
              0.6815352697095436
            ],
            [
              0.7985658409387223,
              0.6820539419087137
            ],
            [
              0.7998696219035202,
              0.6820539419087137
            ],
            [
              0.8005215123859192,
              0.683091286307054
            ],
            [
              0.8018252933507171,
              0.683091286307054
            ],
            [
              0.8024771838331161,
              0.6841286307053942
            ],
            [
              0.8037809647979139,
              0.6841286307053942
            ],
            [
              0.8044328552803129,
              0.6851659751037344
            ],
            [
              0.8057366362451108,
              0.6851659751037344
            ],
            [
              0.8063885267275098,
              0.6862033195020747
            ],
            [
              0.8073663624511083,
              0.6867219917012448
            ],
            [
              0.8083441981747066,
              0.6872406639004149
            ],
            [
              0.8089960886571056,
              0.6882780082987552
            ],
            [
              0.8096479791395046,
              0.6893153526970954
            ],
            [
              0.8102998696219035,
              0.6903526970954357
            ],
            [
              0.8112777053455019,
              0.6908713692946058
            ],
            [
              0.8119295958279009,
              0.691908713692946
            ],
            [
              0.8119295958279009,
              0.6939834024896265
            ],
            [
              0.8125814863102999,
              0.6950207468879668
            ],
            [
              0.8125814863102999,
              0.6970954356846473
            ],
            [
              0.8125814863102999,
              0.6991701244813278
            ],
            [
              0.8125814863102999,
              0.7012448132780082
            ],
            [
              0.8125814863102999,
              0.7033195020746889
            ],
            [
              0.8125814863102999,
              0.7053941908713693
            ],
            [
              0.8119295958279009,
              0.7064315352697096
            ],
            [
              0.8119295958279009,
              0.7085062240663901
            ],
            [
              0.8119295958279009,
              0.7105809128630706
            ],
            [
              0.8119295958279009,
              0.7126556016597511
            ],
            [
              0.8119295958279009,
              0.7147302904564315
            ],
            [
              0.8112777053455019,
              0.7157676348547718
            ],
            [
              0.8112777053455019,
              0.7178423236514523
            ],
            [
              0.810625814863103,
              0.7188796680497925
            ],
            [
              0.8102998696219035,
              0.7204356846473029
            ],
            [
              0.8096479791395046,
              0.7214730290456431
            ]
          ]
        ]
      },
      "properties": {
        "segment_id": 4,
        "area": 2321,
        "bbox": [
          1173.0,
          652.0,
          73.0,
          43.0
        ],
        "iou": 0.9390983581542969,
        "stability": 0.9525010585784912,
        "auto_generated": true,
        "model": "segment_anything"
      }
    },
    {
      "type": "Feature",
      "geometry": {
        "type": "Polygon",
        "coordinates": [
          [
            [
              0.5684485006518905,
              0.9019709543568465
            ],
            [
              0.5677966101694916,
              0.9019709543568465
            ],
            [
              0.5671447196870926,
              0.9019709543568465
            ],
            [
              0.5664928292046936,
              0.9019709543568465
            ],
            [
              0.5658409387222947,
              0.9019709543568465
            ],
            [
              0.5651890482398957,
              0.9019709543568465
            ],
            [
              0.5645371577574967,
              0.9019709543568465
            ],
            [
              0.5638852672750978,
              0.9019709543568465
            ],
            [
              0.5632333767926988,
              0.9019709543568465
            ],
            [
              0.5625814863102999,
              0.9019709543568465
            ],
            [
              0.5619295958279009,
              0.9019709543568465
            ],
            [
              0.5612777053455019,
              0.9019709543568465
            ],
            [
              0.560625814863103,
              0.9019709543568465
            ],
            [
              0.559973924380704,
              0.9019709543568465
            ],
            [
              0.559322033898305,
              0.9019709543568465
            ],
            [
              0.5586701434159062,
              0.9019709543568465
            ],
            [
              0.5580182529335072,
              0.9019709543568465
            ],
            [
              0.5573663624511083,
              0.9019709543568465
            ],
            [
              0.5567144719687093,
              0.9019709543568465
            ],
            [
              0.5560625814863103,
              0.9019709543568465
            ],
            [
              0.5554106910039114,
              0.9019709543568465
            ],
            [
              0.5547588005215124,
              0.9019709543568465
            ],
            [
              0.5541069100391134,
              0.9019709543568465
            ],
            [
              0.5537809647979139,
              0.9014522821576764
            ],
            [
              0.5534550195567145,
              0.9009336099585062
            ],
            [
              0.5528031290743155,
              0.9009336099585062
            ],
            [
              0.5521512385919165,
              0.9009336099585062
            ],
            [
              0.5514993481095176,
              0.9009336099585062
            ],
            [
              0.5508474576271186,
              0.9009336099585062
            ],
            [
              0.5505215123859192,
              0.9004149377593361
            ],
            [
              0.5501955671447197,
              0.899896265560166
            ],
            [
              0.5498696219035202,
              0.8993775933609959
            ],
            [
              0.5498696219035202,
              0.8983402489626556
            ],
            [
              0.5498696219035202,
              0.8973029045643154
            ],
            [
              0.5498696219035202,
              0.8962655601659751
            ],
            [
              0.5498696219035202,
              0.8952282157676349
            ],
            [
              0.5498696219035202,
              0.8941908713692946
            ],
            [
              0.5498696219035202,
              0.8931535269709544
            ],
            [
              0.5498696219035202,
              0.8921161825726142
            ],
            [
              0.5498696219035202,
              0.8910788381742739
            ],
            [
              0.5498696219035202,
              0.8900414937759336
            ],
            [
              0.5498696219035202,
              0.8890041493775933
            ],
            [
              0.5498696219035202,
              0.8879668049792531
            ],
            [
              0.5498696219035202,
              0.8869294605809128
            ],
            [
              0.5498696219035202,
              0.8858921161825726
            ],
            [
              0.5498696219035202,
              0.8848547717842323
            ],
            [
              0.5498696219035202,
              0.8838174273858921
            ],
            [
              0.5498696219035202,
              0.8827800829875518
            ],
            [
              0.5498696219035202,
              0.8817427385892116
            ],
            [
              0.5498696219035202,
              0.8807053941908713
            ],
            [
              0.5498696219035202,
              0.8796680497925311
            ],
            [
              0.5498696219035202,
              0.8786307053941909
            ],
            [
              0.5498696219035202,
              0.8775933609958506
            ],
            [
              0.5498696219035202,
              0.8765560165975104
            ],
            [
              0.5498696219035202,
              0.8755186721991701
            ],
            [
              0.5498696219035202,
              0.8744813278008299
            ],
            [
              0.5498696219035202,
              0.8734439834024896
            ],
            [
              0.5498696219035202,
              0.8724066390041494
            ],
            [
              0.5498696219035202,
              0.8713692946058091
            ],
            [
              0.5498696219035202,
              0.8703319502074689
            ],
            [
              0.5498696219035202,
              0.8692946058091287
            ],
            [
              0.5498696219035202,
              0.8682572614107884
            ],
            [
              0.5498696219035202,
              0.8672199170124482
            ],
            [
              0.5501955671447197,
              0.866701244813278
            ],
            [
              0.5505215123859192,
              0.8661825726141079
            ],
            [
              0.5505215123859192,
              0.8651452282157677
            ],
            [
              0.5505215123859192,
              0.8641078838174274
            ],
            [
              0.5505215123859192,
              0.8630705394190872
            ],
            [
              0.5505215123859192,
              0.8620331950207469
            ],
            [
              0.5505215123859192,
              0.8609958506224067
            ],
            [
              0.5505215123859192,
              0.8599585062240664
            ],
            [
              0.5505215123859192,
              0.8589211618257261
            ],
            [
              0.5505215123859192,
              0.8578838174273858
            ],
            [
              0.5505215123859192,
              0.8568464730290456
            ],
            [
              0.5505215123859192,
              0.8558091286307054
            ],
            [
              0.5505215123859192,
              0.8547717842323651
            ],
            [
              0.5505215123859192,
              0.8537344398340249
            ],
            [
              0.5505215123859192,
              0.8526970954356846
            ],
            [
              0.5505215123859192,
              0.8516597510373444
            ],
            [
              0.5505215123859192,
              0.8506224066390041
            ],
            [
              0.5505215123859192,
              0.8495850622406639
            ],
            [
              0.5505215123859192,
              0.8485477178423236
            ],
            [
              0.5505215123859192,
              0.8475103734439834
            ],
            [
              0.5505215123859192,
              0.8464730290456431
            ],
            [
              0.5505215123859192,
              0.8454356846473029
            ],
            [
              0.5505215123859192,
              0.8443983402489627
            ],
            [
              0.5505215123859192,
              0.8433609958506224
            ],
            [
              0.5505215123859192,
              0.8423236514522822
            ],
            [
              0.5508474576271186,
              0.841804979253112
            ],
            [
              0.5511734028683182,
              0.8412863070539419
            ],
            [
              0.5511734028683182,
              0.8402489626556017
            ],
            [
              0.5514993481095176,
              0.8397302904564315
            ],
            [
              0.5518252933507171,
              0.8392116182572614
            ],
            [
              0.5521512385919165,
              0.8386929460580913
            ],
            [
              0.5528031290743155,
              0.8386929460580913
            ],
            [
              0.553129074315515,
              0.8381742738589212
            ],
            [
              0.5534550195567145,
              0.8376556016597511
            ],
            [
              0.5541069100391134,
              0.8376556016597511
            ],
            [
              0.5547588005215124,
              0.8376556016597511
            ],
            [
              0.5554106910039114,
              0.8376556016597511
            ],
            [
              0.5560625814863103,
              0.8376556016597511
            ],
            [
              0.5567144719687093,
              0.8376556016597511
            ],
            [
              0.5573663624511083,
              0.8376556016597511
            ],
            [
              0.5580182529335072,
              0.8376556016597511
            ],
            [
              0.5586701434159062,
              0.8376556016597511
            ],
            [
              0.559322033898305,
              0.8376556016597511
            ],
            [
              0.559973924380704,
              0.8376556016597511
            ],
            [
              0.560625814863103,
              0.8376556016597511
            ],
            [
              0.5612777053455019,
              0.8376556016597511
            ],
            [
              0.5619295958279009,
              0.8376556016597511
            ],
            [
              0.5625814863102999,
              0.8376556016597511
            ],
            [
              0.5632333767926988,
              0.8376556016597511
            ],
            [
              0.5638852672750978,
              0.8376556016597511
            ],
            [
              0.5645371577574967,
              0.8376556016597511
            ],
            [
              0.5651890482398957,
              0.8376556016597511
            ],
            [
              0.5658409387222947,
              0.8376556016597511
            ],
            [
              0.5664928292046936,
              0.8376556016597511
            ],
            [
              0.5671447196870926,
              0.8376556016597511
            ],
            [
              0.5677966101694916,
              0.8376556016597511
            ],
            [
              0.568122555410691,
              0.8381742738589212
            ],
            [
              0.5684485006518905,
              0.8386929460580913
            ],
            [
              0.5691003911342895,
              0.8386929460580913
            ],
            [
              0.5694263363754889,
              0.8392116182572614
            ],
            [
              0.5697522816166884,
              0.8397302904564315
            ],
            [
              0.5700782268578879,
              0.8402489626556017
            ],
            [
              0.5700782268578879,
              0.8412863070539419
            ],
            [
              0.5700782268578879,
              0.8423236514522822
            ],
            [
              0.5700782268578879,
              0.8433609958506224
            ],
            [
              0.5700782268578879,
              0.8443983402489627
            ],
            [
              0.5700782268578879,
              0.8454356846473029
            ],
            [
              0.5700782268578879,
              0.8464730290456431
            ],
            [
              0.5700782268578879,
              0.8475103734439834
            ],
            [
              0.5700782268578879,
              0.8485477178423236
            ],
            [
              0.5700782268578879,
              0.8495850622406639
            ],
            [
              0.5700782268578879,
              0.8506224066390041
            ],
            [
              0.5700782268578879,
              0.8516597510373444
            ],
            [
              0.5704041720990873,
              0.8521784232365145
            ],
            [
              0.5707301173402868,
              0.8526970954356846
            ],
            [
              0.5707301173402868,
              0.8537344398340249
            ],
            [
              0.5707301173402868,
              0.8547717842323651
            ],
            [
              0.5707301173402868,
              0.8558091286307054
            ],
            [
              0.5707301173402868,
              0.8568464730290456
            ],
            [
              0.5707301173402868,
              0.8578838174273858
            ],
            [
              0.5707301173402868,
              0.8589211618257261
            ],
            [
              0.5707301173402868,
              0.8599585062240664
            ],
            [
              0.5707301173402868,
              0.8609958506224067
            ],
            [
              0.5707301173402868,
              0.8620331950207469
            ],
            [
              0.5707301173402868,
              0.8630705394190872
            ],
            [
              0.5707301173402868,
              0.8641078838174274
            ],
            [
              0.5707301173402868,
              0.8651452282157677
            ],
            [
              0.5707301173402868,
              0.8661825726141079
            ],
            [
              0.5707301173402868,
              0.8672199170124482
            ],
            [
              0.5707301173402868,
              0.8682572614107884
            ],
            [
              0.5707301173402868,
              0.8692946058091287
            ],
            [
              0.5707301173402868,
              0.8703319502074689
            ],
            [
              0.5707301173402868,
              0.8713692946058091
            ],
            [
              0.5707301173402868,
              0.8724066390041494
            ],
            [
              0.5707301173402868,
              0.8734439834024896
            ],
            [
              0.5707301173402868,
              0.8744813278008299
            ],
            [
              0.5707301173402868,
              0.8755186721991701
            ],
            [
              0.5707301173402868,
              0.8765560165975104
            ],
            [
              0.5707301173402868,
              0.8775933609958506
            ],
            [
              0.5707301173402868,
              0.8786307053941909
            ],
            [
              0.5707301173402868,
              0.8796680497925311
            ],
            [
              0.5707301173402868,
              0.8807053941908713
            ],
            [
              0.5710560625814863,
              0.8812240663900415
            ],
            [
              0.5713820078226858,
              0.8817427385892116
            ],
            [
              0.5713820078226858,
              0.8827800829875518
            ],
            [
              0.5713820078226858,
              0.8838174273858921
            ],
            [
              0.5710560625814863,
              0.8843360995850622
            ],
            [
              0.5707301173402868,
              0.8848547717842323
            ],
            [
              0.5707301173402868,
              0.8858921161825726
            ],
            [
              0.5707301173402868,
              0.8869294605809128
            ],
            [
              0.5707301173402868,
              0.8879668049792531
            ],
            [
              0.5707301173402868,
              0.8890041493775933
            ],
            [
              0.5707301173402868,
              0.8900414937759336
            ],
            [
              0.5707301173402868,
              0.8910788381742739
            ],
            [
              0.5707301173402868,
              0.8921161825726142
            ],
            [
              0.5707301173402868,
              0.8931535269709544
            ],
            [
              0.5707301173402868,
              0.8941908713692946
            ],
            [
              0.5707301173402868,
              0.8952282157676349
            ],
            [
              0.5707301173402868,
              0.8962655601659751
            ],
            [
              0.5707301173402868,
              0.8973029045643154
            ],
            [
              0.5707301173402868,
              0.8983402489626556
            ],
            [
              0.5704041720990873,
              0.8988589211618258
            ],
            [
              0.5700782268578879,
              0.8993775933609959
            ],
            [
              0.5700782268578879,
              0.9004149377593361
            ],
            [
              0.5697522816166884,
              0.9009336099585062
            ],
            [
              0.5691003911342895,
              0.9009336099585062
            ],
            [
              0.56877444589309,
              0.9014522821576764
            ],
            [
              0.5684485006518905,
              0.9019709543568465
            ],
            [
              0.5684485006518905,
              0.9019709543568465
            ]
          ]
        ]
      },
      "properties": {
        "segment_id": 5,
        "area": 1921,
        "bbox": [
          844.0,
          808.0,
          32.0,
          61.0
        ],
        "iou": 0.9327415227890015,
        "stability": 0.9655521512031555,
        "auto_generated": true,
        "model": "segment_anything"
      }
    },
    {
      "type": "Feature",
      "geometry": {
        "type": "Polygon",
        "coordinates": [
          [
            [
              0.7953063885267275,
              0.7826763485477178
            ],
            [
              0.7940026075619296,
              0.7826763485477178
            ],
            [
              0.7926988265971316,
              0.7826763485477178
            ],
            [
              0.7913950456323338,
              0.7826763485477178
            ],
            [
              0.7900912646675359,
              0.7826763485477178
            ],
            [
              0.788787483702738,
              0.7826763485477178
            ],
            [
              0.788135593220339,
              0.7816390041493776
            ],
            [
              0.7868318122555411,
              0.7816390041493776
            ],
            [
              0.7855280312907431,
              0.7816390041493776
            ],
            [
              0.7845501955671447,
              0.7811203319502075
            ],
            [
              0.7835723598435462,
              0.7806016597510373
            ],
            [
              0.7822685788787483,
              0.7806016597510373
            ],
            [
              0.7812907431551499,
              0.7800829875518672
            ],
            [
              0.7803129074315515,
              0.7795643153526971
            ],
            [
              0.7790091264667536,
              0.7795643153526971
            ],
            [
              0.7777053455019557,
              0.7795643153526971
            ],
            [
              0.7767275097783573,
              0.779045643153527
            ],
            [
              0.7757496740547588,
              0.7785269709543569
            ],
            [
              0.7744458930899609,
              0.7785269709543569
            ],
            [
              0.7731421121251629,
              0.7785269709543569
            ],
            [
              0.772490221642764,
              0.7774896265560166
            ],
            [
              0.7711864406779662,
              0.7774896265560166
            ],
            [
              0.7698826597131682,
              0.7774896265560166
            ],
            [
              0.7692307692307693,
              0.7764522821576764
            ],
            [
              0.7679269882659713,
              0.7764522821576764
            ],
            [
              0.7666232073011734,
              0.7764522821576764
            ],
            [
              0.7653194263363755,
              0.7764522821576764
            ],
            [
              0.7646675358539765,
              0.7754149377593361
            ],
            [
              0.7633637548891786,
              0.7754149377593361
            ],
            [
              0.7627118644067796,
              0.7764522821576764
            ],
            [
              0.7614080834419817,
              0.7764522821576764
            ],
            [
              0.7601043024771839,
              0.7764522821576764
            ],
            [
              0.758800521512386,
              0.7764522821576764
            ],
            [
              0.758148631029987,
              0.7754149377593361
            ],
            [
              0.757496740547588,
              0.7743775933609959
            ],
            [
              0.7571707953063885,
              0.7728215767634855
            ],
            [
              0.7565189048239895,
              0.7717842323651453
            ],
            [
              0.7561929595827901,
              0.7702282157676349
            ],
            [
              0.7558670143415906,
              0.7686721991701245
            ],
            [
              0.7552151238591917,
              0.7676348547717843
            ],
            [
              0.7548891786179922,
              0.7660788381742739
            ],
            [
              0.7545632333767927,
              0.7645228215767634
            ],
            [
              0.7542372881355932,
              0.7629668049792531
            ],
            [
              0.7539113428943938,
              0.7614107883817427
            ],
            [
              0.7532594524119948,
              0.7603734439834025
            ],
            [
              0.7532594524119948,
              0.758298755186722
            ],
            [
              0.7529335071707953,
              0.7567427385892116
            ],
            [
              0.7526075619295959,
              0.7551867219917012
            ],
            [
              0.7526075619295959,
              0.7531120331950207
            ],
            [
              0.7529335071707953,
              0.7515560165975104
            ],
            [
              0.7535853976531942,
              0.7505186721991701
            ],
            [
              0.7542372881355932,
              0.7494813278008299
            ],
            [
              0.7548891786179922,
              0.7484439834024896
            ],
            [
              0.7561929595827901,
              0.7484439834024896
            ],
            [
              0.757496740547588,
              0.7484439834024896
            ],
            [
              0.758800521512386,
              0.7484439834024896
            ],
            [
              0.7601043024771839,
              0.7484439834024896
            ],
            [
              0.7610821382007823,
              0.7489626556016598
            ],
            [
              0.7620599739243807,
              0.7494813278008299
            ],
            [
              0.7633637548891786,
              0.7494813278008299
            ],
            [
              0.7640156453715776,
              0.7505186721991701
            ],
            [
              0.7653194263363755,
              0.7505186721991701
            ],
            [
              0.766297262059974,
              0.7510373443983402
            ],
            [
              0.7672750977835724,
              0.7515560165975104
            ],
            [
              0.7685788787483703,
              0.7515560165975104
            ],
            [
              0.7695567144719687,
              0.7520746887966805
            ],
            [
              0.7705345501955672,
              0.7525933609958506
            ],
            [
              0.7715123859191656,
              0.7531120331950207
            ],
            [
              0.772490221642764,
              0.7536307053941909
            ],
            [
              0.7737940026075619,
              0.7536307053941909
            ],
            [
              0.7744458930899609,
              0.7546680497925311
            ],
            [
              0.7757496740547588,
              0.7546680497925311
            ],
            [
              0.7767275097783573,
              0.7551867219917012
            ],
            [
              0.7777053455019557,
              0.7557053941908713
            ],
            [
              0.7790091264667536,
              0.7557053941908713
            ],
            [
              0.779986962190352,
              0.7562240663900415
            ],
            [
              0.7809647979139505,
              0.7567427385892116
            ],
            [
              0.7822685788787483,
              0.7567427385892116
            ],
            [
              0.7832464146023468,
              0.7572614107883817
            ],
            [
              0.7842242503259452,
              0.7577800829875518
            ],
            [
              0.7855280312907431,
              0.7577800829875518
            ],
            [
              0.7861799217731421,
              0.7588174273858921
            ],
            [
              0.78748370273794,
              0.7588174273858921
            ],
            [
              0.7884615384615384,
              0.7593360995850622
            ],
            [
              0.7894393741851369,
              0.7598547717842323
            ],
            [
              0.7907431551499348,
              0.7598547717842323
            ],
            [
              0.7920469361147328,
              0.7598547717842323
            ],
            [
              0.7926988265971316,
              0.7608921161825726
            ],
            [
              0.7940026075619296,
              0.7608921161825726
            ],
            [
              0.7949804432855281,
              0.7614107883817427
            ],
            [
              0.7959582790091264,
              0.7619294605809128
            ],
            [
              0.7966101694915254,
              0.7629668049792531
            ],
            [
              0.7969361147327249,
              0.7645228215767634
            ],
            [
              0.7969361147327249,
              0.766597510373444
            ],
            [
              0.7969361147327249,
              0.7686721991701245
            ],
            [
              0.7969361147327249,
              0.770746887966805
            ],
            [
              0.796284224250326,
              0.7717842323651453
            ],
            [
              0.7966101694915254,
              0.7733402489626556
            ],
            [
              0.7969361147327249,
              0.774896265560166
            ],
            [
              0.7969361147327249,
              0.7769709543568465
            ],
            [
              0.7969361147327249,
              0.779045643153527
            ],
            [
              0.7966101694915254,
              0.7806016597510373
            ],
            [
              0.7959582790091264,
              0.7816390041493776
            ],
            [
              0.7953063885267275,
              0.7826763485477178
            ]
          ]
        ]
      },
      "properties": {
        "segment_id": 6,
        "area": 1522,
        "bbox": [
          1155.0,
          722.0,
          67.0,
          32.0
        ],
        "iou": 0.929317831993103,
        "stability": 0.9709302186965942,
        "auto_generated": true,
        "model": "segment_anything"
      }
    },
    {
      "type": "Feature",
      "geometry": {
        "type": "Polygon",
        "coordinates": [
          [
            [
              0.999348109517601,
              0.908195020746888
            ],
            [
              0.9986962190352021,
              0.908195020746888
            ],
            [
              0.9980443285528031,
              0.908195020746888
            ],
            [
              0.9973924380704041,
              0.908195020746888
            ],
            [
              0.9970664928292047,
              0.9076763485477178
            ],
            [
              0.9967405475880052,
              0.9071576763485477
            ],
            [
              0.9960886571056062,
              0.9071576763485477
            ],
            [
              0.9954367666232073,
              0.9071576763485477
            ],
            [
              0.9947848761408083,
              0.9071576763485477
            ],
            [
              0.9941329856584094,
              0.9071576763485477
            ],
            [
              0.9934810951760105,
              0.9071576763485477
            ],
            [
              0.9928292046936115,
              0.9071576763485477
            ],
            [
              0.9921773142112125,
              0.9071576763485477
            ],
            [
              0.9915254237288136,
              0.9071576763485477
            ],
            [
              0.9908735332464146,
              0.9071576763485477
            ],
            [
              0.9902216427640157,
              0.9071576763485477
            ],
            [
              0.9898956975228161,
              0.9076763485477178
            ],
            [
              0.9895697522816167,
              0.908195020746888
            ],
            [
              0.9889178617992177,
              0.908195020746888
            ],
            [
              0.9885919165580183,
              0.9087136929460581
            ],
            [
              0.9882659713168188,
              0.9092323651452282
            ],
            [
              0.9876140808344198,
              0.9092323651452282
            ],
            [
              0.9872881355932204,
              0.9097510373443983
            ],
            [
              0.9869621903520208,
              0.9102697095435685
            ],
            [
              0.9863102998696219,
              0.9102697095435685
            ],
            [
              0.9859843546284224,
              0.9097510373443983
            ],
            [
              0.9856584093872229,
              0.9092323651452282
            ],
            [
              0.9850065189048239,
              0.9092323651452282
            ],
            [
              0.984354628422425,
              0.9092323651452282
            ],
            [
              0.983702737940026,
              0.9092323651452282
            ],
            [
              0.9833767926988266,
              0.9087136929460581
            ],
            [
              0.9830508474576272,
              0.908195020746888
            ],
            [
              0.9823989569752282,
              0.908195020746888
            ],
            [
              0.9817470664928292,
              0.908195020746888
            ],
            [
              0.9814211212516297,
              0.9076763485477178
            ],
            [
              0.9810951760104303,
              0.9071576763485477
            ],
            [
              0.9804432855280313,
              0.9071576763485477
            ],
            [
              0.9797913950456323,
              0.9071576763485477
            ],
            [
              0.9791395045632334,
              0.9071576763485477
            ],
            [
              0.9784876140808344,
              0.9071576763485477
            ],
            [
              0.9778357235984355,
              0.9071576763485477
            ],
            [
              0.9771838331160365,
              0.9071576763485477
            ],
            [
              0.9765319426336375,
              0.9071576763485477
            ],
            [
              0.9758800521512386,
              0.9071576763485477
            ],
            [
              0.9755541069100391,
              0.9076763485477178
            ],
            [
              0.9752281616688396,
              0.908195020746888
            ],
            [
              0.9745762711864406,
              0.908195020746888
            ],
            [
              0.9742503259452412,
              0.9076763485477178
            ],
            [
              0.9739243807040417,
              0.9071576763485477
            ],
            [
              0.9732724902216427,
              0.9071576763485477
            ],
            [
              0.9729465449804433,
              0.9066390041493776
            ],
            [
              0.9726205997392438,
              0.9061203319502075
            ],
            [
              0.9719687092568449,
              0.9061203319502075
            ],
            [
              0.9716427640156454,
              0.9056016597510373
            ],
            [
              0.9713168187744459,
              0.9050829875518672
            ],
            [
              0.9709908735332464,
              0.9045643153526971
            ],
            [
              0.970664928292047,
              0.904045643153527
            ],
            [
              0.970013037809648,
              0.904045643153527
            ],
            [
              0.9696870925684485,
              0.9035269709543569
            ],
            [
              0.969361147327249,
              0.9030082987551867
            ],
            [
              0.9687092568448501,
              0.9030082987551867
            ],
            [
              0.9680573663624511,
              0.9030082987551867
            ],
            [
              0.9677314211212517,
              0.9024896265560166
            ],
            [
              0.9674054758800521,
              0.9019709543568465
            ],
            [
              0.9670795306388527,
              0.9014522821576764
            ],
            [
              0.9667535853976532,
              0.9009336099585062
            ],
            [
              0.9664276401564538,
              0.9004149377593361
            ],
            [
              0.9664276401564538,
              0.8993775933609959
            ],
            [
              0.9661016949152542,
              0.8988589211618258
            ],
            [
              0.9657757496740548,
              0.8983402489626556
            ],
            [
              0.9654498044328553,
              0.8978215767634855
            ],
            [
              0.9651238591916558,
              0.8973029045643154
            ],
            [
              0.9647979139504563,
              0.8967842323651453
            ],
            [
              0.9644719687092569,
              0.8962655601659751
            ],
            [
              0.9644719687092569,
              0.8952282157676349
            ],
            [
              0.9644719687092569,
              0.8941908713692946
            ],
            [
              0.9644719687092569,
              0.8931535269709544
            ],
            [
              0.9647979139504563,
              0.8926348547717843
            ],
            [
              0.9651238591916558,
              0.8921161825726142
            ],
            [
              0.9651238591916558,
              0.8910788381742739
            ],
            [
              0.9651238591916558,
              0.8900414937759336
            ],
            [
              0.9651238591916558,
              0.8890041493775933
            ],
            [
              0.9651238591916558,
              0.8879668049792531
            ],
            [
              0.9651238591916558,
              0.8869294605809128
            ],
            [
              0.9651238591916558,
              0.8858921161825726
            ],
            [
              0.9651238591916558,
              0.8848547717842323
            ],
            [
              0.9647979139504563,
              0.8843360995850622
            ],
            [
              0.9644719687092569,
              0.8838174273858921
            ],
            [
              0.9641460234680573,
              0.883298755186722
            ],
            [
              0.9638200782268579,
              0.8827800829875518
            ],
            [
              0.9634941329856584,
              0.8822614107883817
            ],
            [
              0.9631681877444589,
              0.8817427385892116
            ],
            [
              0.9631681877444589,
              0.8807053941908713
            ],
            [
              0.9628422425032594,
              0.8801867219917012
            ],
            [
              0.96251629726206,
              0.8796680497925311
            ],
            [
              0.9621903520208605,
              0.879149377593361
            ],
            [
              0.961864406779661,
              0.8786307053941909
            ],
            [
              0.961864406779661,
              0.8775933609958506
            ],
            [
              0.9621903520208605,
              0.8770746887966805
            ],
            [
              0.96251629726206,
              0.8765560165975104
            ],
            [
              0.9628422425032594,
              0.8760373443983402
            ],
            [
              0.9631681877444589,
              0.8755186721991701
            ],
            [
              0.9634941329856584,
              0.875
            ],
            [
              0.9638200782268579,
              0.8744813278008299
            ],
            [
              0.9641460234680573,
              0.8739626556016598
            ],
            [
              0.9644719687092569,
              0.8734439834024896
            ],
            [
              0.9647979139504563,
              0.8729253112033195
            ],
            [
              0.9654498044328553,
              0.8729253112033195
            ],
            [
              0.9657757496740548,
              0.8724066390041494
            ],
            [
              0.9661016949152542,
              0.8718879668049793
            ],
            [
              0.9667535853976532,
              0.8718879668049793
            ],
            [
              0.9670795306388527,
              0.8713692946058091
            ],
            [
              0.9674054758800521,
              0.870850622406639
            ],
            [
              0.9677314211212517,
              0.8703319502074689
            ],
            [
              0.9680573663624511,
              0.8698132780082988
            ],
            [
              0.9687092568448501,
              0.8698132780082988
            ],
            [
              0.9690352020860495,
              0.8692946058091287
            ],
            [
              0.969361147327249,
              0.8687759336099585
            ],
            [
              0.9696870925684485,
              0.8682572614107884
            ],
            [
              0.970013037809648,
              0.8677385892116183
            ],
            [
              0.970664928292047,
              0.8677385892116183
            ],
            [
              0.9713168187744459,
              0.8677385892116183
            ],
            [
              0.9716427640156454,
              0.8672199170124482
            ],
            [
              0.9719687092568449,
              0.866701244813278
            ],
            [
              0.9726205997392438,
              0.866701244813278
            ],
            [
              0.9729465449804433,
              0.8661825726141079
            ],
            [
              0.9732724902216427,
              0.8656639004149378
            ],
            [
              0.9739243807040417,
              0.8656639004149378
            ],
            [
              0.9745762711864406,
              0.8656639004149378
            ],
            [
              0.9749022164276402,
              0.8651452282157677
            ],
            [
              0.9752281616688396,
              0.8646265560165975
            ],
            [
              0.9758800521512386,
              0.8646265560165975
            ],
            [
              0.9762059973924381,
              0.8641078838174274
            ],
            [
              0.9765319426336375,
              0.8635892116182573
            ],
            [
              0.9771838331160365,
              0.8635892116182573
            ],
            [
              0.9778357235984355,
              0.8635892116182573
            ],
            [
              0.9784876140808344,
              0.8635892116182573
            ],
            [
              0.9788135593220338,
              0.8630705394190872
            ],
            [
              0.9791395045632334,
              0.8625518672199171
            ],
            [
              0.9797913950456323,
              0.8625518672199171
            ],
            [
              0.9804432855280313,
              0.8625518672199171
            ],
            [
              0.9810951760104303,
              0.8625518672199171
            ],
            [
              0.9817470664928292,
              0.8625518672199171
            ],
            [
              0.9823989569752282,
              0.8625518672199171
            ],
            [
              0.9830508474576272,
              0.8625518672199171
            ],
            [
              0.983702737940026,
              0.8625518672199171
            ],
            [
              0.984354628422425,
              0.8625518672199171
            ],
            [
              0.9850065189048239,
              0.8625518672199171
            ],
            [
              0.9856584093872229,
              0.8625518672199171
            ],
            [
              0.9863102998696219,
              0.8625518672199171
            ],
            [
              0.9869621903520208,
              0.8625518672199171
            ],
            [
              0.9872881355932204,
              0.8630705394190872
            ],
            [
              0.9876140808344198,
              0.8635892116182573
            ],
            [
              0.9882659713168188,
              0.8635892116182573
            ],
            [
              0.9889178617992177,
              0.8635892116182573
            ],
            [
              0.9895697522816167,
              0.8635892116182573
            ],
            [
              0.9902216427640157,
              0.8635892116182573
            ],
            [
              0.9908735332464146,
              0.8635892116182573
            ],
            [
              0.9915254237288136,
              0.8635892116182573
            ],
            [
              0.9921773142112125,
              0.8635892116182573
            ],
            [
              0.9928292046936115,
              0.8635892116182573
            ],
            [
              0.9934810951760105,
              0.8635892116182573
            ],
            [
              0.9941329856584094,
              0.8635892116182573
            ],
            [
              0.9947848761408083,
              0.8635892116182573
            ],
            [
              0.9954367666232073,
              0.8635892116182573
            ],
            [
              0.9960886571056062,
              0.8635892116182573
            ],
            [
              0.9967405475880052,
              0.8635892116182573
            ],
            [
              0.9973924380704041,
              0.8635892116182573
            ],
            [
              0.9980443285528031,
              0.8635892116182573
            ],
            [
              0.9986962190352021,
              0.8635892116182573
            ],
            [
              0.999348109517601,
              0.8635892116182573
            ],
            [
              0.999348109517601,
              0.908195020746888
            ]
          ]
        ]
      },
      "properties": {
        "segment_id": 7,
        "area": 2180,
        "bbox": [
          1476.0,
          832.0,
          57.0,
          45.0
        ],
        "iou": 0.9236087799072266,
        "stability": 0.9600538611412048,
        "auto_generated": true,
        "model": "segment_anything"
      }
    },
    {
      "type": "Feature",
      "geometry": {
        "type": "Polygon",
        "coordinates": [
          [
            [
              0.7966101694915254,
              0.7608921161825726
            ],
            [
              0.7946544980443285,
              0.7608921161825726
            ],
            [
              0.7926988265971316,
              0.7608921161825726
            ],
            [
              0.7913950456323338,
              0.7598547717842323
            ],
            [
              0.7894393741851369,
              0.7598547717842323
            ],
            [
              0.788135593220339,
              0.7588174273858921
            ],
            [
              0.7865058670143416,
              0.758298755186722
            ],
            [
              0.7852020860495437,
              0.7572614107883817
            ],
            [
              0.7838983050847458,
              0.7562240663900415
            ],
            [
              0.7822685788787483,
              0.7557053941908713
            ],
            [
              0.7803129074315515,
              0.7557053941908713
            ],
            [
              0.7790091264667536,
              0.7546680497925311
            ],
            [
              0.7770534550195567,
              0.7546680497925311
            ],
            [
              0.7757496740547588,
              0.7536307053941909
            ],
            [
              0.7737940026075619,
              0.7536307053941909
            ],
            [
              0.772490221642764,
              0.7525933609958506
            ],
            [
              0.7708604954367666,
              0.7520746887966805
            ],
            [
              0.7692307692307693,
              0.7515560165975104
            ],
            [
              0.7672750977835724,
              0.7515560165975104
            ],
            [
              0.7659713168187744,
              0.7505186721991701
            ],
            [
              0.7643415906127771,
              0.75
            ],
            [
              0.7627118644067796,
              0.7494813278008299
            ],
            [
              0.7614080834419817,
              0.7484439834024896
            ],
            [
              0.7597783572359843,
              0.7479253112033195
            ],
            [
              0.758800521512386,
              0.7463692946058091
            ],
            [
              0.7584745762711864,
              0.7437759336099585
            ],
            [
              0.7584745762711864,
              0.7406639004149378
            ],
            [
              0.7584745762711864,
              0.7375518672199171
            ],
            [
              0.758800521512386,
              0.7349585062240664
            ],
            [
              0.7591264667535854,
              0.7323651452282157
            ],
            [
              0.7591264667535854,
              0.729253112033195
            ],
            [
              0.7584745762711864,
              0.7271784232365145
            ],
            [
              0.7584745762711864,
              0.7240663900414938
            ],
            [
              0.758800521512386,
              0.7214730290456431
            ],
            [
              0.7594524119947849,
              0.7193983402489627
            ],
            [
              0.7597783572359843,
              0.716804979253112
            ],
            [
              0.7604302477183833,
              0.7147302904564315
            ],
            [
              0.7610821382007823,
              0.7126556016597511
            ],
            [
              0.7620599739243807,
              0.7110995850622407
            ],
            [
              0.7630378096479792,
              0.7095435684647303
            ],
            [
              0.7636897001303781,
              0.7074688796680498
            ],
            [
              0.7627118644067796,
              0.7059128630705395
            ],
            [
              0.7623859191655802,
              0.7033195020746889
            ],
            [
              0.7630378096479792,
              0.7012448132780082
            ],
            [
              0.7630378096479792,
              0.6981327800829875
            ],
            [
              0.7630378096479792,
              0.6950207468879668
            ],
            [
              0.7636897001303781,
              0.6929460580912863
            ],
            [
              0.7630378096479792,
              0.6908713692946058
            ],
            [
              0.7630378096479792,
              0.6877593360995851
            ],
            [
              0.7630378096479792,
              0.6846473029045643
            ],
            [
              0.7623859191655802,
              0.6825726141078838
            ],
            [
              0.7623859191655802,
              0.6794605809128631
            ],
            [
              0.7617340286831812,
              0.6773858921161826
            ],
            [
              0.7601043024771839,
              0.6768672199170125
            ],
            [
              0.7584745762711864,
              0.6763485477178424
            ],
            [
              0.7568448500651891,
              0.6758298755186722
            ],
            [
              0.7548891786179922,
              0.6758298755186722
            ],
            [
              0.7529335071707953,
              0.6758298755186722
            ],
            [
              0.7513037809647979,
              0.6753112033195021
            ],
            [
              0.7516297262059974,
              0.6727178423236515
            ],
            [
              0.7535853976531942,
              0.6727178423236515
            ],
            [
              0.7555410691003911,
              0.6727178423236515
            ],
            [
              0.7568448500651891,
              0.6737551867219918
            ],
            [
              0.758800521512386,
              0.6737551867219918
            ],
            [
              0.7607561929595827,
              0.6737551867219918
            ],
            [
              0.7627118644067796,
              0.6737551867219918
            ],
            [
              0.7646675358539765,
              0.6737551867219918
            ],
            [
              0.7666232073011734,
              0.6737551867219918
            ],
            [
              0.7679269882659713,
              0.674792531120332
            ],
            [
              0.7698826597131682,
              0.674792531120332
            ],
            [
              0.7711864406779662,
              0.6758298755186722
            ],
            [
              0.7731421121251629,
              0.6758298755186722
            ],
            [
              0.7750977835723598,
              0.6758298755186722
            ],
            [
              0.7767275097783573,
              0.6763485477178424
            ],
            [
              0.7783572359843546,
              0.6768672199170125
            ],
            [
              0.7803129074315515,
              0.6768672199170125
            ],
            [
              0.7819426336375489,
              0.6773858921161826
            ],
            [
              0.7835723598435462,
              0.6779045643153527
            ],
            [
              0.7855280312907431,
              0.6779045643153527
            ],
            [
              0.7868318122555411,
              0.678941908713693
            ],
            [
              0.788787483702738,
              0.678941908713693
            ],
            [
              0.7904172099087353,
              0.6794605809128631
            ],
            [
              0.7920469361147328,
              0.6799792531120332
            ],
            [
              0.7940026075619296,
              0.6799792531120332
            ],
            [
              0.795632333767927,
              0.6804979253112033
            ],
            [
              0.7972620599739244,
              0.6810165975103735
            ],
            [
              0.7992177314211213,
              0.6810165975103735
            ],
            [
              0.8005215123859192,
              0.6820539419087137
            ],
            [
              0.8018252933507171,
              0.683091286307054
            ],
            [
              0.8034550195567145,
              0.6836099585062241
            ],
            [
              0.8050847457627118,
              0.6841286307053942
            ],
            [
              0.8063885267275098,
              0.6851659751037344
            ],
            [
              0.8076923076923077,
              0.6862033195020747
            ],
            [
              0.8086701434159062,
              0.6877593360995851
            ],
            [
              0.8096479791395046,
              0.6893153526970954
            ],
            [
              0.8109517601043025,
              0.6903526970954357
            ],
            [
              0.8119295958279009,
              0.691908713692946
            ],
            [
              0.8125814863102999,
              0.6939834024896265
            ],
            [
              0.8125814863102999,
              0.6970954356846473
            ],
            [
              0.8125814863102999,
              0.700207468879668
            ],
            [
              0.8125814863102999,
              0.7033195020746889
            ],
            [
              0.8125814863102999,
              0.7064315352697096
            ],
            [
              0.8125814863102999,
              0.7095435684647303
            ],
            [
              0.8125814863102999,
              0.7126556016597511
            ],
            [
              0.8119295958279009,
              0.7147302904564315
            ],
            [
              0.8119295958279009,
              0.7178423236514523
            ],
            [
              0.8119295958279009,
              0.720954356846473
            ],
            [
              0.8112777053455019,
              0.7230290456431535
            ],
            [
              0.8112777053455019,
              0.7261410788381742
            ],
            [
              0.810625814863103,
              0.7282157676348547
            ],
            [
              0.8102998696219035,
              0.7308091286307054
            ],
            [
              0.809973924380704,
              0.733402489626556
            ],
            [
              0.8096479791395046,
              0.7359958506224067
            ],
            [
              0.809322033898305,
              0.7385892116182573
            ],
            [
              0.8086701434159062,
              0.7406639004149378
            ],
            [
              0.8083441981747066,
              0.7432572614107884
            ],
            [
              0.8073663624511083,
              0.7448132780082988
            ],
            [
              0.8067144719687093,
              0.7468879668049793
            ],
            [
              0.8073663624511083,
              0.7489626556016598
            ],
            [
              0.8063885267275098,
              0.7505186721991701
            ],
            [
              0.8050847457627118,
              0.7515560165975104
            ],
            [
              0.8037809647979139,
              0.7525933609958506
            ],
            [
              0.8028031290743155,
              0.754149377593361
            ],
            [
              0.8021512385919165,
              0.7562240663900415
            ],
            [
              0.8011734028683182,
              0.7577800829875518
            ],
            [
              0.7998696219035202,
              0.7588174273858921
            ],
            [
              0.7985658409387223,
              0.7598547717842323
            ],
            [
              0.7969361147327249,
              0.7603734439834025
            ],
            [
              0.7966101694915254,
              0.7608921161825726
            ]
          ]
        ]
      },
      "properties": {
        "segment_id": 8,
        "area": 5653,
        "bbox": [
          1153.0,
          649.0,
          93.0,
          84.0
        ],
        "iou": 0.9194077849388123,
        "stability": 0.9505172371864319,
        "auto_generated": true,
        "model": "segment_anything"
      }
    },
    {
      "type": "Feature",
      "geometry": {
        "type": "Polygon",
        "coordinates": [
          [
            [
              0.7568448500651891,
              0.4196058091286307
            ],
            [
              0.7561929595827901,
              0.4196058091286307
            ],
            [
              0.7558670143415906,
              0.4190871369294606
            ],
            [
              0.7555410691003911,
              0.41856846473029047
            ],
            [
              0.7548891786179922,
              0.41856846473029047
            ],
            [
              0.7542372881355932,
              0.41856846473029047
            ],
            [
              0.7539113428943938,
              0.41804979253112035
            ],
            [
              0.7535853976531942,
              0.4175311203319502
            ],
            [
              0.7529335071707953,
              0.4175311203319502
            ],
            [
              0.7526075619295959,
              0.4170124481327801
            ],
            [
              0.7522816166883963,
              0.41649377593361
            ],
            [
              0.7519556714471969,
              0.41597510373443985
            ],
            [
              0.7516297262059974,
              0.41545643153526973
            ],
            [
              0.7513037809647979,
              0.4149377593360996
            ],
            [
              0.7509778357235984,
              0.4144190871369295
            ],
            [
              0.750651890482399,
              0.4139004149377593
            ],
            [
              0.750651890482399,
              0.41286307053941906
            ],
            [
              0.750651890482399,
              0.4118257261410788
            ],
            [
              0.7503259452411994,
              0.4113070539419087
            ],
            [
              0.75,
              0.4107883817427386
            ],
            [
              0.75,
              0.40975103734439833
            ],
            [
              0.75,
              0.4087136929460581
            ],
            [
              0.7496740547588006,
              0.40819502074688796
            ],
            [
              0.749348109517601,
              0.40767634854771784
            ],
            [
              0.749348109517601,
              0.4066390041493776
            ],
            [
              0.749348109517601,
              0.40560165975103735
            ],
            [
              0.7490221642764016,
              0.4050829875518672
            ],
            [
              0.7486962190352021,
              0.4045643153526971
            ],
            [
              0.7486962190352021,
              0.40352697095435686
            ],
            [
              0.7483702737940026,
              0.40300829875518673
            ],
            [
              0.7480443285528031,
              0.4024896265560166
            ],
            [
              0.7477183833116037,
              0.4019709543568465
            ],
            [
              0.7473924380704041,
              0.40145228215767637
            ],
            [
              0.7473924380704041,
              0.4004149377593361
            ],
            [
              0.7470664928292047,
              0.399896265560166
            ],
            [
              0.7467405475880052,
              0.3993775933609959
            ],
            [
              0.7464146023468058,
              0.39885892116182575
            ],
            [
              0.7460886571056062,
              0.3983402489626556
            ],
            [
              0.7460886571056062,
              0.39730290456431533
            ],
            [
              0.7457627118644068,
              0.3967842323651452
            ],
            [
              0.7454367666232073,
              0.3962655601659751
            ],
            [
              0.7451108213820078,
              0.39574688796680496
            ],
            [
              0.7447848761408083,
              0.39522821576763484
            ],
            [
              0.7447848761408083,
              0.3941908713692946
            ],
            [
              0.7444589308996089,
              0.39367219917012447
            ],
            [
              0.7441329856584094,
              0.39315352697095435
            ],
            [
              0.7438070404172099,
              0.3926348547717842
            ],
            [
              0.7434810951760105,
              0.3921161825726141
            ],
            [
              0.7431551499348109,
              0.391597510373444
            ],
            [
              0.7428292046936115,
              0.39107883817427386
            ],
            [
              0.742503259452412,
              0.39056016597510373
            ],
            [
              0.7421773142112125,
              0.3900414937759336
            ],
            [
              0.741851368970013,
              0.3895228215767635
            ],
            [
              0.7415254237288136,
              0.38900414937759337
            ],
            [
              0.741199478487614,
              0.38848547717842324
            ],
            [
              0.7408735332464146,
              0.3879668049792531
            ],
            [
              0.7408735332464146,
              0.3869294605809129
            ],
            [
              0.7408735332464146,
              0.38589211618257263
            ],
            [
              0.741199478487614,
              0.3853734439834025
            ],
            [
              0.7415254237288136,
              0.3848547717842324
            ],
            [
              0.741851368970013,
              0.38433609958506226
            ],
            [
              0.742503259452412,
              0.38433609958506226
            ],
            [
              0.7431551499348109,
              0.38433609958506226
            ],
            [
              0.7438070404172099,
              0.38433609958506226
            ],
            [
              0.7444589308996089,
              0.38433609958506226
            ],
            [
              0.7451108213820078,
              0.38433609958506226
            ],
            [
              0.7457627118644068,
              0.38433609958506226
            ],
            [
              0.7464146023468058,
              0.38433609958506226
            ],
            [
              0.7470664928292047,
              0.38433609958506226
            ],
            [
              0.7473924380704041,
              0.3848547717842324
            ],
            [
              0.7477183833116037,
              0.3853734439834025
            ],
            [
              0.7483702737940026,
              0.3853734439834025
            ],
            [
              0.7490221642764016,
              0.3853734439834025
            ],
            [
              0.7496740547588006,
              0.3853734439834025
            ],
            [
              0.75,
              0.38589211618257263
            ],
            [
              0.7503259452411994,
              0.38641078838174275
            ],
            [
              0.7509778357235984,
              0.38641078838174275
            ],
            [
              0.7513037809647979,
              0.3869294605809129
            ],
            [
              0.7516297262059974,
              0.387448132780083
            ],
            [
              0.7522816166883963,
              0.387448132780083
            ],
            [
              0.7526075619295959,
              0.3879668049792531
            ],
            [
              0.7529335071707953,
              0.38848547717842324
            ],
            [
              0.7532594524119948,
              0.38900414937759337
            ],
            [
              0.7532594524119948,
              0.3900414937759336
            ],
            [
              0.7535853976531942,
              0.39056016597510373
            ],
            [
              0.7539113428943938,
              0.39107883817427386
            ],
            [
              0.7539113428943938,
              0.3921161825726141
            ],
            [
              0.7542372881355932,
              0.3926348547717842
            ],
            [
              0.7545632333767927,
              0.39315352697095435
            ],
            [
              0.7545632333767927,
              0.3941908713692946
            ],
            [
              0.7548891786179922,
              0.3947095435684647
            ],
            [
              0.7552151238591917,
              0.39522821576763484
            ],
            [
              0.7555410691003911,
              0.39574688796680496
            ],
            [
              0.7558670143415906,
              0.3962655601659751
            ],
            [
              0.7561929595827901,
              0.3967842323651452
            ],
            [
              0.7565189048239895,
              0.39730290456431533
            ],
            [
              0.7565189048239895,
              0.3983402489626556
            ],
            [
              0.7568448500651891,
              0.39885892116182575
            ],
            [
              0.7571707953063885,
              0.3993775933609959
            ],
            [
              0.7571707953063885,
              0.4004149377593361
            ],
            [
              0.757496740547588,
              0.40093360995850624
            ],
            [
              0.7578226857887875,
              0.40145228215767637
            ],
            [
              0.758148631029987,
              0.4019709543568465
            ],
            [
              0.7584745762711864,
              0.4024896265560166
            ],
            [
              0.7584745762711864,
              0.40352697095435686
            ],
            [
              0.758800521512386,
              0.404045643153527
            ],
            [
              0.7591264667535854,
              0.4045643153526971
            ],
            [
              0.7594524119947849,
              0.4050829875518672
            ],
            [
              0.7597783572359843,
              0.40560165975103735
            ],
            [
              0.7597783572359843,
              0.4066390041493776
            ],
            [
              0.7601043024771839,
              0.4071576763485477
            ],
            [
              0.7604302477183833,
              0.40767634854771784
            ],
            [
              0.7604302477183833,
              0.4087136929460581
            ],
            [
              0.7607561929595827,
              0.4092323651452282
            ],
            [
              0.7610821382007823,
              0.40975103734439833
            ],
            [
              0.7614080834419817,
              0.41026970954356845
            ],
            [
              0.7617340286831812,
              0.4107883817427386
            ],
            [
              0.7620599739243807,
              0.4113070539419087
            ],
            [
              0.7623859191655802,
              0.4118257261410788
            ],
            [
              0.7627118644067796,
              0.41234439834024894
            ],
            [
              0.7630378096479792,
              0.41286307053941906
            ],
            [
              0.7630378096479792,
              0.4139004149377593
            ],
            [
              0.7633637548891786,
              0.4144190871369295
            ],
            [
              0.7636897001303781,
              0.4149377593360996
            ],
            [
              0.7636897001303781,
              0.41597510373443985
            ],
            [
              0.7636897001303781,
              0.4170124481327801
            ],
            [
              0.7636897001303781,
              0.41804979253112035
            ],
            [
              0.7633637548891786,
              0.41856846473029047
            ],
            [
              0.7627118644067796,
              0.41856846473029047
            ],
            [
              0.7620599739243807,
              0.41856846473029047
            ],
            [
              0.7614080834419817,
              0.41856846473029047
            ],
            [
              0.7607561929595827,
              0.41856846473029047
            ],
            [
              0.7601043024771839,
              0.41856846473029047
            ],
            [
              0.7594524119947849,
              0.41856846473029047
            ],
            [
              0.758800521512386,
              0.41856846473029047
            ],
            [
              0.758148631029987,
              0.41856846473029047
            ],
            [
              0.757496740547588,
              0.41856846473029047
            ],
            [
              0.7571707953063885,
              0.4190871369294606
            ],
            [
              0.7568448500651891,
              0.4196058091286307
            ],
            [
              0.7568448500651891,
              0.4196058091286307
            ]
          ]
        ]
      },
      "properties": {
        "segment_id": 9,
        "area": 541,
        "bbox": [
          1137.0,
          371.0,
          34.0,
          33.0
        ],
        "iou": 0.9125849008560181,
        "stability": 0.9676259160041809,
        "auto_generated": true,
        "model": "segment_anything"
      }
    },
    {
      "type": "Feature",
      "geometry": {
        "type": "Polygon",
        "coordinates": [
          [
            [
              0.999348109517601,
              0.9974066390041494
            ],
            [
              0.9983702737940026,
              0.9979253112033195
            ],
            [
              0.9973924380704041,
              0.9984439834024896
            ],
            [
              0.9960886571056062,
              0.9984439834024896
            ],
            [
              0.9947848761408083,
              0.9984439834024896
            ],
            [
              0.9934810951760105,
              0.9984439834024896
            ],
            [
              0.9921773142112125,
              0.9984439834024896
            ],
            [
              0.9908735332464146,
              0.9984439834024896
            ],
            [
              0.9895697522816167,
              0.9984439834024896
            ],
            [
              0.9882659713168188,
              0.9984439834024896
            ],
            [
              0.9869621903520208,
              0.9984439834024896
            ],
            [
              0.9856584093872229,
              0.9984439834024896
            ],
            [
              0.984354628422425,
              0.9984439834024896
            ],
            [
              0.9830508474576272,
              0.9984439834024896
            ],
            [
              0.9817470664928292,
              0.9984439834024896
            ],
            [
              0.9804432855280313,
              0.9984439834024896
            ],
            [
              0.9791395045632334,
              0.9984439834024896
            ],
            [
              0.9784876140808344,
              0.9974066390041494
            ],
            [
              0.977509778357236,
              0.9968879668049793
            ],
            [
              0.9768578878748371,
              0.995850622406639
            ],
            [
              0.9762059973924381,
              0.9948132780082988
            ],
            [
              0.9755541069100391,
              0.9937759336099585
            ],
            [
              0.9749022164276402,
              0.9927385892116183
            ],
            [
              0.9742503259452412,
              0.991701244813278
            ],
            [
              0.9735984354628422,
              0.9906639004149378
            ],
            [
              0.9729465449804433,
              0.9896265560165975
            ],
            [
              0.9726205997392438,
              0.9880705394190872
            ],
            [
              0.9716427640156454,
              0.9875518672199171
            ],
            [
              0.9709908735332464,
              0.9865145228215768
            ],
            [
              0.970664928292047,
              0.9849585062240664
            ],
            [
              0.970013037809648,
              0.9839211618257261
            ],
            [
              0.969361147327249,
              0.9828838174273858
            ],
            [
              0.9690352020860495,
              0.9813278008298755
            ],
            [
              0.9683833116036505,
              0.9802904564315352
            ],
            [
              0.9677314211212517,
              0.979253112033195
            ],
            [
              0.9677314211212517,
              0.9771784232365145
            ],
            [
              0.9670795306388527,
              0.9761410788381742
            ],
            [
              0.9667535853976532,
              0.9745850622406639
            ],
            [
              0.9661016949152542,
              0.9735477178423236
            ],
            [
              0.9657757496740548,
              0.9719917012448133
            ],
            [
              0.9651238591916558,
              0.970954356846473
            ],
            [
              0.9644719687092569,
              0.9699170124481328
            ],
            [
              0.9641460234680573,
              0.9683609958506224
            ],
            [
              0.9638200782268579,
              0.966804979253112
            ],
            [
              0.9631681877444589,
              0.9657676348547718
            ],
            [
              0.9631681877444589,
              0.9636929460580913
            ],
            [
              0.9628422425032594,
              0.9621369294605809
            ],
            [
              0.96251629726206,
              0.9605809128630706
            ],
            [
              0.96251629726206,
              0.9585062240663901
            ],
            [
              0.96251629726206,
              0.9564315352697096
            ],
            [
              0.96251629726206,
              0.9543568464730291
            ],
            [
              0.9631681877444589,
              0.9533195020746889
            ],
            [
              0.9641460234680573,
              0.9528008298755186
            ],
            [
              0.9647979139504563,
              0.9517634854771784
            ],
            [
              0.9657757496740548,
              0.9512448132780082
            ],
            [
              0.9664276401564538,
              0.950207468879668
            ],
            [
              0.9670795306388527,
              0.9491701244813278
            ],
            [
              0.9677314211212517,
              0.9481327800829875
            ],
            [
              0.9687092568448501,
              0.9476141078838174
            ],
            [
              0.970013037809648,
              0.9476141078838174
            ],
            [
              0.970664928292047,
              0.9486514522821576
            ],
            [
              0.9719687092568449,
              0.9486514522821576
            ],
            [
              0.9729465449804433,
              0.9491701244813278
            ],
            [
              0.9739243807040417,
              0.9496887966804979
            ],
            [
              0.9749022164276402,
              0.950207468879668
            ],
            [
              0.9758800521512386,
              0.9507261410788381
            ],
            [
              0.9765319426336375,
              0.9517634854771784
            ],
            [
              0.977509778357236,
              0.9522821576763485
            ],
            [
              0.9784876140808344,
              0.9528008298755186
            ],
            [
              0.9791395045632334,
              0.953838174273859
            ],
            [
              0.9801173402868318,
              0.9543568464730291
            ],
            [
              0.9810951760104303,
              0.9548755186721992
            ],
            [
              0.9817470664928292,
              0.9559128630705395
            ],
            [
              0.9830508474576272,
              0.9559128630705395
            ],
            [
              0.983702737940026,
              0.9569502074688797
            ],
            [
              0.9846805736636245,
              0.9574688796680498
            ],
            [
              0.9856584093872229,
              0.95798755186722
            ],
            [
              0.9863102998696219,
              0.9590248962655602
            ],
            [
              0.9869621903520208,
              0.9600622406639004
            ],
            [
              0.9879400260756193,
              0.9605809128630706
            ],
            [
              0.9885919165580183,
              0.9616182572614108
            ],
            [
              0.9892438070404173,
              0.9626556016597511
            ],
            [
              0.9902216427640157,
              0.9631742738589212
            ],
            [
              0.9908735332464146,
              0.9642116182572614
            ],
            [
              0.9915254237288136,
              0.9652489626556017
            ],
            [
              0.9921773142112125,
              0.9662863070539419
            ],
            [
              0.992503259452412,
              0.9678423236514523
            ],
            [
              0.9931551499348109,
              0.9688796680497925
            ],
            [
              0.9934810951760105,
              0.9704356846473029
            ],
            [
              0.9938070404172099,
              0.9719917012448133
            ],
            [
              0.9944589308996089,
              0.9730290456431535
            ],
            [
              0.9951108213820078,
              0.9740663900414938
            ],
            [
              0.9954367666232073,
              0.9756224066390041
            ],
            [
              0.9957627118644068,
              0.9771784232365145
            ],
            [
              0.9964146023468058,
              0.9782157676348547
            ],
            [
              0.9964146023468058,
              0.9802904564315352
            ],
            [
              0.9970664928292047,
              0.9813278008298755
            ],
            [
              0.9970664928292047,
              0.983402489626556
            ],
            [
              0.9977183833116037,
              0.9844398340248963
            ],
            [
              0.9977183833116037,
              0.9865145228215768
            ],
            [
              0.9977183833116037,
              0.9885892116182573
            ],
            [
              0.9980443285528031,
              0.9901452282157677
            ],
            [
              0.9983702737940026,
              0.991701244813278
            ],
            [
              0.999348109517601,
              0.9922199170124482
            ],
            [
              0.999348109517601,
              0.9974066390041494
            ]
          ]
        ]
      },
      "properties": {
        "segment_id": 10,
        "area": 1794,
        "bbox": [
          1477.0,
          914.0,
          56.0,
          48.0
        ],
        "iou": 0.8958703279495239,
        "stability": 0.9459459185600281,
        "auto_generated": true,
        "model": "segment_anything"
      }
    },
    {
      "type": "Feature",
      "geometry": {
        "type": "Polygon",
        "coordinates": [
          [
            [
              0.8794002607561929,
              0.7857883817427386
            ],
            [
              0.878748370273794,
              0.7857883817427386
            ],
            [
              0.878096479791395,
              0.7857883817427386
            ],
            [
              0.877444589308996,
              0.7857883817427386
            ],
            [
              0.8771186440677966,
              0.7852697095435685
            ],
            [
              0.8767926988265972,
              0.7847510373443983
            ],
            [
              0.8761408083441982,
              0.7847510373443983
            ],
            [
              0.8754889178617992,
              0.7847510373443983
            ],
            [
              0.8751629726205997,
              0.7842323651452282
            ],
            [
              0.8748370273794003,
              0.7837136929460581
            ],
            [
              0.8741851368970013,
              0.7837136929460581
            ],
            [
              0.8735332464146024,
              0.7837136929460581
            ],
            [
              0.8728813559322034,
              0.7837136929460581
            ],
            [
              0.872555410691004,
              0.783195020746888
            ],
            [
              0.8722294654498044,
              0.7826763485477178
            ],
            [
              0.8715775749674055,
              0.7826763485477178
            ],
            [
              0.871251629726206,
              0.7821576763485477
            ],
            [
              0.8709256844850065,
              0.7816390041493776
            ],
            [
              0.8702737940026075,
              0.7816390041493776
            ],
            [
              0.8696219035202086,
              0.7816390041493776
            ],
            [
              0.8689700130378096,
              0.7816390041493776
            ],
            [
              0.8683181225554107,
              0.7816390041493776
            ],
            [
              0.8679921773142112,
              0.7811203319502075
            ],
            [
              0.8676662320730117,
              0.7806016597510373
            ],
            [
              0.8670143415906127,
              0.7806016597510373
            ],
            [
              0.8666883963494133,
              0.7800829875518672
            ],
            [
              0.8663624511082139,
              0.7795643153526971
            ],
            [
              0.8660365058670143,
              0.779045643153527
            ],
            [
              0.8657105606258149,
              0.7785269709543569
            ],
            [
              0.8653846153846154,
              0.7780082987551867
            ],
            [
              0.8650586701434159,
              0.7774896265560166
            ],
            [
              0.8647327249022164,
              0.7769709543568465
            ],
            [
              0.864406779661017,
              0.7764522821576764
            ],
            [
              0.8640808344198174,
              0.7759336099585062
            ],
            [
              0.863754889178618,
              0.7754149377593361
            ],
            [
              0.8634289439374185,
              0.774896265560166
            ],
            [
              0.863102998696219,
              0.7743775933609959
            ],
            [
              0.8624511082138201,
              0.7743775933609959
            ],
            [
              0.8621251629726207,
              0.7738589211618258
            ],
            [
              0.8617992177314211,
              0.7733402489626556
            ],
            [
              0.8611473272490222,
              0.7733402489626556
            ],
            [
              0.8608213820078227,
              0.7728215767634855
            ],
            [
              0.8604954367666232,
              0.7723029045643154
            ],
            [
              0.8601694915254238,
              0.7717842323651453
            ],
            [
              0.8601694915254238,
              0.770746887966805
            ],
            [
              0.8601694915254238,
              0.7697095435684648
            ],
            [
              0.8601694915254238,
              0.7686721991701245
            ],
            [
              0.8604954367666232,
              0.7681535269709544
            ],
            [
              0.8608213820078227,
              0.7676348547717843
            ],
            [
              0.8611473272490222,
              0.7671161825726142
            ],
            [
              0.8617992177314211,
              0.7671161825726142
            ],
            [
              0.8624511082138201,
              0.7671161825726142
            ],
            [
              0.863102998696219,
              0.7671161825726142
            ],
            [
              0.8634289439374185,
              0.7676348547717843
            ],
            [
              0.863754889178618,
              0.7681535269709544
            ],
            [
              0.864406779661017,
              0.7681535269709544
            ],
            [
              0.8647327249022164,
              0.7686721991701245
            ],
            [
              0.8650586701434159,
              0.7691908713692946
            ],
            [
              0.8657105606258149,
              0.7691908713692946
            ],
            [
              0.8663624511082139,
              0.7691908713692946
            ],
            [
              0.8670143415906127,
              0.7691908713692946
            ],
            [
              0.8676662320730117,
              0.7691908713692946
            ],
            [
              0.8683181225554107,
              0.7691908713692946
            ],
            [
              0.8689700130378096,
              0.7691908713692946
            ],
            [
              0.8696219035202086,
              0.7691908713692946
            ],
            [
              0.8702737940026075,
              0.7691908713692946
            ],
            [
              0.8709256844850065,
              0.7691908713692946
            ],
            [
              0.8715775749674055,
              0.7691908713692946
            ],
            [
              0.871903520208605,
              0.7697095435684648
            ],
            [
              0.8722294654498044,
              0.7702282157676349
            ],
            [
              0.8728813559322034,
              0.7702282157676349
            ],
            [
              0.8735332464146024,
              0.7702282157676349
            ],
            [
              0.8738591916558018,
              0.770746887966805
            ],
            [
              0.8741851368970013,
              0.7712655601659751
            ],
            [
              0.8748370273794003,
              0.7712655601659751
            ],
            [
              0.8754889178617992,
              0.7712655601659751
            ],
            [
              0.8761408083441982,
              0.7712655601659751
            ],
            [
              0.8767926988265972,
              0.7712655601659751
            ],
            [
              0.877444589308996,
              0.7712655601659751
            ],
            [
              0.8777705345501956,
              0.7717842323651453
            ],
            [
              0.878096479791395,
              0.7723029045643154
            ],
            [
              0.878748370273794,
              0.7723029045643154
            ],
            [
              0.8790743155149935,
              0.7728215767634855
            ],
            [
              0.8794002607561929,
              0.7733402489626556
            ],
            [
              0.8800521512385919,
              0.7733402489626556
            ],
            [
              0.8803780964797914,
              0.7738589211618258
            ],
            [
              0.8807040417209909,
              0.7743775933609959
            ],
            [
              0.8813559322033898,
              0.7743775933609959
            ],
            [
              0.8816818774445893,
              0.774896265560166
            ],
            [
              0.8820078226857888,
              0.7754149377593361
            ],
            [
              0.8823337679269883,
              0.7759336099585062
            ],
            [
              0.8823337679269883,
              0.7769709543568465
            ],
            [
              0.8826597131681877,
              0.7774896265560166
            ],
            [
              0.8829856584093873,
              0.7780082987551867
            ],
            [
              0.8829856584093873,
              0.779045643153527
            ],
            [
              0.8833116036505867,
              0.7795643153526971
            ],
            [
              0.8836375488917861,
              0.7800829875518672
            ],
            [
              0.8833116036505867,
              0.7806016597510373
            ],
            [
              0.8829856584093873,
              0.7811203319502075
            ],
            [
              0.8826597131681877,
              0.7816390041493776
            ],
            [
              0.8823337679269883,
              0.7821576763485477
            ],
            [
              0.8820078226857888,
              0.7826763485477178
            ],
            [
              0.8813559322033898,
              0.7826763485477178
            ],
            [
              0.8810299869621904,
              0.783195020746888
            ],
            [
              0.8807040417209909,
              0.7837136929460581
            ],
            [
              0.8803780964797914,
              0.7842323651452282
            ],
            [
              0.8800521512385919,
              0.7847510373443983
            ],
            [
              0.8797262059973925,
              0.7852697095435685
            ],
            [
              0.8794002607561929,
              0.7857883817427386
            ],
            [
              0.8794002607561929,
              0.7857883817427386
            ]
          ]
        ]
      },
      "properties": {
        "segment_id": 11,
        "area": 360,
        "bbox": [
          1320.0,
          740.0,
          35.0,
          17.0
        ],
        "iou": 0.8895153999328613,
        "stability": 0.9646739363670349,
        "auto_generated": true,
        "model": "segment_anything"
      }
    },
    {
      "type": "Feature",
      "geometry": {
        "type": "Polygon",
        "coordinates": [
          [
            [
              0.8005215123859192,
              0.5637966804979253
            ],
            [
              0.7985658409387223,
              0.5637966804979253
            ],
            [
              0.7966101694915254,
              0.5637966804979253
            ],
            [
              0.7946544980443285,
              0.5637966804979253
            ],
            [
              0.7933507170795306,
              0.5627593360995851
            ],
            [
              0.7913950456323338,
              0.5627593360995851
            ],
            [
              0.7897653194263363,
              0.5622406639004149
            ],
            [
              0.788135593220339,
              0.5617219917012448
            ],
            [
              0.7861799217731421,
              0.5617219917012448
            ],
            [
              0.7848761408083442,
              0.5606846473029046
            ],
            [
              0.7829204693611473,
              0.5606846473029046
            ],
            [
              0.7816166883963495,
              0.5596473029045643
            ],
            [
              0.7796610169491526,
              0.5596473029045643
            ],
            [
              0.7783572359843546,
              0.5586099585062241
            ],
            [
              0.7773794002607562,
              0.5570539419087137
            ],
            [
              0.7767275097783573,
              0.5549792531120332
            ],
            [
              0.7767275097783573,
              0.5518672199170125
            ],
            [
              0.7767275097783573,
              0.5487551867219918
            ],
            [
              0.7760756192959583,
              0.5466804979253111
            ],
            [
              0.7760756192959583,
              0.5435684647302904
            ],
            [
              0.7760756192959583,
              0.5404564315352697
            ],
            [
              0.7760756192959583,
              0.5373443983402489
            ],
            [
              0.7760756192959583,
              0.5342323651452282
            ],
            [
              0.7754237288135594,
              0.5321576763485477
            ],
            [
              0.7750977835723598,
              0.5295643153526971
            ],
            [
              0.7747718383311604,
              0.5269709543568465
            ],
            [
              0.7747718383311604,
              0.5238589211618258
            ],
            [
              0.7741199478487614,
              0.5217842323651453
            ],
            [
              0.7741199478487614,
              0.5186721991701245
            ],
            [
              0.7741199478487614,
              0.5155601659751037
            ],
            [
              0.7734680573663625,
              0.5134854771784232
            ],
            [
              0.7734680573663625,
              0.5103734439834025
            ],
            [
              0.7734680573663625,
              0.5072614107883817
            ],
            [
              0.7734680573663625,
              0.504149377593361
            ],
            [
              0.7734680573663625,
              0.5010373443983402
            ],
            [
              0.7728161668839635,
              0.49896265560165975
            ],
            [
              0.7728161668839635,
              0.495850622406639
            ],
            [
              0.7728161668839635,
              0.4927385892116183
            ],
            [
              0.7728161668839635,
              0.4896265560165975
            ],
            [
              0.7721642764015645,
              0.487551867219917
            ],
            [
              0.7721642764015645,
              0.48443983402489627
            ],
            [
              0.7721642764015645,
              0.48132780082987553
            ],
            [
              0.7715123859191656,
              0.47925311203319504
            ],
            [
              0.7715123859191656,
              0.47614107883817425
            ],
            [
              0.7715123859191656,
              0.4730290456431535
            ],
            [
              0.7708604954367666,
              0.470954356846473
            ],
            [
              0.7708604954367666,
              0.4678423236514523
            ],
            [
              0.7705345501955672,
              0.46524896265560167
            ],
            [
              0.7702086049543677,
              0.46265560165975106
            ],
            [
              0.7695567144719687,
              0.4605809128630705
            ],
            [
              0.7692307692307693,
              0.4579875518672199
            ],
            [
              0.7682529335071708,
              0.45643153526970953
            ],
            [
              0.7676010430247718,
              0.45435684647302904
            ],
            [
              0.7672750977835724,
              0.45176348547717843
            ],
            [
              0.7669491525423728,
              0.4491701244813278
            ],
            [
              0.766297262059974,
              0.4470954356846473
            ],
            [
              0.765645371577575,
              0.4450207468879668
            ],
            [
              0.7649934810951761,
              0.4429460580912863
            ],
            [
              0.7640156453715776,
              0.4413900414937759
            ],
            [
              0.7636897001303781,
              0.4387966804979253
            ],
            [
              0.7630378096479792,
              0.4367219917012448
            ],
            [
              0.7623859191655802,
              0.4346473029045643
            ],
            [
              0.7614080834419817,
              0.43309128630705396
            ],
            [
              0.7610821382007823,
              0.43049792531120334
            ],
            [
              0.7614080834419817,
              0.4279045643153527
            ],
            [
              0.7633637548891786,
              0.4279045643153527
            ],
            [
              0.7646675358539765,
              0.42686721991701243
            ],
            [
              0.766297262059974,
              0.42738589211618255
            ],
            [
              0.7679269882659713,
              0.4279045643153527
            ],
            [
              0.7698826597131682,
              0.4279045643153527
            ],
            [
              0.7715123859191656,
              0.4284232365145228
            ],
            [
              0.772490221642764,
              0.4299792531120332
            ],
            [
              0.7731421121251629,
              0.4320539419087137
            ],
            [
              0.7741199478487614,
              0.4336099585062241
            ],
            [
              0.7750977835723598,
              0.43516597510373445
            ],
            [
              0.7760756192959583,
              0.4367219917012448
            ],
            [
              0.7770534550195567,
              0.4382780082987552
            ],
            [
              0.7780312907431551,
              0.43983402489626555
            ],
            [
              0.7790091264667536,
              0.4413900414937759
            ],
            [
              0.7796610169491526,
              0.4434647302904564
            ],
            [
              0.780638852672751,
              0.4450207468879668
            ],
            [
              0.7809647979139505,
              0.44761410788381745
            ],
            [
              0.7819426336375489,
              0.4491701244813278
            ],
            [
              0.7832464146023468,
              0.45020746887966806
            ],
            [
              0.7838983050847458,
              0.45228215767634855
            ],
            [
              0.7848761408083442,
              0.4538381742738589
            ],
            [
              0.7858539765319427,
              0.4553941908713693
            ],
            [
              0.7865058670143416,
              0.4574688796680498
            ],
            [
              0.7868318122555411,
              0.4600622406639004
            ],
            [
              0.7871577574967406,
              0.46265560165975106
            ],
            [
              0.7878096479791395,
              0.46473029045643155
            ],
            [
              0.7884615384615384,
              0.46680497925311204
            ],
            [
              0.7894393741851369,
              0.4683609958506224
            ],
            [
              0.7904172099087353,
              0.4699170124481328
            ],
            [
              0.7913950456323338,
              0.47147302904564314
            ],
            [
              0.7923728813559322,
              0.4730290456431535
            ],
            [
              0.7933507170795306,
              0.4745850622406639
            ],
            [
              0.7946544980443285,
              0.4756224066390041
            ],
            [
              0.795632333767927,
              0.47717842323651455
            ],
            [
              0.796284224250326,
              0.47925311203319504
            ],
            [
              0.795632333767927,
              0.48132780082987553
            ],
            [
              0.7943285528031291,
              0.4823651452282158
            ],
            [
              0.7936766623207301,
              0.48443983402489627
            ],
            [
              0.7936766623207301,
              0.487551867219917
            ],
            [
              0.7936766623207301,
              0.49066390041493774
            ],
            [
              0.7936766623207301,
              0.49377593360995853
            ],
            [
              0.7943285528031291,
              0.495850622406639
            ],
            [
              0.7946544980443285,
              0.49844398340248963
            ],
            [
              0.7953063885267275,
              0.5005186721991701
            ],
            [
              0.795632333767927,
              0.5031120331950207
            ],
            [
              0.796284224250326,
              0.5051867219917012
            ],
            [
              0.796284224250326,
              0.508298755186722
            ],
            [
              0.7969361147327249,
              0.5103734439834025
            ],
            [
              0.7969361147327249,
              0.5134854771784232
            ],
            [
              0.7972620599739244,
              0.5160788381742739
            ],
            [
              0.7979139504563233,
              0.5181535269709544
            ],
            [
              0.7985658409387223,
              0.5202282157676349
            ],
            [
              0.7988917861799217,
              0.5228215767634855
            ],
            [
              0.7988917861799217,
              0.5259336099585062
            ],
            [
              0.7988917861799217,
              0.529045643153527
            ],
            [
              0.7988917861799217,
              0.5321576763485477
            ],
            [
              0.7988917861799217,
              0.5352697095435685
            ],
            [
              0.7995436766623207,
              0.5373443983402489
            ],
            [
              0.7998696219035202,
              0.5399377593360996
            ],
            [
              0.8001955671447197,
              0.5425311203319502
            ],
            [
              0.8001955671447197,
              0.5456431535269709
            ],
            [
              0.8008474576271186,
              0.5477178423236515
            ],
            [
              0.8011734028683182,
              0.5503112033195021
            ],
            [
              0.8014993481095176,
              0.5529045643153527
            ],
            [
              0.8014993481095176,
              0.5560165975103735
            ],
            [
              0.8014993481095176,
              0.5591286307053942
            ],
            [
              0.8014993481095176,
              0.5622406639004149
            ],
            [
              0.8005215123859192,
              0.5637966804979253
            ]
          ]
        ]
      },
      "properties": {
        "segment_id": 12,
        "area": 4109,
        "bbox": [
          1168.0,
          412.0,
          61.0,
          131.0
        ],
        "iou": 0.8885356187820435,
        "stability": 0.9489189982414246,
        "auto_generated": true,
        "model": "segment_anything"
      }
    },
    {
      "type": "Feature",
      "geometry": {
        "type": "Polygon",
        "coordinates": [
          [
            [
              0.999348109517601,
              0.8013485477178424
            ],
            [
              0.9973924380704041,
              0.8013485477178424
            ],
            [
              0.9957627118644068,
              0.8008298755186722
            ],
            [
              0.9941329856584094,
              0.8003112033195021
            ],
            [
              0.9928292046936115,
              0.7992738589211619
            ],
            [
              0.9908735332464146,
              0.7992738589211619
            ],
            [
              0.9895697522816167,
              0.7982365145228216
            ],
            [
              0.9876140808344198,
              0.7982365145228216
            ],
            [
              0.9863102998696219,
              0.7971991701244814
            ],
            [
              0.9850065189048239,
              0.7982365145228216
            ],
            [
              0.9833767926988266,
              0.7987551867219918
            ],
            [
              0.9817470664928292,
              0.7992738589211619
            ],
            [
              0.9804432855280313,
              0.8003112033195021
            ],
            [
              0.9791395045632334,
              0.8013485477178424
            ],
            [
              0.9771838331160365,
              0.8013485477178424
            ],
            [
              0.9755541069100391,
              0.8018672199170125
            ],
            [
              0.9739243807040417,
              0.8023858921161826
            ],
            [
              0.9719687092568449,
              0.8023858921161826
            ],
            [
              0.970013037809648,
              0.8023858921161826
            ],
            [
              0.9687092568448501,
              0.8013485477178424
            ],
            [
              0.9667535853976532,
              0.8013485477178424
            ],
            [
              0.9654498044328553,
              0.8023858921161826
            ],
            [
              0.9634941329856584,
              0.8023858921161826
            ],
            [
              0.9615384615384616,
              0.8023858921161826
            ],
            [
              0.9602346805736637,
              0.8034232365145229
            ],
            [
              0.9582790091264668,
              0.8034232365145229
            ],
            [
              0.9563233376792699,
              0.8034232365145229
            ],
            [
              0.954367666232073,
              0.8034232365145229
            ],
            [
              0.9524119947848761,
              0.8034232365145229
            ],
            [
              0.9507822685788787,
              0.803941908713693
            ],
            [
              0.9491525423728814,
              0.8044605809128631
            ],
            [
              0.9475228161668839,
              0.8049792531120332
            ],
            [
              0.9458930899608866,
              0.8054979253112033
            ],
            [
              0.9439374185136897,
              0.8054979253112033
            ],
            [
              0.9423076923076923,
              0.8060165975103735
            ],
            [
              0.940677966101695,
              0.8065352697095436
            ],
            [
              0.9387222946544981,
              0.8065352697095436
            ],
            [
              0.9374185136897001,
              0.8075726141078838
            ],
            [
              0.9354628422425033,
              0.8075726141078838
            ],
            [
              0.9341590612777053,
              0.8086099585062241
            ],
            [
              0.9322033898305084,
              0.8086099585062241
            ],
            [
              0.9302477183833116,
              0.8086099585062241
            ],
            [
              0.9289439374185137,
              0.8096473029045643
            ],
            [
              0.9276401564537158,
              0.8106846473029046
            ],
            [
              0.9256844850065189,
              0.8106846473029046
            ],
            [
              0.923728813559322,
              0.8106846473029046
            ],
            [
              0.9217731421121251,
              0.8106846473029046
            ],
            [
              0.9198174706649282,
              0.8106846473029046
            ],
            [
              0.9178617992177314,
              0.8106846473029046
            ],
            [
              0.9159061277705346,
              0.8106846473029046
            ],
            [
              0.9146023468057366,
              0.8096473029045643
            ],
            [
              0.9136245110821382,
              0.808091286307054
            ],
            [
              0.9126466753585397,
              0.8065352697095436
            ],
            [
              0.9116688396349413,
              0.8049792531120332
            ],
            [
              0.9103650586701434,
              0.803941908713693
            ],
            [
              0.909387222946545,
              0.8023858921161826
            ],
            [
              0.9090612777053455,
              0.799792531120332
            ],
            [
              0.9097131681877445,
              0.7977178423236515
            ],
            [
              0.9113428943937418,
              0.7971991701244814
            ],
            [
              0.9129726205997393,
              0.7966804979253111
            ],
            [
              0.9142764015645372,
              0.7956431535269709
            ],
            [
              0.915580182529335,
              0.7946058091286307
            ],
            [
              0.9172099087353325,
              0.7940871369294605
            ],
            [
              0.9188396349413298,
              0.7935684647302904
            ],
            [
              0.9201434159061278,
              0.7925311203319502
            ],
            [
              0.9217731421121251,
              0.79201244813278
            ],
            [
              0.9234028683181226,
              0.7914937759336099
            ],
            [
              0.9250325945241199,
              0.7909751037344398
            ],
            [
              0.9263363754889179,
              0.7899377593360996
            ],
            [
              0.9276401564537158,
              0.7889004149377593
            ],
            [
              0.9292698826597132,
              0.7883817427385892
            ],
            [
              0.9305736636245111,
              0.7873443983402489
            ],
            [
              0.931877444589309,
              0.7863070539419087
            ],
            [
              0.9331812255541069,
              0.7852697095435685
            ],
            [
              0.9341590612777053,
              0.7837136929460581
            ],
            [
              0.9354628422425033,
              0.7826763485477178
            ],
            [
              0.9367666232073012,
              0.7816390041493776
            ],
            [
              0.9380704041720991,
              0.7806016597510373
            ],
            [
              0.939374185136897,
              0.7795643153526971
            ],
            [
              0.940677966101695,
              0.7785269709543569
            ],
            [
              0.9416558018252934,
              0.7769709543568465
            ],
            [
              0.9426336375488917,
              0.7754149377593361
            ],
            [
              0.9436114732724902,
              0.7738589211618258
            ],
            [
              0.9445893089960886,
              0.7723029045643154
            ],
            [
              0.9455671447196871,
              0.770746887966805
            ],
            [
              0.9462190352020861,
              0.7686721991701245
            ],
            [
              0.946870925684485,
              0.766597510373444
            ],
            [
              0.9475228161668839,
              0.7645228215767634
            ],
            [
              0.9485006518904824,
              0.7629668049792531
            ],
            [
              0.9494784876140808,
              0.7614107883817427
            ],
            [
              0.9504563233376793,
              0.7598547717842323
            ],
            [
              0.9517601043024772,
              0.7588174273858921
            ],
            [
              0.9527379400260756,
              0.7572614107883817
            ],
            [
              0.9540417209908736,
              0.7562240663900415
            ],
            [
              0.9550195567144719,
              0.7546680497925311
            ],
            [
              0.9559973924380704,
              0.7531120331950207
            ],
            [
              0.9569752281616688,
              0.7515560165975104
            ],
            [
              0.9582790091264668,
              0.7505186721991701
            ],
            [
              0.9602346805736637,
              0.7505186721991701
            ],
            [
              0.9621903520208605,
              0.7505186721991701
            ],
            [
              0.9631681877444589,
              0.7510373443983402
            ],
            [
              0.9647979139504563,
              0.7505186721991701
            ],
            [
              0.9667535853976532,
              0.7505186721991701
            ],
            [
              0.9680573663624511,
              0.7515560165975104
            ],
            [
              0.9696870925684485,
              0.7520746887966805
            ],
            [
              0.9713168187744459,
              0.7525933609958506
            ],
            [
              0.9726205997392438,
              0.7536307053941909
            ],
            [
              0.9739243807040417,
              0.7546680497925311
            ],
            [
              0.9752281616688396,
              0.7557053941908713
            ],
            [
              0.9765319426336375,
              0.7567427385892116
            ],
            [
              0.9784876140808344,
              0.7567427385892116
            ],
            [
              0.9801173402868318,
              0.7562240663900415
            ],
            [
              0.9817470664928292,
              0.7557053941908713
            ],
            [
              0.9830508474576272,
              0.7546680497925311
            ],
            [
              0.9850065189048239,
              0.7546680497925311
            ],
            [
              0.9863102998696219,
              0.7557053941908713
            ],
            [
              0.9879400260756193,
              0.7562240663900415
            ],
            [
              0.9895697522816167,
              0.7567427385892116
            ],
            [
              0.991199478487614,
              0.7562240663900415
            ],
            [
              0.992503259452412,
              0.7551867219917012
            ],
            [
              0.9931551499348109,
              0.7531120331950207
            ],
            [
              0.9941329856584094,
              0.7515560165975104
            ],
            [
              0.9951108213820078,
              0.75
            ],
            [
              0.9957627118644068,
              0.7479253112033195
            ],
            [
              0.9970664928292047,
              0.7479253112033195
            ],
            [
              0.9980443285528031,
              0.7494813278008299
            ],
            [
              0.999348109517601,
              0.7505186721991701
            ],
            [
              0.999348109517601,
              0.8013485477178424
            ]
          ]
        ]
      },
      "properties": {
        "segment_id": 13,
        "area": 4883,
        "bbox": [
          1395.0,
          721.0,
          138.0,
          60.0
        ],
        "iou": 0.8844500780105591,
        "stability": 0.9340985417366028,
        "auto_generated": true,
        "model": "segment_anything"
      }
    },
    {
      "type": "Feature",
      "geometry": {
        "type": "Polygon",
        "coordinates": [
          [
            [
              0.8285528031290743,
              0.8241701244813278
            ],
            [
              0.8279009126466753,
              0.8241701244813278
            ],
            [
              0.8272490221642764,
              0.8241701244813278
            ],
            [
              0.8265971316818774,
              0.8241701244813278
            ],
            [
              0.8259452411994785,
              0.8241701244813278
            ],
            [
              0.8252933507170795,
              0.8241701244813278
            ],
            [
              0.8246414602346805,
              0.8241701244813278
            ],
            [
              0.8239895697522817,
              0.8241701244813278
            ],
            [
              0.8233376792698827,
              0.8241701244813278
            ],
            [
              0.8226857887874837,
              0.8241701244813278
            ],
            [
              0.8220338983050848,
              0.8241701244813278
            ],
            [
              0.8213820078226858,
              0.8241701244813278
            ],
            [
              0.8210560625814863,
              0.8236514522821576
            ],
            [
              0.8207301173402868,
              0.8231327800829875
            ],
            [
              0.8200782268578879,
              0.8231327800829875
            ],
            [
              0.8197522816166884,
              0.8226141078838174
            ],
            [
              0.8194263363754889,
              0.8220954356846473
            ],
            [
              0.8191003911342895,
              0.8215767634854771
            ],
            [
              0.81877444589309,
              0.821058091286307
            ],
            [
              0.8184485006518905,
              0.8205394190871369
            ],
            [
              0.8184485006518905,
              0.8195020746887967
            ],
            [
              0.8184485006518905,
              0.8184647302904564
            ],
            [
              0.818122555410691,
              0.8179460580912863
            ],
            [
              0.8177966101694916,
              0.8174273858921162
            ],
            [
              0.8177966101694916,
              0.8163900414937759
            ],
            [
              0.8177966101694916,
              0.8153526970954357
            ],
            [
              0.8177966101694916,
              0.8143153526970954
            ],
            [
              0.8177966101694916,
              0.8132780082987552
            ],
            [
              0.818122555410691,
              0.8127593360995851
            ],
            [
              0.8184485006518905,
              0.8122406639004149
            ],
            [
              0.8184485006518905,
              0.8112033195020747
            ],
            [
              0.81877444589309,
              0.8106846473029046
            ],
            [
              0.8194263363754889,
              0.8106846473029046
            ],
            [
              0.8200782268578879,
              0.8106846473029046
            ],
            [
              0.8204041720990873,
              0.8101659751037344
            ],
            [
              0.8207301173402868,
              0.8096473029045643
            ],
            [
              0.8213820078226858,
              0.8096473029045643
            ],
            [
              0.8220338983050848,
              0.8096473029045643
            ],
            [
              0.8226857887874837,
              0.8096473029045643
            ],
            [
              0.8233376792698827,
              0.8096473029045643
            ],
            [
              0.8239895697522817,
              0.8096473029045643
            ],
            [
              0.8243155149934811,
              0.8101659751037344
            ],
            [
              0.8246414602346805,
              0.8106846473029046
            ],
            [
              0.8252933507170795,
              0.8106846473029046
            ],
            [
              0.8259452411994785,
              0.8106846473029046
            ],
            [
              0.8265971316818774,
              0.8106846473029046
            ],
            [
              0.8269230769230769,
              0.8112033195020747
            ],
            [
              0.8272490221642764,
              0.8117219917012448
            ],
            [
              0.8279009126466753,
              0.8117219917012448
            ],
            [
              0.8285528031290743,
              0.8117219917012448
            ],
            [
              0.8288787483702738,
              0.8122406639004149
            ],
            [
              0.8292046936114733,
              0.8127593360995851
            ],
            [
              0.8295306388526728,
              0.8132780082987552
            ],
            [
              0.8295306388526728,
              0.8143153526970954
            ],
            [
              0.8295306388526728,
              0.8153526970954357
            ],
            [
              0.8298565840938722,
              0.8158713692946058
            ],
            [
              0.8301825293350718,
              0.8163900414937759
            ],
            [
              0.8301825293350718,
              0.8174273858921162
            ],
            [
              0.8301825293350718,
              0.8184647302904564
            ],
            [
              0.8301825293350718,
              0.8195020746887967
            ],
            [
              0.8301825293350718,
              0.8205394190871369
            ],
            [
              0.8301825293350718,
              0.8215767634854771
            ],
            [
              0.8298565840938722,
              0.8220954356846473
            ],
            [
              0.8295306388526728,
              0.8226141078838174
            ],
            [
              0.8292046936114733,
              0.8231327800829875
            ],
            [
              0.8288787483702738,
              0.8236514522821576
            ],
            [
              0.8285528031290743,
              0.8241701244813278
            ],
            [
              0.8285528031290743,
              0.8241701244813278
            ]
          ]
        ]
      },
      "properties": {
        "segment_id": 14,
        "area": 225,
        "bbox": [
          1255.0,
          781.0,
          18.0,
          13.0
        ],
        "iou": 0.8819066286087036,
        "stability": 0.9867841601371765,
        "auto_generated": true,
        "model": "segment_anything"
      }
    },
    {
      "type": "Feature",
      "geometry": {
        "type": "Polygon",
        "coordinates": [
          [
            [
              0.6805736636245111,
              0.6913900414937759
            ],
            [
              0.6799217731421121,
              0.6913900414937759
            ],
            [
              0.6792698826597132,
              0.6913900414937759
            ],
            [
              0.6786179921773142,
              0.6913900414937759
            ],
            [
              0.6779661016949152,
              0.6913900414937759
            ],
            [
              0.6773142112125163,
              0.6913900414937759
            ],
            [
              0.6766623207301173,
              0.6913900414937759
            ],
            [
              0.6760104302477183,
              0.6913900414937759
            ],
            [
              0.6753585397653195,
              0.6913900414937759
            ],
            [
              0.6750325945241199,
              0.6908713692946058
            ],
            [
              0.6747066492829205,
              0.6903526970954357
            ],
            [
              0.6740547588005215,
              0.6903526970954357
            ],
            [
              0.6734028683181226,
              0.6903526970954357
            ],
            [
              0.6727509778357236,
              0.6903526970954357
            ],
            [
              0.6724250325945241,
              0.6898340248962656
            ],
            [
              0.6720990873533247,
              0.6893153526970954
            ],
            [
              0.6714471968709257,
              0.6893153526970954
            ],
            [
              0.6707953063885267,
              0.6893153526970954
            ],
            [
              0.6701434159061278,
              0.6893153526970954
            ],
            [
              0.6694915254237288,
              0.6893153526970954
            ],
            [
              0.6691655801825294,
              0.6887966804979253
            ],
            [
              0.6691655801825294,
              0.6877593360995851
            ],
            [
              0.6691655801825294,
              0.6867219917012448
            ],
            [
              0.6688396349413298,
              0.6862033195020747
            ],
            [
              0.6685136897001304,
              0.6856846473029046
            ],
            [
              0.6685136897001304,
              0.6846473029045643
            ],
            [
              0.6685136897001304,
              0.6836099585062241
            ],
            [
              0.6685136897001304,
              0.6825726141078838
            ],
            [
              0.6685136897001304,
              0.6815352697095436
            ],
            [
              0.6681877444589309,
              0.6810165975103735
            ],
            [
              0.6678617992177314,
              0.6804979253112033
            ],
            [
              0.6678617992177314,
              0.6794605809128631
            ],
            [
              0.6675358539765319,
              0.678941908713693
            ],
            [
              0.6672099087353325,
              0.6784232365145229
            ],
            [
              0.6672099087353325,
              0.6773858921161826
            ],
            [
              0.6672099087353325,
              0.6763485477178424
            ],
            [
              0.6672099087353325,
              0.6753112033195021
            ],
            [
              0.6672099087353325,
              0.6742738589211619
            ],
            [
              0.6675358539765319,
              0.6737551867219918
            ],
            [
              0.6678617992177314,
              0.6732365145228216
            ],
            [
              0.6681877444589309,
              0.6727178423236515
            ],
            [
              0.6685136897001304,
              0.6721991701244814
            ],
            [
              0.6688396349413298,
              0.6716804979253111
            ],
            [
              0.6694915254237288,
              0.6716804979253111
            ],
            [
              0.6701434159061278,
              0.6716804979253111
            ],
            [
              0.6704693611473272,
              0.671161825726141
            ],
            [
              0.6707953063885267,
              0.6706431535269709
            ],
            [
              0.6714471968709257,
              0.6706431535269709
            ],
            [
              0.6720990873533247,
              0.6706431535269709
            ],
            [
              0.6727509778357236,
              0.6706431535269709
            ],
            [
              0.6734028683181226,
              0.6706431535269709
            ],
            [
              0.6740547588005215,
              0.6706431535269709
            ],
            [
              0.6747066492829205,
              0.6706431535269709
            ],
            [
              0.6753585397653195,
              0.6706431535269709
            ],
            [
              0.6760104302477183,
              0.6706431535269709
            ],
            [
              0.6766623207301173,
              0.6706431535269709
            ],
            [
              0.6769882659713168,
              0.671161825726141
            ],
            [
              0.6773142112125163,
              0.6716804979253111
            ],
            [
              0.6776401564537158,
              0.6721991701244814
            ],
            [
              0.6779661016949152,
              0.6727178423236515
            ],
            [
              0.6782920469361148,
              0.6732365145228216
            ],
            [
              0.6786179921773142,
              0.6737551867219918
            ],
            [
              0.6789439374185137,
              0.6742738589211619
            ],
            [
              0.6792698826597132,
              0.674792531120332
            ],
            [
              0.6795958279009127,
              0.6753112033195021
            ],
            [
              0.6799217731421121,
              0.6758298755186722
            ],
            [
              0.6802477183833116,
              0.6763485477178424
            ],
            [
              0.6805736636245111,
              0.6768672199170125
            ],
            [
              0.6808996088657105,
              0.6773858921161826
            ],
            [
              0.6808996088657105,
              0.6784232365145229
            ],
            [
              0.68122555410691,
              0.678941908713693
            ],
            [
              0.6815514993481095,
              0.6794605809128631
            ],
            [
              0.6815514993481095,
              0.6804979253112033
            ],
            [
              0.681877444589309,
              0.6810165975103735
            ],
            [
              0.6822033898305084,
              0.6815352697095436
            ],
            [
              0.6822033898305084,
              0.6825726141078838
            ],
            [
              0.6822033898305084,
              0.6836099585062241
            ],
            [
              0.6822033898305084,
              0.6846473029045643
            ],
            [
              0.6822033898305084,
              0.6856846473029046
            ],
            [
              0.6822033898305084,
              0.6867219917012448
            ],
            [
              0.6822033898305084,
              0.6877593360995851
            ],
            [
              0.6822033898305084,
              0.6887966804979253
            ],
            [
              0.681877444589309,
              0.6893153526970954
            ],
            [
              0.6815514993481095,
              0.6898340248962656
            ],
            [
              0.68122555410691,
              0.6903526970954357
            ],
            [
              0.6808996088657105,
              0.6908713692946058
            ],
            [
              0.6805736636245111,
              0.6913900414937759
            ],
            [
              0.6805736636245111,
              0.6913900414937759
            ]
          ]
        ]
      },
      "properties": {
        "segment_id": 15,
        "area": 369,
        "bbox": [
          1024.0,
          647.0,
          22.0,
          19.0
        ],
        "iou": 0.8788512349128723,
        "stability": 0.9599999785423279,
        "auto_generated": true,
        "model": "segment_anything"
      }
    },
    {
      "type": "Feature",
      "geometry": {
        "type": "Polygon",
        "coordinates": [
          [
            [
              0.8917861799217731,
              0.8148340248962656
            ],
            [
              0.8898305084745762,
              0.8148340248962656
            ],
            [
              0.8878748370273793,
              0.8148340248962656
            ],
            [
              0.8859191655801826,
              0.8148340248962656
            ],
            [
              0.8839634941329857,
              0.8148340248962656
            ],
            [
              0.8820078226857888,
              0.8148340248962656
            ],
            [
              0.8800521512385919,
              0.8148340248962656
            ],
            [
              0.878096479791395,
              0.8148340248962656
            ],
            [
              0.8761408083441982,
              0.8148340248962656
            ],
            [
              0.8741851368970013,
              0.8148340248962656
            ],
            [
              0.8722294654498044,
              0.8148340248962656
            ],
            [
              0.8702737940026075,
              0.8148340248962656
            ],
            [
              0.8686440677966102,
              0.8143153526970954
            ],
            [
              0.8670143415906127,
              0.8137966804979253
            ],
            [
              0.8650586701434159,
              0.8137966804979253
            ],
            [
              0.863102998696219,
              0.8137966804979253
            ],
            [
              0.8611473272490222,
              0.8137966804979253
            ],
            [
              0.8591916558018253,
              0.8137966804979253
            ],
            [
              0.8575619295958279,
              0.8132780082987552
            ],
            [
              0.8559322033898306,
              0.8127593360995851
            ],
            [
              0.8539765319426337,
              0.8127593360995851
            ],
            [
              0.8520208604954368,
              0.8127593360995851
            ],
            [
              0.8500651890482399,
              0.8127593360995851
            ],
            [
              0.848109517601043,
              0.8127593360995851
            ],
            [
              0.8461538461538461,
              0.8127593360995851
            ],
            [
              0.8448500651890483,
              0.8117219917012448
            ],
            [
              0.8432203389830508,
              0.8122406639004149
            ],
            [
              0.8415906127770535,
              0.8127593360995851
            ],
            [
              0.8396349413298566,
              0.8127593360995851
            ],
            [
              0.8383311603650587,
              0.8117219917012448
            ],
            [
              0.8363754889178618,
              0.8117219917012448
            ],
            [
              0.8347457627118644,
              0.8112033195020747
            ],
            [
              0.833767926988266,
              0.8117219917012448
            ],
            [
              0.8324641460234681,
              0.8106846473029046
            ],
            [
              0.8311603650586702,
              0.8096473029045643
            ],
            [
              0.8298565840938722,
              0.8086099585062241
            ],
            [
              0.8288787483702738,
              0.8070539419087137
            ],
            [
              0.8275749674054759,
              0.8060165975103735
            ],
            [
              0.8265971316818774,
              0.8044605809128631
            ],
            [
              0.8252933507170795,
              0.8034232365145229
            ],
            [
              0.8239895697522817,
              0.8023858921161826
            ],
            [
              0.8220338983050848,
              0.8023858921161826
            ],
            [
              0.8207301173402868,
              0.8013485477178424
            ],
            [
              0.8194263363754889,
              0.8003112033195021
            ],
            [
              0.818122555410691,
              0.7992738589211619
            ],
            [
              0.8168187744458931,
              0.7982365145228216
            ],
            [
              0.8158409387222947,
              0.7966804979253111
            ],
            [
              0.8145371577574967,
              0.7956431535269709
            ],
            [
              0.8135593220338984,
              0.7940871369294605
            ],
            [
              0.8122555410691004,
              0.7930497925311203
            ],
            [
              0.8109517601043025,
              0.79201244813278
            ],
            [
              0.8096479791395046,
              0.7909751037344398
            ],
            [
              0.8086701434159062,
              0.7894190871369294
            ],
            [
              0.8073663624511083,
              0.7883817427385892
            ],
            [
              0.8060625814863103,
              0.7873443983402489
            ],
            [
              0.8060625814863103,
              0.7842323651452282
            ],
            [
              0.8076923076923077,
              0.7837136929460581
            ],
            [
              0.8089960886571056,
              0.7826763485477178
            ],
            [
              0.810625814863103,
              0.7821576763485477
            ],
            [
              0.8122555410691004,
              0.7816390041493776
            ],
            [
              0.8142112125162972,
              0.7816390041493776
            ],
            [
              0.8155149934810951,
              0.7826763485477178
            ],
            [
              0.817470664928292,
              0.7826763485477178
            ],
            [
              0.8194263363754889,
              0.7826763485477178
            ],
            [
              0.8207301173402868,
              0.7837136929460581
            ],
            [
              0.8223598435462842,
              0.7842323651452282
            ],
            [
              0.8239895697522817,
              0.7847510373443983
            ],
            [
              0.825619295958279,
              0.7852697095435685
            ],
            [
              0.8272490221642764,
              0.7857883817427386
            ],
            [
              0.8288787483702738,
              0.7863070539419087
            ],
            [
              0.8301825293350718,
              0.7873443983402489
            ],
            [
              0.8318122555410691,
              0.7878630705394191
            ],
            [
              0.833116036505867,
              0.7889004149377593
            ],
            [
              0.8350717079530638,
              0.7889004149377593
            ],
            [
              0.8370273794002607,
              0.7889004149377593
            ],
            [
              0.8383311603650587,
              0.7899377593360996
            ],
            [
              0.8402868318122555,
              0.7899377593360996
            ],
            [
              0.8419165580182529,
              0.7904564315352697
            ],
            [
              0.8432203389830508,
              0.7914937759336099
            ],
            [
              0.8438722294654498,
              0.7935684647302904
            ],
            [
              0.8455019556714471,
              0.7940871369294605
            ],
            [
              0.847457627118644,
              0.7940871369294605
            ],
            [
              0.8484354628422425,
              0.7956431535269709
            ],
            [
              0.8500651890482399,
              0.796161825726141
            ],
            [
              0.8516949152542372,
              0.7966804979253111
            ],
            [
              0.8526727509778357,
              0.7982365145228216
            ],
            [
              0.8539765319426337,
              0.7992738589211619
            ],
            [
              0.8559322033898306,
              0.7992738589211619
            ],
            [
              0.8578878748370273,
              0.7992738589211619
            ],
            [
              0.8598435462842242,
              0.7992738589211619
            ],
            [
              0.8611473272490222,
              0.8003112033195021
            ],
            [
              0.8624511082138201,
              0.7992738589211619
            ],
            [
              0.864406779661017,
              0.7992738589211619
            ],
            [
              0.8657105606258149,
              0.8003112033195021
            ],
            [
              0.8670143415906127,
              0.7992738589211619
            ],
            [
              0.8686440677966102,
              0.799792531120332
            ],
            [
              0.8702737940026075,
              0.8003112033195021
            ],
            [
              0.8715775749674055,
              0.7992738589211619
            ],
            [
              0.8735332464146024,
              0.7992738589211619
            ],
            [
              0.8754889178617992,
              0.7992738589211619
            ],
            [
              0.877444589308996,
              0.7992738589211619
            ],
            [
              0.878748370273794,
              0.8003112033195021
            ],
            [
              0.8807040417209909,
              0.8003112033195021
            ],
            [
              0.8826597131681877,
              0.8003112033195021
            ],
            [
              0.8846153846153846,
              0.8003112033195021
            ],
            [
              0.886245110821382,
              0.8008298755186722
            ],
            [
              0.8878748370273793,
              0.8013485477178424
            ],
            [
              0.8891786179921773,
              0.8023858921161826
            ],
            [
              0.8904823989569752,
              0.8034232365145229
            ],
            [
              0.8914602346805737,
              0.8049792531120332
            ],
            [
              0.8924380704041721,
              0.8065352697095436
            ],
            [
              0.8934159061277706,
              0.808091286307054
            ],
            [
              0.8940677966101694,
              0.8101659751037344
            ],
            [
              0.8940677966101694,
              0.8132780082987552
            ],
            [
              0.8924380704041721,
              0.8137966804979253
            ],
            [
              0.8917861799217731,
              0.8148340248962656
            ]
          ]
        ]
      },
      "properties": {
        "segment_id": 16,
        "area": 2043,
        "bbox": [
          1237.0,
          754.0,
          134.0,
          31.0
        ],
        "iou": 0.8786059617996216,
        "stability": 0.9261524081230164,
        "auto_generated": true,
        "model": "segment_anything"
      }
    },
    {
      "type": "Feature",
      "geometry": {
        "type": "Polygon",
        "coordinates": [
          [
            [
              0.31290743155149936,
              0.6841286307053942
            ],
            [
              0.31029986962190353,
              0.6841286307053942
            ],
            [
              0.30834419817470665,
              0.683091286307054
            ],
            [
              0.3060625814863103,
              0.6825726141078838
            ],
            [
              0.30378096479791394,
              0.6820539419087137
            ],
            [
              0.30182529335071706,
              0.6810165975103735
            ],
            [
              0.29954367666232073,
              0.6804979253112033
            ],
            [
              0.29726205997392435,
              0.6799792531120332
            ],
            [
              0.2953063885267275,
              0.678941908713693
            ],
            [
              0.29335071707953064,
              0.6779045643153527
            ],
            [
              0.29139504563233376,
              0.6768672199170125
            ],
            [
              0.2894393741851369,
              0.6758298755186722
            ],
            [
              0.28683181225554105,
              0.6758298755186722
            ],
            [
              0.2848761408083442,
              0.674792531120332
            ],
            [
              0.28226857887874834,
              0.674792531120332
            ],
            [
              0.2803129074315515,
              0.6737551867219918
            ],
            [
              0.27835723598435463,
              0.6727178423236515
            ],
            [
              0.27640156453715775,
              0.6716804979253111
            ],
            [
              0.2737940026075619,
              0.6716804979253111
            ],
            [
              0.27183833116036504,
              0.6706431535269709
            ],
            [
              0.26988265971316816,
              0.6696058091286307
            ],
            [
              0.26760104302477183,
              0.6690871369294605
            ],
            [
              0.26564537157757495,
              0.6680497925311203
            ],
            [
              0.26434159061277707,
              0.6659751037344398
            ],
            [
              0.2636897001303781,
              0.6628630705394191
            ],
            [
              0.26434159061277707,
              0.6597510373443983
            ],
            [
              0.264993481095176,
              0.6566390041493776
            ],
            [
              0.26629726205997395,
              0.6545643153526971
            ],
            [
              0.26727509778357234,
              0.6519709543568465
            ],
            [
              0.2692307692307692,
              0.6509336099585062
            ],
            [
              0.27053455019556716,
              0.6488589211618258
            ],
            [
              0.27249022164276404,
              0.6478215767634855
            ],
            [
              0.2737940026075619,
              0.645746887966805
            ],
            [
              0.2754237288135593,
              0.6441908713692946
            ],
            [
              0.2770534550195567,
              0.6426348547717843
            ],
            [
              0.27868318122555413,
              0.6410788381742739
            ],
            [
              0.2803129074315515,
              0.6395228215767634
            ],
            [
              0.2816166883963494,
              0.6374481327800829
            ],
            [
              0.2835723598435463,
              0.6364107883817427
            ],
            [
              0.28520208604954367,
              0.6348547717842323
            ],
            [
              0.28683181225554105,
              0.633298755186722
            ],
            [
              0.288135593220339,
              0.6312240663900415
            ],
            [
              0.2900912646675359,
              0.6301867219917012
            ],
            [
              0.29172099087353326,
              0.6286307053941909
            ],
            [
              0.29335071707953064,
              0.6270746887966805
            ],
            [
              0.2953063885267275,
              0.6260373443983402
            ],
            [
              0.29726205997392435,
              0.625
            ],
            [
              0.2988917861799218,
              0.6234439834024896
            ],
            [
              0.3005215123859192,
              0.6218879668049793
            ],
            [
              0.30182529335071706,
              0.6198132780082988
            ],
            [
              0.30378096479791394,
              0.6187759336099585
            ],
            [
              0.3057366362451108,
              0.6177385892116183
            ],
            [
              0.3070404172099087,
              0.6156639004149378
            ],
            [
              0.3089960886571056,
              0.6146265560165975
            ],
            [
              0.310625814863103,
              0.6130705394190872
            ],
            [
              0.31258148631029986,
              0.6120331950207469
            ],
            [
              0.31421121251629724,
              0.6104771784232366
            ],
            [
              0.3161668839634941,
              0.6094398340248963
            ],
            [
              0.3177966101694915,
              0.6078838174273858
            ],
            [
              0.3197522816166884,
              0.6068464730290456
            ],
            [
              0.3213820078226858,
              0.6052904564315352
            ],
            [
              0.32333767926988266,
              0.604253112033195
            ],
            [
              0.3259452411994785,
              0.604253112033195
            ],
            [
              0.3282268578878748,
              0.6047717842323651
            ],
            [
              0.32985658409387225,
              0.6063278008298755
            ],
            [
              0.3318122555410691,
              0.6073651452282157
            ],
            [
              0.33376792698826596,
              0.608402489626556
            ],
            [
              0.33572359843546284,
              0.6094398340248963
            ],
            [
              0.33735332464146023,
              0.6109958506224067
            ],
            [
              0.3389830508474576,
              0.6125518672199171
            ],
            [
              0.340612777053455,
              0.6141078838174274
            ],
            [
              0.34224250325945244,
              0.6156639004149378
            ],
            [
              0.34419817470664926,
              0.616701244813278
            ],
            [
              0.3455019556714472,
              0.6187759336099585
            ],
            [
              0.3471316818774446,
              0.6203319502074689
            ],
            [
              0.34876140808344197,
              0.6218879668049793
            ],
            [
              0.3500651890482399,
              0.6239626556016598
            ],
            [
              0.3520208604954368,
              0.625
            ],
            [
              0.3539765319426336,
              0.6260373443983402
            ],
            [
              0.3559322033898305,
              0.6270746887966805
            ],
            [
              0.3578878748370274,
              0.6281120331950207
            ],
            [
              0.35984354628422427,
              0.629149377593361
            ],
            [
              0.36147327249022165,
              0.6307053941908713
            ],
            [
              0.36310299869621904,
              0.6322614107883817
            ],
            [
              0.36277705345501954,
              0.6348547717842323
            ],
            [
              0.3617992177314211,
              0.6374481327800829
            ],
            [
              0.3601694915254237,
              0.6390041493775933
            ],
            [
              0.35853976531942633,
              0.6405601659751037
            ],
            [
              0.35658409387222945,
              0.641597510373444
            ],
            [
              0.35495436766623206,
              0.6431535269709544
            ],
            [
              0.3533246414602347,
              0.6447095435684648
            ],
            [
              0.3520208604954368,
              0.6467842323651453
            ],
            [
              0.35039113428943935,
              0.6483402489626556
            ],
            [
              0.34876140808344197,
              0.649896265560166
            ],
            [
              0.3474576271186441,
              0.6519709543568465
            ],
            [
              0.3455019556714472,
              0.6530082987551867
            ],
            [
              0.3438722294654498,
              0.6545643153526971
            ],
            [
              0.34224250325945244,
              0.6561203319502075
            ],
            [
              0.3409387222946545,
              0.658195020746888
            ],
            [
              0.3393089960886571,
              0.6597510373443983
            ],
            [
              0.3376792698826597,
              0.6613070539419087
            ],
            [
              0.33572359843546284,
              0.6623443983402489
            ],
            [
              0.33409387222946546,
              0.6639004149377593
            ],
            [
              0.3324641460234681,
              0.6654564315352697
            ],
            [
              0.33083441981747064,
              0.66701244813278
            ],
            [
              0.32920469361147325,
              0.6685684647302904
            ],
            [
              0.32757496740547587,
              0.6701244813278008
            ],
            [
              0.326271186440678,
              0.6721991701244814
            ],
            [
              0.3246414602346806,
              0.6737551867219918
            ],
            [
              0.32333767926988266,
              0.6758298755186722
            ],
            [
              0.3217079530638853,
              0.6773858921161826
            ],
            [
              0.3200782268578879,
              0.678941908713693
            ],
            [
              0.3184485006518905,
              0.6804979253112033
            ],
            [
              0.31681877444589307,
              0.6820539419087137
            ],
            [
              0.31486310299869624,
              0.683091286307054
            ],
            [
              0.31290743155149936,
              0.6841286307053942
            ]
          ]
        ]
      },
      "properties": {
        "segment_id": 17,
        "area": 6544,
        "bbox": [
          405.0,
          583.0,
          152.0,
          76.0
        ],
        "iou": 0.9579912424087524,
        "stability": 0.9767652153968811,
        "auto_generated": true,
        "model": "segment_anything"
      }
    },
    {
      "type": "Feature",
      "geometry": {
        "type": "Polygon",
        "coordinates": [
          [
            [
              0.07953063885267275,
              0.7982365145228216
            ],
            [
              0.07757496740547588,
              0.7982365145228216
            ],
            [
              0.07627118644067797,
              0.7971991701244814
            ],
            [
              0.07529335071707953,
              0.7956431535269709
            ],
            [
              0.07398956975228162,
              0.7946058091286307
            ],
            [
              0.07333767926988266,
              0.7925311203319502
            ],
            [
              0.0726857887874837,
              0.7904564315352697
            ],
            [
              0.07203389830508475,
              0.7883817427385892
            ],
            [
              0.0726857887874837,
              0.7863070539419087
            ],
            [
              0.07366362451108213,
              0.7847510373443983
            ],
            [
              0.07398956975228162,
              0.7821576763485477
            ],
            [
              0.07496740547588006,
              0.7806016597510373
            ],
            [
              0.07627118644067797,
              0.7795643153526971
            ],
            [
              0.07757496740547588,
              0.7785269709543569
            ],
            [
              0.07855280312907431,
              0.7769709543568465
            ],
            [
              0.07953063885267275,
              0.7754149377593361
            ],
            [
              0.08018252933507171,
              0.7733402489626556
            ],
            [
              0.08148631029986962,
              0.7723029045643154
            ],
            [
              0.08279009126466753,
              0.7712655601659751
            ],
            [
              0.08409387222946545,
              0.7702282157676349
            ],
            [
              0.08507170795306389,
              0.7686721991701245
            ],
            [
              0.0863754889178618,
              0.7676348547717843
            ],
            [
              0.08735332464146023,
              0.7660788381742739
            ],
            [
              0.08833116036505867,
              0.7645228215767634
            ],
            [
              0.08963494132985658,
              0.7634854771784232
            ],
            [
              0.0909387222946545,
              0.7624481327800829
            ],
            [
              0.09224250325945241,
              0.7614107883817427
            ],
            [
              0.09354628422425032,
              0.7603734439834025
            ],
            [
              0.09485006518904825,
              0.7593360995850622
            ],
            [
              0.09582790091264667,
              0.7577800829875518
            ],
            [
              0.09713168187744459,
              0.7567427385892116
            ],
            [
              0.0984354628422425,
              0.7557053941908713
            ],
            [
              0.09973924380704041,
              0.7546680497925311
            ],
            [
              0.10104302477183832,
              0.7536307053941909
            ],
            [
              0.10234680573663625,
              0.7525933609958506
            ],
            [
              0.10365058670143416,
              0.7515560165975104
            ],
            [
              0.10495436766623208,
              0.7505186721991701
            ],
            [
              0.10625814863102999,
              0.7494813278008299
            ],
            [
              0.1075619295958279,
              0.7484439834024896
            ],
            [
              0.10886571056062581,
              0.7474066390041494
            ],
            [
              0.11016949152542373,
              0.7463692946058091
            ],
            [
              0.11147327249022164,
              0.7453319502074689
            ],
            [
              0.11245110821382008,
              0.7437759336099585
            ],
            [
              0.113754889178618,
              0.7427385892116183
            ],
            [
              0.11473272490221642,
              0.7411825726141079
            ],
            [
              0.11571056062581486,
              0.7396265560165975
            ],
            [
              0.1166883963494133,
              0.7380705394190872
            ],
            [
              0.11766623207301173,
              0.7365145228215768
            ],
            [
              0.11864406779661017,
              0.7349585062240664
            ],
            [
              0.11994784876140809,
              0.7339211618257261
            ],
            [
              0.121251629726206,
              0.7328838174273858
            ],
            [
              0.12222946544980444,
              0.7313278008298755
            ],
            [
              0.12353324641460235,
              0.7302904564315352
            ],
            [
              0.12516297262059975,
              0.7297717842323651
            ],
            [
              0.1271186440677966,
              0.7297717842323651
            ],
            [
              0.1290743155149935,
              0.7297717842323651
            ],
            [
              0.13102998696219034,
              0.7297717842323651
            ],
            [
              0.13233376792698825,
              0.7308091286307054
            ],
            [
              0.13363754889178617,
              0.7318464730290456
            ],
            [
              0.13494132985658408,
              0.7328838174273858
            ],
            [
              0.13624511082138202,
              0.7339211618257261
            ],
            [
              0.13820078226857888,
              0.7339211618257261
            ],
            [
              0.14015645371577576,
              0.7339211618257261
            ],
            [
              0.14146023468057367,
              0.7328838174273858
            ],
            [
              0.14308996088657105,
              0.7323651452282157
            ],
            [
              0.14471968709256844,
              0.7318464730290456
            ],
            [
              0.14602346805736635,
              0.7308091286307054
            ],
            [
              0.14765319426336376,
              0.7313278008298755
            ],
            [
              0.14895697522816168,
              0.7323651452282157
            ],
            [
              0.14993481095176012,
              0.7339211618257261
            ],
            [
              0.15123859191655803,
              0.7349585062240664
            ],
            [
              0.1515645371577575,
              0.7375518672199171
            ],
            [
              0.15091264667535853,
              0.7396265560165975
            ],
            [
              0.14993481095176012,
              0.7411825726141079
            ],
            [
              0.14863102998696218,
              0.7422199170124482
            ],
            [
              0.14732724902216426,
              0.7432572614107884
            ],
            [
              0.14634941329856585,
              0.7448132780082988
            ],
            [
              0.14504563233376794,
              0.745850622406639
            ],
            [
              0.14374185136897003,
              0.7468879668049793
            ],
            [
              0.1424380704041721,
              0.7479253112033195
            ],
            [
              0.14113428943937417,
              0.7489626556016598
            ],
            [
              0.14015645371577576,
              0.7505186721991701
            ],
            [
              0.13917861799217732,
              0.7520746887966805
            ],
            [
              0.1378748370273794,
              0.7531120331950207
            ],
            [
              0.1365710560625815,
              0.754149377593361
            ],
            [
              0.13559322033898305,
              0.7557053941908713
            ],
            [
              0.13428943937418514,
              0.7567427385892116
            ],
            [
              0.13298565840938723,
              0.7577800829875518
            ],
            [
              0.1316818774445893,
              0.7588174273858921
            ],
            [
              0.1303780964797914,
              0.7598547717842323
            ],
            [
              0.1290743155149935,
              0.7608921161825726
            ],
            [
              0.12777053455019557,
              0.7619294605809128
            ],
            [
              0.12646675358539766,
              0.7629668049792531
            ],
            [
              0.12516297262059975,
              0.7640041493775933
            ],
            [
              0.12353324641460235,
              0.7645228215767634
            ],
            [
              0.12190352020860495,
              0.7650414937759336
            ],
            [
              0.12092568448500651,
              0.766597510373444
            ],
            [
              0.1196219035202086,
              0.7676348547717843
            ],
            [
              0.11831812255541069,
              0.7686721991701245
            ],
            [
              0.1166883963494133,
              0.7691908713692946
            ],
            [
              0.11538461538461539,
              0.7702282157676349
            ],
            [
              0.11408083441981746,
              0.7712655601659751
            ],
            [
              0.11245110821382008,
              0.7717842323651453
            ],
            [
              0.11114732724902217,
              0.7728215767634855
            ],
            [
              0.11016949152542373,
              0.7743775933609959
            ],
            [
              0.10886571056062581,
              0.7754149377593361
            ],
            [
              0.1075619295958279,
              0.7764522821576764
            ],
            [
              0.10625814863102999,
              0.7774896265560166
            ],
            [
              0.10495436766623208,
              0.7785269709543569
            ],
            [
              0.10365058670143416,
              0.7795643153526971
            ],
            [
              0.10234680573663625,
              0.7806016597510373
            ],
            [
              0.10104302477183832,
              0.7816390041493776
            ],
            [
              0.09973924380704041,
              0.7826763485477178
            ],
            [
              0.0984354628422425,
              0.7837136929460581
            ],
            [
              0.09713168187744459,
              0.7847510373443983
            ],
            [
              0.09582790091264667,
              0.7857883817427386
            ],
            [
              0.09452411994784876,
              0.7868257261410788
            ],
            [
              0.09322033898305085,
              0.7878630705394191
            ],
            [
              0.09191655801825294,
              0.7889004149377593
            ],
            [
              0.09061277705345502,
              0.7899377593360996
            ],
            [
              0.08930899608865711,
              0.7909751037344398
            ],
            [
              0.0880052151238592,
              0.79201244813278
            ],
            [
              0.08670143415906127,
              0.7930497925311203
            ],
            [
              0.08539765319426336,
              0.7940871369294605
            ],
            [
              0.08409387222946545,
              0.7951244813278008
            ],
            [
              0.08279009126466753,
              0.796161825726141
            ],
            [
              0.08148631029986962,
              0.7971991701244814
            ],
            [
              0.07985658409387222,
              0.7977178423236515
            ],
            [
              0.07953063885267275,
              0.7982365145228216
            ]
          ]
        ]
      },
      "properties": {
        "segment_id": 18,
        "area": 2866,
        "bbox": [
          111.0,
          704.0,
          121.0,
          65.0
        ],
        "iou": 0.9283537864685059,
        "stability": 0.9566848278045654,
        "auto_generated": true,
        "model": "segment_anything"
      }
    },
    {
      "type": "Feature",
      "geometry": {
        "type": "Polygon",
        "coordinates": [
          [
            [
              0.0,
              0.7142116182572614
            ],
            [
              0.000651890482398957,
              0.7142116182572614
            ],
            [
              0.0009778357235984355,
              0.7136929460580913
            ],
            [
              0.001303780964797914,
              0.7131742738589212
            ],
            [
              0.001955671447196871,
              0.7131742738589212
            ],
            [
              0.002607561929595828,
              0.7131742738589212
            ],
            [
              0.003259452411994785,
              0.7131742738589212
            ],
            [
              0.003911342894393742,
              0.7131742738589212
            ],
            [
              0.0045632333767926985,
              0.7131742738589212
            ],
            [
              0.005215123859191656,
              0.7131742738589212
            ],
            [
              0.005867014341590613,
              0.7131742738589212
            ],
            [
              0.00651890482398957,
              0.7131742738589212
            ],
            [
              0.006844850065189048,
              0.7136929460580913
            ],
            [
              0.007170795306388526,
              0.7142116182572614
            ],
            [
              0.007822685788787484,
              0.7142116182572614
            ],
            [
              0.00847457627118644,
              0.7142116182572614
            ],
            [
              0.009126466753585397,
              0.7142116182572614
            ],
            [
              0.009778357235984355,
              0.7142116182572614
            ],
            [
              0.010104302477183833,
              0.7147302904564315
            ],
            [
              0.010430247718383311,
              0.7152489626556017
            ],
            [
              0.01108213820078227,
              0.7152489626556017
            ],
            [
              0.011734028683181226,
              0.7152489626556017
            ],
            [
              0.012059973924380704,
              0.7157676348547718
            ],
            [
              0.012385919165580182,
              0.7162863070539419
            ],
            [
              0.01303780964797914,
              0.7162863070539419
            ],
            [
              0.013363754889178618,
              0.716804979253112
            ],
            [
              0.013689700130378096,
              0.7173236514522822
            ],
            [
              0.014341590612777053,
              0.7173236514522822
            ],
            [
              0.01499348109517601,
              0.7173236514522822
            ],
            [
              0.015319426336375489,
              0.7178423236514523
            ],
            [
              0.01564537157757497,
              0.7183609958506224
            ],
            [
              0.016297262059973925,
              0.7183609958506224
            ],
            [
              0.01694915254237288,
              0.7183609958506224
            ],
            [
              0.01727509778357236,
              0.7188796680497925
            ],
            [
              0.017601043024771838,
              0.7193983402489627
            ],
            [
              0.018252933507170794,
              0.7193983402489627
            ],
            [
              0.018904823989569754,
              0.7193983402489627
            ],
            [
              0.019230769230769232,
              0.7199170124481328
            ],
            [
              0.01955671447196871,
              0.7204356846473029
            ],
            [
              0.020208604954367666,
              0.7204356846473029
            ],
            [
              0.020534550195567144,
              0.720954356846473
            ],
            [
              0.020860495436766623,
              0.7214730290456431
            ],
            [
              0.02151238591916558,
              0.7214730290456431
            ],
            [
              0.02216427640156454,
              0.7214730290456431
            ],
            [
              0.022816166883963495,
              0.7214730290456431
            ],
            [
              0.023142112125162973,
              0.7219917012448133
            ],
            [
              0.02346805736636245,
              0.7225103734439834
            ],
            [
              0.024119947848761408,
              0.7225103734439834
            ],
            [
              0.024445893089960886,
              0.7230290456431535
            ],
            [
              0.024771838331160364,
              0.7235477178423236
            ],
            [
              0.025423728813559324,
              0.7235477178423236
            ],
            [
              0.02607561929595828,
              0.7235477178423236
            ],
            [
              0.026727509778357236,
              0.7235477178423236
            ],
            [
              0.027053455019556714,
              0.7240663900414938
            ],
            [
              0.027379400260756193,
              0.7245850622406639
            ],
            [
              0.02803129074315515,
              0.7245850622406639
            ],
            [
              0.028683181225554105,
              0.7245850622406639
            ],
            [
              0.029009126466753587,
              0.725103734439834
            ],
            [
              0.029335071707953065,
              0.7256224066390041
            ],
            [
              0.02998696219035202,
              0.7256224066390041
            ],
            [
              0.0303129074315515,
              0.7261410788381742
            ],
            [
              0.030638852672750978,
              0.7266597510373444
            ],
            [
              0.03129074315514994,
              0.7266597510373444
            ],
            [
              0.031942633637548894,
              0.7266597510373444
            ],
            [
              0.03226857887874837,
              0.7271784232365145
            ],
            [
              0.03259452411994785,
              0.7276970954356846
            ],
            [
              0.03292046936114733,
              0.7282157676348547
            ],
            [
              0.033246414602346806,
              0.7287344398340249
            ],
            [
              0.03389830508474576,
              0.7287344398340249
            ],
            [
              0.03455019556714472,
              0.7287344398340249
            ],
            [
              0.0348761408083442,
              0.729253112033195
            ],
            [
              0.035202086049543675,
              0.7297717842323651
            ],
            [
              0.03585397653194263,
              0.7297717842323651
            ],
            [
              0.03650586701434159,
              0.7297717842323651
            ],
            [
              0.036831812255541066,
              0.7302904564315352
            ],
            [
              0.037157757496740544,
              0.7308091286307054
            ],
            [
              0.03780964797913951,
              0.7308091286307054
            ],
            [
              0.038135593220338986,
              0.7313278008298755
            ],
            [
              0.038461538461538464,
              0.7318464730290456
            ],
            [
              0.03878748370273794,
              0.7323651452282157
            ],
            [
              0.03911342894393742,
              0.7328838174273858
            ],
            [
              0.0394393741851369,
              0.733402489626556
            ],
            [
              0.039765319426336376,
              0.7339211618257261
            ],
            [
              0.040091264667535854,
              0.7344398340248963
            ],
            [
              0.040091264667535854,
              0.7354771784232366
            ],
            [
              0.039765319426336376,
              0.7359958506224067
            ],
            [
              0.03911342894393742,
              0.7359958506224067
            ],
            [
              0.03878748370273794,
              0.7365145228215768
            ],
            [
              0.038461538461538464,
              0.7370331950207469
            ],
            [
              0.038135593220338986,
              0.7375518672199171
            ],
            [
              0.03780964797913951,
              0.7380705394190872
            ],
            [
              0.03748370273794003,
              0.7385892116182573
            ],
            [
              0.037157757496740544,
              0.7391078838174274
            ],
            [
              0.03650586701434159,
              0.7391078838174274
            ],
            [
              0.03617992177314211,
              0.7396265560165975
            ],
            [
              0.03585397653194263,
              0.7401452282157677
            ],
            [
              0.035202086049543675,
              0.7401452282157677
            ],
            [
              0.03455019556714472,
              0.7401452282157677
            ],
            [
              0.03422425032594524,
              0.7406639004149378
            ],
            [
              0.03389830508474576,
              0.7411825726141079
            ],
            [
              0.033572359843546284,
              0.741701244813278
            ],
            [
              0.033246414602346806,
              0.7422199170124482
            ],
            [
              0.03259452411994785,
              0.7422199170124482
            ],
            [
              0.03226857887874837,
              0.7427385892116183
            ],
            [
              0.031942633637548894,
              0.7432572614107884
            ],
            [
              0.03129074315514994,
              0.7432572614107884
            ],
            [
              0.030638852672750978,
              0.7432572614107884
            ],
            [
              0.0303129074315515,
              0.7437759336099585
            ],
            [
              0.02998696219035202,
              0.7442946058091287
            ],
            [
              0.029335071707953065,
              0.7442946058091287
            ],
            [
              0.029009126466753587,
              0.7448132780082988
            ],
            [
              0.028683181225554105,
              0.7453319502074689
            ],
            [
              0.02803129074315515,
              0.7453319502074689
            ],
            [
              0.02770534550195567,
              0.745850622406639
            ],
            [
              0.027379400260756193,
              0.7463692946058091
            ],
            [
              0.026727509778357236,
              0.7463692946058091
            ],
            [
              0.026401564537157758,
              0.7468879668049793
            ],
            [
              0.02607561929595828,
              0.7474066390041494
            ],
            [
              0.025423728813559324,
              0.7474066390041494
            ],
            [
              0.024771838331160364,
              0.7474066390041494
            ],
            [
              0.024445893089960886,
              0.7479253112033195
            ],
            [
              0.024119947848761408,
              0.7484439834024896
            ],
            [
              0.02346805736636245,
              0.7484439834024896
            ],
            [
              0.023142112125162973,
              0.7489626556016598
            ],
            [
              0.022816166883963495,
              0.7494813278008299
            ],
            [
              0.022490221642764017,
              0.75
            ],
            [
              0.02216427640156454,
              0.7505186721991701
            ],
            [
              0.02151238591916558,
              0.7505186721991701
            ],
            [
              0.0211864406779661,
              0.7510373443983402
            ],
            [
              0.020860495436766623,
              0.7515560165975104
            ],
            [
              0.020208604954367666,
              0.7515560165975104
            ],
            [
              0.019882659713168188,
              0.7520746887966805
            ],
            [
              0.01955671447196871,
              0.7525933609958506
            ],
            [
              0.018904823989569754,
              0.7525933609958506
            ],
            [
              0.018578878748370272,
              0.7531120331950207
            ],
            [
              0.018252933507170794,
              0.7536307053941909
            ],
            [
              0.017601043024771838,
              0.7536307053941909
            ],
            [
              0.01694915254237288,
              0.7536307053941909
            ],
            [
              0.016623207301173403,
              0.754149377593361
            ],
            [
              0.016297262059973925,
              0.7546680497925311
            ],
            [
              0.01564537157757497,
              0.7546680497925311
            ],
            [
              0.015319426336375489,
              0.7551867219917012
            ],
            [
              0.01499348109517601,
              0.7557053941908713
            ],
            [
              0.014341590612777053,
              0.7557053941908713
            ],
            [
              0.014015645371577574,
              0.7562240663900415
            ],
            [
              0.013689700130378096,
              0.7567427385892116
            ],
            [
              0.013363754889178618,
              0.7572614107883817
            ],
            [
              0.01303780964797914,
              0.7577800829875518
            ],
            [
              0.012385919165580182,
              0.7577800829875518
            ],
            [
              0.011734028683181226,
              0.7577800829875518
            ],
            [
              0.011408083441981747,
              0.758298755186722
            ],
            [
              0.01108213820078227,
              0.7588174273858921
            ],
            [
              0.010430247718383311,
              0.7588174273858921
            ],
            [
              0.010104302477183833,
              0.7593360995850622
            ],
            [
              0.009778357235984355,
              0.7598547717842323
            ],
            [
              0.009126466753585397,
              0.7598547717842323
            ],
            [
              0.008800521512385919,
              0.7603734439834025
            ],
            [
              0.00847457627118644,
              0.7608921161825726
            ],
            [
              0.007822685788787484,
              0.7608921161825726
            ],
            [
              0.007496740547588005,
              0.7614107883817427
            ],
            [
              0.007170795306388526,
              0.7619294605809128
            ],
            [
              0.00651890482398957,
              0.7619294605809128
            ],
            [
              0.006192959582790091,
              0.7624481327800829
            ],
            [
              0.005867014341590613,
              0.7629668049792531
            ],
            [
              0.005215123859191656,
              0.7629668049792531
            ],
            [
              0.0048891786179921775,
              0.7634854771784232
            ],
            [
              0.0045632333767926985,
              0.7640041493775933
            ],
            [
              0.003911342894393742,
              0.7640041493775933
            ],
            [
              0.003585397653194263,
              0.7645228215767634
            ],
            [
              0.003259452411994785,
              0.7650414937759336
            ],
            [
              0.002607561929595828,
              0.7650414937759336
            ],
            [
              0.0022816166883963492,
              0.7655601659751037
            ],
            [
              0.001955671447196871,
              0.7660788381742739
            ],
            [
              0.001303780964797914,
              0.7660788381742739
            ],
            [
              0.0009778357235984355,
              0.766597510373444
            ],
            [
              0.000651890482398957,
              0.7671161825726142
            ],
            [
              0.0,
              0.7671161825726142
            ],
            [
              0.0,
              0.7142116182572614
            ]
          ]
        ]
      },
      "properties": {
        "segment_id": 19,
        "area": 1851,
        "bbox": [
          0.0,
          688.0,
          61.0,
          51.0
        ],
        "iou": 0.9259018898010254,
        "stability": 0.9749333262443542,
        "auto_generated": true,
        "model": "segment_anything"
      }
    },
    {
      "type": "Feature",
      "geometry": {
        "type": "Polygon",
        "coordinates": [
          [
            [
              0.18122555410691005,
              0.6395228215767634
            ],
            [
              0.17992177314211213,
              0.6395228215767634
            ],
            [
              0.17861799217731422,
              0.6395228215767634
            ],
            [
              0.1773142112125163,
              0.6395228215767634
            ],
            [
              0.1760104302477184,
              0.6395228215767634
            ],
            [
              0.17470664928292046,
              0.6395228215767634
            ],
            [
              0.17372881355932204,
              0.6390041493775933
            ],
            [
              0.1727509778357236,
              0.6384854771784232
            ],
            [
              0.1714471968709257,
              0.6384854771784232
            ],
            [
              0.17014341590612778,
              0.6384854771784232
            ],
            [
              0.1694915254237288,
              0.6374481327800829
            ],
            [
              0.1681877444589309,
              0.6374481327800829
            ],
            [
              0.16688396349413298,
              0.6374481327800829
            ],
            [
              0.16623207301173404,
              0.6364107883817427
            ],
            [
              0.1652542372881356,
              0.6358921161825726
            ],
            [
              0.16427640156453716,
              0.6353734439834025
            ],
            [
              0.16297262059973924,
              0.6353734439834025
            ],
            [
              0.1623207301173403,
              0.6343360995850622
            ],
            [
              0.16101694915254236,
              0.6343360995850622
            ],
            [
              0.16003911342894395,
              0.6338174273858921
            ],
            [
              0.1590612777053455,
              0.633298755186722
            ],
            [
              0.1577574967405476,
              0.633298755186722
            ],
            [
              0.15710560625814862,
              0.6322614107883817
            ],
            [
              0.1558018252933507,
              0.6322614107883817
            ],
            [
              0.1544980443285528,
              0.6322614107883817
            ],
            [
              0.15384615384615385,
              0.6312240663900415
            ],
            [
              0.15254237288135594,
              0.6312240663900415
            ],
            [
              0.15123859191655803,
              0.6312240663900415
            ],
            [
              0.1502607561929596,
              0.6307053941908713
            ],
            [
              0.14928292046936115,
              0.6301867219917012
            ],
            [
              0.14797913950456323,
              0.6301867219917012
            ],
            [
              0.1470013037809648,
              0.6296680497925311
            ],
            [
              0.14602346805736635,
              0.629149377593361
            ],
            [
              0.14504563233376794,
              0.6286307053941909
            ],
            [
              0.1440677966101695,
              0.6281120331950207
            ],
            [
              0.14308996088657105,
              0.6275933609958506
            ],
            [
              0.1421121251629726,
              0.6270746887966805
            ],
            [
              0.14146023468057367,
              0.6260373443983402
            ],
            [
              0.1408083441981747,
              0.625
            ],
            [
              0.1395045632333768,
              0.625
            ],
            [
              0.13885267275097785,
              0.6239626556016598
            ],
            [
              0.1378748370273794,
              0.6234439834024896
            ],
            [
              0.13722294654498043,
              0.6224066390041494
            ],
            [
              0.1378748370273794,
              0.6213692946058091
            ],
            [
              0.13885267275097785,
              0.620850622406639
            ],
            [
              0.1395045632333768,
              0.6198132780082988
            ],
            [
              0.14015645371577576,
              0.6187759336099585
            ],
            [
              0.14048239895697523,
              0.6172199170124482
            ],
            [
              0.13983050847457626,
              0.6161825726141079
            ],
            [
              0.13885267275097785,
              0.6156639004149378
            ],
            [
              0.13820078226857888,
              0.6146265560165975
            ],
            [
              0.13820078226857888,
              0.6135892116182573
            ],
            [
              0.13885267275097785,
              0.6125518672199171
            ],
            [
              0.1395045632333768,
              0.6115145228215768
            ],
            [
              0.14048239895697523,
              0.6109958506224067
            ],
            [
              0.14146023468057367,
              0.6104771784232366
            ],
            [
              0.1424380704041721,
              0.6099585062240664
            ],
            [
              0.14341590612777053,
              0.6094398340248963
            ],
            [
              0.14439374185136897,
              0.6089211618257261
            ],
            [
              0.1453715775749674,
              0.608402489626556
            ],
            [
              0.14634941329856585,
              0.6078838174273858
            ],
            [
              0.14732724902216426,
              0.6073651452282157
            ],
            [
              0.1483050847457627,
              0.6068464730290456
            ],
            [
              0.14928292046936115,
              0.6063278008298755
            ],
            [
              0.14993481095176012,
              0.6052904564315352
            ],
            [
              0.15123859191655803,
              0.6052904564315352
            ],
            [
              0.15189048239895697,
              0.604253112033195
            ],
            [
              0.15319426336375488,
              0.604253112033195
            ],
            [
              0.15384615384615385,
              0.6032157676348547
            ],
            [
              0.15514993481095177,
              0.6032157676348547
            ],
            [
              0.1558018252933507,
              0.6021784232365145
            ],
            [
              0.15710560625814862,
              0.6021784232365145
            ],
            [
              0.15808344198174706,
              0.6016597510373444
            ],
            [
              0.1590612777053455,
              0.6011410788381742
            ],
            [
              0.16036505867014342,
              0.6011410788381742
            ],
            [
              0.16166883963494133,
              0.6011410788381742
            ],
            [
              0.16297262059973924,
              0.6011410788381742
            ],
            [
              0.16427640156453716,
              0.6011410788381742
            ],
            [
              0.16558018252933507,
              0.6011410788381742
            ],
            [
              0.16623207301173404,
              0.6021784232365145
            ],
            [
              0.16688396349413298,
              0.6032157676348547
            ],
            [
              0.1681877444589309,
              0.6032157676348547
            ],
            [
              0.16916558018252933,
              0.6037344398340249
            ],
            [
              0.1698174706649283,
              0.6047717842323651
            ],
            [
              0.17079530638852672,
              0.6052904564315352
            ],
            [
              0.1714471968709257,
              0.6063278008298755
            ],
            [
              0.1727509778357236,
              0.6063278008298755
            ],
            [
              0.17405475880052151,
              0.6063278008298755
            ],
            [
              0.17470664928292046,
              0.6073651452282157
            ],
            [
              0.1760104302477184,
              0.6073651452282157
            ],
            [
              0.1773142112125163,
              0.6073651452282157
            ],
            [
              0.17796610169491525,
              0.608402489626556
            ],
            [
              0.17926988265971316,
              0.608402489626556
            ],
            [
              0.18057366362451108,
              0.608402489626556
            ],
            [
              0.18122555410691005,
              0.6094398340248963
            ],
            [
              0.18252933507170796,
              0.6094398340248963
            ],
            [
              0.18383311603650587,
              0.6094398340248963
            ],
            [
              0.18448500651890481,
              0.6104771784232366
            ],
            [
              0.18578878748370273,
              0.6104771784232366
            ],
            [
              0.1864406779661017,
              0.6115145228215768
            ],
            [
              0.1877444589308996,
              0.6115145228215768
            ],
            [
              0.18904823989569752,
              0.6115145228215768
            ],
            [
              0.1897001303780965,
              0.6125518672199171
            ],
            [
              0.1910039113428944,
              0.6125518672199171
            ],
            [
              0.19230769230769232,
              0.6125518672199171
            ],
            [
              0.19295958279009126,
              0.6135892116182573
            ],
            [
              0.19426336375488917,
              0.6135892116182573
            ],
            [
              0.19556714471968709,
              0.6135892116182573
            ],
            [
              0.19654498044328553,
              0.6141078838174274
            ],
            [
              0.19752281616688397,
              0.6146265560165975
            ],
            [
              0.1985006518904824,
              0.6141078838174274
            ],
            [
              0.19947848761408082,
              0.6135892116182573
            ],
            [
              0.20078226857887874,
              0.6135892116182573
            ],
            [
              0.20208604954367665,
              0.6135892116182573
            ],
            [
              0.20208604954367665,
              0.6146265560165975
            ],
            [
              0.2014341590612777,
              0.6156639004149378
            ],
            [
              0.20110821382007824,
              0.6172199170124482
            ],
            [
              0.20078226857887874,
              0.6187759336099585
            ],
            [
              0.2001303780964798,
              0.6198132780082988
            ],
            [
              0.19947848761408082,
              0.620850622406639
            ],
            [
              0.19882659713168188,
              0.6218879668049793
            ],
            [
              0.19784876140808344,
              0.6224066390041494
            ],
            [
              0.196870925684485,
              0.6229253112033195
            ],
            [
              0.19621903520208606,
              0.6239626556016598
            ],
            [
              0.19524119947848761,
              0.6244813278008299
            ],
            [
              0.19426336375488917,
              0.625
            ],
            [
              0.19361147327249023,
              0.6260373443983402
            ],
            [
              0.19295958279009126,
              0.6270746887966805
            ],
            [
              0.19230769230769232,
              0.6281120331950207
            ],
            [
              0.19165580182529335,
              0.629149377593361
            ],
            [
              0.1910039113428944,
              0.6301867219917012
            ],
            [
              0.19035202086049544,
              0.6312240663900415
            ],
            [
              0.189374185136897,
              0.6317427385892116
            ],
            [
              0.18904823989569752,
              0.633298755186722
            ],
            [
              0.18807040417209908,
              0.6338174273858921
            ],
            [
              0.18709256844850064,
              0.6343360995850622
            ],
            [
              0.18611473272490223,
              0.6348547717842323
            ],
            [
              0.18513689700130379,
              0.6353734439834025
            ],
            [
              0.18448500651890481,
              0.6364107883817427
            ],
            [
              0.18383311603650587,
              0.6374481327800829
            ],
            [
              0.18285528031290743,
              0.6379668049792531
            ],
            [
              0.181877444589309,
              0.6384854771784232
            ],
            [
              0.18122555410691005,
              0.6395228215767634
            ]
          ]
        ]
      },
      "properties": {
        "segment_id": 20,
        "area": 2283,
        "bbox": [
          211.0,
          580.0,
          99.0,
          36.0
        ],
        "iou": 0.9177002906799316,
        "stability": 0.9483568072319031,
        "auto_generated": true,
        "model": "segment_anything"
      }
    },
    {
      "type": "Feature",
      "geometry": {
        "type": "Polygon",
        "coordinates": [
          [
            [
              0.12451108213820078,
              0.6924273858921162
            ],
            [
              0.12353324641460235,
              0.691908713692946
            ],
            [
              0.12255541069100391,
              0.6913900414937759
            ],
            [
              0.12157757496740547,
              0.6908713692946058
            ],
            [
              0.12092568448500651,
              0.6898340248962656
            ],
            [
              0.12027379400260756,
              0.6887966804979253
            ],
            [
              0.11994784876140809,
              0.6872406639004149
            ],
            [
              0.1196219035202086,
              0.6856846473029046
            ],
            [
              0.12027379400260756,
              0.6846473029045643
            ],
            [
              0.12092568448500651,
              0.6836099585062241
            ],
            [
              0.12190352020860495,
              0.683091286307054
            ],
            [
              0.12255541069100391,
              0.6820539419087137
            ],
            [
              0.12353324641460235,
              0.6815352697095436
            ],
            [
              0.12451108213820078,
              0.6810165975103735
            ],
            [
              0.12516297262059975,
              0.6799792531120332
            ],
            [
              0.12614080834419816,
              0.6794605809128631
            ],
            [
              0.12679269882659713,
              0.6784232365145229
            ],
            [
              0.12777053455019557,
              0.6779045643153527
            ],
            [
              0.12874837027379402,
              0.6773858921161826
            ],
            [
              0.12972620599739243,
              0.6768672199170125
            ],
            [
              0.1303780964797914,
              0.6758298755186722
            ],
            [
              0.13135593220338984,
              0.6753112033195021
            ],
            [
              0.13233376792698825,
              0.674792531120332
            ],
            [
              0.1333116036505867,
              0.6742738589211619
            ],
            [
              0.13428943937418514,
              0.6737551867219918
            ],
            [
              0.13526727509778358,
              0.6732365145228216
            ],
            [
              0.13624511082138202,
              0.6727178423236515
            ],
            [
              0.13689700130378096,
              0.6716804979253111
            ],
            [
              0.1378748370273794,
              0.671161825726141
            ],
            [
              0.13885267275097785,
              0.6706431535269709
            ],
            [
              0.1395045632333768,
              0.6696058091286307
            ],
            [
              0.14048239895697523,
              0.6690871369294605
            ],
            [
              0.14146023468057367,
              0.6685684647302904
            ],
            [
              0.1424380704041721,
              0.6680497925311203
            ],
            [
              0.14341590612777053,
              0.6675311203319502
            ],
            [
              0.1440677966101695,
              0.6664937759336099
            ],
            [
              0.14504563233376794,
              0.6659751037344398
            ],
            [
              0.14602346805736635,
              0.6654564315352697
            ],
            [
              0.14667535853976532,
              0.6644190871369294
            ],
            [
              0.14765319426336376,
              0.6639004149377593
            ],
            [
              0.14863102998696218,
              0.6633817427385892
            ],
            [
              0.14928292046936115,
              0.6623443983402489
            ],
            [
              0.1502607561929596,
              0.6618257261410788
            ],
            [
              0.15123859191655803,
              0.6613070539419087
            ],
            [
              0.15221642764015644,
              0.6607883817427386
            ],
            [
              0.15319426336375488,
              0.6602697095435685
            ],
            [
              0.15384615384615385,
              0.6592323651452282
            ],
            [
              0.15514993481095177,
              0.6592323651452282
            ],
            [
              0.1558018252933507,
              0.658195020746888
            ],
            [
              0.15677966101694915,
              0.6576763485477178
            ],
            [
              0.1577574967405476,
              0.6571576763485477
            ],
            [
              0.15840938722294653,
              0.6561203319502075
            ],
            [
              0.15938722294654498,
              0.6556016597510373
            ],
            [
              0.16036505867014342,
              0.6550829875518672
            ],
            [
              0.16101694915254236,
              0.654045643153527
            ],
            [
              0.16166883963494133,
              0.6530082987551867
            ],
            [
              0.16264667535853977,
              0.6524896265560166
            ],
            [
              0.1636245110821382,
              0.6519709543568465
            ],
            [
              0.16492829204693613,
              0.6519709543568465
            ],
            [
              0.16558018252933507,
              0.6509336099585062
            ],
            [
              0.16688396349413298,
              0.6509336099585062
            ],
            [
              0.1681877444589309,
              0.6509336099585062
            ],
            [
              0.1694915254237288,
              0.6509336099585062
            ],
            [
              0.17079530638852672,
              0.6509336099585062
            ],
            [
              0.17209908735332463,
              0.6509336099585062
            ],
            [
              0.17307692307692307,
              0.6514522821576764
            ],
            [
              0.17372881355932204,
              0.6514522821576764
            ],
            [
              0.17470664928292046,
              0.6509336099585062
            ],
            [
              0.17503259452411996,
              0.6493775933609959
            ],
            [
              0.1756844850065189,
              0.6483402489626556
            ],
            [
              0.1760104302477184,
              0.6467842323651453
            ],
            [
              0.1769882659713168,
              0.6462655601659751
            ],
            [
              0.17796610169491525,
              0.645746887966805
            ],
            [
              0.17926988265971316,
              0.645746887966805
            ],
            [
              0.1802477183833116,
              0.6462655601659751
            ],
            [
              0.18122555410691005,
              0.6467842323651453
            ],
            [
              0.18220338983050846,
              0.6473029045643154
            ],
            [
              0.18285528031290743,
              0.6483402489626556
            ],
            [
              0.18220338983050846,
              0.6493775933609959
            ],
            [
              0.18122555410691005,
              0.649896265560166
            ],
            [
              0.18057366362451108,
              0.6509336099585062
            ],
            [
              0.17959582790091264,
              0.6514522821576764
            ],
            [
              0.17861799217731422,
              0.6519709543568465
            ],
            [
              0.17796610169491525,
              0.6530082987551867
            ],
            [
              0.17666232073011734,
              0.6530082987551867
            ],
            [
              0.1760104302477184,
              0.654045643153527
            ],
            [
              0.17503259452411996,
              0.6545643153526971
            ],
            [
              0.17438070404172099,
              0.6556016597510373
            ],
            [
              0.17372881355932204,
              0.6566390041493776
            ],
            [
              0.1727509778357236,
              0.6571576763485477
            ],
            [
              0.17209908735332463,
              0.658195020746888
            ],
            [
              0.17112125162972622,
              0.6587136929460581
            ],
            [
              0.17014341590612778,
              0.6592323651452282
            ],
            [
              0.1694915254237288,
              0.6602697095435685
            ],
            [
              0.16851368970013036,
              0.6607883817427386
            ],
            [
              0.16753585397653195,
              0.6613070539419087
            ],
            [
              0.16688396349413298,
              0.6623443983402489
            ],
            [
              0.16558018252933507,
              0.6623443983402489
            ],
            [
              0.16492829204693613,
              0.6633817427385892
            ],
            [
              0.16395045632333768,
              0.6639004149377593
            ],
            [
              0.16297262059973924,
              0.6644190871369294
            ],
            [
              0.1623207301173403,
              0.6654564315352697
            ],
            [
              0.16134289439374186,
              0.6659751037344398
            ],
            [
              0.16036505867014342,
              0.6664937759336099
            ],
            [
              0.15971316818774445,
              0.6675311203319502
            ],
            [
              0.15873533246414603,
              0.6680497925311203
            ],
            [
              0.1577574967405476,
              0.6685684647302904
            ],
            [
              0.15677966101694915,
              0.6690871369294605
            ],
            [
              0.1558018252933507,
              0.6696058091286307
            ],
            [
              0.15514993481095177,
              0.6706431535269709
            ],
            [
              0.15417209908735333,
              0.671161825726141
            ],
            [
              0.15319426336375488,
              0.6716804979253111
            ],
            [
              0.15254237288135594,
              0.6727178423236515
            ],
            [
              0.1515645371577575,
              0.6732365145228216
            ],
            [
              0.15058670143415906,
              0.6737551867219918
            ],
            [
              0.14993481095176012,
              0.674792531120332
            ],
            [
              0.14895697522816168,
              0.6753112033195021
            ],
            [
              0.14797913950456323,
              0.6758298755186722
            ],
            [
              0.1470013037809648,
              0.6763485477178424
            ],
            [
              0.14602346805736635,
              0.6768672199170125
            ],
            [
              0.1453715775749674,
              0.6779045643153527
            ],
            [
              0.14471968709256844,
              0.678941908713693
            ],
            [
              0.14374185136897003,
              0.6794605809128631
            ],
            [
              0.14276401564537158,
              0.6799792531120332
            ],
            [
              0.14178617992177314,
              0.6804979253112033
            ],
            [
              0.1408083441981747,
              0.6810165975103735
            ],
            [
              0.13983050847457626,
              0.6815352697095436
            ],
            [
              0.13885267275097785,
              0.6820539419087137
            ],
            [
              0.1378748370273794,
              0.6825726141078838
            ],
            [
              0.13689700130378096,
              0.683091286307054
            ],
            [
              0.13624511082138202,
              0.6841286307053942
            ],
            [
              0.13526727509778358,
              0.6846473029045643
            ],
            [
              0.13428943937418514,
              0.6851659751037344
            ],
            [
              0.13363754889178617,
              0.6862033195020747
            ],
            [
              0.13298565840938723,
              0.6872406639004149
            ],
            [
              0.1316818774445893,
              0.6872406639004149
            ],
            [
              0.13102998696219034,
              0.6882780082987552
            ],
            [
              0.13005215123859193,
              0.6887966804979253
            ],
            [
              0.1290743155149935,
              0.6893153526970954
            ],
            [
              0.12842242503259452,
              0.6903526970954357
            ],
            [
              0.12744458930899608,
              0.6908713692946058
            ],
            [
              0.12646675358539766,
              0.6913900414937759
            ],
            [
              0.12516297262059975,
              0.6913900414937759
            ],
            [
              0.12451108213820078,
              0.6924273858921162
            ]
          ]
        ]
      },
      "properties": {
        "segment_id": 21,
        "area": 962,
        "bbox": [
          184.0,
          623.0,
          96.0,
          44.0
        ],
        "iou": 0.911331057548523,
        "stability": 0.9612244963645935,
        "auto_generated": true,
        "model": "segment_anything"
      }
    },
    {
      "type": "Feature",
      "geometry": {
        "type": "Polygon",
        "coordinates": [
          [
            [
              0.39113428943937417,
              0.40300829875518673
            ],
            [
              0.39048239895697523,
              0.40300829875518673
            ],
            [
              0.3898305084745763,
              0.40300829875518673
            ],
            [
              0.3895045632333768,
              0.4024896265560166
            ],
            [
              0.3891786179921773,
              0.4019709543568465
            ],
            [
              0.38885267275097785,
              0.40145228215767637
            ],
            [
              0.38885267275097785,
              0.4004149377593361
            ],
            [
              0.38885267275097785,
              0.3993775933609959
            ],
            [
              0.3891786179921773,
              0.39885892116182575
            ],
            [
              0.3895045632333768,
              0.3983402489626556
            ],
            [
              0.3898305084745763,
              0.39782157676348545
            ],
            [
              0.39015645371577573,
              0.39730290456431533
            ],
            [
              0.39048239895697523,
              0.3967842323651452
            ],
            [
              0.39080834419817473,
              0.3962655601659751
            ],
            [
              0.39113428943937417,
              0.39574688796680496
            ],
            [
              0.39146023468057367,
              0.39522821576763484
            ],
            [
              0.39146023468057367,
              0.3941908713692946
            ],
            [
              0.39146023468057367,
              0.39315352697095435
            ],
            [
              0.3917861799217731,
              0.3926348547717842
            ],
            [
              0.3921121251629726,
              0.3921161825726141
            ],
            [
              0.3924380704041721,
              0.391597510373444
            ],
            [
              0.39308996088657105,
              0.391597510373444
            ],
            [
              0.39341590612777055,
              0.39107883817427386
            ],
            [
              0.39374185136897,
              0.39056016597510373
            ],
            [
              0.394393741851369,
              0.39056016597510373
            ],
            [
              0.39504563233376794,
              0.39056016597510373
            ],
            [
              0.3956975228161669,
              0.39056016597510373
            ],
            [
              0.3963494132985658,
              0.39056016597510373
            ],
            [
              0.3970013037809648,
              0.39056016597510373
            ],
            [
              0.39765319426336376,
              0.39056016597510373
            ],
            [
              0.3983050847457627,
              0.39056016597510373
            ],
            [
              0.39895697522816165,
              0.39056016597510373
            ],
            [
              0.39960886571056065,
              0.39056016597510373
            ],
            [
              0.4002607561929596,
              0.39056016597510373
            ],
            [
              0.40091264667535853,
              0.39056016597510373
            ],
            [
              0.40123859191655803,
              0.39107883817427386
            ],
            [
              0.4015645371577575,
              0.391597510373444
            ],
            [
              0.40221642764015647,
              0.391597510373444
            ],
            [
              0.4028683181225554,
              0.391597510373444
            ],
            [
              0.40352020860495436,
              0.391597510373444
            ],
            [
              0.4041720990873533,
              0.391597510373444
            ],
            [
              0.4048239895697523,
              0.391597510373444
            ],
            [
              0.40547588005215124,
              0.391597510373444
            ],
            [
              0.4061277705345502,
              0.391597510373444
            ],
            [
              0.4067796610169492,
              0.391597510373444
            ],
            [
              0.4074315514993481,
              0.391597510373444
            ],
            [
              0.40808344198174706,
              0.391597510373444
            ],
            [
              0.408735332464146,
              0.391597510373444
            ],
            [
              0.409387222946545,
              0.391597510373444
            ],
            [
              0.41003911342894395,
              0.391597510373444
            ],
            [
              0.4106910039113429,
              0.391597510373444
            ],
            [
              0.41134289439374183,
              0.391597510373444
            ],
            [
              0.41199478487614083,
              0.391597510373444
            ],
            [
              0.41264667535853977,
              0.391597510373444
            ],
            [
              0.4132985658409387,
              0.391597510373444
            ],
            [
              0.41395045632333766,
              0.391597510373444
            ],
            [
              0.41460234680573665,
              0.391597510373444
            ],
            [
              0.4152542372881356,
              0.391597510373444
            ],
            [
              0.41590612777053454,
              0.391597510373444
            ],
            [
              0.4165580182529335,
              0.391597510373444
            ],
            [
              0.4172099087353325,
              0.391597510373444
            ],
            [
              0.4178617992177314,
              0.391597510373444
            ],
            [
              0.41851368970013036,
              0.391597510373444
            ],
            [
              0.41916558018252936,
              0.391597510373444
            ],
            [
              0.4198174706649283,
              0.391597510373444
            ],
            [
              0.42046936114732725,
              0.391597510373444
            ],
            [
              0.4211212516297262,
              0.391597510373444
            ],
            [
              0.4217731421121252,
              0.391597510373444
            ],
            [
              0.42242503259452413,
              0.391597510373444
            ],
            [
              0.4230769230769231,
              0.391597510373444
            ],
            [
              0.423728813559322,
              0.391597510373444
            ],
            [
              0.424380704041721,
              0.391597510373444
            ],
            [
              0.42503259452411996,
              0.391597510373444
            ],
            [
              0.4256844850065189,
              0.391597510373444
            ],
            [
              0.42633637548891784,
              0.391597510373444
            ],
            [
              0.42698826597131684,
              0.391597510373444
            ],
            [
              0.4276401564537158,
              0.391597510373444
            ],
            [
              0.4282920469361147,
              0.391597510373444
            ],
            [
              0.42894393741851367,
              0.391597510373444
            ],
            [
              0.42959582790091266,
              0.391597510373444
            ],
            [
              0.4302477183833116,
              0.391597510373444
            ],
            [
              0.43089960886571055,
              0.391597510373444
            ],
            [
              0.4315514993481095,
              0.391597510373444
            ],
            [
              0.4322033898305085,
              0.391597510373444
            ],
            [
              0.43252933507170793,
              0.3921161825726141
            ],
            [
              0.4322033898305085,
              0.3926348547717842
            ],
            [
              0.431877444589309,
              0.39315352697095435
            ],
            [
              0.431877444589309,
              0.3941908713692946
            ],
            [
              0.4315514993481095,
              0.3947095435684647
            ],
            [
              0.43122555410691005,
              0.39522821576763484
            ],
            [
              0.43089960886571055,
              0.39574688796680496
            ],
            [
              0.4305736636245111,
              0.3962655601659751
            ],
            [
              0.4302477183833116,
              0.3967842323651452
            ],
            [
              0.42959582790091266,
              0.3967842323651452
            ],
            [
              0.42926988265971316,
              0.39730290456431533
            ],
            [
              0.42894393741851367,
              0.39782157676348545
            ],
            [
              0.4286179921773142,
              0.3983402489626556
            ],
            [
              0.4286179921773142,
              0.3993775933609959
            ],
            [
              0.4282920469361147,
              0.399896265560166
            ],
            [
              0.4276401564537158,
              0.399896265560166
            ],
            [
              0.42698826597131684,
              0.399896265560166
            ],
            [
              0.42633637548891784,
              0.399896265560166
            ],
            [
              0.4260104302477184,
              0.4004149377593361
            ],
            [
              0.4256844850065189,
              0.40093360995850624
            ],
            [
              0.42503259452411996,
              0.40093360995850624
            ],
            [
              0.42470664928292046,
              0.40145228215767637
            ],
            [
              0.424380704041721,
              0.4019709543568465
            ],
            [
              0.423728813559322,
              0.4019709543568465
            ],
            [
              0.4230769230769231,
              0.4019709543568465
            ],
            [
              0.42242503259452413,
              0.4019709543568465
            ],
            [
              0.4217731421121252,
              0.4019709543568465
            ],
            [
              0.4211212516297262,
              0.4019709543568465
            ],
            [
              0.42046936114732725,
              0.4019709543568465
            ],
            [
              0.4198174706649283,
              0.4019709543568465
            ],
            [
              0.41916558018252936,
              0.4019709543568465
            ],
            [
              0.41851368970013036,
              0.4019709543568465
            ],
            [
              0.4178617992177314,
              0.4019709543568465
            ],
            [
              0.4172099087353325,
              0.4019709543568465
            ],
            [
              0.4165580182529335,
              0.4019709543568465
            ],
            [
              0.41590612777053454,
              0.4019709543568465
            ],
            [
              0.4152542372881356,
              0.4019709543568465
            ],
            [
              0.41460234680573665,
              0.4019709543568465
            ],
            [
              0.41395045632333766,
              0.4019709543568465
            ],
            [
              0.4132985658409387,
              0.4019709543568465
            ],
            [
              0.41264667535853977,
              0.4019709543568465
            ],
            [
              0.41199478487614083,
              0.4019709543568465
            ],
            [
              0.41134289439374183,
              0.4019709543568465
            ],
            [
              0.4106910039113429,
              0.4019709543568465
            ],
            [
              0.41003911342894395,
              0.4019709543568465
            ],
            [
              0.409387222946545,
              0.4019709543568465
            ],
            [
              0.408735332464146,
              0.4019709543568465
            ],
            [
              0.40808344198174706,
              0.4019709543568465
            ],
            [
              0.4074315514993481,
              0.4019709543568465
            ],
            [
              0.4067796610169492,
              0.4019709543568465
            ],
            [
              0.4061277705345502,
              0.4019709543568465
            ],
            [
              0.40547588005215124,
              0.4019709543568465
            ],
            [
              0.4048239895697523,
              0.4019709543568465
            ],
            [
              0.4041720990873533,
              0.4019709543568465
            ],
            [
              0.40352020860495436,
              0.4019709543568465
            ],
            [
              0.4028683181225554,
              0.4019709543568465
            ],
            [
              0.40221642764015647,
              0.4019709543568465
            ],
            [
              0.4015645371577575,
              0.4019709543568465
            ],
            [
              0.40091264667535853,
              0.4019709543568465
            ],
            [
              0.4002607561929596,
              0.4019709543568465
            ],
            [
              0.39960886571056065,
              0.4019709543568465
            ],
            [
              0.39895697522816165,
              0.4019709543568465
            ],
            [
              0.3983050847457627,
              0.4019709543568465
            ],
            [
              0.39765319426336376,
              0.4019709543568465
            ],
            [
              0.3970013037809648,
              0.4019709543568465
            ],
            [
              0.3963494132985658,
              0.4019709543568465
            ],
            [
              0.3956975228161669,
              0.4019709543568465
            ],
            [
              0.39504563233376794,
              0.4019709543568465
            ],
            [
              0.394393741851369,
              0.4019709543568465
            ],
            [
              0.39374185136897,
              0.4019709543568465
            ],
            [
              0.39308996088657105,
              0.4019709543568465
            ],
            [
              0.3924380704041721,
              0.4019709543568465
            ],
            [
              0.3917861799217731,
              0.4019709543568465
            ],
            [
              0.39146023468057367,
              0.4024896265560166
            ],
            [
              0.39113428943937417,
              0.40300829875518673
            ],
            [
              0.39113428943937417,
              0.40300829875518673
            ]
          ]
        ]
      },
      "properties": {
        "segment_id": 22,
        "area": 616,
        "bbox": [
          597.0,
          377.0,
          66.0,
          11.0
        ],
        "iou": 0.91020667552948,
        "stability": 0.940625011920929,
        "auto_generated": true,
        "model": "segment_anything"
      }
    },
    {
      "type": "Feature",
      "geometry": {
        "type": "Polygon",
        "coordinates": [
          [
            [
              0.0,
              0.5814315352697096
            ],
            [
              0.001303780964797914,
              0.5814315352697096
            ],
            [
              0.002607561929595828,
              0.5814315352697096
            ],
            [
              0.003259452411994785,
              0.5803941908713693
            ],
            [
              0.00423728813559322,
              0.5798755186721992
            ],
            [
              0.005215123859191656,
              0.5793568464730291
            ],
            [
              0.00651890482398957,
              0.5793568464730291
            ],
            [
              0.007170795306388526,
              0.5783195020746889
            ],
            [
              0.00847457627118644,
              0.5783195020746889
            ],
            [
              0.009778357235984355,
              0.5783195020746889
            ],
            [
              0.01108213820078227,
              0.5783195020746889
            ],
            [
              0.011734028683181226,
              0.5793568464730291
            ],
            [
              0.01303780964797914,
              0.5793568464730291
            ],
            [
              0.014341590612777053,
              0.5793568464730291
            ],
            [
              0.01499348109517601,
              0.5803941908713693
            ],
            [
              0.016297262059973925,
              0.5803941908713693
            ],
            [
              0.01727509778357236,
              0.5809128630705395
            ],
            [
              0.018252933507170794,
              0.5814315352697096
            ],
            [
              0.01955671447196871,
              0.5814315352697096
            ],
            [
              0.020208604954367666,
              0.5824688796680498
            ],
            [
              0.02151238591916558,
              0.5824688796680498
            ],
            [
              0.022816166883963495,
              0.5824688796680498
            ],
            [
              0.02346805736636245,
              0.5835062240663901
            ],
            [
              0.024771838331160364,
              0.5835062240663901
            ],
            [
              0.025749674054758802,
              0.5840248962655602
            ],
            [
              0.026727509778357236,
              0.5845435684647303
            ],
            [
              0.02770534550195567,
              0.5850622406639004
            ],
            [
              0.028683181225554105,
              0.5855809128630706
            ],
            [
              0.02998696219035202,
              0.5855809128630706
            ],
            [
              0.03129074315514994,
              0.5855809128630706
            ],
            [
              0.03259452411994785,
              0.5855809128630706
            ],
            [
              0.033246414602346806,
              0.5866182572614108
            ],
            [
              0.03455019556714472,
              0.5866182572614108
            ],
            [
              0.03585397653194263,
              0.5866182572614108
            ],
            [
              0.037157757496740544,
              0.5866182572614108
            ],
            [
              0.03780964797913951,
              0.5876556016597511
            ],
            [
              0.03911342894393742,
              0.5876556016597511
            ],
            [
              0.040091264667535854,
              0.5881742738589212
            ],
            [
              0.04106910039113429,
              0.5886929460580913
            ],
            [
              0.0423728813559322,
              0.5886929460580913
            ],
            [
              0.043350717079530636,
              0.5892116182572614
            ],
            [
              0.04432855280312908,
              0.5897302904564315
            ],
            [
              0.04563233376792699,
              0.5897302904564315
            ],
            [
              0.046610169491525424,
              0.5902489626556017
            ],
            [
              0.04758800521512386,
              0.5907676348547718
            ],
            [
              0.04889178617992177,
              0.5907676348547718
            ],
            [
              0.049869621903520206,
              0.5912863070539419
            ],
            [
              0.05052151238591916,
              0.5923236514522822
            ],
            [
              0.050195567144719684,
              0.5938796680497925
            ],
            [
              0.04954367666232073,
              0.5949170124481328
            ],
            [
              0.04889178617992177,
              0.595954356846473
            ],
            [
              0.04791395045632334,
              0.5964730290456431
            ],
            [
              0.0469361147327249,
              0.5969917012448133
            ],
            [
              0.04563233376792699,
              0.5969917012448133
            ],
            [
              0.044980443285528034,
              0.5980290456431535
            ],
            [
              0.0440026075619296,
              0.5985477178423236
            ],
            [
              0.04302477183833116,
              0.5990663900414938
            ],
            [
              0.0423728813559322,
              0.600103734439834
            ],
            [
              0.04106910039113429,
              0.600103734439834
            ],
            [
              0.04041720990873533,
              0.6011410788381742
            ],
            [
              0.03911342894393742,
              0.6011410788381742
            ],
            [
              0.038135593220338986,
              0.6016597510373444
            ],
            [
              0.037157757496740544,
              0.6021784232365145
            ],
            [
              0.03617992177314211,
              0.6026970954356846
            ],
            [
              0.035202086049543675,
              0.6032157676348547
            ],
            [
              0.03422425032594524,
              0.6037344398340249
            ],
            [
              0.033246414602346806,
              0.604253112033195
            ],
            [
              0.03259452411994785,
              0.6052904564315352
            ],
            [
              0.03129074315514994,
              0.6052904564315352
            ],
            [
              0.030638852672750978,
              0.6063278008298755
            ],
            [
              0.029335071707953065,
              0.6063278008298755
            ],
            [
              0.028683181225554105,
              0.6073651452282157
            ],
            [
              0.02803129074315515,
              0.608402489626556
            ],
            [
              0.026727509778357236,
              0.608402489626556
            ],
            [
              0.02607561929595828,
              0.6094398340248963
            ],
            [
              0.024771838331160364,
              0.6094398340248963
            ],
            [
              0.02379400260756193,
              0.6099585062240664
            ],
            [
              0.022816166883963495,
              0.6104771784232366
            ],
            [
              0.02216427640156454,
              0.6115145228215768
            ],
            [
              0.020860495436766623,
              0.6115145228215768
            ],
            [
              0.019882659713168188,
              0.6120331950207469
            ],
            [
              0.018904823989569754,
              0.6125518672199171
            ],
            [
              0.017601043024771838,
              0.6125518672199171
            ],
            [
              0.016623207301173403,
              0.6130705394190872
            ],
            [
              0.015971316818774447,
              0.6141078838174274
            ],
            [
              0.01499348109517601,
              0.6146265560165975
            ],
            [
              0.014341590612777053,
              0.6156639004149378
            ],
            [
              0.01303780964797914,
              0.6156639004149378
            ],
            [
              0.012385919165580182,
              0.616701244813278
            ],
            [
              0.011408083441981747,
              0.6172199170124482
            ],
            [
              0.010430247718383311,
              0.6177385892116183
            ],
            [
              0.009452411994784877,
              0.6182572614107884
            ],
            [
              0.00847457627118644,
              0.6187759336099585
            ],
            [
              0.007496740547588005,
              0.6192946058091287
            ],
            [
              0.00651890482398957,
              0.6198132780082988
            ],
            [
              0.005541069100391135,
              0.6203319502074689
            ],
            [
              0.0045632333767926985,
              0.620850622406639
            ],
            [
              0.003585397653194263,
              0.6213692946058091
            ],
            [
              0.002607561929595828,
              0.6218879668049793
            ],
            [
              0.001955671447196871,
              0.6229253112033195
            ],
            [
              0.000651890482398957,
              0.6229253112033195
            ],
            [
              0.0,
              0.5814315352697096
            ]
          ]
        ]
      },
      "properties": {
        "segment_id": 23,
        "area": 1890,
        "bbox": [
          0.0,
          558.0,
          77.0,
          42.0
        ],
        "iou": 0.9001480340957642,
        "stability": 0.9606217741966248,
        "auto_generated": true,
        "model": "segment_anything"
      }
    },
    {
      "type": "Feature",
      "geometry": {
        "type": "Polygon",
        "coordinates": [
          [
            [
              0.11799217731421122,
              0.6851659751037344
            ],
            [
              0.11636245110821382,
              0.6846473029045643
            ],
            [
              0.11538461538461539,
              0.683091286307054
            ],
            [
              0.11440677966101695,
              0.6815352697095436
            ],
            [
              0.113754889178618,
              0.6794605809128631
            ],
            [
              0.11277705345501955,
              0.6779045643153527
            ],
            [
              0.11147327249022164,
              0.6768672199170125
            ],
            [
              0.11049543676662321,
              0.6753112033195021
            ],
            [
              0.1091916558018253,
              0.6742738589211619
            ],
            [
              0.10821382007822686,
              0.6727178423236515
            ],
            [
              0.1075619295958279,
              0.6706431535269709
            ],
            [
              0.10658409387222946,
              0.6690871369294605
            ],
            [
              0.1059322033898305,
              0.66701244813278
            ],
            [
              0.10495436766623208,
              0.6654564315352697
            ],
            [
              0.10397653194263363,
              0.6639004149377593
            ],
            [
              0.10299869621903521,
              0.6623443983402489
            ],
            [
              0.1016949152542373,
              0.6613070539419087
            ],
            [
              0.10071707953063885,
              0.6597510373443983
            ],
            [
              0.1000651890482399,
              0.6576763485477178
            ],
            [
              0.09908735332464146,
              0.6561203319502075
            ],
            [
              0.0984354628422425,
              0.654045643153527
            ],
            [
              0.09745762711864407,
              0.6524896265560166
            ],
            [
              0.09647979139504563,
              0.6509336099585062
            ],
            [
              0.0955019556714472,
              0.6493775933609959
            ],
            [
              0.09485006518904825,
              0.6473029045643154
            ],
            [
              0.09485006518904825,
              0.6441908713692946
            ],
            [
              0.09582790091264667,
              0.6426348547717843
            ],
            [
              0.09778357235984354,
              0.6426348547717843
            ],
            [
              0.09908735332464146,
              0.641597510373444
            ],
            [
              0.10104302477183832,
              0.641597510373444
            ],
            [
              0.10202086049543677,
              0.6400414937759336
            ],
            [
              0.10332464146023468,
              0.6390041493775933
            ],
            [
              0.10462842242503259,
              0.6379668049792531
            ],
            [
              0.10528031290743155,
              0.6358921161825726
            ],
            [
              0.10560625814863103,
              0.633298755186722
            ],
            [
              0.1059322033898305,
              0.6307053941908713
            ],
            [
              0.10691003911342895,
              0.629149377593361
            ],
            [
              0.10821382007822686,
              0.6281120331950207
            ],
            [
              0.10951760104302477,
              0.6270746887966805
            ],
            [
              0.11082138200782268,
              0.6260373443983402
            ],
            [
              0.11277705345501955,
              0.6260373443983402
            ],
            [
              0.11408083441981746,
              0.6270746887966805
            ],
            [
              0.11603650586701435,
              0.6270746887966805
            ],
            [
              0.11766623207301173,
              0.6275933609958506
            ],
            [
              0.11929595827900913,
              0.6281120331950207
            ],
            [
              0.12059973924380704,
              0.629149377593361
            ],
            [
              0.12255541069100391,
              0.629149377593361
            ],
            [
              0.12385919165580182,
              0.6301867219917012
            ],
            [
              0.12516297262059975,
              0.6312240663900415
            ],
            [
              0.1271186440677966,
              0.6312240663900415
            ],
            [
              0.12842242503259452,
              0.6322614107883817
            ],
            [
              0.12972620599739243,
              0.633298755186722
            ],
            [
              0.1316818774445893,
              0.633298755186722
            ],
            [
              0.13298565840938723,
              0.6343360995850622
            ],
            [
              0.13494132985658408,
              0.6343360995850622
            ],
            [
              0.13689700130378096,
              0.6343360995850622
            ],
            [
              0.13820078226857888,
              0.6353734439834025
            ],
            [
              0.13983050847457626,
              0.6358921161825726
            ],
            [
              0.14146023468057367,
              0.6364107883817427
            ],
            [
              0.14276401564537158,
              0.6374481327800829
            ],
            [
              0.1440677966101695,
              0.6384854771784232
            ],
            [
              0.1453715775749674,
              0.6395228215767634
            ],
            [
              0.14732724902216426,
              0.6395228215767634
            ],
            [
              0.14863102998696218,
              0.6405601659751037
            ],
            [
              0.15058670143415906,
              0.6405601659751037
            ],
            [
              0.15189048239895697,
              0.641597510373444
            ],
            [
              0.15319426336375488,
              0.6426348547717843
            ],
            [
              0.15514993481095177,
              0.6426348547717843
            ],
            [
              0.15645371577574968,
              0.6436721991701245
            ],
            [
              0.15840938722294653,
              0.6436721991701245
            ],
            [
              0.15971316818774445,
              0.6447095435684648
            ],
            [
              0.16101694915254236,
              0.645746887966805
            ],
            [
              0.1623207301173403,
              0.6467842323651453
            ],
            [
              0.16395045632333768,
              0.6473029045643154
            ],
            [
              0.16558018252933507,
              0.6478215767634855
            ],
            [
              0.16623207301173404,
              0.6488589211618258
            ],
            [
              0.16460234680573663,
              0.6493775933609959
            ],
            [
              0.16297262059973924,
              0.649896265560166
            ],
            [
              0.1619947848761408,
              0.6514522821576764
            ],
            [
              0.16101694915254236,
              0.6530082987551867
            ],
            [
              0.15971316818774445,
              0.654045643153527
            ],
            [
              0.15840938722294653,
              0.6550829875518672
            ],
            [
              0.15710560625814862,
              0.6561203319502075
            ],
            [
              0.1558018252933507,
              0.6571576763485477
            ],
            [
              0.1544980443285528,
              0.658195020746888
            ],
            [
              0.15352020860495436,
              0.6597510373443983
            ],
            [
              0.15221642764015644,
              0.6607883817427386
            ],
            [
              0.15058670143415906,
              0.6613070539419087
            ],
            [
              0.14928292046936115,
              0.6623443983402489
            ],
            [
              0.14797913950456323,
              0.6633817427385892
            ],
            [
              0.14667535853976532,
              0.6644190871369294
            ],
            [
              0.1453715775749674,
              0.6654564315352697
            ],
            [
              0.1440677966101695,
              0.6664937759336099
            ],
            [
              0.14276401564537158,
              0.6675311203319502
            ],
            [
              0.14146023468057367,
              0.6685684647302904
            ],
            [
              0.13983050847457626,
              0.6690871369294605
            ],
            [
              0.13852672750977835,
              0.6701244813278008
            ],
            [
              0.13722294654498043,
              0.671161825726141
            ],
            [
              0.13591916558018252,
              0.6721991701244814
            ],
            [
              0.1346153846153846,
              0.6732365145228216
            ],
            [
              0.13298565840938723,
              0.6737551867219918
            ],
            [
              0.1316818774445893,
              0.674792531120332
            ],
            [
              0.13070404172099087,
              0.6763485477178424
            ],
            [
              0.12940026075619296,
              0.6773858921161826
            ],
            [
              0.12777053455019557,
              0.6779045643153527
            ],
            [
              0.12646675358539766,
              0.678941908713693
            ],
            [
              0.12516297262059975,
              0.6799792531120332
            ],
            [
              0.12385919165580182,
              0.6810165975103735
            ],
            [
              0.12255541069100391,
              0.6820539419087137
            ],
            [
              0.121251629726206,
              0.683091286307054
            ],
            [
              0.11994784876140809,
              0.6841286307053942
            ],
            [
              0.11831812255541069,
              0.6846473029045643
            ],
            [
              0.11799217731421122,
              0.6851659751037344
            ]
          ]
        ]
      },
      "properties": {
        "segment_id": 24,
        "area": 3311,
        "bbox": [
          146.0,
          604.0,
          109.0,
          56.0
        ],
        "iou": 0.898674488067627,
        "stability": 0.9330800771713257,
        "auto_generated": true,
        "model": "segment_anything"
      }
    },
    {
      "type": "Feature",
      "geometry": {
        "type": "Polygon",
        "coordinates": [
          [
            [
              0.42894393741851367,
              0.44761410788381745
            ],
            [
              0.4282920469361147,
              0.44761410788381745
            ],
            [
              0.4276401564537158,
              0.44761410788381745
            ],
            [
              0.4273142112125163,
              0.4470954356846473
            ],
            [
              0.42698826597131684,
              0.4465767634854772
            ],
            [
              0.42633637548891784,
              0.4465767634854772
            ],
            [
              0.4256844850065189,
              0.4465767634854772
            ],
            [
              0.42503259452411996,
              0.4465767634854772
            ],
            [
              0.42470664928292046,
              0.4460580912863071
            ],
            [
              0.424380704041721,
              0.44553941908713696
            ],
            [
              0.423728813559322,
              0.44553941908713696
            ],
            [
              0.4230769230769231,
              0.44553941908713696
            ],
            [
              0.42242503259452413,
              0.44553941908713696
            ],
            [
              0.4217731421121252,
              0.44553941908713696
            ],
            [
              0.4214471968709257,
              0.4450207468879668
            ],
            [
              0.4211212516297262,
              0.44450207468879666
            ],
            [
              0.42046936114732725,
              0.44450207468879666
            ],
            [
              0.4198174706649283,
              0.44450207468879666
            ],
            [
              0.41916558018252936,
              0.44450207468879666
            ],
            [
              0.41883963494132986,
              0.44398340248962653
            ],
            [
              0.41851368970013036,
              0.4434647302904564
            ],
            [
              0.4181877444589309,
              0.4429460580912863
            ],
            [
              0.4178617992177314,
              0.44242738589211617
            ],
            [
              0.4175358539765319,
              0.44190871369294604
            ],
            [
              0.4172099087353325,
              0.4413900414937759
            ],
            [
              0.416883963494133,
              0.4408713692946058
            ],
            [
              0.416883963494133,
              0.43983402489626555
            ],
            [
              0.4172099087353325,
              0.43931535269709543
            ],
            [
              0.4175358539765319,
              0.4387966804979253
            ],
            [
              0.4178617992177314,
              0.4382780082987552
            ],
            [
              0.41851368970013036,
              0.4382780082987552
            ],
            [
              0.41916558018252936,
              0.4382780082987552
            ],
            [
              0.4194915254237288,
              0.43775933609958506
            ],
            [
              0.4198174706649283,
              0.43724066390041494
            ],
            [
              0.42014341590612775,
              0.4367219917012448
            ],
            [
              0.42046936114732725,
              0.4362033195020747
            ],
            [
              0.4211212516297262,
              0.4362033195020747
            ],
            [
              0.4214471968709257,
              0.43568464730290457
            ],
            [
              0.4217731421121252,
              0.43516597510373445
            ],
            [
              0.42242503259452413,
              0.43516597510373445
            ],
            [
              0.4230769230769231,
              0.43516597510373445
            ],
            [
              0.423728813559322,
              0.43516597510373445
            ],
            [
              0.424380704041721,
              0.43516597510373445
            ],
            [
              0.42503259452411996,
              0.43516597510373445
            ],
            [
              0.4256844850065189,
              0.43516597510373445
            ],
            [
              0.42633637548891784,
              0.43516597510373445
            ],
            [
              0.42698826597131684,
              0.43516597510373445
            ],
            [
              0.4273142112125163,
              0.4346473029045643
            ],
            [
              0.4276401564537158,
              0.4341286307053942
            ],
            [
              0.4282920469361147,
              0.4341286307053942
            ],
            [
              0.4286179921773142,
              0.4346473029045643
            ],
            [
              0.42894393741851367,
              0.43516597510373445
            ],
            [
              0.42959582790091266,
              0.43516597510373445
            ],
            [
              0.4302477183833116,
              0.43516597510373445
            ],
            [
              0.43089960886571055,
              0.43516597510373445
            ],
            [
              0.4315514993481095,
              0.43516597510373445
            ],
            [
              0.4322033898305085,
              0.43516597510373445
            ],
            [
              0.43285528031290743,
              0.43516597510373445
            ],
            [
              0.4335071707953064,
              0.43516597510373445
            ],
            [
              0.43415906127770537,
              0.43516597510373445
            ],
            [
              0.4348109517601043,
              0.43516597510373445
            ],
            [
              0.43546284224250326,
              0.43516597510373445
            ],
            [
              0.4361147327249022,
              0.43516597510373445
            ],
            [
              0.4367666232073012,
              0.43516597510373445
            ],
            [
              0.43741851368970014,
              0.43516597510373445
            ],
            [
              0.4377444589308996,
              0.43568464730290457
            ],
            [
              0.4380704041720991,
              0.4362033195020747
            ],
            [
              0.438722294654498,
              0.4362033195020747
            ],
            [
              0.439374185136897,
              0.4362033195020747
            ],
            [
              0.43970013037809647,
              0.4367219917012448
            ],
            [
              0.439374185136897,
              0.43724066390041494
            ],
            [
              0.4390482398956975,
              0.43775933609958506
            ],
            [
              0.438722294654498,
              0.4382780082987552
            ],
            [
              0.4383963494132986,
              0.4387966804979253
            ],
            [
              0.4380704041720991,
              0.43931535269709543
            ],
            [
              0.4377444589308996,
              0.43983402489626555
            ],
            [
              0.43741851368970014,
              0.4403526970954357
            ],
            [
              0.43709256844850064,
              0.4408713692946058
            ],
            [
              0.4367666232073012,
              0.4413900414937759
            ],
            [
              0.4364406779661017,
              0.44190871369294604
            ],
            [
              0.4361147327249022,
              0.44242738589211617
            ],
            [
              0.43546284224250326,
              0.44242738589211617
            ],
            [
              0.43513689700130376,
              0.4429460580912863
            ],
            [
              0.4348109517601043,
              0.4434647302904564
            ],
            [
              0.43415906127770537,
              0.4434647302904564
            ],
            [
              0.4338331160365059,
              0.44398340248962653
            ],
            [
              0.4335071707953064,
              0.44450207468879666
            ],
            [
              0.43285528031290743,
              0.44450207468879666
            ],
            [
              0.43252933507170793,
              0.4450207468879668
            ],
            [
              0.4322033898305085,
              0.44553941908713696
            ],
            [
              0.4315514993481095,
              0.44553941908713696
            ],
            [
              0.43122555410691005,
              0.4460580912863071
            ],
            [
              0.43089960886571055,
              0.4465767634854772
            ],
            [
              0.4302477183833116,
              0.4465767634854772
            ],
            [
              0.42959582790091266,
              0.4465767634854772
            ],
            [
              0.42926988265971316,
              0.4470954356846473
            ],
            [
              0.42894393741851367,
              0.44761410788381745
            ],
            [
              0.42894393741851367,
              0.44761410788381745
            ]
          ]
        ]
      },
      "properties": {
        "segment_id": 25,
        "area": 290,
        "bbox": [
          640.0,
          419.0,
          34.0,
          12.0
        ],
        "iou": 0.8948025703430176,
        "stability": 0.9496644139289856,
        "auto_generated": true,
        "model": "segment_anything"
      }
    },
    {
      "type": "Feature",
      "geometry": {
        "type": "Polygon",
        "coordinates": [
          [
            [
              0.32333767926988266,
              0.600103734439834
            ],
            [
              0.3213820078226858,
              0.600103734439834
            ],
            [
              0.3200782268578879,
              0.5990663900414938
            ],
            [
              0.31877444589308995,
              0.5980290456431535
            ],
            [
              0.3177966101694915,
              0.5964730290456431
            ],
            [
              0.3164928292046936,
              0.5954356846473029
            ],
            [
              0.3155149934810952,
              0.5938796680497925
            ],
            [
              0.31421121251629724,
              0.5928423236514523
            ],
            [
              0.31258148631029986,
              0.5923236514522822
            ],
            [
              0.3116036505867014,
              0.5907676348547718
            ],
            [
              0.311277705345502,
              0.5881742738589212
            ],
            [
              0.31258148631029986,
              0.5871369294605809
            ],
            [
              0.3138852672750978,
              0.5860995850622407
            ],
            [
              0.3151890482398957,
              0.5850622406639004
            ],
            [
              0.3161668839634941,
              0.5835062240663901
            ],
            [
              0.3177966101694915,
              0.58298755186722
            ],
            [
              0.31877444589308995,
              0.5814315352697096
            ],
            [
              0.3200782268578879,
              0.5803941908713693
            ],
            [
              0.3213820078226858,
              0.5793568464730291
            ],
            [
              0.3226857887874837,
              0.5783195020746889
            ],
            [
              0.3239895697522816,
              0.5772821576763485
            ],
            [
              0.32529335071707954,
              0.5762448132780082
            ],
            [
              0.32659713168187743,
              0.575207468879668
            ],
            [
              0.32757496740547587,
              0.5736514522821576
            ],
            [
              0.3288787483702738,
              0.5726141078838174
            ],
            [
              0.3301825293350717,
              0.5715767634854771
            ],
            [
              0.33116036505867014,
              0.5700207468879668
            ],
            [
              0.3324641460234681,
              0.5689834024896265
            ],
            [
              0.33376792698826596,
              0.5679460580912863
            ],
            [
              0.3350717079530639,
              0.566908713692946
            ],
            [
              0.3363754889178618,
              0.5658713692946058
            ],
            [
              0.3376792698826597,
              0.5648340248962656
            ],
            [
              0.33865710560625817,
              0.5632780082987552
            ],
            [
              0.3396349413298566,
              0.5617219917012448
            ],
            [
              0.340612777053455,
              0.5601659751037344
            ],
            [
              0.34159061277705344,
              0.5586099585062241
            ],
            [
              0.34224250325945244,
              0.5565352697095436
            ],
            [
              0.3432203389830508,
              0.5549792531120332
            ],
            [
              0.34419817470664926,
              0.5534232365145229
            ],
            [
              0.3455019556714472,
              0.5523858921161826
            ],
            [
              0.3471316818774446,
              0.5518672199170125
            ],
            [
              0.3484354628422425,
              0.5508298755186722
            ],
            [
              0.3497392438070404,
              0.549792531120332
            ],
            [
              0.3513689700130378,
              0.5492738589211619
            ],
            [
              0.3533246414602347,
              0.5492738589211619
            ],
            [
              0.3546284224250326,
              0.5482365145228216
            ],
            [
              0.3559322033898305,
              0.5471991701244814
            ],
            [
              0.35723598435462844,
              0.546161825726141
            ],
            [
              0.35853976531942633,
              0.5451244813278008
            ],
            [
              0.35984354628422427,
              0.5440871369294605
            ],
            [
              0.36114732724902215,
              0.5430497925311203
            ],
            [
              0.36310299869621904,
              0.5430497925311203
            ],
            [
              0.3644067796610169,
              0.54201244813278
            ],
            [
              0.36571056062581486,
              0.5430497925311203
            ],
            [
              0.36734028683181225,
              0.5435684647302904
            ],
            [
              0.3686440677966102,
              0.5446058091286307
            ],
            [
              0.37027379400260757,
              0.5451244813278008
            ],
            [
              0.37157757496740546,
              0.546161825726141
            ],
            [
              0.37353324641460234,
              0.546161825726141
            ],
            [
              0.3754889178617992,
              0.546161825726141
            ],
            [
              0.3774445893089961,
              0.546161825726141
            ],
            [
              0.37809647979139505,
              0.5471991701244814
            ],
            [
              0.3771186440677966,
              0.5487551867219918
            ],
            [
              0.37646675358539766,
              0.5508298755186722
            ],
            [
              0.3751629726205997,
              0.5518672199170125
            ],
            [
              0.37385919165580184,
              0.5529045643153527
            ],
            [
              0.3728813559322034,
              0.5544605809128631
            ],
            [
              0.37190352020860495,
              0.5560165975103735
            ],
            [
              0.370599739243807,
              0.5570539419087137
            ],
            [
              0.36929595827900913,
              0.558091286307054
            ],
            [
              0.36766623207301175,
              0.5586099585062241
            ],
            [
              0.3666883963494133,
              0.5601659751037344
            ],
            [
              0.36538461538461536,
              0.5612033195020747
            ],
            [
              0.3640808344198175,
              0.5622406639004149
            ],
            [
              0.36277705345501954,
              0.5632780082987552
            ],
            [
              0.3617992177314211,
              0.5648340248962656
            ],
            [
              0.3604954367666232,
              0.5658713692946058
            ],
            [
              0.35919165580182527,
              0.566908713692946
            ],
            [
              0.3578878748370274,
              0.5679460580912863
            ],
            [
              0.35691003911342895,
              0.5695020746887967
            ],
            [
              0.355606258148631,
              0.5705394190871369
            ],
            [
              0.3546284224250326,
              0.5720954356846473
            ],
            [
              0.3533246414602347,
              0.5731327800829875
            ],
            [
              0.3520208604954368,
              0.5741701244813278
            ],
            [
              0.35071707953063885,
              0.575207468879668
            ],
            [
              0.3494132985658409,
              0.5762448132780082
            ],
            [
              0.34810951760104303,
              0.5772821576763485
            ],
            [
              0.3468057366362451,
              0.5783195020746889
            ],
            [
              0.3455019556714472,
              0.5793568464730291
            ],
            [
              0.34419817470664926,
              0.5803941908713693
            ],
            [
              0.3432203389830508,
              0.5819502074688797
            ],
            [
              0.34191655801825294,
              0.58298755186722
            ],
            [
              0.3409387222946545,
              0.5845435684647303
            ],
            [
              0.3396349413298566,
              0.5855809128630706
            ],
            [
              0.33833116036505867,
              0.5866182572614108
            ],
            [
              0.33735332464146023,
              0.5881742738589212
            ],
            [
              0.33604954367666234,
              0.5892116182572614
            ],
            [
              0.3350717079530639,
              0.5907676348547718
            ],
            [
              0.33376792698826596,
              0.591804979253112
            ],
            [
              0.3321382007822686,
              0.5923236514522822
            ],
            [
              0.33083441981747064,
              0.5933609958506224
            ],
            [
              0.32953063885267275,
              0.5943983402489627
            ],
            [
              0.3285528031290743,
              0.595954356846473
            ],
            [
              0.3272490221642764,
              0.5969917012448133
            ],
            [
              0.3259452411994785,
              0.5980290456431535
            ],
            [
              0.3246414602346806,
              0.5990663900414938
            ],
            [
              0.32333767926988266,
              0.600103734439834
            ]
          ]
        ]
      },
      "properties": {
        "segment_id": 26,
        "area": 1892,
        "bbox": [
          478.0,
          523.0,
          102.0,
          55.0
        ],
        "iou": 0.8896665573120117,
        "stability": 0.9548988938331604,
        "auto_generated": true,
        "model": "segment_anything"
      }
    },
    {
      "type": "Feature",
      "geometry": {
        "type": "Polygon",
        "coordinates": [
          [
            [
              0.0,
              0.5191908713692946
            ],
            [
              0.000651890482398957,
              0.5191908713692946
            ],
            [
              0.001303780964797914,
              0.5191908713692946
            ],
            [
              0.0016297262059973925,
              0.5186721991701245
            ],
            [
              0.001955671447196871,
              0.5181535269709544
            ],
            [
              0.002607561929595828,
              0.5181535269709544
            ],
            [
              0.003259452411994785,
              0.5181535269709544
            ],
            [
              0.003911342894393742,
              0.5181535269709544
            ],
            [
              0.0045632333767926985,
              0.5181535269709544
            ],
            [
              0.005215123859191656,
              0.5181535269709544
            ],
            [
              0.005867014341590613,
              0.5181535269709544
            ],
            [
              0.00651890482398957,
              0.5181535269709544
            ],
            [
              0.007170795306388526,
              0.5181535269709544
            ],
            [
              0.007822685788787484,
              0.5181535269709544
            ],
            [
              0.00847457627118644,
              0.5181535269709544
            ],
            [
              0.009126466753585397,
              0.5181535269709544
            ],
            [
              0.009778357235984355,
              0.5181535269709544
            ],
            [
              0.010430247718383311,
              0.5181535269709544
            ],
            [
              0.01075619295958279,
              0.5176348547717843
            ],
            [
              0.01108213820078227,
              0.5171161825726142
            ],
            [
              0.011734028683181226,
              0.5171161825726142
            ],
            [
              0.012385919165580182,
              0.5171161825726142
            ],
            [
              0.01303780964797914,
              0.5171161825726142
            ],
            [
              0.013689700130378096,
              0.5171161825726142
            ],
            [
              0.014341590612777053,
              0.5171161825726142
            ],
            [
              0.01499348109517601,
              0.5171161825726142
            ],
            [
              0.01564537157757497,
              0.5171161825726142
            ],
            [
              0.016297262059973925,
              0.5171161825726142
            ],
            [
              0.01694915254237288,
              0.5171161825726142
            ],
            [
              0.017601043024771838,
              0.5171161825726142
            ],
            [
              0.018252933507170794,
              0.5171161825726142
            ],
            [
              0.018904823989569754,
              0.5171161825726142
            ],
            [
              0.01955671447196871,
              0.5171161825726142
            ],
            [
              0.020208604954367666,
              0.5171161825726142
            ],
            [
              0.020534550195567144,
              0.516597510373444
            ],
            [
              0.020860495436766623,
              0.5160788381742739
            ],
            [
              0.02151238591916558,
              0.5160788381742739
            ],
            [
              0.02216427640156454,
              0.5160788381742739
            ],
            [
              0.022816166883963495,
              0.5160788381742739
            ],
            [
              0.02346805736636245,
              0.5160788381742739
            ],
            [
              0.02379400260756193,
              0.516597510373444
            ],
            [
              0.024119947848761408,
              0.5171161825726142
            ],
            [
              0.024771838331160364,
              0.5171161825726142
            ],
            [
              0.025097783572359842,
              0.516597510373444
            ],
            [
              0.025423728813559324,
              0.5160788381742739
            ],
            [
              0.02607561929595828,
              0.5160788381742739
            ],
            [
              0.026727509778357236,
              0.5160788381742739
            ],
            [
              0.027379400260756193,
              0.5160788381742739
            ],
            [
              0.02803129074315515,
              0.5160788381742739
            ],
            [
              0.028683181225554105,
              0.5160788381742739
            ],
            [
              0.029335071707953065,
              0.5160788381742739
            ],
            [
              0.02998696219035202,
              0.5160788381742739
            ],
            [
              0.030638852672750978,
              0.5160788381742739
            ],
            [
              0.03129074315514994,
              0.5160788381742739
            ],
            [
              0.031616688396349416,
              0.5155601659751037
            ],
            [
              0.031942633637548894,
              0.5150414937759336
            ],
            [
              0.03259452411994785,
              0.5150414937759336
            ],
            [
              0.033246414602346806,
              0.5150414937759336
            ],
            [
              0.03389830508474576,
              0.5150414937759336
            ],
            [
              0.03455019556714472,
              0.5150414937759336
            ],
            [
              0.035202086049543675,
              0.5150414937759336
            ],
            [
              0.03552803129074315,
              0.5145228215767634
            ],
            [
              0.03585397653194263,
              0.5140041493775933
            ],
            [
              0.03650586701434159,
              0.5140041493775933
            ],
            [
              0.037157757496740544,
              0.5140041493775933
            ],
            [
              0.03780964797913951,
              0.5140041493775933
            ],
            [
              0.038461538461538464,
              0.5140041493775933
            ],
            [
              0.03911342894393742,
              0.5140041493775933
            ],
            [
              0.039765319426336376,
              0.5140041493775933
            ],
            [
              0.040091264667535854,
              0.5145228215767634
            ],
            [
              0.04041720990873533,
              0.5150414937759336
            ],
            [
              0.04106910039113429,
              0.5150414937759336
            ],
            [
              0.041720990873533245,
              0.5150414937759336
            ],
            [
              0.0423728813559322,
              0.5150414937759336
            ],
            [
              0.04302477183833116,
              0.5150414937759336
            ],
            [
              0.043676662320730114,
              0.5150414937759336
            ],
            [
              0.04432855280312908,
              0.5150414937759336
            ],
            [
              0.044980443285528034,
              0.5150414937759336
            ],
            [
              0.04563233376792699,
              0.5150414937759336
            ],
            [
              0.046284224250325946,
              0.5150414937759336
            ],
            [
              0.046610169491525424,
              0.5155601659751037
            ],
            [
              0.0469361147327249,
              0.5160788381742739
            ],
            [
              0.04726205997392438,
              0.516597510373444
            ],
            [
              0.0469361147327249,
              0.5171161825726142
            ],
            [
              0.046610169491525424,
              0.5176348547717843
            ],
            [
              0.046610169491525424,
              0.5186721991701245
            ],
            [
              0.046284224250325946,
              0.5191908713692946
            ],
            [
              0.04595827900912647,
              0.5197095435684648
            ],
            [
              0.04563233376792699,
              0.5202282157676349
            ],
            [
              0.044980443285528034,
              0.5202282157676349
            ],
            [
              0.044654498044328556,
              0.520746887966805
            ],
            [
              0.04432855280312908,
              0.5212655601659751
            ],
            [
              0.043676662320730114,
              0.5212655601659751
            ],
            [
              0.04302477183833116,
              0.5212655601659751
            ],
            [
              0.04269882659713168,
              0.5217842323651453
            ],
            [
              0.0423728813559322,
              0.5223029045643154
            ],
            [
              0.041720990873533245,
              0.5223029045643154
            ],
            [
              0.04139504563233377,
              0.5228215767634855
            ],
            [
              0.04106910039113429,
              0.5233402489626556
            ],
            [
              0.04041720990873533,
              0.5233402489626556
            ],
            [
              0.039765319426336376,
              0.5233402489626556
            ],
            [
              0.03911342894393742,
              0.5233402489626556
            ],
            [
              0.038461538461538464,
              0.5233402489626556
            ],
            [
              0.038135593220338986,
              0.5238589211618258
            ],
            [
              0.03780964797913951,
              0.5243775933609959
            ],
            [
              0.037157757496740544,
              0.5243775933609959
            ],
            [
              0.03650586701434159,
              0.5243775933609959
            ],
            [
              0.03585397653194263,
              0.5243775933609959
            ],
            [
              0.035202086049543675,
              0.5243775933609959
            ],
            [
              0.0348761408083442,
              0.524896265560166
            ],
            [
              0.03455019556714472,
              0.5254149377593361
            ],
            [
              0.03389830508474576,
              0.5254149377593361
            ],
            [
              0.033246414602346806,
              0.5254149377593361
            ],
            [
              0.03292046936114733,
              0.5259336099585062
            ],
            [
              0.03259452411994785,
              0.5264522821576764
            ],
            [
              0.031942633637548894,
              0.5264522821576764
            ],
            [
              0.031616688396349416,
              0.5269709543568465
            ],
            [
              0.03129074315514994,
              0.5274896265560166
            ],
            [
              0.030638852672750978,
              0.5274896265560166
            ],
            [
              0.02998696219035202,
              0.5274896265560166
            ],
            [
              0.029661016949152543,
              0.5280082987551867
            ],
            [
              0.029335071707953065,
              0.5285269709543569
            ],
            [
              0.028683181225554105,
              0.5285269709543569
            ],
            [
              0.02803129074315515,
              0.5285269709543569
            ],
            [
              0.02770534550195567,
              0.529045643153527
            ],
            [
              0.027379400260756193,
              0.5295643153526971
            ],
            [
              0.026727509778357236,
              0.5295643153526971
            ],
            [
              0.02607561929595828,
              0.5295643153526971
            ],
            [
              0.025749674054758802,
              0.5300829875518672
            ],
            [
              0.025423728813559324,
              0.5306016597510373
            ],
            [
              0.024771838331160364,
              0.5306016597510373
            ],
            [
              0.024119947848761408,
              0.5306016597510373
            ],
            [
              0.02346805736636245,
              0.5306016597510373
            ],
            [
              0.022816166883963495,
              0.5306016597510373
            ],
            [
              0.02216427640156454,
              0.5306016597510373
            ],
            [
              0.02151238591916558,
              0.5306016597510373
            ],
            [
              0.0211864406779661,
              0.5311203319502075
            ],
            [
              0.020860495436766623,
              0.5316390041493776
            ],
            [
              0.020208604954367666,
              0.5316390041493776
            ],
            [
              0.01955671447196871,
              0.5316390041493776
            ],
            [
              0.018904823989569754,
              0.5316390041493776
            ],
            [
              0.018252933507170794,
              0.5316390041493776
            ],
            [
              0.017601043024771838,
              0.5316390041493776
            ],
            [
              0.01694915254237288,
              0.5316390041493776
            ],
            [
              0.016297262059973925,
              0.5316390041493776
            ],
            [
              0.01564537157757497,
              0.5316390041493776
            ],
            [
              0.01499348109517601,
              0.5316390041493776
            ],
            [
              0.014667535853976532,
              0.5321576763485477
            ],
            [
              0.014341590612777053,
              0.5326763485477178
            ],
            [
              0.013689700130378096,
              0.5326763485477178
            ],
            [
              0.01303780964797914,
              0.5326763485477178
            ],
            [
              0.012385919165580182,
              0.5326763485477178
            ],
            [
              0.011734028683181226,
              0.5326763485477178
            ],
            [
              0.01108213820078227,
              0.5326763485477178
            ],
            [
              0.010430247718383311,
              0.5326763485477178
            ],
            [
              0.009778357235984355,
              0.5326763485477178
            ],
            [
              0.009126466753585397,
              0.5326763485477178
            ],
            [
              0.00847457627118644,
              0.5326763485477178
            ],
            [
              0.007822685788787484,
              0.5326763485477178
            ],
            [
              0.007170795306388526,
              0.5326763485477178
            ],
            [
              0.00651890482398957,
              0.5326763485477178
            ],
            [
              0.005867014341590613,
              0.5326763485477178
            ],
            [
              0.005215123859191656,
              0.5326763485477178
            ],
            [
              0.0045632333767926985,
              0.5326763485477178
            ],
            [
              0.003911342894393742,
              0.5326763485477178
            ],
            [
              0.003259452411994785,
              0.5326763485477178
            ],
            [
              0.002607561929595828,
              0.5326763485477178
            ],
            [
              0.001955671447196871,
              0.5326763485477178
            ],
            [
              0.001303780964797914,
              0.5326763485477178
            ],
            [
              0.000651890482398957,
              0.5326763485477178
            ],
            [
              0.0,
              0.5326763485477178
            ],
            [
              0.0,
              0.5191908713692946
            ]
          ]
        ]
      },
      "properties": {
        "segment_id": 27,
        "area": 861,
        "bbox": [
          0.0,
          496.0,
          72.0,
          17.0
        ],
        "iou": 0.8833853006362915,
        "stability": 0.944695234298706,
        "auto_generated": true,
        "model": "segment_anything"
      }
    },
    {
      "type": "Feature",
      "geometry": {
        "type": "Polygon",
        "coordinates": [
          [
            [
              0.0,
              0.5928423236514523
            ],
            [
              0.000651890482398957,
              0.5928423236514523
            ],
            [
              0.001303780964797914,
              0.5928423236514523
            ],
            [
              0.0016297262059973925,
              0.5933609958506224
            ],
            [
              0.001955671447196871,
              0.5938796680497925
            ],
            [
              0.002607561929595828,
              0.5938796680497925
            ],
            [
              0.003259452411994785,
              0.5938796680497925
            ],
            [
              0.003585397653194263,
              0.5943983402489627
            ],
            [
              0.003911342894393742,
              0.5949170124481328
            ],
            [
              0.0045632333767926985,
              0.5949170124481328
            ],
            [
              0.005215123859191656,
              0.5949170124481328
            ],
            [
              0.005541069100391135,
              0.5954356846473029
            ],
            [
              0.005867014341590613,
              0.595954356846473
            ],
            [
              0.00651890482398957,
              0.595954356846473
            ],
            [
              0.006844850065189048,
              0.5964730290456431
            ],
            [
              0.007170795306388526,
              0.5969917012448133
            ],
            [
              0.007822685788787484,
              0.5969917012448133
            ],
            [
              0.00847457627118644,
              0.5969917012448133
            ],
            [
              0.008800521512385919,
              0.5975103734439834
            ],
            [
              0.009126466753585397,
              0.5980290456431535
            ],
            [
              0.009778357235984355,
              0.5980290456431535
            ],
            [
              0.010430247718383311,
              0.5980290456431535
            ],
            [
              0.01108213820078227,
              0.5980290456431535
            ],
            [
              0.011734028683181226,
              0.5980290456431535
            ],
            [
              0.012385919165580182,
              0.5980290456431535
            ],
            [
              0.01303780964797914,
              0.5980290456431535
            ],
            [
              0.013689700130378096,
              0.5980290456431535
            ],
            [
              0.014015645371577574,
              0.5985477178423236
            ],
            [
              0.014341590612777053,
              0.5990663900414938
            ],
            [
              0.01499348109517601,
              0.5990663900414938
            ],
            [
              0.01564537157757497,
              0.5990663900414938
            ],
            [
              0.016297262059973925,
              0.5990663900414938
            ],
            [
              0.01694915254237288,
              0.5990663900414938
            ],
            [
              0.017601043024771838,
              0.5990663900414938
            ],
            [
              0.018252933507170794,
              0.5990663900414938
            ],
            [
              0.018578878748370272,
              0.5995850622406639
            ],
            [
              0.018904823989569754,
              0.600103734439834
            ],
            [
              0.01955671447196871,
              0.600103734439834
            ],
            [
              0.019882659713168188,
              0.6006224066390041
            ],
            [
              0.020208604954367666,
              0.6011410788381742
            ],
            [
              0.020534550195567144,
              0.6016597510373444
            ],
            [
              0.020860495436766623,
              0.6021784232365145
            ],
            [
              0.0211864406779661,
              0.6026970954356846
            ],
            [
              0.0211864406779661,
              0.6037344398340249
            ],
            [
              0.020860495436766623,
              0.604253112033195
            ],
            [
              0.020534550195567144,
              0.6047717842323651
            ],
            [
              0.020208604954367666,
              0.6052904564315352
            ],
            [
              0.019882659713168188,
              0.6058091286307054
            ],
            [
              0.01955671447196871,
              0.6063278008298755
            ],
            [
              0.019230769230769232,
              0.6068464730290456
            ],
            [
              0.018904823989569754,
              0.6073651452282157
            ],
            [
              0.018578878748370272,
              0.6078838174273858
            ],
            [
              0.018252933507170794,
              0.608402489626556
            ],
            [
              0.017601043024771838,
              0.608402489626556
            ],
            [
              0.01694915254237288,
              0.608402489626556
            ],
            [
              0.016623207301173403,
              0.6089211618257261
            ],
            [
              0.016297262059973925,
              0.6094398340248963
            ],
            [
              0.01564537157757497,
              0.6094398340248963
            ],
            [
              0.01499348109517601,
              0.6094398340248963
            ],
            [
              0.014341590612777053,
              0.6094398340248963
            ],
            [
              0.014015645371577574,
              0.6099585062240664
            ],
            [
              0.013689700130378096,
              0.6104771784232366
            ],
            [
              0.01303780964797914,
              0.6104771784232366
            ],
            [
              0.012385919165580182,
              0.6104771784232366
            ],
            [
              0.012059973924380704,
              0.6109958506224067
            ],
            [
              0.011734028683181226,
              0.6115145228215768
            ],
            [
              0.01108213820078227,
              0.6115145228215768
            ],
            [
              0.010430247718383311,
              0.6115145228215768
            ],
            [
              0.010104302477183833,
              0.6120331950207469
            ],
            [
              0.009778357235984355,
              0.6125518672199171
            ],
            [
              0.009126466753585397,
              0.6125518672199171
            ],
            [
              0.008800521512385919,
              0.6130705394190872
            ],
            [
              0.00847457627118644,
              0.6135892116182573
            ],
            [
              0.007822685788787484,
              0.6135892116182573
            ],
            [
              0.007496740547588005,
              0.6141078838174274
            ],
            [
              0.007170795306388526,
              0.6146265560165975
            ],
            [
              0.00651890482398957,
              0.6146265560165975
            ],
            [
              0.005867014341590613,
              0.6146265560165975
            ],
            [
              0.005541069100391135,
              0.6151452282157677
            ],
            [
              0.005215123859191656,
              0.6156639004149378
            ],
            [
              0.0045632333767926985,
              0.6156639004149378
            ],
            [
              0.003911342894393742,
              0.6156639004149378
            ],
            [
              0.003585397653194263,
              0.6161825726141079
            ],
            [
              0.003259452411994785,
              0.616701244813278
            ],
            [
              0.002607561929595828,
              0.616701244813278
            ],
            [
              0.001955671447196871,
              0.616701244813278
            ],
            [
              0.0016297262059973925,
              0.6172199170124482
            ],
            [
              0.001303780964797914,
              0.6177385892116183
            ],
            [
              0.000651890482398957,
              0.6177385892116183
            ],
            [
              0.0,
              0.6177385892116183
            ],
            [
              0.0,
              0.5928423236514523
            ]
          ]
        ]
      },
      "properties": {
        "segment_id": 28,
        "area": 472,
        "bbox": [
          0.0,
          572.0,
          32.0,
          23.0
        ],
        "iou": 0.8675141334533691,
        "stability": 0.9527720808982849,
        "auto_generated": true,
        "model": "segment_anything"
      }
    },
    {
      "type": "Feature",
      "geometry": {
        "type": "Polygon",
        "coordinates": [
          [
            [
              0.3494132985658409,
              0.4092323651452282
            ],
            [
              0.34876140808344197,
              0.40819502074688796
            ],
            [
              0.3474576271186441,
              0.40819502074688796
            ],
            [
              0.34615384615384615,
              0.40819502074688796
            ],
            [
              0.3455019556714472,
              0.4092323651452282
            ],
            [
              0.34452411994784876,
              0.4087136929460581
            ],
            [
              0.3435462842242503,
              0.40819502074688796
            ],
            [
              0.34224250325945244,
              0.40819502074688796
            ],
            [
              0.3409387222946545,
              0.40819502074688796
            ],
            [
              0.3396349413298566,
              0.40819502074688796
            ],
            [
              0.33833116036505867,
              0.40819502074688796
            ],
            [
              0.33702737940026073,
              0.40819502074688796
            ],
            [
              0.3363754889178618,
              0.4071576763485477
            ],
            [
              0.33572359843546284,
              0.40612033195020747
            ],
            [
              0.33572359843546284,
              0.4050829875518672
            ],
            [
              0.33604954367666234,
              0.40352697095435686
            ],
            [
              0.3363754889178618,
              0.4019709543568465
            ],
            [
              0.33702737940026073,
              0.40093360995850624
            ],
            [
              0.3376792698826597,
              0.399896265560166
            ],
            [
              0.33833116036505867,
              0.39885892116182575
            ],
            [
              0.3389830508474576,
              0.39782157676348545
            ],
            [
              0.33996088657105605,
              0.39730290456431533
            ],
            [
              0.3409387222946545,
              0.3967842323651452
            ],
            [
              0.34159061277705344,
              0.39574688796680496
            ],
            [
              0.34191655801825294,
              0.3941908713692946
            ],
            [
              0.3425684485006519,
              0.39315352697095435
            ],
            [
              0.3428943937418514,
              0.391597510373444
            ],
            [
              0.34419817470664926,
              0.391597510373444
            ],
            [
              0.3451760104302477,
              0.39107883817427386
            ],
            [
              0.34615384615384615,
              0.39056016597510373
            ],
            [
              0.3474576271186441,
              0.39056016597510373
            ],
            [
              0.34876140808344197,
              0.39056016597510373
            ],
            [
              0.3497392438070404,
              0.3900414937759336
            ],
            [
              0.35071707953063885,
              0.3895228215767635
            ],
            [
              0.3520208604954368,
              0.3895228215767635
            ],
            [
              0.3533246414602347,
              0.3895228215767635
            ],
            [
              0.3546284224250326,
              0.3895228215767635
            ],
            [
              0.3559322033898305,
              0.3895228215767635
            ],
            [
              0.35723598435462844,
              0.3895228215767635
            ],
            [
              0.35853976531942633,
              0.3895228215767635
            ],
            [
              0.35984354628422427,
              0.3895228215767635
            ],
            [
              0.36114732724902215,
              0.3895228215767635
            ],
            [
              0.3624511082138201,
              0.3895228215767635
            ],
            [
              0.363754889178618,
              0.3895228215767635
            ],
            [
              0.3650586701434159,
              0.3895228215767635
            ],
            [
              0.3663624511082138,
              0.3895228215767635
            ],
            [
              0.3670143415906128,
              0.38848547717842324
            ],
            [
              0.3683181225554107,
              0.38848547717842324
            ],
            [
              0.36962190352020863,
              0.38848547717842324
            ],
            [
              0.3709256844850065,
              0.38848547717842324
            ],
            [
              0.37222946544980445,
              0.38848547717842324
            ],
            [
              0.37353324641460234,
              0.38848547717842324
            ],
            [
              0.3748370273794003,
              0.38848547717842324
            ],
            [
              0.37614080834419816,
              0.38848547717842324
            ],
            [
              0.3774445893089961,
              0.38848547717842324
            ],
            [
              0.378748370273794,
              0.38848547717842324
            ],
            [
              0.379400260756193,
              0.3895228215767635
            ],
            [
              0.38070404172099087,
              0.3895228215767635
            ],
            [
              0.3813559322033898,
              0.39056016597510373
            ],
            [
              0.38265971316818775,
              0.39056016597510373
            ],
            [
              0.3836375488917862,
              0.39107883817427386
            ],
            [
              0.38428943937418514,
              0.3921161825726141
            ],
            [
              0.38396349413298564,
              0.39367219917012447
            ],
            [
              0.38265971316818775,
              0.39367219917012447
            ],
            [
              0.3813559322033898,
              0.39367219917012447
            ],
            [
              0.38037809647979137,
              0.3941908713692946
            ],
            [
              0.379400260756193,
              0.3947095435684647
            ],
            [
              0.37809647979139505,
              0.3947095435684647
            ],
            [
              0.3767926988265971,
              0.3947095435684647
            ],
            [
              0.3754889178617992,
              0.3947095435684647
            ],
            [
              0.3741851368970013,
              0.3947095435684647
            ],
            [
              0.3728813559322034,
              0.3947095435684647
            ],
            [
              0.37157757496740546,
              0.3947095435684647
            ],
            [
              0.3709256844850065,
              0.39574688796680496
            ],
            [
              0.36962190352020863,
              0.39574688796680496
            ],
            [
              0.3683181225554107,
              0.39574688796680496
            ],
            [
              0.3670143415906128,
              0.39574688796680496
            ],
            [
              0.36571056062581486,
              0.39574688796680496
            ],
            [
              0.3644067796610169,
              0.39574688796680496
            ],
            [
              0.36342894393741854,
              0.3962655601659751
            ],
            [
              0.3624511082138201,
              0.3967842323651452
            ],
            [
              0.36114732724902215,
              0.3967842323651452
            ],
            [
              0.35984354628422427,
              0.3967842323651452
            ],
            [
              0.35853976531942633,
              0.3967842323651452
            ],
            [
              0.3575619295958279,
              0.39730290456431533
            ],
            [
              0.35658409387222945,
              0.39782157676348545
            ],
            [
              0.35528031290743156,
              0.39782157676348545
            ],
            [
              0.3539765319426336,
              0.39782157676348545
            ],
            [
              0.3529986962190352,
              0.3983402489626556
            ],
            [
              0.3520208604954368,
              0.39885892116182575
            ],
            [
              0.35104302477183835,
              0.3993775933609959
            ],
            [
              0.35039113428943935,
              0.4004149377593361
            ],
            [
              0.35104302477183835,
              0.40145228215767637
            ],
            [
              0.35104302477183835,
              0.40352697095435686
            ],
            [
              0.3516949152542373,
              0.4045643153526971
            ],
            [
              0.35234680573663624,
              0.40560165975103735
            ],
            [
              0.3520208604954368,
              0.4071576763485477
            ],
            [
              0.3513689700130378,
              0.40819502074688796
            ],
            [
              0.3500651890482399,
              0.40819502074688796
            ],
            [
              0.3494132985658409,
              0.4092323651452282
            ]
          ]
        ]
      },
      "properties": {
        "segment_id": 29,
        "area": 650,
        "bbox": [
          515.0,
          375.0,
          74.0,
          19.0
        ],
        "iou": 0.8613018989562988,
        "stability": 0.9420505166053772,
        "auto_generated": true,
        "model": "segment_anything"
      }
    },
    {
      "type": "Feature",
      "geometry": {
        "type": "Polygon",
        "coordinates": [
          [
            [
              0.6473272490221643,
              0.2857883817427386
            ],
            [
              0.6447196870925684,
              0.2857883817427386
            ],
            [
              0.6421121251629727,
              0.2857883817427386
            ],
            [
              0.6395045632333768,
              0.2857883817427386
            ],
            [
              0.636897001303781,
              0.2857883817427386
            ],
            [
              0.6342894393741851,
              0.2857883817427386
            ],
            [
              0.6316818774445893,
              0.2857883817427386
            ],
            [
              0.6290743155149935,
              0.2857883817427386
            ],
            [
              0.6264667535853976,
              0.2857883817427386
            ],
            [
              0.6238591916558018,
              0.2857883817427386
            ],
            [
              0.621251629726206,
              0.2857883817427386
            ],
            [
              0.6186440677966102,
              0.2857883817427386
            ],
            [
              0.6160365058670143,
              0.2857883817427386
            ],
            [
              0.6134289439374185,
              0.2857883817427386
            ],
            [
              0.6108213820078227,
              0.2857883817427386
            ],
            [
              0.6082138200782269,
              0.2857883817427386
            ],
            [
              0.605606258148631,
              0.2857883817427386
            ],
            [
              0.6029986962190352,
              0.2857883817427386
            ],
            [
              0.6003911342894394,
              0.2857883817427386
            ],
            [
              0.5977835723598436,
              0.2857883817427386
            ],
            [
              0.5951760104302477,
              0.2857883817427386
            ],
            [
              0.5932203389830508,
              0.28475103734439833
            ],
            [
              0.5912646675358539,
              0.2857883817427386
            ],
            [
              0.5893089960886571,
              0.28475103734439833
            ],
            [
              0.5870273794002607,
              0.28526970954356845
            ],
            [
              0.5847457627118644,
              0.2857883817427386
            ],
            [
              0.5821382007822686,
              0.2857883817427386
            ],
            [
              0.5795306388526728,
              0.2857883817427386
            ],
            [
              0.5769230769230769,
              0.2857883817427386
            ],
            [
              0.5743155149934811,
              0.2857883817427386
            ],
            [
              0.5717079530638852,
              0.2857883817427386
            ],
            [
              0.5691003911342895,
              0.2857883817427386
            ],
            [
              0.5664928292046936,
              0.2857883817427386
            ],
            [
              0.5638852672750978,
              0.2857883817427386
            ],
            [
              0.5612777053455019,
              0.2857883817427386
            ],
            [
              0.5586701434159062,
              0.2857883817427386
            ],
            [
              0.5560625814863103,
              0.2857883817427386
            ],
            [
              0.5534550195567145,
              0.2857883817427386
            ],
            [
              0.5508474576271186,
              0.2857883817427386
            ],
            [
              0.5482398956975228,
              0.2857883817427386
            ],
            [
              0.546284224250326,
              0.28475103734439833
            ],
            [
              0.5436766623207301,
              0.28475103734439833
            ],
            [
              0.5410691003911343,
              0.28475103734439833
            ],
            [
              0.5384615384615384,
              0.28475103734439833
            ],
            [
              0.5358539765319427,
              0.28475103734439833
            ],
            [
              0.5332464146023468,
              0.28475103734439833
            ],
            [
              0.530638852672751,
              0.28475103734439833
            ],
            [
              0.5286831812255541,
              0.2837136929460581
            ],
            [
              0.5260756192959583,
              0.2837136929460581
            ],
            [
              0.5241199478487614,
              0.28267634854771784
            ],
            [
              0.5221642764015645,
              0.2816390041493776
            ],
            [
              0.5202086049543677,
              0.28060165975103735
            ],
            [
              0.5185788787483703,
              0.279045643153527
            ],
            [
              0.5189048239895697,
              0.2754149377593361
            ],
            [
              0.5198826597131682,
              0.27282157676348545
            ],
            [
              0.5215123859191656,
              0.2712655601659751
            ],
            [
              0.5231421121251629,
              0.2697095435684647
            ],
            [
              0.5244458930899609,
              0.2676348547717842
            ],
            [
              0.5257496740547588,
              0.26556016597510373
            ],
            [
              0.5273794002607562,
              0.26400414937759337
            ],
            [
              0.529335071707953,
              0.2629668049792531
            ],
            [
              0.5312907431551499,
              0.2619294605809129
            ],
            [
              0.5335723598435462,
              0.26141078838174275
            ],
            [
              0.5352020860495437,
              0.2598547717842324
            ],
            [
              0.5371577574967406,
              0.25881742738589214
            ],
            [
              0.538135593220339,
              0.25622406639004147
            ],
            [
              0.5391134289439374,
              0.25363070539419086
            ],
            [
              0.5404172099087353,
              0.25155601659751037
            ],
            [
              0.5420469361147328,
              0.25
            ],
            [
              0.5443285528031291,
              0.24948132780082988
            ],
            [
              0.546284224250326,
              0.24844398340248963
            ],
            [
              0.5488917861799217,
              0.24844398340248963
            ],
            [
              0.5508474576271186,
              0.2474066390041494
            ],
            [
              0.5534550195567145,
              0.2474066390041494
            ],
            [
              0.5554106910039114,
              0.24636929460580914
            ],
            [
              0.5573663624511083,
              0.2474066390041494
            ],
            [
              0.559322033898305,
              0.24636929460580914
            ],
            [
              0.5619295958279009,
              0.24636929460580914
            ],
            [
              0.5645371577574967,
              0.24636929460580914
            ],
            [
              0.5671447196870926,
              0.24636929460580914
            ],
            [
              0.5697522816166884,
              0.24636929460580914
            ],
            [
              0.5723598435462842,
              0.24636929460580914
            ],
            [
              0.5743155149934811,
              0.24533195020746887
            ],
            [
              0.5765971316818774,
              0.245850622406639
            ],
            [
              0.5788787483702738,
              0.24636929460580914
            ],
            [
              0.5814863102998696,
              0.24636929460580914
            ],
            [
              0.5840938722294654,
              0.24636929460580914
            ],
            [
              0.5867014341590613,
              0.24636929460580914
            ],
            [
              0.5893089960886571,
              0.24636929460580914
            ],
            [
              0.5919165580182529,
              0.24636929460580914
            ],
            [
              0.5945241199478487,
              0.24636929460580914
            ],
            [
              0.5971316818774446,
              0.24636929460580914
            ],
            [
              0.5997392438070405,
              0.24636929460580914
            ],
            [
              0.6023468057366362,
              0.24636929460580914
            ],
            [
              0.6043024771838331,
              0.2474066390041494
            ],
            [
              0.6069100391134289,
              0.2474066390041494
            ],
            [
              0.6095176010430248,
              0.2474066390041494
            ],
            [
              0.6121251629726207,
              0.2474066390041494
            ],
            [
              0.6147327249022164,
              0.2474066390041494
            ],
            [
              0.6173402868318123,
              0.2474066390041494
            ],
            [
              0.6199478487614081,
              0.2474066390041494
            ],
            [
              0.622555410691004,
              0.2474066390041494
            ],
            [
              0.6251629726205997,
              0.2474066390041494
            ],
            [
              0.6277705345501956,
              0.2474066390041494
            ],
            [
              0.6300521512385919,
              0.2479253112033195
            ],
            [
              0.6323337679269883,
              0.24844398340248963
            ],
            [
              0.6349413298565841,
              0.24844398340248963
            ],
            [
              0.6375488917861799,
              0.24844398340248963
            ],
            [
              0.6401564537157758,
              0.24844398340248963
            ],
            [
              0.6427640156453716,
              0.24844398340248963
            ],
            [
              0.6447196870925684,
              0.24948132780082988
            ],
            [
              0.6473272490221643,
              0.24948132780082988
            ],
            [
              0.6483050847457628,
              0.2520746887966805
            ],
            [
              0.6489569752281616,
              0.2551867219917012
            ],
            [
              0.6496088657105606,
              0.258298755186722
            ],
            [
              0.6496088657105606,
              0.262448132780083
            ],
            [
              0.6496088657105606,
              0.266597510373444
            ],
            [
              0.6502607561929595,
              0.2697095435684647
            ],
            [
              0.651238591916558,
              0.27230290456431533
            ],
            [
              0.6509126466753585,
              0.274896265560166
            ],
            [
              0.6492829204693612,
              0.27645228215767637
            ],
            [
              0.6496088657105606,
              0.279045643153527
            ],
            [
              0.6496088657105606,
              0.28112033195020747
            ],
            [
              0.6486310299869622,
              0.2837136929460581
            ],
            [
              0.6473272490221643,
              0.2857883817427386
            ]
          ]
        ]
      },
      "properties": {
        "segment_id": 30,
        "area": 6827,
        "bbox": [
          796.0,
          237.0,
          203.0,
          38.0
        ],
        "iou": 0.9452794790267944,
        "stability": 0.9447143077850342,
        "auto_generated": true,
        "model": "segment_anything"
      }
    },
    {
      "type": "Feature",
      "geometry": {
        "type": "Polygon",
        "coordinates": [
          [
            [
              0.8441981747066493,
              0.18827800829875518
            ],
            [
              0.8435462842242504,
              0.18827800829875518
            ],
            [
              0.8428943937418514,
              0.18827800829875518
            ],
            [
              0.8422425032594524,
              0.18827800829875518
            ],
            [
              0.8415906127770535,
              0.18827800829875518
            ],
            [
              0.8409387222946545,
              0.18827800829875518
            ],
            [
              0.8402868318122555,
              0.18827800829875518
            ],
            [
              0.8396349413298566,
              0.18827800829875518
            ],
            [
              0.8389830508474576,
              0.18827800829875518
            ],
            [
              0.8383311603650587,
              0.18827800829875518
            ],
            [
              0.8380052151238592,
              0.18775933609958506
            ],
            [
              0.8376792698826597,
              0.18724066390041494
            ],
            [
              0.8370273794002607,
              0.18724066390041494
            ],
            [
              0.8367014341590613,
              0.18775933609958506
            ],
            [
              0.8363754889178618,
              0.18827800829875518
            ],
            [
              0.8357235984354628,
              0.18827800829875518
            ],
            [
              0.8350717079530638,
              0.18827800829875518
            ],
            [
              0.834419817470665,
              0.18827800829875518
            ],
            [
              0.833767926988266,
              0.18827800829875518
            ],
            [
              0.833116036505867,
              0.18827800829875518
            ],
            [
              0.8324641460234681,
              0.18827800829875518
            ],
            [
              0.8318122555410691,
              0.18827800829875518
            ],
            [
              0.8311603650586702,
              0.18827800829875518
            ],
            [
              0.8305084745762712,
              0.18827800829875518
            ],
            [
              0.8301825293350718,
              0.18775933609958506
            ],
            [
              0.8298565840938722,
              0.18724066390041494
            ],
            [
              0.8292046936114733,
              0.18724066390041494
            ],
            [
              0.8285528031290743,
              0.18724066390041494
            ],
            [
              0.8282268578878749,
              0.18672199170124482
            ],
            [
              0.8279009126466753,
              0.1862033195020747
            ],
            [
              0.8272490221642764,
              0.1862033195020747
            ],
            [
              0.8269230769230769,
              0.18568464730290457
            ],
            [
              0.8269230769230769,
              0.18464730290456433
            ],
            [
              0.8269230769230769,
              0.18360995850622408
            ],
            [
              0.8272490221642764,
              0.18309128630705393
            ],
            [
              0.8275749674054759,
              0.1825726141078838
            ],
            [
              0.8279009126466753,
              0.18205394190871368
            ],
            [
              0.8285528031290743,
              0.18205394190871368
            ],
            [
              0.8292046936114733,
              0.18205394190871368
            ],
            [
              0.8298565840938722,
              0.18205394190871368
            ],
            [
              0.8305084745762712,
              0.18205394190871368
            ],
            [
              0.8311603650586702,
              0.18205394190871368
            ],
            [
              0.8318122555410691,
              0.18205394190871368
            ],
            [
              0.8324641460234681,
              0.18205394190871368
            ],
            [
              0.833116036505867,
              0.18205394190871368
            ],
            [
              0.833767926988266,
              0.18205394190871368
            ],
            [
              0.834419817470665,
              0.18205394190871368
            ],
            [
              0.8350717079530638,
              0.18205394190871368
            ],
            [
              0.8353976531942634,
              0.18153526970954356
            ],
            [
              0.8357235984354628,
              0.18101659751037344
            ],
            [
              0.8363754889178618,
              0.18101659751037344
            ],
            [
              0.8370273794002607,
              0.18101659751037344
            ],
            [
              0.8376792698826597,
              0.18101659751037344
            ],
            [
              0.8383311603650587,
              0.18101659751037344
            ],
            [
              0.8389830508474576,
              0.18101659751037344
            ],
            [
              0.8396349413298566,
              0.18101659751037344
            ],
            [
              0.8402868318122555,
              0.18101659751037344
            ],
            [
              0.8409387222946545,
              0.18101659751037344
            ],
            [
              0.8415906127770535,
              0.18101659751037344
            ],
            [
              0.8422425032594524,
              0.18101659751037344
            ],
            [
              0.8428943937418514,
              0.18101659751037344
            ],
            [
              0.8435462842242504,
              0.18101659751037344
            ],
            [
              0.8438722294654498,
              0.18153526970954356
            ],
            [
              0.8441981747066493,
              0.18205394190871368
            ],
            [
              0.8448500651890483,
              0.18205394190871368
            ],
            [
              0.8455019556714471,
              0.18205394190871368
            ],
            [
              0.8458279009126467,
              0.1825726141078838
            ],
            [
              0.8461538461538461,
              0.18309128630705393
            ],
            [
              0.8468057366362451,
              0.18309128630705393
            ],
            [
              0.8471316818774446,
              0.18360995850622408
            ],
            [
              0.847457627118644,
              0.1841286307053942
            ],
            [
              0.8477835723598436,
              0.18464730290456433
            ],
            [
              0.848109517601043,
              0.18516597510373445
            ],
            [
              0.8484354628422425,
              0.18568464730290457
            ],
            [
              0.848109517601043,
              0.1862033195020747
            ],
            [
              0.8477835723598436,
              0.18672199170124482
            ],
            [
              0.847457627118644,
              0.18724066390041494
            ],
            [
              0.8468057366362451,
              0.18724066390041494
            ],
            [
              0.8461538461538461,
              0.18724066390041494
            ],
            [
              0.8455019556714471,
              0.18724066390041494
            ],
            [
              0.8448500651890483,
              0.18724066390041494
            ],
            [
              0.8445241199478487,
              0.18775933609958506
            ],
            [
              0.8441981747066493,
              0.18827800829875518
            ],
            [
              0.8441981747066493,
              0.18827800829875518
            ]
          ]
        ]
      },
      "properties": {
        "segment_id": 31,
        "area": 187,
        "bbox": [
          1269.0,
          175.0,
          32.0,
          6.0
        ],
        "iou": 0.8997174501419067,
        "stability": 0.938144326210022,
        "auto_generated": true,
        "model": "segment_anything"
      }
    },
    {
      "type": "Feature",
      "geometry": {
        "type": "Polygon",
        "coordinates": [
          [
            [
              0.4517601043024772,
              0.27645228215767637
            ],
            [
              0.4511082138200782,
              0.27645228215767637
            ],
            [
              0.45045632333767927,
              0.27645228215767637
            ],
            [
              0.4498044328552803,
              0.27645228215767637
            ],
            [
              0.4491525423728814,
              0.27645228215767637
            ],
            [
              0.4485006518904824,
              0.27645228215767637
            ],
            [
              0.44784876140808344,
              0.27645228215767637
            ],
            [
              0.4471968709256845,
              0.27645228215767637
            ],
            [
              0.44654498044328556,
              0.27645228215767637
            ],
            [
              0.44621903520208606,
              0.27593360995850624
            ],
            [
              0.44589308996088656,
              0.2754149377593361
            ],
            [
              0.4455671447196871,
              0.274896265560166
            ],
            [
              0.4455671447196871,
              0.27385892116182575
            ],
            [
              0.4455671447196871,
              0.27282157676348545
            ],
            [
              0.4455671447196871,
              0.2717842323651452
            ],
            [
              0.44589308996088656,
              0.2712655601659751
            ],
            [
              0.44654498044328556,
              0.2712655601659751
            ],
            [
              0.446870925684485,
              0.27074688796680496
            ],
            [
              0.4471968709256845,
              0.27022821576763484
            ],
            [
              0.44784876140808344,
              0.27022821576763484
            ],
            [
              0.44817470664928294,
              0.2697095435684647
            ],
            [
              0.4485006518904824,
              0.2691908713692946
            ],
            [
              0.4491525423728814,
              0.2691908713692946
            ],
            [
              0.4494784876140808,
              0.26867219917012447
            ],
            [
              0.4498044328552803,
              0.26815352697095435
            ],
            [
              0.45045632333767927,
              0.26815352697095435
            ],
            [
              0.45078226857887876,
              0.2676348547717842
            ],
            [
              0.4511082138200782,
              0.2671161825726141
            ],
            [
              0.4517601043024772,
              0.2671161825726141
            ],
            [
              0.45208604954367665,
              0.266597510373444
            ],
            [
              0.45241199478487615,
              0.26607883817427386
            ],
            [
              0.45273794002607565,
              0.26556016597510373
            ],
            [
              0.4530638852672751,
              0.2650414937759336
            ],
            [
              0.4533898305084746,
              0.2645228215767635
            ],
            [
              0.45371577574967403,
              0.26400414937759337
            ],
            [
              0.45404172099087353,
              0.26348547717842324
            ],
            [
              0.45436766623207303,
              0.2629668049792531
            ],
            [
              0.455019556714472,
              0.2629668049792531
            ],
            [
              0.4556714471968709,
              0.2629668049792531
            ],
            [
              0.45632333767926986,
              0.2629668049792531
            ],
            [
              0.45697522816166886,
              0.2629668049792531
            ],
            [
              0.4576271186440678,
              0.2629668049792531
            ],
            [
              0.4579530638852673,
              0.26348547717842324
            ],
            [
              0.45827900912646674,
              0.26400414937759337
            ],
            [
              0.4589308996088657,
              0.26400414937759337
            ],
            [
              0.4595827900912647,
              0.26400414937759337
            ],
            [
              0.4599087353324641,
              0.2645228215767635
            ],
            [
              0.4602346805736636,
              0.2650414937759336
            ],
            [
              0.46088657105606257,
              0.2650414937759336
            ],
            [
              0.46121251629726207,
              0.26556016597510373
            ],
            [
              0.46153846153846156,
              0.26607883817427386
            ],
            [
              0.461864406779661,
              0.266597510373444
            ],
            [
              0.4621903520208605,
              0.2671161825726141
            ],
            [
              0.46284224250325945,
              0.2671161825726141
            ],
            [
              0.46316818774445895,
              0.2676348547717842
            ],
            [
              0.4634941329856584,
              0.26815352697095435
            ],
            [
              0.4641460234680574,
              0.26815352697095435
            ],
            [
              0.46479791395045633,
              0.26815352697095435
            ],
            [
              0.4651238591916558,
              0.26867219917012447
            ],
            [
              0.4651238591916558,
              0.2697095435684647
            ],
            [
              0.46479791395045633,
              0.27022821576763484
            ],
            [
              0.46447196870925683,
              0.27074688796680496
            ],
            [
              0.4641460234680574,
              0.2712655601659751
            ],
            [
              0.4638200782268579,
              0.2717842323651452
            ],
            [
              0.4634941329856584,
              0.27230290456431533
            ],
            [
              0.46316818774445895,
              0.27282157676348545
            ],
            [
              0.46284224250325945,
              0.2733402489626556
            ],
            [
              0.4621903520208605,
              0.2733402489626556
            ],
            [
              0.461864406779661,
              0.27385892116182575
            ],
            [
              0.46153846153846156,
              0.2743775933609959
            ],
            [
              0.46088657105606257,
              0.2743775933609959
            ],
            [
              0.4602346805736636,
              0.2743775933609959
            ],
            [
              0.4595827900912647,
              0.2743775933609959
            ],
            [
              0.4589308996088657,
              0.2743775933609959
            ],
            [
              0.45827900912646674,
              0.2743775933609959
            ],
            [
              0.4579530638852673,
              0.274896265560166
            ],
            [
              0.4576271186440678,
              0.2754149377593361
            ],
            [
              0.45697522816166886,
              0.2754149377593361
            ],
            [
              0.45632333767926986,
              0.2754149377593361
            ],
            [
              0.4556714471968709,
              0.2754149377593361
            ],
            [
              0.455019556714472,
              0.2754149377593361
            ],
            [
              0.45436766623207303,
              0.2754149377593361
            ],
            [
              0.45371577574967403,
              0.2754149377593361
            ],
            [
              0.4530638852672751,
              0.2754149377593361
            ],
            [
              0.45241199478487615,
              0.2754149377593361
            ],
            [
              0.45208604954367665,
              0.27593360995850624
            ],
            [
              0.4517601043024772,
              0.27645228215767637
            ],
            [
              0.4517601043024772,
              0.27645228215767637
            ]
          ]
        ]
      },
      "properties": {
        "segment_id": 32,
        "area": 248,
        "bbox": [
          684.0,
          254.0,
          29.0,
          12.0
        ],
        "iou": 0.8871500492095947,
        "stability": 0.9682539701461792,
        "auto_generated": true,
        "model": "segment_anything"
      }
    },
    {
      "type": "Feature",
      "geometry": {
        "type": "Polygon",
        "coordinates": [
          [
            [
              0.8663624511082139,
              0.28060165975103735
            ],
            [
              0.8657105606258149,
              0.28060165975103735
            ],
            [
              0.8650586701434159,
              0.28060165975103735
            ],
            [
              0.864406779661017,
              0.28060165975103735
            ],
            [
              0.863754889178618,
              0.28060165975103735
            ],
            [
              0.863102998696219,
              0.28060165975103735
            ],
            [
              0.8624511082138201,
              0.28060165975103735
            ],
            [
              0.8617992177314211,
              0.28060165975103735
            ],
            [
              0.8611473272490222,
              0.28060165975103735
            ],
            [
              0.8608213820078227,
              0.2800829875518672
            ],
            [
              0.8604954367666232,
              0.2795643153526971
            ],
            [
              0.8598435462842242,
              0.2795643153526971
            ],
            [
              0.8591916558018253,
              0.2795643153526971
            ],
            [
              0.8585397653194263,
              0.2795643153526971
            ],
            [
              0.8578878748370273,
              0.2795643153526971
            ],
            [
              0.8572359843546284,
              0.2795643153526971
            ],
            [
              0.8569100391134289,
              0.279045643153527
            ],
            [
              0.8565840938722294,
              0.27852697095435686
            ],
            [
              0.8559322033898306,
              0.27852697095435686
            ],
            [
              0.8552803129074316,
              0.27852697095435686
            ],
            [
              0.8546284224250326,
              0.27852697095435686
            ],
            [
              0.8539765319426337,
              0.27852697095435686
            ],
            [
              0.8536505867014341,
              0.27800829875518673
            ],
            [
              0.8533246414602347,
              0.2774896265560166
            ],
            [
              0.8526727509778357,
              0.2774896265560166
            ],
            [
              0.8520208604954368,
              0.2774896265560166
            ],
            [
              0.8516949152542372,
              0.2769709543568465
            ],
            [
              0.8513689700130378,
              0.27645228215767637
            ],
            [
              0.8507170795306388,
              0.27645228215767637
            ],
            [
              0.8500651890482399,
              0.27645228215767637
            ],
            [
              0.8497392438070405,
              0.27593360995850624
            ],
            [
              0.8494132985658409,
              0.2754149377593361
            ],
            [
              0.848761408083442,
              0.2754149377593361
            ],
            [
              0.848109517601043,
              0.2754149377593361
            ],
            [
              0.8477835723598436,
              0.274896265560166
            ],
            [
              0.847457627118644,
              0.2743775933609959
            ],
            [
              0.8468057366362451,
              0.2743775933609959
            ],
            [
              0.8461538461538461,
              0.2743775933609959
            ],
            [
              0.8458279009126467,
              0.27385892116182575
            ],
            [
              0.8455019556714471,
              0.2733402489626556
            ],
            [
              0.8448500651890483,
              0.2733402489626556
            ],
            [
              0.8441981747066493,
              0.2733402489626556
            ],
            [
              0.8438722294654498,
              0.27282157676348545
            ],
            [
              0.8435462842242504,
              0.27230290456431533
            ],
            [
              0.8428943937418514,
              0.27230290456431533
            ],
            [
              0.8422425032594524,
              0.27230290456431533
            ],
            [
              0.8419165580182529,
              0.2717842323651452
            ],
            [
              0.8415906127770535,
              0.2712655601659751
            ],
            [
              0.8409387222946545,
              0.2712655601659751
            ],
            [
              0.840612777053455,
              0.27074688796680496
            ],
            [
              0.8402868318122555,
              0.27022821576763484
            ],
            [
              0.8396349413298566,
              0.27022821576763484
            ],
            [
              0.8389830508474576,
              0.27022821576763484
            ],
            [
              0.8383311603650587,
              0.27022821576763484
            ],
            [
              0.8380052151238592,
              0.2697095435684647
            ],
            [
              0.8376792698826597,
              0.2691908713692946
            ],
            [
              0.8370273794002607,
              0.2691908713692946
            ],
            [
              0.8363754889178618,
              0.2691908713692946
            ],
            [
              0.8357235984354628,
              0.2691908713692946
            ],
            [
              0.8353976531942634,
              0.26867219917012447
            ],
            [
              0.8353976531942634,
              0.2676348547717842
            ],
            [
              0.8357235984354628,
              0.2671161825726141
            ],
            [
              0.8360495436766623,
              0.266597510373444
            ],
            [
              0.8363754889178618,
              0.26607883817427386
            ],
            [
              0.8370273794002607,
              0.26607883817427386
            ],
            [
              0.8376792698826597,
              0.26607883817427386
            ],
            [
              0.8383311603650587,
              0.26607883817427386
            ],
            [
              0.8389830508474576,
              0.26607883817427386
            ],
            [
              0.8396349413298566,
              0.26607883817427386
            ],
            [
              0.8402868318122555,
              0.26607883817427386
            ],
            [
              0.8409387222946545,
              0.26607883817427386
            ],
            [
              0.8415906127770535,
              0.26607883817427386
            ],
            [
              0.8422425032594524,
              0.26607883817427386
            ],
            [
              0.8428943937418514,
              0.26607883817427386
            ],
            [
              0.8435462842242504,
              0.26607883817427386
            ],
            [
              0.8441981747066493,
              0.26607883817427386
            ],
            [
              0.8448500651890483,
              0.26607883817427386
            ],
            [
              0.8455019556714471,
              0.26607883817427386
            ],
            [
              0.8461538461538461,
              0.26607883817427386
            ],
            [
              0.8468057366362451,
              0.26607883817427386
            ],
            [
              0.847457627118644,
              0.26607883817427386
            ],
            [
              0.848109517601043,
              0.26607883817427386
            ],
            [
              0.848761408083442,
              0.26607883817427386
            ],
            [
              0.8490873533246415,
              0.266597510373444
            ],
            [
              0.8494132985658409,
              0.2671161825726141
            ],
            [
              0.8500651890482399,
              0.2671161825726141
            ],
            [
              0.8507170795306388,
              0.2671161825726141
            ],
            [
              0.8510430247718384,
              0.2676348547717842
            ],
            [
              0.8513689700130378,
              0.26815352697095435
            ],
            [
              0.8520208604954368,
              0.26815352697095435
            ],
            [
              0.8526727509778357,
              0.26815352697095435
            ],
            [
              0.8533246414602347,
              0.26815352697095435
            ],
            [
              0.8539765319426337,
              0.26815352697095435
            ],
            [
              0.8546284224250326,
              0.26815352697095435
            ],
            [
              0.8549543676662321,
              0.26867219917012447
            ],
            [
              0.8552803129074316,
              0.2691908713692946
            ],
            [
              0.8559322033898306,
              0.2691908713692946
            ],
            [
              0.8565840938722294,
              0.2691908713692946
            ],
            [
              0.8572359843546284,
              0.2691908713692946
            ],
            [
              0.8578878748370273,
              0.2691908713692946
            ],
            [
              0.8585397653194263,
              0.2691908713692946
            ],
            [
              0.8591916558018253,
              0.2691908713692946
            ],
            [
              0.8598435462842242,
              0.2691908713692946
            ],
            [
              0.8604954367666232,
              0.2691908713692946
            ],
            [
              0.8611473272490222,
              0.2691908713692946
            ],
            [
              0.8617992177314211,
              0.2691908713692946
            ],
            [
              0.8624511082138201,
              0.2691908713692946
            ],
            [
              0.863102998696219,
              0.2691908713692946
            ],
            [
              0.863754889178618,
              0.2691908713692946
            ],
            [
              0.8640808344198174,
              0.2697095435684647
            ],
            [
              0.864406779661017,
              0.27022821576763484
            ],
            [
              0.8650586701434159,
              0.27022821576763484
            ],
            [
              0.8657105606258149,
              0.27022821576763484
            ],
            [
              0.8660365058670143,
              0.27074688796680496
            ],
            [
              0.8663624511082139,
              0.2712655601659751
            ],
            [
              0.8670143415906127,
              0.2712655601659751
            ],
            [
              0.8673402868318123,
              0.2717842323651452
            ],
            [
              0.8676662320730117,
              0.27230290456431533
            ],
            [
              0.8679921773142112,
              0.27282157676348545
            ],
            [
              0.8683181225554107,
              0.2733402489626556
            ],
            [
              0.8689700130378096,
              0.2733402489626556
            ],
            [
              0.8696219035202086,
              0.2733402489626556
            ],
            [
              0.8699478487614081,
              0.27385892116182575
            ],
            [
              0.8702737940026075,
              0.2743775933609959
            ],
            [
              0.8709256844850065,
              0.2743775933609959
            ],
            [
              0.8715775749674055,
              0.2743775933609959
            ],
            [
              0.8722294654498044,
              0.2743775933609959
            ],
            [
              0.872555410691004,
              0.274896265560166
            ],
            [
              0.8728813559322034,
              0.2754149377593361
            ],
            [
              0.8735332464146024,
              0.2754149377593361
            ],
            [
              0.8741851368970013,
              0.2754149377593361
            ],
            [
              0.8748370273794003,
              0.2754149377593361
            ],
            [
              0.8754889178617992,
              0.2754149377593361
            ],
            [
              0.8758148631029987,
              0.27593360995850624
            ],
            [
              0.8761408083441982,
              0.27645228215767637
            ],
            [
              0.8764667535853976,
              0.2769709543568465
            ],
            [
              0.8761408083441982,
              0.2774896265560166
            ],
            [
              0.8754889178617992,
              0.2774896265560166
            ],
            [
              0.8751629726205997,
              0.27800829875518673
            ],
            [
              0.8748370273794003,
              0.27852697095435686
            ],
            [
              0.8741851368970013,
              0.27852697095435686
            ],
            [
              0.8735332464146024,
              0.27852697095435686
            ],
            [
              0.8732073011734028,
              0.279045643153527
            ],
            [
              0.8728813559322034,
              0.2795643153526971
            ],
            [
              0.8722294654498044,
              0.2795643153526971
            ],
            [
              0.8715775749674055,
              0.2795643153526971
            ],
            [
              0.8709256844850065,
              0.2795643153526971
            ],
            [
              0.8702737940026075,
              0.2795643153526971
            ],
            [
              0.8696219035202086,
              0.2795643153526971
            ],
            [
              0.8689700130378096,
              0.2795643153526971
            ],
            [
              0.8683181225554107,
              0.2795643153526971
            ],
            [
              0.8676662320730117,
              0.2795643153526971
            ],
            [
              0.8670143415906127,
              0.2795643153526971
            ],
            [
              0.8666883963494133,
              0.2800829875518672
            ],
            [
              0.8663624511082139,
              0.28060165975103735
            ],
            [
              0.8663624511082139,
              0.28060165975103735
            ]
          ]
        ]
      },
      "properties": {
        "segment_id": 33,
        "area": 449,
        "bbox": [
          1282.0,
          257.0,
          62.0,
          13.0
        ],
        "iou": 0.8779560327529907,
        "stability": 0.9651415944099426,
        "auto_generated": true,
        "model": "segment_anything"
      }
    },
    {
      "type": "Feature",
      "geometry": {
        "type": "Polygon",
        "coordinates": [
          [
            [
              0.8468057366362451,
              0.18724066390041494
            ],
            [
              0.8461538461538461,
              0.18724066390041494
            ],
            [
              0.8455019556714471,
              0.18724066390041494
            ],
            [
              0.8448500651890483,
              0.18724066390041494
            ],
            [
              0.8441981747066493,
              0.18724066390041494
            ],
            [
              0.8435462842242504,
              0.18724066390041494
            ],
            [
              0.8428943937418514,
              0.18724066390041494
            ],
            [
              0.8422425032594524,
              0.18724066390041494
            ],
            [
              0.8415906127770535,
              0.18724066390041494
            ],
            [
              0.8409387222946545,
              0.18724066390041494
            ],
            [
              0.8402868318122555,
              0.18724066390041494
            ],
            [
              0.8396349413298566,
              0.18724066390041494
            ],
            [
              0.8389830508474576,
              0.18724066390041494
            ],
            [
              0.8383311603650587,
              0.18724066390041494
            ],
            [
              0.8376792698826597,
              0.18724066390041494
            ],
            [
              0.8370273794002607,
              0.18724066390041494
            ],
            [
              0.8363754889178618,
              0.18724066390041494
            ],
            [
              0.8357235984354628,
              0.18724066390041494
            ],
            [
              0.8350717079530638,
              0.18724066390041494
            ],
            [
              0.834419817470665,
              0.18724066390041494
            ],
            [
              0.833767926988266,
              0.18724066390041494
            ],
            [
              0.833116036505867,
              0.18724066390041494
            ],
            [
              0.8324641460234681,
              0.18724066390041494
            ],
            [
              0.8318122555410691,
              0.18724066390041494
            ],
            [
              0.8311603650586702,
              0.18724066390041494
            ],
            [
              0.8305084745762712,
              0.18724066390041494
            ],
            [
              0.8298565840938722,
              0.18724066390041494
            ],
            [
              0.8292046936114733,
              0.18724066390041494
            ],
            [
              0.8288787483702738,
              0.18672199170124482
            ],
            [
              0.8285528031290743,
              0.1862033195020747
            ],
            [
              0.8279009126466753,
              0.1862033195020747
            ],
            [
              0.8275749674054759,
              0.18568464730290457
            ],
            [
              0.8275749674054759,
              0.18464730290456433
            ],
            [
              0.8275749674054759,
              0.18360995850622408
            ],
            [
              0.8279009126466753,
              0.18309128630705393
            ],
            [
              0.8285528031290743,
              0.18309128630705393
            ],
            [
              0.8292046936114733,
              0.18309128630705393
            ],
            [
              0.8295306388526728,
              0.1825726141078838
            ],
            [
              0.8298565840938722,
              0.18205394190871368
            ],
            [
              0.8305084745762712,
              0.18205394190871368
            ],
            [
              0.8311603650586702,
              0.18205394190871368
            ],
            [
              0.8318122555410691,
              0.18205394190871368
            ],
            [
              0.8324641460234681,
              0.18205394190871368
            ],
            [
              0.833116036505867,
              0.18205394190871368
            ],
            [
              0.833767926988266,
              0.18205394190871368
            ],
            [
              0.834419817470665,
              0.18205394190871368
            ],
            [
              0.8350717079530638,
              0.18205394190871368
            ],
            [
              0.8357235984354628,
              0.18205394190871368
            ],
            [
              0.8363754889178618,
              0.18205394190871368
            ],
            [
              0.8370273794002607,
              0.18205394190871368
            ],
            [
              0.8376792698826597,
              0.18205394190871368
            ],
            [
              0.8383311603650587,
              0.18205394190871368
            ],
            [
              0.8389830508474576,
              0.18205394190871368
            ],
            [
              0.8396349413298566,
              0.18205394190871368
            ],
            [
              0.8402868318122555,
              0.18205394190871368
            ],
            [
              0.8409387222946545,
              0.18205394190871368
            ],
            [
              0.8415906127770535,
              0.18205394190871368
            ],
            [
              0.8422425032594524,
              0.18205394190871368
            ],
            [
              0.8428943937418514,
              0.18205394190871368
            ],
            [
              0.8435462842242504,
              0.18205394190871368
            ],
            [
              0.8441981747066493,
              0.18205394190871368
            ],
            [
              0.8448500651890483,
              0.18205394190871368
            ],
            [
              0.8455019556714471,
              0.18205394190871368
            ],
            [
              0.8458279009126467,
              0.1825726141078838
            ],
            [
              0.8461538461538461,
              0.18309128630705393
            ],
            [
              0.8468057366362451,
              0.18309128630705393
            ],
            [
              0.8471316818774446,
              0.18360995850622408
            ],
            [
              0.847457627118644,
              0.1841286307053942
            ],
            [
              0.8477835723598436,
              0.18464730290456433
            ],
            [
              0.848109517601043,
              0.18516597510373445
            ],
            [
              0.8484354628422425,
              0.18568464730290457
            ],
            [
              0.848109517601043,
              0.1862033195020747
            ],
            [
              0.847457627118644,
              0.1862033195020747
            ],
            [
              0.8471316818774446,
              0.18672199170124482
            ],
            [
              0.8468057366362451,
              0.18724066390041494
            ],
            [
              0.8468057366362451,
              0.18724066390041494
            ]
          ]
        ]
      },
      "properties": {
        "segment_id": 34,
        "area": 146,
        "bbox": [
          1270.0,
          176.0,
          31.0,
          4.0
        ],
        "iou": 0.8773790597915649,
        "stability": 0.9795918464660645,
        "auto_generated": true,
        "model": "segment_anything"
      }
    },
    {
      "type": "Feature",
      "geometry": {
        "type": "Polygon",
        "coordinates": [
          [
            [
              0.3500651890482399,
              0.3822614107883817
            ],
            [
              0.34810951760104303,
              0.3822614107883817
            ],
            [
              0.34615384615384615,
              0.3822614107883817
            ],
            [
              0.34419817470664926,
              0.3822614107883817
            ],
            [
              0.34224250325945244,
              0.3822614107883817
            ],
            [
              0.34028683181225555,
              0.3822614107883817
            ],
            [
              0.33833116036505867,
              0.3822614107883817
            ],
            [
              0.33702737940026073,
              0.38122406639004147
            ],
            [
              0.33572359843546284,
              0.3801867219917012
            ],
            [
              0.33409387222946546,
              0.3796680497925311
            ],
            [
              0.333116036505867,
              0.37811203319502074
            ],
            [
              0.3318122555410691,
              0.3770746887966805
            ],
            [
              0.3305084745762712,
              0.37603734439834025
            ],
            [
              0.32920469361147325,
              0.375
            ],
            [
              0.3282268578878748,
              0.37344398340248963
            ],
            [
              0.3272490221642764,
              0.37188796680497926
            ],
            [
              0.326271186440678,
              0.3703319502074689
            ],
            [
              0.32529335071707954,
              0.36877593360995853
            ],
            [
              0.3239895697522816,
              0.3677385892116183
            ],
            [
              0.32301173402868316,
              0.36618257261410786
            ],
            [
              0.3220338983050847,
              0.3646265560165975
            ],
            [
              0.32073011734028684,
              0.36358921161825725
            ],
            [
              0.3194263363754889,
              0.362551867219917
            ],
            [
              0.3184485006518905,
              0.36099585062240663
            ],
            [
              0.31714471968709257,
              0.3599585062240664
            ],
            [
              0.3161668839634941,
              0.358402489626556
            ],
            [
              0.31486310299869624,
              0.3573651452282158
            ],
            [
              0.3135593220338983,
              0.35632780082987553
            ],
            [
              0.31290743155149936,
              0.35425311203319504
            ],
            [
              0.3119295958279009,
              0.35269709543568467
            ],
            [
              0.31290743155149936,
              0.35114107883817425
            ],
            [
              0.31421121251629724,
              0.350103734439834
            ],
            [
              0.3161668839634941,
              0.350103734439834
            ],
            [
              0.318122555410691,
              0.350103734439834
            ],
            [
              0.3200782268578879,
              0.350103734439834
            ],
            [
              0.3213820078226858,
              0.34906639004149376
            ],
            [
              0.32333767926988266,
              0.34906639004149376
            ],
            [
              0.32529335071707954,
              0.34906639004149376
            ],
            [
              0.3272490221642764,
              0.34906639004149376
            ],
            [
              0.32920469361147325,
              0.34906639004149376
            ],
            [
              0.33116036505867014,
              0.34906639004149376
            ],
            [
              0.3324641460234681,
              0.3480290456431535
            ],
            [
              0.3344198174706649,
              0.3480290456431535
            ],
            [
              0.3363754889178618,
              0.3480290456431535
            ],
            [
              0.3376792698826597,
              0.34699170124481327
            ],
            [
              0.3396349413298566,
              0.34699170124481327
            ],
            [
              0.34159061277705344,
              0.34699170124481327
            ],
            [
              0.3428943937418514,
              0.3480290456431535
            ],
            [
              0.34485006518904826,
              0.3480290456431535
            ],
            [
              0.34615384615384615,
              0.34699170124481327
            ],
            [
              0.34810951760104303,
              0.34699170124481327
            ],
            [
              0.3500651890482399,
              0.34699170124481327
            ],
            [
              0.3520208604954368,
              0.34699170124481327
            ],
            [
              0.3539765319426336,
              0.34699170124481327
            ],
            [
              0.35528031290743156,
              0.3480290456431535
            ],
            [
              0.35691003911342895,
              0.34854771784232363
            ],
            [
              0.3578878748370274,
              0.350103734439834
            ],
            [
              0.35919165580182527,
              0.35114107883817425
            ],
            [
              0.3604954367666232,
              0.35217842323651455
            ],
            [
              0.3617992177314211,
              0.3532157676348548
            ],
            [
              0.36310299869621904,
              0.35425311203319504
            ],
            [
              0.3644067796610169,
              0.3552904564315353
            ],
            [
              0.36571056062581486,
              0.35632780082987553
            ],
            [
              0.36734028683181225,
              0.35684647302904565
            ],
            [
              0.3683181225554107,
              0.358402489626556
            ],
            [
              0.36962190352020863,
              0.35943983402489627
            ],
            [
              0.3709256844850065,
              0.3604771784232365
            ],
            [
              0.37222946544980445,
              0.36151452282157676
            ],
            [
              0.3732073011734029,
              0.3630705394190871
            ],
            [
              0.3741851368970013,
              0.3646265560165975
            ],
            [
              0.3754889178617992,
              0.36566390041493774
            ],
            [
              0.3767926988265971,
              0.366701244813278
            ],
            [
              0.37809647979139505,
              0.3677385892116183
            ],
            [
              0.38005215123859193,
              0.3677385892116183
            ],
            [
              0.38102998696219037,
              0.36618257261410786
            ],
            [
              0.3820078226857888,
              0.3646265560165975
            ],
            [
              0.3836375488917862,
              0.3651452282157676
            ],
            [
              0.3849413298565841,
              0.36618257261410786
            ],
            [
              0.3855932203389831,
              0.3682572614107884
            ],
            [
              0.38461538461538464,
              0.3698132780082988
            ],
            [
              0.3836375488917862,
              0.37136929460580914
            ],
            [
              0.3836375488917862,
              0.3744813278008299
            ],
            [
              0.38265971316818775,
              0.37603734439834025
            ],
            [
              0.3813559322033898,
              0.3770746887966805
            ],
            [
              0.37972620599739243,
              0.3775933609958506
            ],
            [
              0.37809647979139505,
              0.37811203319502074
            ],
            [
              0.37614080834419816,
              0.37811203319502074
            ],
            [
              0.3745110821382008,
              0.37863070539419086
            ],
            [
              0.3728813559322034,
              0.379149377593361
            ],
            [
              0.3709256844850065,
              0.379149377593361
            ],
            [
              0.36897001303780963,
              0.379149377593361
            ],
            [
              0.3670143415906128,
              0.379149377593361
            ],
            [
              0.36571056062581486,
              0.3801867219917012
            ],
            [
              0.363754889178618,
              0.3801867219917012
            ],
            [
              0.3617992177314211,
              0.3801867219917012
            ],
            [
              0.35984354628422427,
              0.3801867219917012
            ],
            [
              0.3578878748370274,
              0.3801867219917012
            ],
            [
              0.35658409387222945,
              0.38122406639004147
            ],
            [
              0.3546284224250326,
              0.38122406639004147
            ],
            [
              0.35267275097783574,
              0.38122406639004147
            ],
            [
              0.35071707953063885,
              0.38122406639004147
            ],
            [
              0.3500651890482399,
              0.3822614107883817
            ]
          ]
        ]
      },
      "properties": {
        "segment_id": 35,
        "area": 2490,
        "bbox": [
          479.0,
          335.0,
          112.0,
          33.0
        ],
        "iou": 0.9778972864151001,
        "stability": 0.9746132493019104,
        "auto_generated": true,
        "model": "segment_anything"
      }
    },
    {
      "type": "Feature",
      "geometry": {
        "type": "Polygon",
        "coordinates": [
          [
            [
              0.22099087353324642,
              0.5783195020746889
            ],
            [
              0.22033898305084745,
              0.5783195020746889
            ],
            [
              0.2196870925684485,
              0.5783195020746889
            ],
            [
              0.21903520208604954,
              0.5783195020746889
            ],
            [
              0.2183833116036506,
              0.5783195020746889
            ],
            [
              0.21773142112125163,
              0.5783195020746889
            ],
            [
              0.21707953063885269,
              0.5783195020746889
            ],
            [
              0.21642764015645372,
              0.5783195020746889
            ],
            [
              0.21577574967405475,
              0.5783195020746889
            ],
            [
              0.2151238591916558,
              0.5783195020746889
            ],
            [
              0.21479791395045633,
              0.5778008298755186
            ],
            [
              0.21447196870925683,
              0.5772821576763485
            ],
            [
              0.2138200782268579,
              0.5772821576763485
            ],
            [
              0.21349413298565842,
              0.5767634854771784
            ],
            [
              0.21316818774445892,
              0.5762448132780082
            ],
            [
              0.21251629726205998,
              0.5762448132780082
            ],
            [
              0.2121903520208605,
              0.5757261410788381
            ],
            [
              0.211864406779661,
              0.575207468879668
            ],
            [
              0.21121251629726207,
              0.575207468879668
            ],
            [
              0.2108865710560626,
              0.5746887966804979
            ],
            [
              0.2105606258148631,
              0.5741701244813278
            ],
            [
              0.20990873533246415,
              0.5741701244813278
            ],
            [
              0.20925684485006518,
              0.5741701244813278
            ],
            [
              0.2089308996088657,
              0.5736514522821576
            ],
            [
              0.20860495436766624,
              0.5731327800829875
            ],
            [
              0.20795306388526727,
              0.5731327800829875
            ],
            [
              0.2076271186440678,
              0.5726141078838174
            ],
            [
              0.20730117340286833,
              0.5720954356846473
            ],
            [
              0.20664928292046936,
              0.5720954356846473
            ],
            [
              0.20599739243807041,
              0.5720954356846473
            ],
            [
              0.20534550195567144,
              0.5720954356846473
            ],
            [
              0.2046936114732725,
              0.5720954356846473
            ],
            [
              0.204367666232073,
              0.5715767634854771
            ],
            [
              0.204367666232073,
              0.5705394190871369
            ],
            [
              0.2046936114732725,
              0.5700207468879668
            ],
            [
              0.20501955671447197,
              0.5695020746887967
            ],
            [
              0.20501955671447197,
              0.5684647302904564
            ],
            [
              0.20534550195567144,
              0.5679460580912863
            ],
            [
              0.20567144719687092,
              0.5674273858921162
            ],
            [
              0.20599739243807041,
              0.566908713692946
            ],
            [
              0.20664928292046936,
              0.566908713692946
            ],
            [
              0.20697522816166883,
              0.5663900414937759
            ],
            [
              0.20730117340286833,
              0.5658713692946058
            ],
            [
              0.20795306388526727,
              0.5658713692946058
            ],
            [
              0.20860495436766624,
              0.5658713692946058
            ],
            [
              0.2089308996088657,
              0.5653526970954357
            ],
            [
              0.20925684485006518,
              0.5648340248962656
            ],
            [
              0.20990873533246415,
              0.5648340248962656
            ],
            [
              0.2105606258148631,
              0.5648340248962656
            ],
            [
              0.2108865710560626,
              0.5643153526970954
            ],
            [
              0.21121251629726207,
              0.5637966804979253
            ],
            [
              0.211864406779661,
              0.5637966804979253
            ],
            [
              0.2121903520208605,
              0.5632780082987552
            ],
            [
              0.21251629726205998,
              0.5627593360995851
            ],
            [
              0.21316818774445892,
              0.5627593360995851
            ],
            [
              0.21349413298565842,
              0.5622406639004149
            ],
            [
              0.2138200782268579,
              0.5617219917012448
            ],
            [
              0.21447196870925683,
              0.5617219917012448
            ],
            [
              0.21479791395045633,
              0.5612033195020747
            ],
            [
              0.2151238591916558,
              0.5606846473029046
            ],
            [
              0.21577574967405475,
              0.5606846473029046
            ],
            [
              0.21610169491525424,
              0.5601659751037344
            ],
            [
              0.21642764015645372,
              0.5596473029045643
            ],
            [
              0.21707953063885269,
              0.5596473029045643
            ],
            [
              0.21740547588005216,
              0.5591286307053942
            ],
            [
              0.21773142112125163,
              0.5586099585062241
            ],
            [
              0.2183833116036506,
              0.5586099585062241
            ],
            [
              0.21903520208604954,
              0.5586099585062241
            ],
            [
              0.2196870925684485,
              0.5586099585062241
            ],
            [
              0.22033898305084745,
              0.5586099585062241
            ],
            [
              0.22099087353324642,
              0.5586099585062241
            ],
            [
              0.22164276401564537,
              0.5586099585062241
            ],
            [
              0.22229465449804434,
              0.5586099585062241
            ],
            [
              0.22294654498044328,
              0.5586099585062241
            ],
            [
              0.22327249022164278,
              0.5591286307053942
            ],
            [
              0.22359843546284225,
              0.5596473029045643
            ],
            [
              0.2242503259452412,
              0.5596473029045643
            ],
            [
              0.22490221642764016,
              0.5596473029045643
            ],
            [
              0.2255541069100391,
              0.5596473029045643
            ],
            [
              0.22620599739243807,
              0.5596473029045643
            ],
            [
              0.22653194263363755,
              0.5601659751037344
            ],
            [
              0.22685788787483702,
              0.5606846473029046
            ],
            [
              0.227509778357236,
              0.5606846473029046
            ],
            [
              0.22816166883963493,
              0.5606846473029046
            ],
            [
              0.22848761408083443,
              0.5612033195020747
            ],
            [
              0.2288135593220339,
              0.5617219917012448
            ],
            [
              0.22946544980443284,
              0.5617219917012448
            ],
            [
              0.2301173402868318,
              0.5617219917012448
            ],
            [
              0.23076923076923078,
              0.5617219917012448
            ],
            [
              0.23142112125162972,
              0.5617219917012448
            ],
            [
              0.2320730117340287,
              0.5617219917012448
            ],
            [
              0.23272490221642764,
              0.5617219917012448
            ],
            [
              0.2333767926988266,
              0.5617219917012448
            ],
            [
              0.23402868318122555,
              0.5617219917012448
            ],
            [
              0.23435462842242502,
              0.5622406639004149
            ],
            [
              0.23468057366362452,
              0.5627593360995851
            ],
            [
              0.23533246414602346,
              0.5627593360995851
            ],
            [
              0.23598435462842243,
              0.5627593360995851
            ],
            [
              0.23663624511082137,
              0.5627593360995851
            ],
            [
              0.23696219035202087,
              0.5632780082987552
            ],
            [
              0.23728813559322035,
              0.5637966804979253
            ],
            [
              0.23761408083441982,
              0.5643153526970954
            ],
            [
              0.23761408083441982,
              0.5653526970954357
            ],
            [
              0.23728813559322035,
              0.5658713692946058
            ],
            [
              0.23696219035202087,
              0.5663900414937759
            ],
            [
              0.23663624511082137,
              0.566908713692946
            ],
            [
              0.2363102998696219,
              0.5674273858921162
            ],
            [
              0.23598435462842243,
              0.5679460580912863
            ],
            [
              0.23533246414602346,
              0.5679460580912863
            ],
            [
              0.235006518904824,
              0.5684647302904564
            ],
            [
              0.23468057366362452,
              0.5689834024896265
            ],
            [
              0.23402868318122555,
              0.5689834024896265
            ],
            [
              0.23370273794002608,
              0.5695020746887967
            ],
            [
              0.2333767926988266,
              0.5700207468879668
            ],
            [
              0.23272490221642764,
              0.5700207468879668
            ],
            [
              0.23239895697522817,
              0.5705394190871369
            ],
            [
              0.2320730117340287,
              0.571058091286307
            ],
            [
              0.23142112125162972,
              0.571058091286307
            ],
            [
              0.23109517601043025,
              0.5715767634854771
            ],
            [
              0.23076923076923078,
              0.5720954356846473
            ],
            [
              0.2301173402868318,
              0.5720954356846473
            ],
            [
              0.22946544980443284,
              0.5720954356846473
            ],
            [
              0.2288135593220339,
              0.5720954356846473
            ],
            [
              0.22848761408083443,
              0.5726141078838174
            ],
            [
              0.22816166883963493,
              0.5731327800829875
            ],
            [
              0.227509778357236,
              0.5731327800829875
            ],
            [
              0.22718383311603652,
              0.5736514522821576
            ],
            [
              0.22685788787483702,
              0.5741701244813278
            ],
            [
              0.22620599739243807,
              0.5741701244813278
            ],
            [
              0.2258800521512386,
              0.5746887966804979
            ],
            [
              0.2255541069100391,
              0.575207468879668
            ],
            [
              0.22490221642764016,
              0.575207468879668
            ],
            [
              0.2242503259452412,
              0.575207468879668
            ],
            [
              0.22392438070404172,
              0.5757261410788381
            ],
            [
              0.22359843546284225,
              0.5762448132780082
            ],
            [
              0.22294654498044328,
              0.5762448132780082
            ],
            [
              0.2226205997392438,
              0.5767634854771784
            ],
            [
              0.22229465449804434,
              0.5772821576763485
            ],
            [
              0.22164276401564537,
              0.5772821576763485
            ],
            [
              0.2213168187744459,
              0.5778008298755186
            ],
            [
              0.22099087353324642,
              0.5783195020746889
            ],
            [
              0.22099087353324642,
              0.5783195020746889
            ]
          ]
        ]
      },
      "properties": {
        "segment_id": 36,
        "area": 593,
        "bbox": [
          314.0,
          539.0,
          50.0,
          18.0
        ],
        "iou": 0.8937636613845825,
        "stability": 0.96517413854599,
        "auto_generated": true,
        "model": "segment_anything"
      }
    },
    {
      "type": "Feature",
      "geometry": {
        "type": "Polygon",
        "coordinates": [
          [
            [
              0.22033898305084745,
              0.3210580912863071
            ],
            [
              0.21903520208604954,
              0.3210580912863071
            ],
            [
              0.21773142112125163,
              0.3210580912863071
            ],
            [
              0.21642764015645372,
              0.3210580912863071
            ],
            [
              0.2151238591916558,
              0.3210580912863071
            ],
            [
              0.2138200782268579,
              0.3210580912863071
            ],
            [
              0.21251629726205998,
              0.3210580912863071
            ],
            [
              0.21121251629726207,
              0.3210580912863071
            ],
            [
              0.20990873533246415,
              0.3210580912863071
            ],
            [
              0.20860495436766624,
              0.3210580912863071
            ],
            [
              0.20730117340286833,
              0.3210580912863071
            ],
            [
              0.20599739243807041,
              0.3210580912863071
            ],
            [
              0.2046936114732725,
              0.3210580912863071
            ],
            [
              0.2033898305084746,
              0.3210580912863071
            ],
            [
              0.20208604954367665,
              0.3210580912863071
            ],
            [
              0.20078226857887874,
              0.3210580912863071
            ],
            [
              0.19947848761408082,
              0.3210580912863071
            ],
            [
              0.1981747066492829,
              0.3210580912863071
            ],
            [
              0.196870925684485,
              0.3210580912863071
            ],
            [
              0.19556714471968709,
              0.3210580912863071
            ],
            [
              0.19426336375488917,
              0.3210580912863071
            ],
            [
              0.19295958279009126,
              0.3210580912863071
            ],
            [
              0.19165580182529335,
              0.3210580912863071
            ],
            [
              0.19035202086049544,
              0.3210580912863071
            ],
            [
              0.18904823989569752,
              0.3210580912863071
            ],
            [
              0.1877444589308996,
              0.3210580912863071
            ],
            [
              0.1864406779661017,
              0.3210580912863071
            ],
            [
              0.18513689700130379,
              0.3210580912863071
            ],
            [
              0.18383311603650587,
              0.3210580912863071
            ],
            [
              0.18252933507170796,
              0.3210580912863071
            ],
            [
              0.18122555410691005,
              0.3210580912863071
            ],
            [
              0.17992177314211213,
              0.3210580912863071
            ],
            [
              0.1789439374185137,
              0.32053941908713696
            ],
            [
              0.17796610169491525,
              0.3200207468879668
            ],
            [
              0.17666232073011734,
              0.3200207468879668
            ],
            [
              0.17535853976531943,
              0.3200207468879668
            ],
            [
              0.17405475880052151,
              0.3200207468879668
            ],
            [
              0.1727509778357236,
              0.3200207468879668
            ],
            [
              0.1714471968709257,
              0.3200207468879668
            ],
            [
              0.17046936114732725,
              0.31950207468879666
            ],
            [
              0.1694915254237288,
              0.31898340248962653
            ],
            [
              0.1681877444589309,
              0.31898340248962653
            ],
            [
              0.16688396349413298,
              0.31898340248962653
            ],
            [
              0.16590612777053454,
              0.3184647302904564
            ],
            [
              0.16623207301173404,
              0.31690871369294604
            ],
            [
              0.16688396349413298,
              0.3158713692946058
            ],
            [
              0.16786179921773142,
              0.3153526970954357
            ],
            [
              0.16883963494132986,
              0.31483402489626555
            ],
            [
              0.1694915254237288,
              0.3137966804979253
            ],
            [
              0.17079530638852672,
              0.3137966804979253
            ],
            [
              0.17209908735332463,
              0.3137966804979253
            ],
            [
              0.17340286831812254,
              0.3137966804979253
            ],
            [
              0.17470664928292046,
              0.3137966804979253
            ],
            [
              0.17535853976531943,
              0.31275933609958506
            ],
            [
              0.17666232073011734,
              0.31275933609958506
            ],
            [
              0.17764015645371578,
              0.3132780082987552
            ],
            [
              0.17861799217731422,
              0.3137966804979253
            ],
            [
              0.17959582790091264,
              0.3132780082987552
            ],
            [
              0.18057366362451108,
              0.31275933609958506
            ],
            [
              0.181877444589309,
              0.31275933609958506
            ],
            [
              0.1831812255541069,
              0.31275933609958506
            ],
            [
              0.18448500651890481,
              0.31275933609958506
            ],
            [
              0.18546284224250326,
              0.31224066390041494
            ],
            [
              0.1864406779661017,
              0.3117219917012448
            ],
            [
              0.1877444589308996,
              0.3117219917012448
            ],
            [
              0.18904823989569752,
              0.3117219917012448
            ],
            [
              0.19035202086049544,
              0.3117219917012448
            ],
            [
              0.19165580182529335,
              0.3117219917012448
            ],
            [
              0.19295958279009126,
              0.3117219917012448
            ],
            [
              0.19426336375488917,
              0.3117219917012448
            ],
            [
              0.19556714471968709,
              0.3117219917012448
            ],
            [
              0.196870925684485,
              0.3117219917012448
            ],
            [
              0.1981747066492829,
              0.3117219917012448
            ],
            [
              0.19947848761408082,
              0.3117219917012448
            ],
            [
              0.20078226857887874,
              0.3117219917012448
            ],
            [
              0.20208604954367665,
              0.3117219917012448
            ],
            [
              0.2033898305084746,
              0.3117219917012448
            ],
            [
              0.2046936114732725,
              0.3117219917012448
            ],
            [
              0.20599739243807041,
              0.3117219917012448
            ],
            [
              0.20730117340286833,
              0.3117219917012448
            ],
            [
              0.20827900912646674,
              0.31224066390041494
            ],
            [
              0.20925684485006518,
              0.31275933609958506
            ],
            [
              0.2105606258148631,
              0.31275933609958506
            ],
            [
              0.211864406779661,
              0.31275933609958506
            ],
            [
              0.21316818774445892,
              0.31275933609958506
            ],
            [
              0.21447196870925683,
              0.31275933609958506
            ],
            [
              0.2151238591916558,
              0.3117219917012448
            ],
            [
              0.21642764015645372,
              0.3117219917012448
            ],
            [
              0.21773142112125163,
              0.3117219917012448
            ],
            [
              0.21903520208604954,
              0.3117219917012448
            ],
            [
              0.22033898305084745,
              0.3117219917012448
            ],
            [
              0.22164276401564537,
              0.3117219917012448
            ],
            [
              0.22294654498044328,
              0.3117219917012448
            ],
            [
              0.2242503259452412,
              0.3117219917012448
            ],
            [
              0.2255541069100391,
              0.3117219917012448
            ],
            [
              0.22685788787483702,
              0.3117219917012448
            ],
            [
              0.227509778357236,
              0.31275933609958506
            ],
            [
              0.2288135593220339,
              0.31275933609958506
            ],
            [
              0.2301173402868318,
              0.31275933609958506
            ],
            [
              0.23076923076923078,
              0.3137966804979253
            ],
            [
              0.2320730117340287,
              0.3137966804979253
            ],
            [
              0.2320730117340287,
              0.31483402489626555
            ],
            [
              0.23076923076923078,
              0.31483402489626555
            ],
            [
              0.2301173402868318,
              0.3158713692946058
            ],
            [
              0.2288135593220339,
              0.3158713692946058
            ],
            [
              0.22783572359843546,
              0.3163900414937759
            ],
            [
              0.22685788787483702,
              0.31690871369294604
            ],
            [
              0.22620599739243807,
              0.3179460580912863
            ],
            [
              0.22522816166883963,
              0.3184647302904564
            ],
            [
              0.2242503259452412,
              0.31898340248962653
            ],
            [
              0.22327249022164278,
              0.31950207468879666
            ],
            [
              0.22229465449804434,
              0.3200207468879668
            ],
            [
              0.22099087353324642,
              0.3200207468879668
            ],
            [
              0.22033898305084745,
              0.3210580912863071
            ]
          ]
        ]
      },
      "properties": {
        "segment_id": 37,
        "area": 752,
        "bbox": [
          255.0,
          301.0,
          101.0,
          8.0
        ],
        "iou": 0.8677159547805786,
        "stability": 0.9516339898109436,
        "auto_generated": true,
        "model": "segment_anything"
      }
    },
    {
      "type": "Feature",
      "geometry": {
        "type": "Polygon",
        "coordinates": [
          [
            [
              0.999348109517601,
              0.11981327800829876
            ],
            [
              0.9889178617992177,
              0.11981327800829876
            ],
            [
              0.9797913950456323,
              0.11981327800829876
            ],
            [
              0.970013037809648,
              0.120850622406639
            ],
            [
              0.9608865710560626,
              0.120850622406639
            ],
            [
              0.9517601043024772,
              0.120850622406639
            ],
            [
              0.9419817470664928,
              0.12188796680497925
            ],
            [
              0.9315514993481095,
              0.12188796680497925
            ],
            [
              0.9217731421121251,
              0.1229253112033195
            ],
            [
              0.9119947848761408,
              0.12188796680497925
            ],
            [
              0.9015645371577575,
              0.12188796680497925
            ],
            [
              0.8917861799217731,
              0.1229253112033195
            ],
            [
              0.8820078226857888,
              0.12188796680497925
            ],
            [
              0.8715775749674055,
              0.12188796680497925
            ],
            [
              0.8617992177314211,
              0.120850622406639
            ],
            [
              0.8516949152542372,
              0.12136929460580913
            ],
            [
              0.8422425032594524,
              0.120850622406639
            ],
            [
              0.8324641460234681,
              0.12188796680497925
            ],
            [
              0.8233376792698827,
              0.11981327800829876
            ],
            [
              0.8142112125162972,
              0.11981327800829876
            ],
            [
              0.8044328552803129,
              0.1187759336099585
            ],
            [
              0.7946544980443285,
              0.11773858921161826
            ],
            [
              0.7855280312907431,
              0.11773858921161826
            ],
            [
              0.7764015645371578,
              0.11566390041493776
            ],
            [
              0.7659713168187744,
              0.11566390041493776
            ],
            [
              0.757496740547588,
              0.1187759336099585
            ],
            [
              0.7470664928292047,
              0.1187759336099585
            ],
            [
              0.7369621903520208,
              0.11825726141078838
            ],
            [
              0.7288135593220338,
              0.120850622406639
            ],
            [
              0.7190352020860495,
              0.12188796680497925
            ],
            [
              0.7086049543676662,
              0.12188796680497925
            ],
            [
              0.6981747066492829,
              0.12188796680497925
            ],
            [
              0.6883963494132985,
              0.1229253112033195
            ],
            [
              0.6792698826597132,
              0.1229253112033195
            ],
            [
              0.6701434159061278,
              0.125
            ],
            [
              0.6603650586701434,
              0.12603734439834025
            ],
            [
              0.6502607561929595,
              0.12551867219917012
            ],
            [
              0.6408083441981747,
              0.12396265560165975
            ],
            [
              0.6310299869621904,
              0.125
            ],
            [
              0.621251629726206,
              0.12603734439834025
            ],
            [
              0.6114732724902217,
              0.125
            ],
            [
              0.6016949152542372,
              0.12603734439834025
            ],
            [
              0.5919165580182529,
              0.125
            ],
            [
              0.5827900912646675,
              0.125
            ],
            [
              0.5730117340286832,
              0.12603734439834025
            ],
            [
              0.5625814863102999,
              0.12603734439834025
            ],
            [
              0.5528031290743155,
              0.125
            ],
            [
              0.5436766623207301,
              0.125
            ],
            [
              0.5338983050847458,
              0.12603734439834025
            ],
            [
              0.5241199478487614,
              0.1270746887966805
            ],
            [
              0.5136897001303781,
              0.1270746887966805
            ],
            [
              0.5032594524119948,
              0.1270746887966805
            ],
            [
              0.49315514993481097,
              0.12655601659751037
            ],
            [
              0.4830508474576271,
              0.12603734439834025
            ],
            [
              0.4726205997392438,
              0.12603734439834025
            ],
            [
              0.4621903520208605,
              0.12603734439834025
            ],
            [
              0.4517601043024772,
              0.12603734439834025
            ],
            [
              0.44132985658409385,
              0.12603734439834025
            ],
            [
              0.4315514993481095,
              0.1270746887966805
            ],
            [
              0.4217731421121252,
              0.12603734439834025
            ],
            [
              0.41134289439374183,
              0.12603734439834025
            ],
            [
              0.40091264667535853,
              0.12603734439834025
            ],
            [
              0.39048239895697523,
              0.12603734439834025
            ],
            [
              0.38005215123859193,
              0.12603734439834025
            ],
            [
              0.36962190352020863,
              0.12603734439834025
            ],
            [
              0.35984354628422427,
              0.125
            ],
            [
              0.3513689700130378,
              0.12188796680497925
            ],
            [
              0.34224250325945244,
              0.11981327800829876
            ],
            [
              0.3334419817470665,
              0.12240663900414937
            ],
            [
              0.3239895697522816,
              0.12396265560165975
            ],
            [
              0.31421121251629724,
              0.1229253112033195
            ],
            [
              0.3057366362451108,
              0.11981327800829876
            ],
            [
              0.29791395045632335,
              0.11566390041493776
            ],
            [
              0.2894393741851369,
              0.11255186721991702
            ],
            [
              0.2790091264667536,
              0.11255186721991702
            ],
            [
              0.2685788787483703,
              0.11255186721991702
            ],
            [
              0.2588005215123859,
              0.11151452282157677
            ],
            [
              0.25097783572359844,
              0.11566390041493776
            ],
            [
              0.24282920469361147,
              0.11929460580912864
            ],
            [
              0.23468057366362452,
              0.120850622406639
            ],
            [
              0.22718383311603652,
              0.11618257261410789
            ],
            [
              0.2183833116036506,
              0.11358921161825726
            ],
            [
              0.20925684485006518,
              0.11358921161825726
            ],
            [
              0.20078226857887874,
              0.11047717842323651
            ],
            [
              0.19230769230769232,
              0.10736514522821576
            ],
            [
              0.18448500651890481,
              0.10321576763485477
            ],
            [
              0.1760104302477184,
              0.10010373443983403
            ],
            [
              0.16688396349413298,
              0.10217842323651452
            ],
            [
              0.1577574967405476,
              0.10425311203319503
            ],
            [
              0.14863102998696218,
              0.10632780082987552
            ],
            [
              0.1395045632333768,
              0.10840248962655602
            ],
            [
              0.13102998696219034,
              0.10736514522821576
            ],
            [
              0.12059973924380704,
              0.10736514522821576
            ],
            [
              0.11082138200782268,
              0.10840248962655602
            ],
            [
              0.1016949152542373,
              0.10632780082987552
            ],
            [
              0.09191655801825294,
              0.10529045643153527
            ],
            [
              0.08344198174706649,
              0.10217842323651452
            ],
            [
              0.07431551499348109,
              0.10217842323651452
            ],
            [
              0.06584093872229466,
              0.10529045643153527
            ],
            [
              0.05704041720990873,
              0.1078838174273859
            ],
            [
              0.048239895697522815,
              0.10632780082987552
            ],
            [
              0.03911342894393742,
              0.10425311203319503
            ],
            [
              0.02998696219035202,
              0.10217842323651452
            ],
            [
              0.01955671447196871,
              0.10217842323651452
            ],
            [
              0.010430247718383311,
              0.10217842323651452
            ],
            [
              0.000651890482398957,
              0.10114107883817428
            ],
            [
              0.999348109517601,
              0.11981327800829876
            ]
          ]
        ]
      },
      "properties": {
        "segment_id": 38,
        "area": 176128,
        "bbox": [
          0.0,
          0.0,
          1533.0,
          122.0
        ],
        "iou": 1.013152837753296,
        "stability": 0.9906619787216187,
        "auto_generated": true,
        "model": "segment_anything"
      }
    },
    {
      "type": "Feature",
      "geometry": {
        "type": "Polygon",
        "coordinates": [
          [
            [
              0.999348109517601,
              0.6478215767634855
            ],
            [
              0.9908735332464146,
              0.6436721991701245
            ],
            [
              0.9840286831812256,
              0.6369294605809128
            ],
            [
              0.9768578878748371,
              0.6307053941908713
            ],
            [
              0.970013037809648,
              0.6239626556016598
            ],
            [
              0.9628422425032594,
              0.6177385892116183
            ],
            [
              0.954367666232073,
              0.6135892116182573
            ],
            [
              0.9481747066492829,
              0.6058091286307054
            ],
            [
              0.940677966101695,
              0.600103734439834
            ],
            [
              0.9335071707953064,
              0.5938796680497925
            ],
            [
              0.9273142112125163,
              0.5860995850622407
            ],
            [
              0.9207953063885267,
              0.578838174273859
            ],
            [
              0.9132985658409387,
              0.5731327800829875
            ],
            [
              0.9061277705345502,
              0.566908713692946
            ],
            [
              0.8989569752281616,
              0.5606846473029046
            ],
            [
              0.8917861799217731,
              0.5544605809128631
            ],
            [
              0.8852672750977836,
              0.5471991701244814
            ],
            [
              0.8777705345501956,
              0.5414937759336099
            ],
            [
              0.8709256844850065,
              0.5347510373443983
            ],
            [
              0.8634289439374185,
              0.529045643153527
            ],
            [
              0.8569100391134289,
              0.5217842323651453
            ],
            [
              0.8503911342894394,
              0.5145228215767634
            ],
            [
              0.8435462842242504,
              0.5077800829875518
            ],
            [
              0.8373533246414603,
              0.5
            ],
            [
              0.8308344198174706,
              0.4927385892116183
            ],
            [
              0.8236636245110821,
              0.48651452282157676
            ],
            [
              0.817470664928292,
              0.4787344398340249
            ],
            [
              0.8116036505867015,
              0.4704356846473029
            ],
            [
              0.8057366362451108,
              0.46213692946058094
            ],
            [
              0.7979139504563233,
              0.45695020746887965
            ],
            [
              0.7920469361147328,
              0.4486514522821577
            ],
            [
              0.7865058670143416,
              0.43983402489626555
            ],
            [
              0.780638852672751,
              0.4315352697095436
            ],
            [
              0.7747718383311604,
              0.42323651452282157
            ],
            [
              0.7695567144719687,
              0.4139004149377593
            ],
            [
              0.7649934810951761,
              0.40352697095435686
            ],
            [
              0.7604302477183833,
              0.39315352697095435
            ],
            [
              0.7565189048239895,
              0.3817427385892116
            ],
            [
              0.7532594524119948,
              0.36929460580912865
            ],
            [
              0.749348109517601,
              0.3578838174273859
            ],
            [
              0.7460886571056062,
              0.3454356846473029
            ],
            [
              0.742503259452412,
              0.33350622406639
            ],
            [
              0.7385919165580183,
              0.3220954356846473
            ],
            [
              0.7340286831812256,
              0.3117219917012448
            ],
            [
              0.7297913950456323,
              0.3008298755186722
            ],
            [
              0.7252281616688396,
              0.29045643153526973
            ],
            [
              0.7209908735332464,
              0.2795643153526971
            ],
            [
              0.7138200782268579,
              0.2733402489626556
            ],
            [
              0.7066492829204694,
              0.2671161825726141
            ],
            [
              0.7001303780964798,
              0.2598547717842324
            ],
            [
              0.6916558018252934,
              0.25570539419087135
            ],
            [
              0.6851368970013038,
              0.24844398340248963
            ],
            [
              0.6792698826597132,
              0.24014522821576764
            ],
            [
              0.6763363754889179,
              0.22717842323651452
            ],
            [
              0.6786179921773142,
              0.21317427385892115
            ],
            [
              0.6864406779661016,
              0.20798755186721993
            ],
            [
              0.6955671447196871,
              0.20487551867219916
            ],
            [
              0.7053455019556715,
              0.20487551867219916
            ],
            [
              0.7147979139504563,
              0.20228215767634855
            ],
            [
              0.7187092568448501,
              0.21058091286307054
            ],
            [
              0.7141460234680573,
              0.22095435684647302
            ],
            [
              0.720013037809648,
              0.229253112033195
            ],
            [
              0.7242503259452412,
              0.24014522821576764
            ],
            [
              0.7327249022164276,
              0.24221991701244813
            ],
            [
              0.7402216427640157,
              0.2479253112033195
            ],
            [
              0.7447848761408083,
              0.258298755186722
            ],
            [
              0.7503259452411994,
              0.2671161825726141
            ],
            [
              0.7561929595827901,
              0.2754149377593361
            ],
            [
              0.7617340286831812,
              0.2842323651452282
            ],
            [
              0.766297262059974,
              0.2946058091286307
            ],
            [
              0.7711864406779662,
              0.30446058091286304
            ],
            [
              0.7760756192959583,
              0.31431535269709543
            ],
            [
              0.7812907431551499,
              0.3236514522821577
            ],
            [
              0.7868318122555411,
              0.3324688796680498
            ],
            [
              0.7920469361147328,
              0.34180497925311204
            ],
            [
              0.7966101694915254,
              0.35217842323651455
            ],
            [
              0.8021512385919165,
              0.36099585062240663
            ],
            [
              0.8067144719687093,
              0.37136929460580914
            ],
            [
              0.8116036505867015,
              0.38122406639004147
            ],
            [
              0.8168187744458931,
              0.39056016597510373
            ],
            [
              0.8217079530638852,
              0.4004149377593361
            ],
            [
              0.8269230769230769,
              0.40975103734439833
            ],
            [
              0.8327900912646675,
              0.41804979253112035
            ],
            [
              0.8389830508474576,
              0.4258298755186722
            ],
            [
              0.8455019556714471,
              0.43309128630705396
            ],
            [
              0.8523468057366362,
              0.43983402489626555
            ],
            [
              0.8585397653194263,
              0.44761410788381745
            ],
            [
              0.8650586701434159,
              0.45487551867219916
            ],
            [
              0.8722294654498044,
              0.4610995850622407
            ],
            [
              0.8794002607561929,
              0.46732365145228216
            ],
            [
              0.8865710560625815,
              0.47354771784232363
            ],
            [
              0.8934159061277706,
              0.4802904564315353
            ],
            [
              0.9009126466753585,
              0.48599585062240663
            ],
            [
              0.9077574967405476,
              0.4927385892116183
            ],
            [
              0.9152542372881356,
              0.49844398340248963
            ],
            [
              0.9224250325945241,
              0.5046680497925311
            ],
            [
              0.9302477183833116,
              0.5098547717842323
            ],
            [
              0.9374185136897001,
              0.5160788381742739
            ],
            [
              0.9449152542372882,
              0.5217842323651453
            ],
            [
              0.9527379400260756,
              0.5269709543568465
            ],
            [
              0.9599087353324641,
              0.533195020746888
            ],
            [
              0.9674054758800521,
              0.5389004149377593
            ],
            [
              0.9749022164276402,
              0.5446058091286307
            ],
            [
              0.9823989569752282,
              0.5503112033195021
            ],
            [
              0.9898956975228161,
              0.5560165975103735
            ],
            [
              0.9977183833116037,
              0.5612033195020747
            ],
            [
              0.999348109517601,
              0.6478215767634855
            ]
          ]
        ]
      },
      "properties": {
        "segment_id": 39,
        "area": 38146,
        "bbox": [
          1038.0,
          195.0,
          495.0,
          429.0
        ],
        "iou": 0.9255192279815674,
        "stability": 0.9364878535270691,
        "auto_generated": true,
        "model": "segment_anything"
      }
    },
    {
      "type": "Feature",
      "geometry": {
        "type": "Polygon",
        "coordinates": [
          [
            [
              0.0,
              0.1146265560165975
            ],
            [
              0.001303780964797914,
              0.1146265560165975
            ],
            [
              0.0022816166883963492,
              0.11514522821576763
            ],
            [
              0.003259452411994785,
              0.11566390041493776
            ],
            [
              0.0045632333767926985,
              0.11566390041493776
            ],
            [
              0.005867014341590613,
              0.11566390041493776
            ],
            [
              0.007170795306388526,
              0.11566390041493776
            ],
            [
              0.008148631029986962,
              0.11618257261410789
            ],
            [
              0.009126466753585397,
              0.11670124481327801
            ],
            [
              0.010104302477183833,
              0.11721991701244813
            ],
            [
              0.01108213820078227,
              0.11773858921161826
            ],
            [
              0.012059973924380704,
              0.11825726141078838
            ],
            [
              0.01303780964797914,
              0.1187759336099585
            ],
            [
              0.013689700130378096,
              0.11981327800829876
            ],
            [
              0.01499348109517601,
              0.11981327800829876
            ],
            [
              0.01564537157757497,
              0.120850622406639
            ],
            [
              0.01694915254237288,
              0.120850622406639
            ],
            [
              0.017601043024771838,
              0.12188796680497925
            ],
            [
              0.018904823989569754,
              0.12188796680497925
            ],
            [
              0.019882659713168188,
              0.12240663900414937
            ],
            [
              0.020860495436766623,
              0.1229253112033195
            ],
            [
              0.02216427640156454,
              0.1229253112033195
            ],
            [
              0.022816166883963495,
              0.12396265560165975
            ],
            [
              0.024119947848761408,
              0.12396265560165975
            ],
            [
              0.024771838331160364,
              0.125
            ],
            [
              0.02607561929595828,
              0.125
            ],
            [
              0.027379400260756193,
              0.125
            ],
            [
              0.028357235984354627,
              0.12551867219917012
            ],
            [
              0.029335071707953065,
              0.12603734439834025
            ],
            [
              0.030638852672750978,
              0.12603734439834025
            ],
            [
              0.031616688396349416,
              0.12655601659751037
            ],
            [
              0.03259452411994785,
              0.1270746887966805
            ],
            [
              0.03389830508474576,
              0.1270746887966805
            ],
            [
              0.0348761408083442,
              0.1275933609958506
            ],
            [
              0.03585397653194263,
              0.12811203319502074
            ],
            [
              0.037157757496740544,
              0.12811203319502074
            ],
            [
              0.038135593220338986,
              0.12863070539419086
            ],
            [
              0.03911342894393742,
              0.129149377593361
            ],
            [
              0.04041720990873533,
              0.129149377593361
            ],
            [
              0.04139504563233377,
              0.12966804979253113
            ],
            [
              0.0423728813559322,
              0.13018672199170125
            ],
            [
              0.043676662320730114,
              0.13018672199170125
            ],
            [
              0.044980443285528034,
              0.13018672199170125
            ],
            [
              0.04563233376792699,
              0.1312240663900415
            ],
            [
              0.0469361147327249,
              0.1312240663900415
            ],
            [
              0.048239895697522815,
              0.1312240663900415
            ],
            [
              0.04954367666232073,
              0.1312240663900415
            ],
            [
              0.05084745762711865,
              0.1312240663900415
            ],
            [
              0.051499348109517604,
              0.13226141078838174
            ],
            [
              0.052803129074315516,
              0.13226141078838174
            ],
            [
              0.05345501955671447,
              0.133298755186722
            ],
            [
              0.05443285528031291,
              0.1338174273858921
            ],
            [
              0.05508474576271186,
              0.13485477178423236
            ],
            [
              0.05573663624511082,
              0.1358921161825726
            ],
            [
              0.056388526727509776,
              0.13692946058091288
            ],
            [
              0.05736636245110821,
              0.137448132780083
            ],
            [
              0.05834419817470665,
              0.13796680497925312
            ],
            [
              0.059322033898305086,
              0.13848547717842324
            ],
            [
              0.05997392438070404,
              0.1395228215767635
            ],
            [
              0.05997392438070404,
              0.14056016597510373
            ],
            [
              0.05867014341590613,
              0.14056016597510373
            ],
            [
              0.05736636245110821,
              0.14056016597510373
            ],
            [
              0.056388526727509776,
              0.14107883817427386
            ],
            [
              0.05541069100391134,
              0.14159751037344398
            ],
            [
              0.054758800521512385,
              0.14263485477178423
            ],
            [
              0.05378096479791395,
              0.14315352697095435
            ],
            [
              0.052803129074315516,
              0.14367219917012447
            ],
            [
              0.051499348109517604,
              0.14367219917012447
            ],
            [
              0.050195567144719684,
              0.14367219917012447
            ],
            [
              0.04889178617992177,
              0.14367219917012447
            ],
            [
              0.04758800521512386,
              0.14367219917012447
            ],
            [
              0.046284224250325946,
              0.14367219917012447
            ],
            [
              0.04563233376792699,
              0.14470954356846474
            ],
            [
              0.04432855280312908,
              0.14470954356846474
            ],
            [
              0.04302477183833116,
              0.14470954356846474
            ],
            [
              0.041720990873533245,
              0.14470954356846474
            ],
            [
              0.04041720990873533,
              0.14470954356846474
            ],
            [
              0.03911342894393742,
              0.14470954356846474
            ],
            [
              0.03780964797913951,
              0.14470954356846474
            ],
            [
              0.03650586701434159,
              0.14470954356846474
            ],
            [
              0.035202086049543675,
              0.14470954356846474
            ],
            [
              0.03389830508474576,
              0.14470954356846474
            ],
            [
              0.03259452411994785,
              0.14470954356846474
            ],
            [
              0.03129074315514994,
              0.14470954356846474
            ],
            [
              0.02998696219035202,
              0.14470954356846474
            ],
            [
              0.028683181225554105,
              0.14470954356846474
            ],
            [
              0.027379400260756193,
              0.14470954356846474
            ],
            [
              0.02607561929595828,
              0.14470954356846474
            ],
            [
              0.024771838331160364,
              0.14470954356846474
            ],
            [
              0.02346805736636245,
              0.14470954356846474
            ],
            [
              0.02216427640156454,
              0.14470954356846474
            ],
            [
              0.020860495436766623,
              0.14470954356846474
            ],
            [
              0.01955671447196871,
              0.14470954356846474
            ],
            [
              0.018252933507170794,
              0.14470954356846474
            ],
            [
              0.01694915254237288,
              0.14470954356846474
            ],
            [
              0.01564537157757497,
              0.14470954356846474
            ],
            [
              0.014341590612777053,
              0.14470954356846474
            ],
            [
              0.01303780964797914,
              0.14470954356846474
            ],
            [
              0.011734028683181226,
              0.14470954356846474
            ],
            [
              0.010430247718383311,
              0.14470954356846474
            ],
            [
              0.009126466753585397,
              0.14470954356846474
            ],
            [
              0.007822685788787484,
              0.14470954356846474
            ],
            [
              0.00651890482398957,
              0.14470954356846474
            ],
            [
              0.005215123859191656,
              0.14470954356846474
            ],
            [
              0.003911342894393742,
              0.14470954356846474
            ],
            [
              0.002607561929595828,
              0.14470954356846474
            ],
            [
              0.001303780964797914,
              0.14470954356846474
            ],
            [
              0.0,
              0.14470954356846474
            ],
            [
              0.0,
              0.1146265560165975
            ]
          ]
        ]
      },
      "properties": {
        "segment_id": 40,
        "area": 1672,
        "bbox": [
          0.0,
          111.0,
          92.0,
          28.0
        ],
        "iou": 0.9237250089645386,
        "stability": 0.9671746492385864,
        "auto_generated": true,
        "model": "segment_anything"
      }
    },
    {
      "type": "Feature",
      "geometry": {
        "type": "Polygon",
        "coordinates": [
          [
            [
              0.999348109517601,
              0.8376556016597511
            ],
            [
              0.9986962190352021,
              0.8376556016597511
            ],
            [
              0.9980443285528031,
              0.8376556016597511
            ],
            [
              0.9977183833116037,
              0.8381742738589212
            ],
            [
              0.9973924380704041,
              0.8386929460580913
            ],
            [
              0.9967405475880052,
              0.8386929460580913
            ],
            [
              0.9964146023468058,
              0.8392116182572614
            ],
            [
              0.9960886571056062,
              0.8397302904564315
            ],
            [
              0.9954367666232073,
              0.8397302904564315
            ],
            [
              0.9951108213820078,
              0.8402489626556017
            ],
            [
              0.9947848761408083,
              0.8407676348547718
            ],
            [
              0.9941329856584094,
              0.8407676348547718
            ],
            [
              0.9934810951760105,
              0.8407676348547718
            ],
            [
              0.9931551499348109,
              0.8412863070539419
            ],
            [
              0.9928292046936115,
              0.841804979253112
            ],
            [
              0.9921773142112125,
              0.841804979253112
            ],
            [
              0.9915254237288136,
              0.841804979253112
            ],
            [
              0.991199478487614,
              0.8423236514522822
            ],
            [
              0.9908735332464146,
              0.8428423236514523
            ],
            [
              0.9902216427640157,
              0.8428423236514523
            ],
            [
              0.9895697522816167,
              0.8428423236514523
            ],
            [
              0.9889178617992177,
              0.8428423236514523
            ],
            [
              0.9882659713168188,
              0.8428423236514523
            ],
            [
              0.9876140808344198,
              0.8428423236514523
            ],
            [
              0.9869621903520208,
              0.8428423236514523
            ],
            [
              0.9863102998696219,
              0.8428423236514523
            ],
            [
              0.9856584093872229,
              0.8428423236514523
            ],
            [
              0.9853324641460235,
              0.8423236514522822
            ],
            [
              0.9850065189048239,
              0.841804979253112
            ],
            [
              0.984354628422425,
              0.841804979253112
            ],
            [
              0.9840286831812256,
              0.8412863070539419
            ],
            [
              0.983702737940026,
              0.8407676348547718
            ],
            [
              0.9830508474576272,
              0.8407676348547718
            ],
            [
              0.9827249022164276,
              0.8402489626556017
            ],
            [
              0.9823989569752282,
              0.8397302904564315
            ],
            [
              0.9817470664928292,
              0.8397302904564315
            ],
            [
              0.9814211212516297,
              0.8392116182572614
            ],
            [
              0.9810951760104303,
              0.8386929460580913
            ],
            [
              0.9804432855280313,
              0.8386929460580913
            ],
            [
              0.9801173402868318,
              0.8381742738589212
            ],
            [
              0.9797913950456323,
              0.8376556016597511
            ],
            [
              0.9794654498044328,
              0.8371369294605809
            ],
            [
              0.9791395045632334,
              0.8366182572614108
            ],
            [
              0.9784876140808344,
              0.8366182572614108
            ],
            [
              0.978161668839635,
              0.8360995850622407
            ],
            [
              0.9778357235984355,
              0.8355809128630706
            ],
            [
              0.9771838331160365,
              0.8355809128630706
            ],
            [
              0.9768578878748371,
              0.8350622406639004
            ],
            [
              0.9765319426336375,
              0.8345435684647303
            ],
            [
              0.9758800521512386,
              0.8345435684647303
            ],
            [
              0.9755541069100391,
              0.8340248962655602
            ],
            [
              0.9752281616688396,
              0.8335062240663901
            ],
            [
              0.9745762711864406,
              0.8335062240663901
            ],
            [
              0.9742503259452412,
              0.83298755186722
            ],
            [
              0.9739243807040417,
              0.8324688796680498
            ],
            [
              0.9732724902216427,
              0.8324688796680498
            ],
            [
              0.9729465449804433,
              0.8319502074688797
            ],
            [
              0.9726205997392438,
              0.8314315352697096
            ],
            [
              0.9719687092568449,
              0.8314315352697096
            ],
            [
              0.9716427640156454,
              0.8309128630705395
            ],
            [
              0.9713168187744459,
              0.8303941908713693
            ],
            [
              0.970664928292047,
              0.8303941908713693
            ],
            [
              0.9703389830508474,
              0.8298755186721992
            ],
            [
              0.970013037809648,
              0.8293568464730291
            ],
            [
              0.9696870925684485,
              0.828838174273859
            ],
            [
              0.969361147327249,
              0.8283195020746889
            ],
            [
              0.9690352020860495,
              0.8278008298755186
            ],
            [
              0.9687092568448501,
              0.8272821576763485
            ],
            [
              0.9683833116036505,
              0.8267634854771784
            ],
            [
              0.9680573663624511,
              0.8262448132780082
            ],
            [
              0.9677314211212517,
              0.8257261410788381
            ],
            [
              0.9674054758800521,
              0.825207468879668
            ],
            [
              0.9670795306388527,
              0.8246887966804979
            ],
            [
              0.9670795306388527,
              0.8236514522821576
            ],
            [
              0.9670795306388527,
              0.8226141078838174
            ],
            [
              0.9670795306388527,
              0.8215767634854771
            ],
            [
              0.9674054758800521,
              0.821058091286307
            ],
            [
              0.9677314211212517,
              0.8205394190871369
            ],
            [
              0.9680573663624511,
              0.8200207468879668
            ],
            [
              0.9683833116036505,
              0.8195020746887967
            ],
            [
              0.9687092568448501,
              0.8189834024896265
            ],
            [
              0.969361147327249,
              0.8189834024896265
            ],
            [
              0.970013037809648,
              0.8189834024896265
            ],
            [
              0.9703389830508474,
              0.8184647302904564
            ],
            [
              0.970664928292047,
              0.8179460580912863
            ],
            [
              0.9713168187744459,
              0.8179460580912863
            ],
            [
              0.9719687092568449,
              0.8179460580912863
            ],
            [
              0.9726205997392438,
              0.8179460580912863
            ],
            [
              0.9732724902216427,
              0.8179460580912863
            ],
            [
              0.9739243807040417,
              0.8179460580912863
            ],
            [
              0.9745762711864406,
              0.8179460580912863
            ],
            [
              0.9752281616688396,
              0.8179460580912863
            ],
            [
              0.9758800521512386,
              0.8179460580912863
            ],
            [
              0.9765319426336375,
              0.8179460580912863
            ],
            [
              0.9771838331160365,
              0.8179460580912863
            ],
            [
              0.9778357235984355,
              0.8179460580912863
            ],
            [
              0.9784876140808344,
              0.8179460580912863
            ],
            [
              0.9791395045632334,
              0.8179460580912863
            ],
            [
              0.9797913950456323,
              0.8179460580912863
            ],
            [
              0.9804432855280313,
              0.8179460580912863
            ],
            [
              0.9810951760104303,
              0.8179460580912863
            ],
            [
              0.9814211212516297,
              0.8174273858921162
            ],
            [
              0.9817470664928292,
              0.816908713692946
            ],
            [
              0.9823989569752282,
              0.816908713692946
            ],
            [
              0.9830508474576272,
              0.816908713692946
            ],
            [
              0.983702737940026,
              0.816908713692946
            ],
            [
              0.984354628422425,
              0.816908713692946
            ],
            [
              0.9850065189048239,
              0.816908713692946
            ],
            [
              0.9856584093872229,
              0.816908713692946
            ],
            [
              0.9863102998696219,
              0.816908713692946
            ],
            [
              0.9869621903520208,
              0.816908713692946
            ],
            [
              0.9872881355932204,
              0.8163900414937759
            ],
            [
              0.9876140808344198,
              0.8158713692946058
            ],
            [
              0.9882659713168188,
              0.8158713692946058
            ],
            [
              0.9889178617992177,
              0.8158713692946058
            ],
            [
              0.9895697522816167,
              0.8158713692946058
            ],
            [
              0.9902216427640157,
              0.8158713692946058
            ],
            [
              0.9908735332464146,
              0.8158713692946058
            ],
            [
              0.9915254237288136,
              0.8158713692946058
            ],
            [
              0.991851368970013,
              0.8153526970954357
            ],
            [
              0.9921773142112125,
              0.8148340248962656
            ],
            [
              0.9928292046936115,
              0.8148340248962656
            ],
            [
              0.9934810951760105,
              0.8148340248962656
            ],
            [
              0.9941329856584094,
              0.8148340248962656
            ],
            [
              0.9947848761408083,
              0.8148340248962656
            ],
            [
              0.9954367666232073,
              0.8148340248962656
            ],
            [
              0.9960886571056062,
              0.8148340248962656
            ],
            [
              0.9967405475880052,
              0.8148340248962656
            ],
            [
              0.9973924380704041,
              0.8148340248962656
            ],
            [
              0.9980443285528031,
              0.8148340248962656
            ],
            [
              0.9986962190352021,
              0.8148340248962656
            ],
            [
              0.999348109517601,
              0.8148340248962656
            ],
            [
              0.999348109517601,
              0.8376556016597511
            ]
          ]
        ]
      },
      "properties": {
        "segment_id": 41,
        "area": 987,
        "bbox": [
          1484.0,
          786.0,
          49.0,
          26.0
        ],
        "iou": 0.9188874959945679,
        "stability": 0.9780219793319702,
        "auto_generated": true,
        "model": "segment_anything"
      }
    },
    {
      "type": "Feature",
      "geometry": {
        "type": "Polygon",
        "coordinates": [
          [
            [
              0.43546284224250326,
              0.379149377593361
            ],
            [
              0.43415906127770537,
              0.379149377593361
            ],
            [
              0.43285528031290743,
              0.379149377593361
            ],
            [
              0.4315514993481095,
              0.379149377593361
            ],
            [
              0.4302477183833116,
              0.379149377593361
            ],
            [
              0.42894393741851367,
              0.379149377593361
            ],
            [
              0.4276401564537158,
              0.379149377593361
            ],
            [
              0.42633637548891784,
              0.379149377593361
            ],
            [
              0.42503259452411996,
              0.379149377593361
            ],
            [
              0.423728813559322,
              0.379149377593361
            ],
            [
              0.42242503259452413,
              0.379149377593361
            ],
            [
              0.4211212516297262,
              0.379149377593361
            ],
            [
              0.4198174706649283,
              0.379149377593361
            ],
            [
              0.41851368970013036,
              0.379149377593361
            ],
            [
              0.4172099087353325,
              0.379149377593361
            ],
            [
              0.4165580182529335,
              0.37811203319502074
            ],
            [
              0.4152542372881356,
              0.37811203319502074
            ],
            [
              0.41460234680573665,
              0.3770746887966805
            ],
            [
              0.41395045632333766,
              0.37603734439834025
            ],
            [
              0.4132985658409387,
              0.375
            ],
            [
              0.41264667535853977,
              0.37396265560165975
            ],
            [
              0.41166883963494133,
              0.37344398340248963
            ],
            [
              0.4110169491525424,
              0.3724066390041494
            ],
            [
              0.41003911342894395,
              0.37188796680497926
            ],
            [
              0.409387222946545,
              0.370850622406639
            ],
            [
              0.408735332464146,
              0.3698132780082988
            ],
            [
              0.40808344198174706,
              0.36877593360995853
            ],
            [
              0.4071056062581486,
              0.3682572614107884
            ],
            [
              0.4064537157757497,
              0.36721991701244816
            ],
            [
              0.40580182529335074,
              0.36618257261410786
            ],
            [
              0.40514993481095174,
              0.3651452282157676
            ],
            [
              0.4044980443285528,
              0.36410788381742737
            ],
            [
              0.4041720990873533,
              0.362551867219917
            ],
            [
              0.40352020860495436,
              0.36151452282157676
            ],
            [
              0.4028683181225554,
              0.3604771784232365
            ],
            [
              0.40221642764015647,
              0.35943983402489627
            ],
            [
              0.4015645371577575,
              0.358402489626556
            ],
            [
              0.40123859191655803,
              0.35684647302904565
            ],
            [
              0.4005867014341591,
              0.3558091286307054
            ],
            [
              0.40123859191655803,
              0.35477178423236516
            ],
            [
              0.4015645371577575,
              0.3532157676348548
            ],
            [
              0.4025423728813559,
              0.35269709543568467
            ],
            [
              0.40352020860495436,
              0.35217842323651455
            ],
            [
              0.4048239895697523,
              0.35217842323651455
            ],
            [
              0.4061277705345502,
              0.35217842323651455
            ],
            [
              0.4074315514993481,
              0.35217842323651455
            ],
            [
              0.40808344198174706,
              0.3532157676348548
            ],
            [
              0.409387222946545,
              0.3532157676348548
            ],
            [
              0.4106910039113429,
              0.3532157676348548
            ],
            [
              0.41199478487614083,
              0.3532157676348548
            ],
            [
              0.4132985658409387,
              0.3532157676348548
            ],
            [
              0.41460234680573665,
              0.3532157676348548
            ],
            [
              0.41590612777053454,
              0.3532157676348548
            ],
            [
              0.4172099087353325,
              0.3532157676348548
            ],
            [
              0.4178617992177314,
              0.35425311203319504
            ],
            [
              0.41916558018252936,
              0.35425311203319504
            ],
            [
              0.42046936114732725,
              0.35425311203319504
            ],
            [
              0.4211212516297262,
              0.3552904564315353
            ],
            [
              0.42242503259452413,
              0.3552904564315353
            ],
            [
              0.42340286831812257,
              0.3558091286307054
            ],
            [
              0.424380704041721,
              0.35632780082987553
            ],
            [
              0.4256844850065189,
              0.35632780082987553
            ],
            [
              0.42698826597131684,
              0.35632780082987553
            ],
            [
              0.4279661016949153,
              0.35684647302904565
            ],
            [
              0.42894393741851367,
              0.3573651452282158
            ],
            [
              0.4299217731421121,
              0.3578838174273859
            ],
            [
              0.43089960886571055,
              0.358402489626556
            ],
            [
              0.4322033898305085,
              0.358402489626556
            ],
            [
              0.43318122555410693,
              0.35892116182572614
            ],
            [
              0.43415906127770537,
              0.35943983402489627
            ],
            [
              0.43546284224250326,
              0.35943983402489627
            ],
            [
              0.4364406779661017,
              0.3599585062240664
            ],
            [
              0.43741851368970014,
              0.3604771784232365
            ],
            [
              0.438722294654498,
              0.3604771784232365
            ],
            [
              0.44002607561929596,
              0.3604771784232365
            ],
            [
              0.44132985658409385,
              0.3604771784232365
            ],
            [
              0.4423076923076923,
              0.3599585062240664
            ],
            [
              0.44328552803129073,
              0.35943983402489627
            ],
            [
              0.4439374185136897,
              0.3604771784232365
            ],
            [
              0.4452411994784876,
              0.3604771784232365
            ],
            [
              0.44621903520208606,
              0.36099585062240663
            ],
            [
              0.4471968709256845,
              0.36151452282157676
            ],
            [
              0.44752281616688394,
              0.3630705394190871
            ],
            [
              0.4471968709256845,
              0.3646265560165975
            ],
            [
              0.44621903520208606,
              0.3651452282157676
            ],
            [
              0.4455671447196871,
              0.36618257261410786
            ],
            [
              0.4445893089960887,
              0.366701244813278
            ],
            [
              0.4439374185136897,
              0.3677385892116183
            ],
            [
              0.44328552803129073,
              0.36877593360995853
            ],
            [
              0.4429595827900913,
              0.3703319502074689
            ],
            [
              0.4423076923076923,
              0.37136929460580914
            ],
            [
              0.44165580182529335,
              0.3724066390041494
            ],
            [
              0.44132985658409385,
              0.37396265560165975
            ],
            [
              0.4406779661016949,
              0.375
            ],
            [
              0.44002607561929596,
              0.37603734439834025
            ],
            [
              0.4390482398956975,
              0.37655601659751037
            ],
            [
              0.4380704041720991,
              0.3770746887966805
            ],
            [
              0.43741851368970014,
              0.37811203319502074
            ],
            [
              0.4361147327249022,
              0.37811203319502074
            ],
            [
              0.43546284224250326,
              0.379149377593361
            ]
          ]
        ]
      },
      "properties": {
        "segment_id": 42,
        "area": 1222,
        "bbox": [
          615.0,
          340.0,
          71.0,
          25.0
        ],
        "iou": 0.9168633818626404,
        "stability": 0.9678456783294678,
        "auto_generated": true,
        "model": "segment_anything"
      }
    },
    {
      "type": "Feature",
      "geometry": {
        "type": "Polygon",
        "coordinates": [
          [
            [
              0.32333767926988266,
              0.600103734439834
            ],
            [
              0.3226857887874837,
              0.600103734439834
            ],
            [
              0.3220338983050847,
              0.600103734439834
            ],
            [
              0.3213820078226858,
              0.600103734439834
            ],
            [
              0.32073011734028684,
              0.600103734439834
            ],
            [
              0.32040417209908734,
              0.5995850622406639
            ],
            [
              0.3200782268578879,
              0.5990663900414938
            ],
            [
              0.3194263363754889,
              0.5990663900414938
            ],
            [
              0.31910039113428945,
              0.5985477178423236
            ],
            [
              0.31877444589308995,
              0.5980290456431535
            ],
            [
              0.318122555410691,
              0.5980290456431535
            ],
            [
              0.3177966101694915,
              0.5975103734439834
            ],
            [
              0.31747066492829207,
              0.5969917012448133
            ],
            [
              0.31681877444589307,
              0.5969917012448133
            ],
            [
              0.3164928292046936,
              0.5964730290456431
            ],
            [
              0.3161668839634941,
              0.595954356846473
            ],
            [
              0.31584093872229463,
              0.5954356846473029
            ],
            [
              0.3155149934810952,
              0.5949170124481328
            ],
            [
              0.31486310299869624,
              0.5949170124481328
            ],
            [
              0.31421121251629724,
              0.5949170124481328
            ],
            [
              0.3138852672750978,
              0.5943983402489627
            ],
            [
              0.3135593220338983,
              0.5938796680497925
            ],
            [
              0.31290743155149936,
              0.5938796680497925
            ],
            [
              0.3122555410691004,
              0.5938796680497925
            ],
            [
              0.3119295958279009,
              0.5933609958506224
            ],
            [
              0.3116036505867014,
              0.5928423236514523
            ],
            [
              0.3109517601043025,
              0.5928423236514523
            ],
            [
              0.310625814863103,
              0.5923236514522822
            ],
            [
              0.310625814863103,
              0.5912863070539419
            ],
            [
              0.310625814863103,
              0.5902489626556017
            ],
            [
              0.310625814863103,
              0.5892116182572614
            ],
            [
              0.310625814863103,
              0.5881742738589212
            ],
            [
              0.3109517601043025,
              0.5876556016597511
            ],
            [
              0.311277705345502,
              0.5871369294605809
            ],
            [
              0.3116036505867014,
              0.5866182572614108
            ],
            [
              0.3122555410691004,
              0.5866182572614108
            ],
            [
              0.31258148631029986,
              0.5860995850622407
            ],
            [
              0.31290743155149936,
              0.5855809128630706
            ],
            [
              0.3135593220338983,
              0.5855809128630706
            ],
            [
              0.31421121251629724,
              0.5855809128630706
            ],
            [
              0.31453715775749674,
              0.5850622406639004
            ],
            [
              0.31486310299869624,
              0.5845435684647303
            ],
            [
              0.3155149934810952,
              0.5845435684647303
            ],
            [
              0.31584093872229463,
              0.5840248962655602
            ],
            [
              0.3161668839634941,
              0.5835062240663901
            ],
            [
              0.3164928292046936,
              0.58298755186722
            ],
            [
              0.31681877444589307,
              0.5824688796680498
            ],
            [
              0.31747066492829207,
              0.5824688796680498
            ],
            [
              0.3177966101694915,
              0.5819502074688797
            ],
            [
              0.318122555410691,
              0.5814315352697096
            ],
            [
              0.3184485006518905,
              0.5809128630705395
            ],
            [
              0.31877444589308995,
              0.5803941908713693
            ],
            [
              0.3194263363754889,
              0.5803941908713693
            ],
            [
              0.3197522816166884,
              0.5798755186721992
            ],
            [
              0.3200782268578879,
              0.5793568464730291
            ],
            [
              0.32073011734028684,
              0.5793568464730291
            ],
            [
              0.32105606258148633,
              0.578838174273859
            ],
            [
              0.3213820078226858,
              0.5783195020746889
            ],
            [
              0.3220338983050847,
              0.5783195020746889
            ],
            [
              0.3223598435462842,
              0.5778008298755186
            ],
            [
              0.3226857887874837,
              0.5772821576763485
            ],
            [
              0.32333767926988266,
              0.5772821576763485
            ],
            [
              0.32366362451108216,
              0.5767634854771784
            ],
            [
              0.3239895697522816,
              0.5762448132780082
            ],
            [
              0.3246414602346806,
              0.5762448132780082
            ],
            [
              0.32496740547588004,
              0.5757261410788381
            ],
            [
              0.32529335071707954,
              0.575207468879668
            ],
            [
              0.325619295958279,
              0.5746887966804979
            ],
            [
              0.3259452411994785,
              0.5741701244813278
            ],
            [
              0.32659713168187743,
              0.5741701244813278
            ],
            [
              0.3272490221642764,
              0.5741701244813278
            ],
            [
              0.32757496740547587,
              0.5736514522821576
            ],
            [
              0.32790091264667537,
              0.5731327800829875
            ],
            [
              0.3285528031290743,
              0.5731327800829875
            ],
            [
              0.3288787483702738,
              0.5726141078838174
            ],
            [
              0.32920469361147325,
              0.5720954356846473
            ],
            [
              0.32985658409387225,
              0.5720954356846473
            ],
            [
              0.3301825293350717,
              0.5715767634854771
            ],
            [
              0.3305084745762712,
              0.571058091286307
            ],
            [
              0.33116036505867014,
              0.571058091286307
            ],
            [
              0.3318122555410691,
              0.571058091286307
            ],
            [
              0.3321382007822686,
              0.5705394190871369
            ],
            [
              0.3324641460234681,
              0.5700207468879668
            ],
            [
              0.3327900912646675,
              0.5695020746887967
            ],
            [
              0.333116036505867,
              0.5689834024896265
            ],
            [
              0.3334419817470665,
              0.5684647302904564
            ],
            [
              0.33376792698826596,
              0.5679460580912863
            ],
            [
              0.33409387222946546,
              0.5684647302904564
            ],
            [
              0.33409387222946546,
              0.5695020746887967
            ],
            [
              0.33409387222946546,
              0.5705394190871369
            ],
            [
              0.33409387222946546,
              0.5715767634854771
            ],
            [
              0.33409387222946546,
              0.5726141078838174
            ],
            [
              0.3344198174706649,
              0.5731327800829875
            ],
            [
              0.3347457627118644,
              0.5736514522821576
            ],
            [
              0.3350717079530639,
              0.5741701244813278
            ],
            [
              0.33539765319426335,
              0.5746887966804979
            ],
            [
              0.33572359843546284,
              0.575207468879668
            ],
            [
              0.3363754889178618,
              0.575207468879668
            ],
            [
              0.33702737940026073,
              0.575207468879668
            ],
            [
              0.3376792698826597,
              0.575207468879668
            ],
            [
              0.33800521512385917,
              0.5757261410788381
            ],
            [
              0.33833116036505867,
              0.5762448132780082
            ],
            [
              0.3389830508474576,
              0.5762448132780082
            ],
            [
              0.3396349413298566,
              0.5762448132780082
            ],
            [
              0.34028683181225555,
              0.5762448132780082
            ],
            [
              0.340612777053455,
              0.5767634854771784
            ],
            [
              0.3409387222946545,
              0.5772821576763485
            ],
            [
              0.34159061277705344,
              0.5772821576763485
            ],
            [
              0.34224250325945244,
              0.5772821576763485
            ],
            [
              0.3428943937418514,
              0.5772821576763485
            ],
            [
              0.3432203389830508,
              0.5778008298755186
            ],
            [
              0.3435462842242503,
              0.5783195020746889
            ],
            [
              0.3438722294654498,
              0.578838174273859
            ],
            [
              0.34419817470664926,
              0.5793568464730291
            ],
            [
              0.34452411994784876,
              0.5798755186721992
            ],
            [
              0.34452411994784876,
              0.5809128630705395
            ],
            [
              0.34419817470664926,
              0.5814315352697096
            ],
            [
              0.3438722294654498,
              0.5819502074688797
            ],
            [
              0.3435462842242503,
              0.5824688796680498
            ],
            [
              0.3432203389830508,
              0.58298755186722
            ],
            [
              0.3428943937418514,
              0.5835062240663901
            ],
            [
              0.3425684485006519,
              0.5840248962655602
            ],
            [
              0.34224250325945244,
              0.5845435684647303
            ],
            [
              0.34159061277705344,
              0.5845435684647303
            ],
            [
              0.341264667535854,
              0.5850622406639004
            ],
            [
              0.3409387222946545,
              0.5855809128630706
            ],
            [
              0.340612777053455,
              0.5860995850622407
            ],
            [
              0.34028683181225555,
              0.5866182572614108
            ],
            [
              0.33996088657105605,
              0.5871369294605809
            ],
            [
              0.3396349413298566,
              0.5876556016597511
            ],
            [
              0.3389830508474576,
              0.5876556016597511
            ],
            [
              0.33865710560625817,
              0.5881742738589212
            ],
            [
              0.33833116036505867,
              0.5886929460580913
            ],
            [
              0.33800521512385917,
              0.5892116182572614
            ],
            [
              0.3376792698826597,
              0.5897302904564315
            ],
            [
              0.33702737940026073,
              0.5897302904564315
            ],
            [
              0.3363754889178618,
              0.5897302904564315
            ],
            [
              0.33604954367666234,
              0.5902489626556017
            ],
            [
              0.33572359843546284,
              0.5907676348547718
            ],
            [
              0.3350717079530639,
              0.5907676348547718
            ],
            [
              0.3347457627118644,
              0.5912863070539419
            ],
            [
              0.3344198174706649,
              0.591804979253112
            ],
            [
              0.33409387222946546,
              0.5923236514522822
            ],
            [
              0.33376792698826596,
              0.5928423236514523
            ],
            [
              0.333116036505867,
              0.5928423236514523
            ],
            [
              0.3327900912646675,
              0.5933609958506224
            ],
            [
              0.3324641460234681,
              0.5938796680497925
            ],
            [
              0.3318122555410691,
              0.5938796680497925
            ],
            [
              0.33148631029986964,
              0.5943983402489627
            ],
            [
              0.33116036505867014,
              0.5949170124481328
            ],
            [
              0.3305084745762712,
              0.5949170124481328
            ],
            [
              0.3301825293350717,
              0.5954356846473029
            ],
            [
              0.32985658409387225,
              0.595954356846473
            ],
            [
              0.32920469361147325,
              0.595954356846473
            ],
            [
              0.3288787483702738,
              0.5964730290456431
            ],
            [
              0.3285528031290743,
              0.5969917012448133
            ],
            [
              0.32790091264667537,
              0.5969917012448133
            ],
            [
              0.32757496740547587,
              0.5975103734439834
            ],
            [
              0.3272490221642764,
              0.5980290456431535
            ],
            [
              0.32659713168187743,
              0.5980290456431535
            ],
            [
              0.3259452411994785,
              0.5980290456431535
            ],
            [
              0.325619295958279,
              0.5985477178423236
            ],
            [
              0.32529335071707954,
              0.5990663900414938
            ],
            [
              0.3246414602346806,
              0.5990663900414938
            ],
            [
              0.3239895697522816,
              0.5990663900414938
            ],
            [
              0.32366362451108216,
              0.5995850622406639
            ],
            [
              0.32333767926988266,
              0.600103734439834
            ],
            [
              0.32333767926988266,
              0.600103734439834
            ]
          ]
        ]
      },
      "properties": {
        "segment_id": 43,
        "area": 814,
        "bbox": [
          477.0,
          548.0,
          51.0,
          30.0
        ],
        "iou": 0.9108502864837646,
        "stability": 0.9638554453849792,
        "auto_generated": true,
        "model": "segment_anything"
      }
    },
    {
      "type": "Feature",
      "geometry": {
        "type": "Polygon",
        "coordinates": [
          [
            [
              0.9204693611473272,
              0.649896265560166
            ],
            [
              0.9198174706649282,
              0.649896265560166
            ],
            [
              0.9194915254237288,
              0.6493775933609959
            ],
            [
              0.9198174706649282,
              0.6488589211618258
            ],
            [
              0.9204693611473272,
              0.6488589211618258
            ],
            [
              0.9207953063885267,
              0.6493775933609959
            ],
            [
              0.9204693611473272,
              0.649896265560166
            ],
            [
              0.9204693611473272,
              0.649896265560166
            ]
          ]
        ]
      },
      "properties": {
        "segment_id": 44,
        "area": 3032,
        "bbox": [
          1411.0,
          626.0,
          122.0,
          58.0
        ],
        "iou": 0.897916316986084,
        "stability": 0.9295685291290283,
        "auto_generated": true,
        "model": "segment_anything"
      }
    },
    {
      "type": "Feature",
      "geometry": {
        "type": "Polygon",
        "coordinates": [
          [
            [
              0.999348109517601,
              0.7028008298755186
            ],
            [
              0.9973924380704041,
              0.7028008298755186
            ],
            [
              0.9964146023468058,
              0.7043568464730291
            ],
            [
              0.9964146023468058,
              0.7074688796680498
            ],
            [
              0.9957627118644068,
              0.7095435684647303
            ],
            [
              0.9941329856584094,
              0.7100622406639004
            ],
            [
              0.9921773142112125,
              0.7100622406639004
            ],
            [
              0.9902216427640157,
              0.7100622406639004
            ],
            [
              0.9889178617992177,
              0.7090248962655602
            ],
            [
              0.9872881355932204,
              0.7085062240663901
            ],
            [
              0.9856584093872229,
              0.70798755186722
            ],
            [
              0.984354628422425,
              0.7069502074688797
            ],
            [
              0.9827249022164276,
              0.7064315352697096
            ],
            [
              0.9810951760104303,
              0.7059128630705395
            ],
            [
              0.9797913950456323,
              0.7048755186721992
            ],
            [
              0.978161668839635,
              0.7043568464730291
            ],
            [
              0.9765319426336375,
              0.703838174273859
            ],
            [
              0.9752281616688396,
              0.7028008298755186
            ],
            [
              0.9739243807040417,
              0.7017634854771784
            ],
            [
              0.9726205997392438,
              0.7007261410788381
            ],
            [
              0.9713168187744459,
              0.6996887966804979
            ],
            [
              0.970013037809648,
              0.6986514522821576
            ],
            [
              0.9690352020860495,
              0.6970954356846473
            ],
            [
              0.9677314211212517,
              0.696058091286307
            ],
            [
              0.9667535853976532,
              0.6945020746887967
            ],
            [
              0.9654498044328553,
              0.6934647302904564
            ],
            [
              0.9644719687092569,
              0.691908713692946
            ],
            [
              0.9634941329856584,
              0.6903526970954357
            ],
            [
              0.96251629726206,
              0.6887966804979253
            ],
            [
              0.9608865710560626,
              0.6882780082987552
            ],
            [
              0.9595827900912647,
              0.6872406639004149
            ],
            [
              0.9582790091264668,
              0.6862033195020747
            ],
            [
              0.9569752281616688,
              0.6851659751037344
            ],
            [
              0.9563233376792699,
              0.683091286307054
            ],
            [
              0.9550195567144719,
              0.6820539419087137
            ],
            [
              0.9533898305084746,
              0.6815352697095436
            ],
            [
              0.9517601043024772,
              0.6810165975103735
            ],
            [
              0.9498044328552803,
              0.6810165975103735
            ],
            [
              0.9485006518904824,
              0.6799792531120332
            ],
            [
              0.9471968709256845,
              0.678941908713693
            ],
            [
              0.9452411994784876,
              0.678941908713693
            ],
            [
              0.9439374185136897,
              0.6779045643153527
            ],
            [
              0.9426336375488917,
              0.6768672199170125
            ],
            [
              0.9410039113428944,
              0.6763485477178424
            ],
            [
              0.939374185136897,
              0.6758298755186722
            ],
            [
              0.9380704041720991,
              0.674792531120332
            ],
            [
              0.9367666232073012,
              0.6737551867219918
            ],
            [
              0.9354628422425033,
              0.6727178423236515
            ],
            [
              0.9335071707953064,
              0.6727178423236515
            ],
            [
              0.9315514993481095,
              0.6727178423236515
            ],
            [
              0.9295958279009127,
              0.6727178423236515
            ],
            [
              0.9282920469361148,
              0.6716804979253111
            ],
            [
              0.9266623207301173,
              0.671161825726141
            ],
            [
              0.9253585397653195,
              0.6701244813278008
            ],
            [
              0.9247066492829205,
              0.6680497925311203
            ],
            [
              0.923728813559322,
              0.6664937759336099
            ],
            [
              0.9227509778357236,
              0.6649377593360996
            ],
            [
              0.9220990873533247,
              0.6628630705394191
            ],
            [
              0.9214471968709257,
              0.6607883817427386
            ],
            [
              0.9214471968709257,
              0.6576763485477178
            ],
            [
              0.9207953063885267,
              0.6556016597510373
            ],
            [
              0.9207953063885267,
              0.6524896265560166
            ],
            [
              0.9211212516297262,
              0.649896265560166
            ],
            [
              0.9230769230769231,
              0.649896265560166
            ],
            [
              0.9250325945241199,
              0.649896265560166
            ],
            [
              0.9269882659713168,
              0.649896265560166
            ],
            [
              0.9282920469361148,
              0.6509336099585062
            ],
            [
              0.9295958279009127,
              0.6519709543568465
            ],
            [
              0.9308996088657105,
              0.6530082987551867
            ],
            [
              0.9328552803129074,
              0.6530082987551867
            ],
            [
              0.9341590612777053,
              0.654045643153527
            ],
            [
              0.9361147327249022,
              0.654045643153527
            ],
            [
              0.9374185136897001,
              0.6550829875518672
            ],
            [
              0.939374185136897,
              0.6550829875518672
            ],
            [
              0.940677966101695,
              0.6561203319502075
            ],
            [
              0.9426336375488917,
              0.6561203319502075
            ],
            [
              0.9445893089960886,
              0.6561203319502075
            ],
            [
              0.9458930899608866,
              0.6571576763485477
            ],
            [
              0.9478487614080835,
              0.6571576763485477
            ],
            [
              0.9491525423728814,
              0.658195020746888
            ],
            [
              0.9511082138200783,
              0.658195020746888
            ],
            [
              0.9524119947848761,
              0.6592323651452282
            ],
            [
              0.954367666232073,
              0.6592323651452282
            ],
            [
              0.9556714471968709,
              0.6602697095435685
            ],
            [
              0.9576271186440678,
              0.6602697095435685
            ],
            [
              0.9595827900912647,
              0.6602697095435685
            ],
            [
              0.9615384615384616,
              0.6602697095435685
            ],
            [
              0.9628422425032594,
              0.6613070539419087
            ],
            [
              0.9647979139504563,
              0.6613070539419087
            ],
            [
              0.9667535853976532,
              0.6613070539419087
            ],
            [
              0.9683833116036505,
              0.6618257261410788
            ],
            [
              0.970013037809648,
              0.6623443983402489
            ],
            [
              0.9716427640156454,
              0.6628630705394191
            ],
            [
              0.9732724902216427,
              0.6633817427385892
            ],
            [
              0.9745762711864406,
              0.6644190871369294
            ],
            [
              0.9758800521512386,
              0.6654564315352697
            ],
            [
              0.977509778357236,
              0.6659751037344398
            ],
            [
              0.9788135593220338,
              0.66701244813278
            ],
            [
              0.9797913950456323,
              0.6685684647302904
            ],
            [
              0.9810951760104303,
              0.6696058091286307
            ],
            [
              0.9823989569752282,
              0.6706431535269709
            ],
            [
              0.983702737940026,
              0.6716804979253111
            ],
            [
              0.9850065189048239,
              0.6727178423236515
            ],
            [
              0.9859843546284224,
              0.6742738589211619
            ],
            [
              0.9869621903520208,
              0.6758298755186722
            ],
            [
              0.9882659713168188,
              0.6768672199170125
            ],
            [
              0.9895697522816167,
              0.6779045643153527
            ],
            [
              0.9905475880052151,
              0.6794605809128631
            ],
            [
              0.991851368970013,
              0.6804979253112033
            ],
            [
              0.9928292046936115,
              0.6820539419087137
            ],
            [
              0.9934810951760105,
              0.6841286307053942
            ],
            [
              0.9944589308996089,
              0.6856846473029046
            ],
            [
              0.9954367666232073,
              0.6872406639004149
            ],
            [
              0.9964146023468058,
              0.6887966804979253
            ],
            [
              0.9970664928292047,
              0.6908713692946058
            ],
            [
              0.9980443285528031,
              0.6924273858921162
            ],
            [
              0.999348109517601,
              0.7028008298755186
            ]
          ]
        ]
      },
      "properties": {
        "segment_id": 44,
        "area": 3032,
        "bbox": [
          1411.0,
          626.0,
          122.0,
          58.0
        ],
        "iou": 0.897916316986084,
        "stability": 0.9295685291290283,
        "auto_generated": true,
        "model": "segment_anything"
      }
    },
    {
      "type": "Feature",
      "geometry": {
        "type": "Polygon",
        "coordinates": [
          [
            [
              0.22946544980443284,
              0.674792531120332
            ],
            [
              0.2288135593220339,
              0.674792531120332
            ],
            [
              0.22816166883963493,
              0.674792531120332
            ],
            [
              0.227509778357236,
              0.674792531120332
            ],
            [
              0.22685788787483702,
              0.674792531120332
            ],
            [
              0.22653194263363755,
              0.6742738589211619
            ],
            [
              0.22620599739243807,
              0.6737551867219918
            ],
            [
              0.2258800521512386,
              0.6732365145228216
            ],
            [
              0.2258800521512386,
              0.6721991701244814
            ],
            [
              0.2255541069100391,
              0.6716804979253111
            ],
            [
              0.22522816166883963,
              0.671161825726141
            ],
            [
              0.22522816166883963,
              0.6701244813278008
            ],
            [
              0.22490221642764016,
              0.6696058091286307
            ],
            [
              0.2245762711864407,
              0.6690871369294605
            ],
            [
              0.2245762711864407,
              0.6680497925311203
            ],
            [
              0.2242503259452412,
              0.6675311203319502
            ],
            [
              0.22392438070404172,
              0.66701244813278
            ],
            [
              0.22359843546284225,
              0.6664937759336099
            ],
            [
              0.22294654498044328,
              0.6664937759336099
            ],
            [
              0.2226205997392438,
              0.6659751037344398
            ],
            [
              0.22229465449804434,
              0.6654564315352697
            ],
            [
              0.22164276401564537,
              0.6654564315352697
            ],
            [
              0.2213168187744459,
              0.6649377593360996
            ],
            [
              0.22099087353324642,
              0.6644190871369294
            ],
            [
              0.22033898305084745,
              0.6644190871369294
            ],
            [
              0.22001303780964798,
              0.6639004149377593
            ],
            [
              0.2196870925684485,
              0.6633817427385892
            ],
            [
              0.21903520208604954,
              0.6633817427385892
            ],
            [
              0.2183833116036506,
              0.6633817427385892
            ],
            [
              0.21773142112125163,
              0.6633817427385892
            ],
            [
              0.21740547588005216,
              0.6628630705394191
            ],
            [
              0.21707953063885269,
              0.6623443983402489
            ],
            [
              0.21642764015645372,
              0.6623443983402489
            ],
            [
              0.21577574967405475,
              0.6623443983402489
            ],
            [
              0.2151238591916558,
              0.6623443983402489
            ],
            [
              0.21447196870925683,
              0.6623443983402489
            ],
            [
              0.2138200782268579,
              0.6623443983402489
            ],
            [
              0.21349413298565842,
              0.6618257261410788
            ],
            [
              0.21316818774445892,
              0.6613070539419087
            ],
            [
              0.21251629726205998,
              0.6613070539419087
            ],
            [
              0.2121903520208605,
              0.6607883817427386
            ],
            [
              0.211864406779661,
              0.6602697095435685
            ],
            [
              0.21121251629726207,
              0.6602697095435685
            ],
            [
              0.2108865710560626,
              0.6597510373443983
            ],
            [
              0.2108865710560626,
              0.6587136929460581
            ],
            [
              0.2108865710560626,
              0.6576763485477178
            ],
            [
              0.21121251629726207,
              0.6571576763485477
            ],
            [
              0.21153846153846154,
              0.6566390041493776
            ],
            [
              0.21153846153846154,
              0.6556016597510373
            ],
            [
              0.211864406779661,
              0.6550829875518672
            ],
            [
              0.2121903520208605,
              0.6545643153526971
            ],
            [
              0.21251629726205998,
              0.654045643153527
            ],
            [
              0.21316818774445892,
              0.654045643153527
            ],
            [
              0.21349413298565842,
              0.6535269709543569
            ],
            [
              0.2138200782268579,
              0.6530082987551867
            ],
            [
              0.21447196870925683,
              0.6530082987551867
            ],
            [
              0.21479791395045633,
              0.6524896265560166
            ],
            [
              0.2151238591916558,
              0.6519709543568465
            ],
            [
              0.21577574967405475,
              0.6519709543568465
            ],
            [
              0.21610169491525424,
              0.6514522821576764
            ],
            [
              0.21642764015645372,
              0.6509336099585062
            ],
            [
              0.21707953063885269,
              0.6509336099585062
            ],
            [
              0.21773142112125163,
              0.6509336099585062
            ],
            [
              0.2183833116036506,
              0.6509336099585062
            ],
            [
              0.21870925684485007,
              0.6504149377593361
            ],
            [
              0.21903520208604954,
              0.649896265560166
            ],
            [
              0.2196870925684485,
              0.649896265560166
            ],
            [
              0.22033898305084745,
              0.649896265560166
            ],
            [
              0.22099087353324642,
              0.649896265560166
            ],
            [
              0.22164276401564537,
              0.649896265560166
            ],
            [
              0.22229465449804434,
              0.649896265560166
            ],
            [
              0.22294654498044328,
              0.649896265560166
            ],
            [
              0.22359843546284225,
              0.649896265560166
            ],
            [
              0.22392438070404172,
              0.6504149377593361
            ],
            [
              0.2242503259452412,
              0.6509336099585062
            ],
            [
              0.22490221642764016,
              0.6509336099585062
            ],
            [
              0.2255541069100391,
              0.6509336099585062
            ],
            [
              0.2258800521512386,
              0.6514522821576764
            ],
            [
              0.22620599739243807,
              0.6519709543568465
            ],
            [
              0.22685788787483702,
              0.6519709543568465
            ],
            [
              0.227509778357236,
              0.6519709543568465
            ],
            [
              0.22816166883963493,
              0.6519709543568465
            ],
            [
              0.22848761408083443,
              0.6524896265560166
            ],
            [
              0.2288135593220339,
              0.6530082987551867
            ],
            [
              0.22946544980443284,
              0.6530082987551867
            ],
            [
              0.2301173402868318,
              0.6530082987551867
            ],
            [
              0.23076923076923078,
              0.6530082987551867
            ],
            [
              0.23109517601043025,
              0.6535269709543569
            ],
            [
              0.23142112125162972,
              0.654045643153527
            ],
            [
              0.2320730117340287,
              0.654045643153527
            ],
            [
              0.23272490221642764,
              0.654045643153527
            ],
            [
              0.2333767926988266,
              0.654045643153527
            ],
            [
              0.23370273794002608,
              0.6545643153526971
            ],
            [
              0.23402868318122555,
              0.6550829875518672
            ],
            [
              0.23468057366362452,
              0.6550829875518672
            ],
            [
              0.23533246414602346,
              0.6550829875518672
            ],
            [
              0.23598435462842243,
              0.6550829875518672
            ],
            [
              0.2363102998696219,
              0.6556016597510373
            ],
            [
              0.23663624511082137,
              0.6561203319502075
            ],
            [
              0.23728813559322035,
              0.6561203319502075
            ],
            [
              0.2379400260756193,
              0.6561203319502075
            ],
            [
              0.23859191655801826,
              0.6561203319502075
            ],
            [
              0.2392438070404172,
              0.6561203319502075
            ],
            [
              0.2395697522816167,
              0.6566390041493776
            ],
            [
              0.23989569752281617,
              0.6571576763485477
            ],
            [
              0.2405475880052151,
              0.6571576763485477
            ],
            [
              0.24119947848761408,
              0.6571576763485477
            ],
            [
              0.24185136897001303,
              0.6571576763485477
            ],
            [
              0.242503259452412,
              0.6571576763485477
            ],
            [
              0.24282920469361147,
              0.6576763485477178
            ],
            [
              0.24315514993481094,
              0.658195020746888
            ],
            [
              0.2438070404172099,
              0.658195020746888
            ],
            [
              0.24445893089960888,
              0.658195020746888
            ],
            [
              0.24511082138200782,
              0.658195020746888
            ],
            [
              0.2454367666232073,
              0.6587136929460581
            ],
            [
              0.2457627118644068,
              0.6592323651452282
            ],
            [
              0.24641460234680573,
              0.6592323651452282
            ],
            [
              0.2467405475880052,
              0.6597510373443983
            ],
            [
              0.2470664928292047,
              0.6602697095435685
            ],
            [
              0.24771838331160365,
              0.6602697095435685
            ],
            [
              0.24804432855280312,
              0.6607883817427386
            ],
            [
              0.24804432855280312,
              0.6618257261410788
            ],
            [
              0.24771838331160365,
              0.6623443983402489
            ],
            [
              0.24739243807040417,
              0.6628630705394191
            ],
            [
              0.2470664928292047,
              0.6633817427385892
            ],
            [
              0.2467405475880052,
              0.6639004149377593
            ],
            [
              0.24641460234680573,
              0.6644190871369294
            ],
            [
              0.24608865710560626,
              0.6649377593360996
            ],
            [
              0.2457627118644068,
              0.6654564315352697
            ],
            [
              0.24511082138200782,
              0.6654564315352697
            ],
            [
              0.24478487614080835,
              0.6659751037344398
            ],
            [
              0.24445893089960888,
              0.6664937759336099
            ],
            [
              0.2438070404172099,
              0.6664937759336099
            ],
            [
              0.24315514993481094,
              0.6664937759336099
            ],
            [
              0.24282920469361147,
              0.66701244813278
            ],
            [
              0.242503259452412,
              0.6675311203319502
            ],
            [
              0.24185136897001303,
              0.6675311203319502
            ],
            [
              0.24152542372881355,
              0.6680497925311203
            ],
            [
              0.24119947848761408,
              0.6685684647302904
            ],
            [
              0.2405475880052151,
              0.6685684647302904
            ],
            [
              0.24022164276401564,
              0.6690871369294605
            ],
            [
              0.23989569752281617,
              0.6696058091286307
            ],
            [
              0.2392438070404172,
              0.6696058091286307
            ],
            [
              0.23891786179921773,
              0.6701244813278008
            ],
            [
              0.23859191655801826,
              0.6706431535269709
            ],
            [
              0.2379400260756193,
              0.6706431535269709
            ],
            [
              0.23761408083441982,
              0.671161825726141
            ],
            [
              0.23728813559322035,
              0.6716804979253111
            ],
            [
              0.23663624511082137,
              0.6716804979253111
            ],
            [
              0.2363102998696219,
              0.6721991701244814
            ],
            [
              0.23598435462842243,
              0.6727178423236515
            ],
            [
              0.23533246414602346,
              0.6727178423236515
            ],
            [
              0.23468057366362452,
              0.6727178423236515
            ],
            [
              0.23402868318122555,
              0.6727178423236515
            ],
            [
              0.2333767926988266,
              0.6727178423236515
            ],
            [
              0.23272490221642764,
              0.6727178423236515
            ],
            [
              0.23239895697522817,
              0.6732365145228216
            ],
            [
              0.2320730117340287,
              0.6737551867219918
            ],
            [
              0.23142112125162972,
              0.6737551867219918
            ],
            [
              0.23076923076923078,
              0.6737551867219918
            ],
            [
              0.2301173402868318,
              0.6737551867219918
            ],
            [
              0.22979139504563234,
              0.6742738589211619
            ],
            [
              0.22946544980443284,
              0.674792531120332
            ],
            [
              0.22946544980443284,
              0.674792531120332
            ]
          ]
        ]
      },
      "properties": {
        "segment_id": 45,
        "area": 759,
        "bbox": [
          324.0,
          627.0,
          56.0,
          23.0
        ],
        "iou": 0.8954852819442749,
        "stability": 0.9583874940872192,
        "auto_generated": true,
        "model": "segment_anything"
      }
    },
    {
      "type": "Feature",
      "geometry": {
        "type": "Polygon",
        "coordinates": [
          [
            [
              0.6486310299869622,
              0.24533195020746887
            ],
            [
              0.6460234680573663,
              0.24533195020746887
            ],
            [
              0.6434159061277706,
              0.24533195020746887
            ],
            [
              0.6408083441981747,
              0.24533195020746887
            ],
            [
              0.6382007822685789,
              0.24533195020746887
            ],
            [
              0.635593220338983,
              0.24533195020746887
            ],
            [
              0.6329856584093873,
              0.24533195020746887
            ],
            [
              0.6310299869621904,
              0.24429460580912862
            ],
            [
              0.6284224250325945,
              0.24429460580912862
            ],
            [
              0.6258148631029987,
              0.24429460580912862
            ],
            [
              0.6232073011734028,
              0.24429460580912862
            ],
            [
              0.6205997392438071,
              0.24429460580912862
            ],
            [
              0.6179921773142112,
              0.24429460580912862
            ],
            [
              0.6160365058670143,
              0.24325726141078838
            ],
            [
              0.6134289439374185,
              0.24325726141078838
            ],
            [
              0.6108213820078227,
              0.24325726141078838
            ],
            [
              0.6082138200782269,
              0.24325726141078838
            ],
            [
              0.605606258148631,
              0.24325726141078838
            ],
            [
              0.6029986962190352,
              0.24325726141078838
            ],
            [
              0.6003911342894394,
              0.24325726141078838
            ],
            [
              0.5977835723598436,
              0.24325726141078838
            ],
            [
              0.5951760104302477,
              0.24325726141078838
            ],
            [
              0.5925684485006519,
              0.24325726141078838
            ],
            [
              0.589960886571056,
              0.24325726141078838
            ],
            [
              0.5873533246414603,
              0.24325726141078838
            ],
            [
              0.5853976531942634,
              0.24221991701244813
            ],
            [
              0.5827900912646675,
              0.24221991701244813
            ],
            [
              0.5801825293350718,
              0.24221991701244813
            ],
            [
              0.5775749674054759,
              0.24221991701244813
            ],
            [
              0.5749674054758801,
              0.24221991701244813
            ],
            [
              0.5730117340286832,
              0.2411825726141079
            ],
            [
              0.5704041720990873,
              0.2411825726141079
            ],
            [
              0.568122555410691,
              0.24066390041493776
            ],
            [
              0.5658409387222947,
              0.24014522821576764
            ],
            [
              0.5635593220338984,
              0.23962655601659752
            ],
            [
              0.5632333767926988,
              0.23703319502074688
            ],
            [
              0.5645371577574967,
              0.2349585062240664
            ],
            [
              0.5664928292046936,
              0.23392116182572614
            ],
            [
              0.5684485006518905,
              0.2328838174273859
            ],
            [
              0.5697522816166884,
              0.2308091286307054
            ],
            [
              0.5710560625814863,
              0.2287344398340249
            ],
            [
              0.5723598435462842,
              0.2266597510373444
            ],
            [
              0.5739895697522817,
              0.22510373443983403
            ],
            [
              0.575619295958279,
              0.22354771784232366
            ],
            [
              0.5775749674054759,
              0.2225103734439834
            ],
            [
              0.5792046936114733,
              0.22095435684647302
            ],
            [
              0.5808344198174706,
              0.21939834024896265
            ],
            [
              0.5827900912646675,
              0.2183609958506224
            ],
            [
              0.5847457627118644,
              0.21732365145228216
            ],
            [
              0.5860495436766623,
              0.21524896265560167
            ],
            [
              0.5876792698826597,
              0.21369294605809128
            ],
            [
              0.5893089960886571,
              0.2121369294605809
            ],
            [
              0.5912646675358539,
              0.21109958506224066
            ],
            [
              0.5932203389830508,
              0.21006224066390042
            ],
            [
              0.5945241199478487,
              0.20798755186721993
            ],
            [
              0.5964797913950456,
              0.20695020746887965
            ],
            [
              0.5984354628422425,
              0.2059128630705394
            ],
            [
              0.6003911342894394,
              0.20487551867219916
            ],
            [
              0.6016949152542372,
              0.20280082987551867
            ],
            [
              0.6033246414602347,
              0.2012448132780083
            ],
            [
              0.6043024771838331,
              0.19865145228215766
            ],
            [
              0.605606258148631,
              0.19657676348547717
            ],
            [
              0.6072359843546284,
              0.1950207468879668
            ],
            [
              0.6085397653194263,
              0.19294605809128632
            ],
            [
              0.6101694915254238,
              0.19139004149377592
            ],
            [
              0.6121251629726207,
              0.19035269709543567
            ],
            [
              0.6140808344198174,
              0.19139004149377592
            ],
            [
              0.6160365058670143,
              0.19035269709543567
            ],
            [
              0.6160365058670143,
              0.18724066390041494
            ],
            [
              0.6140808344198174,
              0.1862033195020747
            ],
            [
              0.6114732724902217,
              0.1862033195020747
            ],
            [
              0.6098435462842242,
              0.18464730290456433
            ],
            [
              0.6104954367666232,
              0.18153526970954356
            ],
            [
              0.6127770534550195,
              0.18101659751037344
            ],
            [
              0.6153846153846154,
              0.18101659751037344
            ],
            [
              0.6173402868318123,
              0.1799792531120332
            ],
            [
              0.6199478487614081,
              0.1799792531120332
            ],
            [
              0.622555410691004,
              0.1799792531120332
            ],
            [
              0.6245110821382008,
              0.18101659751037344
            ],
            [
              0.6271186440677966,
              0.18101659751037344
            ],
            [
              0.6297262059973925,
              0.18101659751037344
            ],
            [
              0.6316818774445893,
              0.18205394190871368
            ],
            [
              0.6342894393741851,
              0.18205394190871368
            ],
            [
              0.636245110821382,
              0.18309128630705393
            ],
            [
              0.6385267275097783,
              0.18360995850622408
            ],
            [
              0.6398305084745762,
              0.18568464730290457
            ],
            [
              0.6414602346805737,
              0.18724066390041494
            ],
            [
              0.6440677966101694,
              0.18724066390041494
            ],
            [
              0.6460234680573663,
              0.18827800829875518
            ],
            [
              0.6479791395045632,
              0.18724066390041494
            ],
            [
              0.6505867014341591,
              0.18724066390041494
            ],
            [
              0.6531942633637549,
              0.18724066390041494
            ],
            [
              0.6551499348109517,
              0.18827800829875518
            ],
            [
              0.6567796610169492,
              0.18983402489626555
            ],
            [
              0.6584093872229465,
              0.19139004149377592
            ],
            [
              0.6610169491525424,
              0.19139004149377592
            ],
            [
              0.6636245110821382,
              0.19139004149377592
            ],
            [
              0.666232073011734,
              0.19139004149377592
            ],
            [
              0.6678617992177314,
              0.19294605809128632
            ],
            [
              0.6691655801825294,
              0.1950207468879668
            ],
            [
              0.6698174706649282,
              0.19813278008298754
            ],
            [
              0.6691655801825294,
              0.2012448132780083
            ],
            [
              0.6685136897001304,
              0.20435684647302904
            ],
            [
              0.6678617992177314,
              0.2074688796680498
            ],
            [
              0.666883963494133,
              0.21006224066390042
            ],
            [
              0.6659061277705346,
              0.21265560165975103
            ],
            [
              0.6652542372881356,
              0.2157676348547718
            ],
            [
              0.6642764015645372,
              0.2183609958506224
            ],
            [
              0.6636245110821382,
              0.22147302904564314
            ],
            [
              0.6626466753585397,
              0.22406639004149378
            ],
            [
              0.6619947848761408,
              0.22717842323651452
            ],
            [
              0.6610169491525424,
              0.22977178423236513
            ],
            [
              0.660039113428944,
              0.23236514522821577
            ],
            [
              0.659387222946545,
              0.2354771784232365
            ],
            [
              0.6584093872229465,
              0.23807053941908712
            ],
            [
              0.6571056062581486,
              0.24014522821576764
            ],
            [
              0.6558018252933507,
              0.24221991701244813
            ],
            [
              0.6544980443285529,
              0.24429460580912862
            ],
            [
              0.651890482398957,
              0.24429460580912862
            ],
            [
              0.6492829204693612,
              0.24429460580912862
            ],
            [
              0.6486310299869622,
              0.24533195020746887
            ]
          ]
        ]
      },
      "properties": {
        "segment_id": 46,
        "area": 6637,
        "bbox": [
          864.0,
          174.0,
          163.0,
          62.0
        ],
        "iou": 0.8902475833892822,
        "stability": 0.9301137924194336,
        "auto_generated": true,
        "model": "segment_anything"
      }
    },
    {
      "type": "Feature",
      "geometry": {
        "type": "Polygon",
        "coordinates": [
          [
            [
              0.2301173402868318,
              0.3096473029045643
            ],
            [
              0.2288135593220339,
              0.3096473029045643
            ],
            [
              0.227509778357236,
              0.3096473029045643
            ],
            [
              0.22620599739243807,
              0.3096473029045643
            ],
            [
              0.22490221642764016,
              0.3096473029045643
            ],
            [
              0.22359843546284225,
              0.3096473029045643
            ],
            [
              0.22229465449804434,
              0.3096473029045643
            ],
            [
              0.22099087353324642,
              0.3096473029045643
            ],
            [
              0.2196870925684485,
              0.3096473029045643
            ],
            [
              0.2183833116036506,
              0.3096473029045643
            ],
            [
              0.21707953063885269,
              0.3096473029045643
            ],
            [
              0.21577574967405475,
              0.3096473029045643
            ],
            [
              0.21447196870925683,
              0.3096473029045643
            ],
            [
              0.21316818774445892,
              0.3096473029045643
            ],
            [
              0.211864406779661,
              0.3096473029045643
            ],
            [
              0.2105606258148631,
              0.3096473029045643
            ],
            [
              0.20990873533246415,
              0.3086099585062241
            ],
            [
              0.20860495436766624,
              0.3086099585062241
            ],
            [
              0.20730117340286833,
              0.3086099585062241
            ],
            [
              0.20599739243807041,
              0.3086099585062241
            ],
            [
              0.2046936114732725,
              0.3086099585062241
            ],
            [
              0.2033898305084746,
              0.3086099585062241
            ],
            [
              0.20241199478487615,
              0.30809128630705396
            ],
            [
              0.2014341590612777,
              0.30757261410788383
            ],
            [
              0.2001303780964798,
              0.30757261410788383
            ],
            [
              0.19882659713168188,
              0.30757261410788383
            ],
            [
              0.19752281616688397,
              0.30757261410788383
            ],
            [
              0.19621903520208606,
              0.30757261410788383
            ],
            [
              0.19491525423728814,
              0.30757261410788383
            ],
            [
              0.1939374185136897,
              0.3070539419087137
            ],
            [
              0.19295958279009126,
              0.3065352697095436
            ],
            [
              0.19165580182529335,
              0.3065352697095436
            ],
            [
              0.1910039113428944,
              0.30549792531120334
            ],
            [
              0.19035202086049544,
              0.30446058091286304
            ],
            [
              0.189374185136897,
              0.3039419087136929
            ],
            [
              0.189374185136897,
              0.30186721991701243
            ],
            [
              0.19035202086049544,
              0.3013485477178423
            ],
            [
              0.19165580182529335,
              0.3013485477178423
            ],
            [
              0.19295958279009126,
              0.3013485477178423
            ],
            [
              0.19361147327249023,
              0.30031120331950206
            ],
            [
              0.19458930899608864,
              0.29979253112033194
            ],
            [
              0.19556714471968709,
              0.2992738589211618
            ],
            [
              0.19654498044328553,
              0.2987551867219917
            ],
            [
              0.19752281616688397,
              0.29823651452282157
            ],
            [
              0.19882659713168188,
              0.29823651452282157
            ],
            [
              0.19980443285528032,
              0.29771784232365145
            ],
            [
              0.20078226857887874,
              0.2971991701244813
            ],
            [
              0.20208604954367665,
              0.2971991701244813
            ],
            [
              0.2033898305084746,
              0.2971991701244813
            ],
            [
              0.204367666232073,
              0.2966804979253112
            ],
            [
              0.20534550195567144,
              0.2961618257261411
            ],
            [
              0.20664928292046936,
              0.2961618257261411
            ],
            [
              0.20730117340286833,
              0.29512448132780084
            ],
            [
              0.20860495436766624,
              0.29512448132780084
            ],
            [
              0.20925684485006518,
              0.2940871369294606
            ],
            [
              0.2105606258148631,
              0.2940871369294606
            ],
            [
              0.211864406779661,
              0.2940871369294606
            ],
            [
              0.21251629726205998,
              0.29304979253112035
            ],
            [
              0.2138200782268579,
              0.29304979253112035
            ],
            [
              0.2151238591916558,
              0.29304979253112035
            ],
            [
              0.21642764015645372,
              0.29304979253112035
            ],
            [
              0.21707953063885269,
              0.2920124481327801
            ],
            [
              0.2183833116036506,
              0.2920124481327801
            ],
            [
              0.219361147327249,
              0.29149377593361
            ],
            [
              0.22033898305084745,
              0.29097510373443985
            ],
            [
              0.22164276401564537,
              0.29097510373443985
            ],
            [
              0.2226205997392438,
              0.29045643153526973
            ],
            [
              0.22359843546284225,
              0.2899377593360996
            ],
            [
              0.22490221642764016,
              0.2899377593360996
            ],
            [
              0.22620599739243807,
              0.2899377593360996
            ],
            [
              0.227509778357236,
              0.2899377593360996
            ],
            [
              0.2288135593220339,
              0.2899377593360996
            ],
            [
              0.2301173402868318,
              0.2899377593360996
            ],
            [
              0.23142112125162972,
              0.2899377593360996
            ],
            [
              0.23272490221642764,
              0.2899377593360996
            ],
            [
              0.23370273794002608,
              0.29045643153526973
            ],
            [
              0.23468057366362452,
              0.29097510373443985
            ],
            [
              0.23598435462842243,
              0.29097510373443985
            ],
            [
              0.23728813559322035,
              0.29097510373443985
            ],
            [
              0.23859191655801826,
              0.29097510373443985
            ],
            [
              0.23989569752281617,
              0.29097510373443985
            ],
            [
              0.24119947848761408,
              0.29097510373443985
            ],
            [
              0.242503259452412,
              0.29097510373443985
            ],
            [
              0.2438070404172099,
              0.29097510373443985
            ],
            [
              0.24511082138200782,
              0.29097510373443985
            ],
            [
              0.24641460234680573,
              0.29097510373443985
            ],
            [
              0.24771838331160365,
              0.29097510373443985
            ],
            [
              0.24902216427640156,
              0.29097510373443985
            ],
            [
              0.2503259452411995,
              0.29097510373443985
            ],
            [
              0.25097783572359844,
              0.2920124481327801
            ],
            [
              0.2522816166883963,
              0.2920124481327801
            ],
            [
              0.25358539765319427,
              0.2920124481327801
            ],
            [
              0.25488917861799215,
              0.2920124481327801
            ],
            [
              0.2561929595827901,
              0.2920124481327801
            ],
            [
              0.25749674054758803,
              0.2920124481327801
            ],
            [
              0.2588005215123859,
              0.2920124481327801
            ],
            [
              0.26010430247718386,
              0.2920124481327801
            ],
            [
              0.26140808344198174,
              0.2920124481327801
            ],
            [
              0.2627118644067797,
              0.2920124481327801
            ],
            [
              0.26401564537157757,
              0.2920124481327801
            ],
            [
              0.2646675358539765,
              0.29304979253112035
            ],
            [
              0.26597131681877445,
              0.29304979253112035
            ],
            [
              0.2669491525423729,
              0.29356846473029047
            ],
            [
              0.26760104302477183,
              0.2946058091286307
            ],
            [
              0.26727509778357234,
              0.2961618257261411
            ],
            [
              0.26629726205997395,
              0.2966804979253112
            ],
            [
              0.2653194263363755,
              0.2971991701244813
            ],
            [
              0.2646675358539765,
              0.29823651452282157
            ],
            [
              0.2636897001303781,
              0.2987551867219917
            ],
            [
              0.2627118644067797,
              0.2992738589211618
            ],
            [
              0.26173402868318124,
              0.29979253112033194
            ],
            [
              0.2607561929595828,
              0.30031120331950206
            ],
            [
              0.26010430247718386,
              0.3013485477178423
            ],
            [
              0.2588005215123859,
              0.3013485477178423
            ],
            [
              0.25749674054758803,
              0.3013485477178423
            ],
            [
              0.25684485006518903,
              0.30238589211618255
            ],
            [
              0.25554106910039115,
              0.30238589211618255
            ],
            [
              0.2542372881355932,
              0.30238589211618255
            ],
            [
              0.2529335071707953,
              0.30238589211618255
            ],
            [
              0.2516297262059974,
              0.30238589211618255
            ],
            [
              0.2503259452411995,
              0.30238589211618255
            ],
            [
              0.24902216427640156,
              0.30238589211618255
            ],
            [
              0.24804432855280312,
              0.3029045643153527
            ],
            [
              0.2470664928292047,
              0.3034232365145228
            ],
            [
              0.2457627118644068,
              0.3034232365145228
            ],
            [
              0.24445893089960888,
              0.3034232365145228
            ],
            [
              0.24348109517601044,
              0.3039419087136929
            ],
            [
              0.242503259452412,
              0.30446058091286304
            ],
            [
              0.24185136897001303,
              0.30549792531120334
            ],
            [
              0.2408735332464146,
              0.30601659751037347
            ],
            [
              0.23989569752281617,
              0.3065352697095436
            ],
            [
              0.2392438070404172,
              0.30757261410788383
            ],
            [
              0.2379400260756193,
              0.30757261410788383
            ],
            [
              0.23728813559322035,
              0.3086099585062241
            ],
            [
              0.23598435462842243,
              0.3086099585062241
            ],
            [
              0.23468057366362452,
              0.3086099585062241
            ],
            [
              0.2333767926988266,
              0.3086099585062241
            ],
            [
              0.2320730117340287,
              0.3086099585062241
            ],
            [
              0.23076923076923078,
              0.3086099585062241
            ],
            [
              0.2301173402868318,
              0.3096473029045643
            ]
          ]
        ]
      },
      "properties": {
        "segment_id": 47,
        "area": 1496,
        "bbox": [
          291.0,
          280.0,
          119.0,
          18.0
        ],
        "iou": 0.8784346580505371,
        "stability": 0.9599999785423279,
        "auto_generated": true,
        "model": "segment_anything"
      }
    },
    {
      "type": "Feature",
      "geometry": {
        "type": "Polygon",
        "coordinates": [
          [
            [
              0.0,
              0.1716804979253112
            ],
            [
              0.000651890482398957,
              0.1716804979253112
            ],
            [
              0.001303780964797914,
              0.1716804979253112
            ],
            [
              0.001955671447196871,
              0.1716804979253112
            ],
            [
              0.0022816166883963492,
              0.17219917012448133
            ],
            [
              0.002607561929595828,
              0.17271784232365145
            ],
            [
              0.003259452411994785,
              0.17271784232365145
            ],
            [
              0.003911342894393742,
              0.17271784232365145
            ],
            [
              0.00423728813559322,
              0.17323651452282157
            ],
            [
              0.0045632333767926985,
              0.1737551867219917
            ],
            [
              0.005215123859191656,
              0.1737551867219917
            ],
            [
              0.005867014341590613,
              0.1737551867219917
            ],
            [
              0.00651890482398957,
              0.1737551867219917
            ],
            [
              0.006844850065189048,
              0.17427385892116182
            ],
            [
              0.007170795306388526,
              0.17479253112033194
            ],
            [
              0.007822685788787484,
              0.17479253112033194
            ],
            [
              0.00847457627118644,
              0.17479253112033194
            ],
            [
              0.009126466753585397,
              0.17479253112033194
            ],
            [
              0.009778357235984355,
              0.17479253112033194
            ],
            [
              0.010104302477183833,
              0.17531120331950206
            ],
            [
              0.010430247718383311,
              0.1758298755186722
            ],
            [
              0.01108213820078227,
              0.1758298755186722
            ],
            [
              0.011734028683181226,
              0.1758298755186722
            ],
            [
              0.012385919165580182,
              0.1758298755186722
            ],
            [
              0.01303780964797914,
              0.1758298755186722
            ],
            [
              0.013689700130378096,
              0.1758298755186722
            ],
            [
              0.014015645371577574,
              0.17634854771784234
            ],
            [
              0.014341590612777053,
              0.17686721991701246
            ],
            [
              0.01499348109517601,
              0.17686721991701246
            ],
            [
              0.01564537157757497,
              0.17686721991701246
            ],
            [
              0.016297262059973925,
              0.17686721991701246
            ],
            [
              0.01694915254237288,
              0.17686721991701246
            ],
            [
              0.017601043024771838,
              0.17686721991701246
            ],
            [
              0.018252933507170794,
              0.17686721991701246
            ],
            [
              0.018904823989569754,
              0.17686721991701246
            ],
            [
              0.01955671447196871,
              0.17686721991701246
            ],
            [
              0.020208604954367666,
              0.17686721991701246
            ],
            [
              0.020860495436766623,
              0.17686721991701246
            ],
            [
              0.02151238591916558,
              0.17686721991701246
            ],
            [
              0.02216427640156454,
              0.17686721991701246
            ],
            [
              0.022816166883963495,
              0.17686721991701246
            ],
            [
              0.023142112125162973,
              0.17738589211618258
            ],
            [
              0.023142112125162973,
              0.17842323651452283
            ],
            [
              0.02346805736636245,
              0.17894190871369295
            ],
            [
              0.02379400260756193,
              0.17946058091286307
            ],
            [
              0.024119947848761408,
              0.1799792531120332
            ],
            [
              0.024445893089960886,
              0.18049792531120332
            ],
            [
              0.024445893089960886,
              0.18153526970954356
            ],
            [
              0.024445893089960886,
              0.1825726141078838
            ],
            [
              0.024771838331160364,
              0.18309128630705393
            ],
            [
              0.025097783572359842,
              0.18360995850622408
            ],
            [
              0.024771838331160364,
              0.1841286307053942
            ],
            [
              0.024445893089960886,
              0.18464730290456433
            ],
            [
              0.024119947848761408,
              0.18516597510373445
            ],
            [
              0.02379400260756193,
              0.18568464730290457
            ],
            [
              0.02346805736636245,
              0.1862033195020747
            ],
            [
              0.022816166883963495,
              0.1862033195020747
            ],
            [
              0.02216427640156454,
              0.1862033195020747
            ],
            [
              0.02151238591916558,
              0.1862033195020747
            ],
            [
              0.020860495436766623,
              0.1862033195020747
            ],
            [
              0.020534550195567144,
              0.18672199170124482
            ],
            [
              0.020208604954367666,
              0.18724066390041494
            ],
            [
              0.01955671447196871,
              0.18724066390041494
            ],
            [
              0.018904823989569754,
              0.18724066390041494
            ],
            [
              0.018252933507170794,
              0.18724066390041494
            ],
            [
              0.017601043024771838,
              0.18724066390041494
            ],
            [
              0.01694915254237288,
              0.18724066390041494
            ],
            [
              0.016297262059973925,
              0.18724066390041494
            ],
            [
              0.01564537157757497,
              0.18724066390041494
            ],
            [
              0.01499348109517601,
              0.18724066390041494
            ],
            [
              0.014341590612777053,
              0.18724066390041494
            ],
            [
              0.014015645371577574,
              0.18775933609958506
            ],
            [
              0.013689700130378096,
              0.18827800829875518
            ],
            [
              0.01303780964797914,
              0.18827800829875518
            ],
            [
              0.012385919165580182,
              0.18827800829875518
            ],
            [
              0.011734028683181226,
              0.18827800829875518
            ],
            [
              0.01108213820078227,
              0.18827800829875518
            ],
            [
              0.010430247718383311,
              0.18827800829875518
            ],
            [
              0.009778357235984355,
              0.18827800829875518
            ],
            [
              0.009126466753585397,
              0.18827800829875518
            ],
            [
              0.00847457627118644,
              0.18827800829875518
            ],
            [
              0.007822685788787484,
              0.18827800829875518
            ],
            [
              0.007170795306388526,
              0.18827800829875518
            ],
            [
              0.00651890482398957,
              0.18827800829875518
            ],
            [
              0.005867014341590613,
              0.18827800829875518
            ],
            [
              0.005215123859191656,
              0.18827800829875518
            ],
            [
              0.0045632333767926985,
              0.18827800829875518
            ],
            [
              0.003911342894393742,
              0.18827800829875518
            ],
            [
              0.003259452411994785,
              0.18827800829875518
            ],
            [
              0.002607561929595828,
              0.18827800829875518
            ],
            [
              0.001955671447196871,
              0.18827800829875518
            ],
            [
              0.001303780964797914,
              0.18827800829875518
            ],
            [
              0.000651890482398957,
              0.18827800829875518
            ],
            [
              0.0,
              0.18827800829875518
            ],
            [
              0.0,
              0.1716804979253112
            ]
          ]
        ]
      },
      "properties": {
        "segment_id": 48,
        "area": 451,
        "bbox": [
          0.0,
          166.0,
          38.0,
          15.0
        ],
        "iou": 0.8769758939743042,
        "stability": 0.948387086391449,
        "auto_generated": true,
        "model": "segment_anything"
      }
    },
    {
      "type": "Feature",
      "geometry": {
        "type": "Polygon",
        "coordinates": [
          [
            [
              0.15123859191655803,
              0.8604771784232366
            ],
            [
              0.15058670143415906,
              0.8604771784232366
            ],
            [
              0.14993481095176012,
              0.8604771784232366
            ],
            [
              0.14928292046936115,
              0.8604771784232366
            ],
            [
              0.14863102998696218,
              0.8604771784232366
            ],
            [
              0.14797913950456323,
              0.8604771784232366
            ],
            [
              0.14732724902216426,
              0.8604771784232366
            ],
            [
              0.14667535853976532,
              0.8604771784232366
            ],
            [
              0.14602346805736635,
              0.8604771784232366
            ],
            [
              0.1453715775749674,
              0.8604771784232366
            ],
            [
              0.14471968709256844,
              0.8604771784232366
            ],
            [
              0.1440677966101695,
              0.8604771784232366
            ],
            [
              0.14341590612777053,
              0.8604771784232366
            ],
            [
              0.14276401564537158,
              0.8604771784232366
            ],
            [
              0.1421121251629726,
              0.8604771784232366
            ],
            [
              0.14178617992177314,
              0.8599585062240664
            ],
            [
              0.14146023468057367,
              0.8594398340248963
            ],
            [
              0.14113428943937417,
              0.8589211618257261
            ],
            [
              0.14146023468057367,
              0.858402489626556
            ],
            [
              0.14178617992177314,
              0.8578838174273858
            ],
            [
              0.1421121251629726,
              0.8573651452282157
            ],
            [
              0.1424380704041721,
              0.8568464730290456
            ],
            [
              0.14276401564537158,
              0.8563278008298755
            ],
            [
              0.14308996088657105,
              0.8558091286307054
            ],
            [
              0.14308996088657105,
              0.8547717842323651
            ],
            [
              0.14341590612777053,
              0.854253112033195
            ],
            [
              0.14374185136897003,
              0.8537344398340249
            ],
            [
              0.1440677966101695,
              0.8532157676348547
            ],
            [
              0.14439374185136897,
              0.8526970954356846
            ],
            [
              0.14471968709256844,
              0.8521784232365145
            ],
            [
              0.14504563233376794,
              0.8516597510373444
            ],
            [
              0.1453715775749674,
              0.8511410788381742
            ],
            [
              0.14602346805736635,
              0.8511410788381742
            ],
            [
              0.14634941329856585,
              0.8506224066390041
            ],
            [
              0.14667535853976532,
              0.850103734439834
            ],
            [
              0.1470013037809648,
              0.8495850622406639
            ],
            [
              0.14732724902216426,
              0.8490663900414938
            ],
            [
              0.14765319426336376,
              0.8485477178423236
            ],
            [
              0.14797913950456323,
              0.8480290456431535
            ],
            [
              0.1483050847457627,
              0.8475103734439834
            ],
            [
              0.14863102998696218,
              0.8469917012448133
            ],
            [
              0.14928292046936115,
              0.8469917012448133
            ],
            [
              0.14960886571056062,
              0.8464730290456431
            ],
            [
              0.14993481095176012,
              0.845954356846473
            ],
            [
              0.15058670143415906,
              0.845954356846473
            ],
            [
              0.15123859191655803,
              0.845954356846473
            ],
            [
              0.15189048239895697,
              0.845954356846473
            ],
            [
              0.15221642764015644,
              0.8454356846473029
            ],
            [
              0.15254237288135594,
              0.8449170124481328
            ],
            [
              0.15319426336375488,
              0.8449170124481328
            ],
            [
              0.15384615384615385,
              0.8449170124481328
            ],
            [
              0.1544980443285528,
              0.8449170124481328
            ],
            [
              0.15514993481095177,
              0.8449170124481328
            ],
            [
              0.15547588005215124,
              0.8454356846473029
            ],
            [
              0.1558018252933507,
              0.845954356846473
            ],
            [
              0.15645371577574968,
              0.845954356846473
            ],
            [
              0.15710560625814862,
              0.845954356846473
            ],
            [
              0.15743155149934812,
              0.8464730290456431
            ],
            [
              0.1577574967405476,
              0.8469917012448133
            ],
            [
              0.15808344198174706,
              0.8475103734439834
            ],
            [
              0.15840938722294653,
              0.8480290456431535
            ],
            [
              0.15873533246414603,
              0.8485477178423236
            ],
            [
              0.15840938722294653,
              0.8490663900414938
            ],
            [
              0.15808344198174706,
              0.8495850622406639
            ],
            [
              0.15808344198174706,
              0.8506224066390041
            ],
            [
              0.15808344198174706,
              0.8516597510373444
            ],
            [
              0.15808344198174706,
              0.8526970954356846
            ],
            [
              0.15808344198174706,
              0.8537344398340249
            ],
            [
              0.1577574967405476,
              0.854253112033195
            ],
            [
              0.15743155149934812,
              0.8547717842323651
            ],
            [
              0.15710560625814862,
              0.8552904564315352
            ],
            [
              0.15677966101694915,
              0.8558091286307054
            ],
            [
              0.15645371577574968,
              0.8563278008298755
            ],
            [
              0.1561277705345502,
              0.8568464730290456
            ],
            [
              0.1558018252933507,
              0.8573651452282157
            ],
            [
              0.15514993481095177,
              0.8573651452282157
            ],
            [
              0.15482398956975227,
              0.8578838174273858
            ],
            [
              0.1544980443285528,
              0.858402489626556
            ],
            [
              0.15384615384615385,
              0.858402489626556
            ],
            [
              0.15352020860495436,
              0.8589211618257261
            ],
            [
              0.15319426336375488,
              0.8594398340248963
            ],
            [
              0.15254237288135594,
              0.8594398340248963
            ],
            [
              0.15189048239895697,
              0.8594398340248963
            ],
            [
              0.1515645371577575,
              0.8599585062240664
            ],
            [
              0.15123859191655803,
              0.8604771784232366
            ],
            [
              0.15123859191655803,
              0.8604771784232366
            ]
          ]
        ]
      },
      "properties": {
        "segment_id": 49,
        "area": 265,
        "bbox": [
          217.0,
          815.0,
          26.0,
          14.0
        ],
        "iou": 0.8631152510643005,
        "stability": 0.930656909942627,
        "auto_generated": true,
        "model": "segment_anything"
      }
    },
    {
      "type": "Feature",
      "geometry": {
        "type": "Polygon",
        "coordinates": [
          [
            [
              0.8200782268578879,
              0.9984439834024896
            ],
            [
              0.8155149934810951,
              0.9984439834024896
            ],
            [
              0.8109517601043025,
              0.9984439834024896
            ],
            [
              0.8063885267275098,
              0.9984439834024896
            ],
            [
              0.8018252933507171,
              0.9984439834024896
            ],
            [
              0.7979139504563233,
              0.9974066390041494
            ],
            [
              0.7940026075619296,
              0.9984439834024896
            ],
            [
              0.7894393741851369,
              0.9984439834024896
            ],
            [
              0.7852020860495437,
              0.9979253112033195
            ],
            [
              0.7816166883963495,
              0.9984439834024896
            ],
            [
              0.7770534550195567,
              0.9984439834024896
            ],
            [
              0.772490221642764,
              0.9984439834024896
            ],
            [
              0.7679269882659713,
              0.9984439834024896
            ],
            [
              0.7646675358539765,
              0.9963692946058091
            ],
            [
              0.7627118644067796,
              0.9984439834024896
            ],
            [
              0.758148631029987,
              0.9984439834024896
            ],
            [
              0.7535853976531942,
              0.9984439834024896
            ],
            [
              0.7490221642764016,
              0.9984439834024896
            ],
            [
              0.7444589308996089,
              0.9984439834024896
            ],
            [
              0.7398956975228161,
              0.9984439834024896
            ],
            [
              0.7353324641460235,
              0.9984439834024896
            ],
            [
              0.7307692307692307,
              0.9984439834024896
            ],
            [
              0.7291395045632334,
              0.9937759336099585
            ],
            [
              0.7291395045632334,
              0.9865145228215768
            ],
            [
              0.7291395045632334,
              0.979253112033195
            ],
            [
              0.7297913950456323,
              0.9730290456431535
            ],
            [
              0.7310951760104303,
              0.9678423236514523
            ],
            [
              0.7320730117340287,
              0.9621369294605809
            ],
            [
              0.7330508474576272,
              0.9564315352697096
            ],
            [
              0.733702737940026,
              0.950207468879668
            ],
            [
              0.734354628422425,
              0.9439834024896265
            ],
            [
              0.7356584093872229,
              0.9387966804979253
            ],
            [
              0.7363102998696219,
              0.9325726141078838
            ],
            [
              0.7369621903520208,
              0.9263485477178424
            ],
            [
              0.7376140808344198,
              0.9201244813278008
            ],
            [
              0.7382659713168188,
              0.9139004149377593
            ],
            [
              0.7398956975228161,
              0.9092323651452282
            ],
            [
              0.7415254237288136,
              0.9045643153526971
            ],
            [
              0.7428292046936115,
              0.8993775933609959
            ],
            [
              0.7421773142112125,
              0.8931535269709544
            ],
            [
              0.7428292046936115,
              0.8869294605809128
            ],
            [
              0.7434810951760105,
              0.8807053941908713
            ],
            [
              0.7438070404172099,
              0.8739626556016598
            ],
            [
              0.7454367666232073,
              0.8692946058091287
            ],
            [
              0.7454367666232073,
              0.8641078838174274
            ],
            [
              0.7460886571056062,
              0.8578838174273858
            ],
            [
              0.7473924380704041,
              0.8526970954356846
            ],
            [
              0.7483702737940026,
              0.8469917012448133
            ],
            [
              0.7486962190352021,
              0.8402489626556017
            ],
            [
              0.7480443285528031,
              0.8340248962655602
            ],
            [
              0.7486962190352021,
              0.8278008298755186
            ],
            [
              0.749348109517601,
              0.8215767634854771
            ],
            [
              0.75,
              0.8153526970954357
            ],
            [
              0.7513037809647979,
              0.8101659751037344
            ],
            [
              0.7539113428943938,
              0.8070539419087137
            ],
            [
              0.7539113428943938,
              0.8018672199170125
            ],
            [
              0.7539113428943938,
              0.7946058091286307
            ],
            [
              0.7545632333767927,
              0.7883817427385892
            ],
            [
              0.7565189048239895,
              0.7842323651452282
            ],
            [
              0.758800521512386,
              0.7806016597510373
            ],
            [
              0.7614080834419817,
              0.7774896265560166
            ],
            [
              0.7653194263363755,
              0.7764522821576764
            ],
            [
              0.7692307692307693,
              0.7774896265560166
            ],
            [
              0.7731421121251629,
              0.7785269709543569
            ],
            [
              0.7770534550195567,
              0.7795643153526971
            ],
            [
              0.7809647979139505,
              0.7806016597510373
            ],
            [
              0.7848761408083442,
              0.7816390041493776
            ],
            [
              0.7884615384615384,
              0.783195020746888
            ],
            [
              0.7926988265971316,
              0.7837136929460581
            ],
            [
              0.7966101694915254,
              0.7847510373443983
            ],
            [
              0.8001955671447197,
              0.7863070539419087
            ],
            [
              0.803129074315515,
              0.7889004149377593
            ],
            [
              0.8060625814863103,
              0.7914937759336099
            ],
            [
              0.8096479791395046,
              0.7930497925311203
            ],
            [
              0.8125814863102999,
              0.7956431535269709
            ],
            [
              0.8148631029986962,
              0.7992738589211619
            ],
            [
              0.817470664928292,
              0.8023858921161826
            ],
            [
              0.8194263363754889,
              0.8065352697095436
            ],
            [
              0.8184485006518905,
              0.8112033195020747
            ],
            [
              0.8177966101694916,
              0.8174273858921162
            ],
            [
              0.8191003911342895,
              0.8226141078838174
            ],
            [
              0.8197522816166884,
              0.828838174273859
            ],
            [
              0.8184485006518905,
              0.8340248962655602
            ],
            [
              0.8191003911342895,
              0.8402489626556017
            ],
            [
              0.8197522816166884,
              0.8464730290456431
            ],
            [
              0.8194263363754889,
              0.8532157676348547
            ],
            [
              0.8171447196870926,
              0.8568464730290456
            ],
            [
              0.8164928292046936,
              0.8630705394190872
            ],
            [
              0.8164928292046936,
              0.8703319502074689
            ],
            [
              0.8171447196870926,
              0.8765560165975104
            ],
            [
              0.8171447196870926,
              0.8838174273858921
            ],
            [
              0.8177966101694916,
              0.8900414937759336
            ],
            [
              0.8171447196870926,
              0.8962655601659751
            ],
            [
              0.8171447196870926,
              0.9035269709543569
            ],
            [
              0.8164928292046936,
              0.9097510373443983
            ],
            [
              0.8158409387222947,
              0.9159751037344398
            ],
            [
              0.8158409387222947,
              0.9232365145228216
            ],
            [
              0.8158409387222947,
              0.9304979253112033
            ],
            [
              0.8148631029986962,
              0.9362033195020747
            ],
            [
              0.8138852672750978,
              0.941908713692946
            ],
            [
              0.8145371577574967,
              0.9481327800829875
            ],
            [
              0.8142112125162972,
              0.9548755186721992
            ],
            [
              0.8132333767926988,
              0.9605809128630706
            ],
            [
              0.8138852672750978,
              0.966804979253112
            ],
            [
              0.8151890482398957,
              0.9719917012448133
            ],
            [
              0.8164928292046936,
              0.9771784232365145
            ],
            [
              0.817470664928292,
              0.9828838174273858
            ],
            [
              0.8191003911342895,
              0.9875518672199171
            ],
            [
              0.8204041720990873,
              0.9927385892116183
            ],
            [
              0.8204041720990873,
              0.9979253112033195
            ],
            [
              0.8200782268578879,
              0.9984439834024896
            ]
          ]
        ]
      },
      "properties": {
        "segment_id": 50,
        "area": 23835,
        "bbox": [
          1119.0,
          749.0,
          140.0,
          213.0
        ],
        "iou": 0.9360880255699158,
        "stability": 0.9490635395050049,
        "auto_generated": true,
        "model": "segment_anything"
      }
    },
    {
      "type": "Feature",
      "geometry": {
        "type": "Polygon",
        "coordinates": [
          [
            [
              0.8513689700130378,
              0.870850622406639
            ],
            [
              0.8500651890482399,
              0.870850622406639
            ],
            [
              0.848761408083442,
              0.870850622406639
            ],
            [
              0.847457627118644,
              0.870850622406639
            ],
            [
              0.8461538461538461,
              0.870850622406639
            ],
            [
              0.8448500651890483,
              0.870850622406639
            ],
            [
              0.8441981747066493,
              0.8698132780082988
            ],
            [
              0.8428943937418514,
              0.8698132780082988
            ],
            [
              0.8415906127770535,
              0.8698132780082988
            ],
            [
              0.840612777053455,
              0.8692946058091287
            ],
            [
              0.8396349413298566,
              0.8687759336099585
            ],
            [
              0.8383311603650587,
              0.8687759336099585
            ],
            [
              0.8370273794002607,
              0.8687759336099585
            ],
            [
              0.8363754889178618,
              0.8677385892116183
            ],
            [
              0.8350717079530638,
              0.8677385892116183
            ],
            [
              0.834419817470665,
              0.866701244813278
            ],
            [
              0.833116036505867,
              0.866701244813278
            ],
            [
              0.8321382007822686,
              0.8661825726141079
            ],
            [
              0.8311603650586702,
              0.8656639004149378
            ],
            [
              0.8298565840938722,
              0.8656639004149378
            ],
            [
              0.8292046936114733,
              0.8646265560165975
            ],
            [
              0.8279009126466753,
              0.8646265560165975
            ],
            [
              0.8269230769230769,
              0.8641078838174274
            ],
            [
              0.8259452411994785,
              0.8635892116182573
            ],
            [
              0.8252933507170795,
              0.8625518672199171
            ],
            [
              0.8246414602346805,
              0.8615145228215768
            ],
            [
              0.8236636245110821,
              0.8609958506224067
            ],
            [
              0.8226857887874837,
              0.8604771784232366
            ],
            [
              0.8213820078226858,
              0.8604771784232366
            ],
            [
              0.8204041720990873,
              0.8599585062240664
            ],
            [
              0.8197522816166884,
              0.8589211618257261
            ],
            [
              0.8191003911342895,
              0.8578838174273858
            ],
            [
              0.8191003911342895,
              0.8558091286307054
            ],
            [
              0.8194263363754889,
              0.854253112033195
            ],
            [
              0.8200782268578879,
              0.8532157676348547
            ],
            [
              0.8204041720990873,
              0.8516597510373444
            ],
            [
              0.8204041720990873,
              0.8495850622406639
            ],
            [
              0.8200782268578879,
              0.8480290456431535
            ],
            [
              0.8197522816166884,
              0.8464730290456431
            ],
            [
              0.8197522816166884,
              0.8443983402489627
            ],
            [
              0.8191003911342895,
              0.8433609958506224
            ],
            [
              0.8191003911342895,
              0.8412863070539419
            ],
            [
              0.8184485006518905,
              0.8402489626556017
            ],
            [
              0.818122555410691,
              0.8386929460580913
            ],
            [
              0.8177966101694916,
              0.8371369294605809
            ],
            [
              0.8177966101694916,
              0.8350622406639004
            ],
            [
              0.8177966101694916,
              0.83298755186722
            ],
            [
              0.8177966101694916,
              0.8309128630705395
            ],
            [
              0.8184485006518905,
              0.8298755186721992
            ],
            [
              0.81877444589309,
              0.8283195020746889
            ],
            [
              0.8194263363754889,
              0.8272821576763485
            ],
            [
              0.8200782268578879,
              0.8262448132780082
            ],
            [
              0.8210560625814863,
              0.8257261410788381
            ],
            [
              0.8220338983050848,
              0.825207468879668
            ],
            [
              0.8230117340286832,
              0.8246887966804979
            ],
            [
              0.8239895697522817,
              0.8241701244813278
            ],
            [
              0.8252933507170795,
              0.8241701244813278
            ],
            [
              0.8265971316818774,
              0.8241701244813278
            ],
            [
              0.8279009126466753,
              0.8241701244813278
            ],
            [
              0.8292046936114733,
              0.8241701244813278
            ],
            [
              0.8298565840938722,
              0.8231327800829875
            ],
            [
              0.8308344198174706,
              0.8236514522821576
            ],
            [
              0.8318122555410691,
              0.8241701244813278
            ],
            [
              0.8327900912646675,
              0.8246887966804979
            ],
            [
              0.833767926988266,
              0.825207468879668
            ],
            [
              0.834419817470665,
              0.8262448132780082
            ],
            [
              0.8353976531942634,
              0.8267634854771784
            ],
            [
              0.8363754889178618,
              0.8272821576763485
            ],
            [
              0.8373533246414603,
              0.8278008298755186
            ],
            [
              0.8380052151238592,
              0.828838174273859
            ],
            [
              0.8389830508474576,
              0.8293568464730291
            ],
            [
              0.8396349413298566,
              0.8303941908713693
            ],
            [
              0.8402868318122555,
              0.8314315352697096
            ],
            [
              0.8409387222946545,
              0.8324688796680498
            ],
            [
              0.8419165580182529,
              0.83298755186722
            ],
            [
              0.8425684485006519,
              0.8340248962655602
            ],
            [
              0.8432203389830508,
              0.8350622406639004
            ],
            [
              0.8438722294654498,
              0.8360995850622407
            ],
            [
              0.8445241199478487,
              0.8371369294605809
            ],
            [
              0.8451760104302477,
              0.8381742738589212
            ],
            [
              0.8458279009126467,
              0.8392116182572614
            ],
            [
              0.8464797913950456,
              0.8402489626556017
            ],
            [
              0.8471316818774446,
              0.8412863070539419
            ],
            [
              0.8477835723598436,
              0.8423236514522822
            ],
            [
              0.8484354628422425,
              0.8433609958506224
            ],
            [
              0.848109517601043,
              0.8449170124481328
            ],
            [
              0.847457627118644,
              0.845954356846473
            ],
            [
              0.8464797913950456,
              0.8464730290456431
            ],
            [
              0.8458279009126467,
              0.8475103734439834
            ],
            [
              0.8458279009126467,
              0.8495850622406639
            ],
            [
              0.8451760104302477,
              0.8506224066390041
            ],
            [
              0.8458279009126467,
              0.8516597510373444
            ],
            [
              0.8461538461538461,
              0.8532157676348547
            ],
            [
              0.8468057366362451,
              0.854253112033195
            ],
            [
              0.8477835723598436,
              0.8547717842323651
            ],
            [
              0.848761408083442,
              0.8552904564315352
            ],
            [
              0.8494132985658409,
              0.8563278008298755
            ],
            [
              0.8500651890482399,
              0.8573651452282157
            ],
            [
              0.8507170795306388,
              0.858402489626556
            ],
            [
              0.8513689700130378,
              0.8594398340248963
            ],
            [
              0.8520208604954368,
              0.8604771784232366
            ],
            [
              0.8526727509778357,
              0.8615145228215768
            ],
            [
              0.8533246414602347,
              0.8625518672199171
            ],
            [
              0.8539765319426337,
              0.8635892116182573
            ],
            [
              0.8546284224250326,
              0.8646265560165975
            ],
            [
              0.8552803129074316,
              0.8656639004149378
            ],
            [
              0.855606258148631,
              0.8672199170124482
            ],
            [
              0.8549543676662321,
              0.8682572614107884
            ],
            [
              0.8543024771838331,
              0.8692946058091287
            ],
            [
              0.8533246414602347,
              0.8698132780082988
            ],
            [
              0.8520208604954368,
              0.8698132780082988
            ],
            [
              0.8513689700130378,
              0.870850622406639
            ]
          ]
        ]
      },
      "properties": {
        "segment_id": 51,
        "area": 1697,
        "bbox": [
          1255.0,
          794.0,
          57.0,
          45.0
        ],
        "iou": 0.9135817289352417,
        "stability": 0.9507445693016052,
        "auto_generated": true,
        "model": "segment_anything"
      }
    },
    {
      "type": "Feature",
      "geometry": {
        "type": "Polygon",
        "coordinates": [
          [
            [
              0.8044328552803129,
              0.6561203319502075
            ],
            [
              0.8011734028683182,
              0.6561203319502075
            ],
            [
              0.7979139504563233,
              0.6561203319502075
            ],
            [
              0.7953063885267275,
              0.6550829875518672
            ],
            [
              0.7926988265971316,
              0.654045643153527
            ],
            [
              0.7897653194263363,
              0.6535269709543569
            ],
            [
              0.7868318122555411,
              0.6530082987551867
            ],
            [
              0.7842242503259452,
              0.6519709543568465
            ],
            [
              0.7809647979139505,
              0.6519709543568465
            ],
            [
              0.7783572359843546,
              0.6509336099585062
            ],
            [
              0.7757496740547588,
              0.649896265560166
            ],
            [
              0.772490221642764,
              0.649896265560166
            ],
            [
              0.7698826597131682,
              0.6488589211618258
            ],
            [
              0.7666232073011734,
              0.6488589211618258
            ],
            [
              0.7640156453715776,
              0.6478215767634855
            ],
            [
              0.7614080834419817,
              0.6467842323651453
            ],
            [
              0.7594524119947849,
              0.6447095435684648
            ],
            [
              0.7578226857887875,
              0.6421161825726142
            ],
            [
              0.7565189048239895,
              0.6390041493775933
            ],
            [
              0.757496740547588,
              0.6353734439834025
            ],
            [
              0.7597783572359843,
              0.6338174273858921
            ],
            [
              0.7610821382007823,
              0.6307053941908713
            ],
            [
              0.7617340286831812,
              0.6265560165975104
            ],
            [
              0.7623859191655802,
              0.6224066390041494
            ],
            [
              0.7630378096479792,
              0.6182572614107884
            ],
            [
              0.7636897001303781,
              0.6141078838174274
            ],
            [
              0.7643415906127771,
              0.6099585062240664
            ],
            [
              0.766297262059974,
              0.6078838174273858
            ],
            [
              0.766297262059974,
              0.6047717842323651
            ],
            [
              0.7666232073011734,
              0.600103734439834
            ],
            [
              0.766297262059974,
              0.5964730290456431
            ],
            [
              0.765645371577575,
              0.5923236514522822
            ],
            [
              0.765645371577575,
              0.5871369294605809
            ],
            [
              0.765645371577575,
              0.5819502074688797
            ],
            [
              0.765645371577575,
              0.5767634854771784
            ],
            [
              0.766297262059974,
              0.5726141078838174
            ],
            [
              0.7666232073011734,
              0.5679460580912863
            ],
            [
              0.7666232073011734,
              0.5637966804979253
            ],
            [
              0.766297262059974,
              0.5591286307053942
            ],
            [
              0.7669491525423728,
              0.5549792531120332
            ],
            [
              0.7679269882659713,
              0.5513485477178424
            ],
            [
              0.7698826597131682,
              0.5513485477178424
            ],
            [
              0.771838331160365,
              0.5534232365145229
            ],
            [
              0.7737940026075619,
              0.5554979253112033
            ],
            [
              0.7750977835723598,
              0.5586099585062241
            ],
            [
              0.7777053455019557,
              0.5596473029045643
            ],
            [
              0.7803129074315515,
              0.5606846473029046
            ],
            [
              0.7832464146023468,
              0.5612033195020747
            ],
            [
              0.7855280312907431,
              0.5627593360995851
            ],
            [
              0.788787483702738,
              0.5627593360995851
            ],
            [
              0.7913950456323338,
              0.5637966804979253
            ],
            [
              0.7946544980443285,
              0.5637966804979253
            ],
            [
              0.7972620599739244,
              0.5648340248962656
            ],
            [
              0.7998696219035202,
              0.5658713692946058
            ],
            [
              0.8028031290743155,
              0.5663900414937759
            ],
            [
              0.8044328552803129,
              0.5689834024896265
            ],
            [
              0.8057366362451108,
              0.5658713692946058
            ],
            [
              0.8067144719687093,
              0.5622406639004149
            ],
            [
              0.809322033898305,
              0.5622406639004149
            ],
            [
              0.809973924380704,
              0.5663900414937759
            ],
            [
              0.8129074315514994,
              0.566908713692946
            ],
            [
              0.8158409387222947,
              0.5674273858921162
            ],
            [
              0.81877444589309,
              0.5679460580912863
            ],
            [
              0.8220338983050848,
              0.5679460580912863
            ],
            [
              0.8243155149934811,
              0.5695020746887967
            ],
            [
              0.825619295958279,
              0.5726141078838174
            ],
            [
              0.8275749674054759,
              0.5746887966804979
            ],
            [
              0.8295306388526728,
              0.5767634854771784
            ],
            [
              0.8311603650586702,
              0.5793568464730291
            ],
            [
              0.833116036505867,
              0.5814315352697096
            ],
            [
              0.8347457627118644,
              0.5840248962655602
            ],
            [
              0.8367014341590613,
              0.5860995850622407
            ],
            [
              0.8383311603650587,
              0.5886929460580913
            ],
            [
              0.839960886571056,
              0.5912863070539419
            ],
            [
              0.8419165580182529,
              0.5933609958506224
            ],
            [
              0.8438722294654498,
              0.5954356846473029
            ],
            [
              0.8455019556714471,
              0.5980290456431535
            ],
            [
              0.848109517601043,
              0.5990663900414938
            ],
            [
              0.8500651890482399,
              0.6011410788381742
            ],
            [
              0.8523468057366362,
              0.6026970954356846
            ],
            [
              0.8543024771838331,
              0.6047717842323651
            ],
            [
              0.8559322033898306,
              0.6073651452282157
            ],
            [
              0.8575619295958279,
              0.6099585062240664
            ],
            [
              0.8582138200782269,
              0.6141078838174274
            ],
            [
              0.8601694915254238,
              0.6161825726141079
            ],
            [
              0.8617992177314211,
              0.6187759336099585
            ],
            [
              0.864406779661017,
              0.6198132780082988
            ],
            [
              0.8660365058670143,
              0.6224066390041494
            ],
            [
              0.8660365058670143,
              0.6275933609958506
            ],
            [
              0.8640808344198174,
              0.6296680497925311
            ],
            [
              0.8614732724902217,
              0.6307053941908713
            ],
            [
              0.8585397653194263,
              0.6312240663900415
            ],
            [
              0.8565840938722294,
              0.633298755186722
            ],
            [
              0.8539765319426337,
              0.6343360995850622
            ],
            [
              0.8520208604954368,
              0.6364107883817427
            ],
            [
              0.8497392438070405,
              0.6379668049792531
            ],
            [
              0.847457627118644,
              0.6395228215767634
            ],
            [
              0.8451760104302477,
              0.6410788381742739
            ],
            [
              0.8432203389830508,
              0.6431535269709544
            ],
            [
              0.8402868318122555,
              0.6436721991701245
            ],
            [
              0.8370273794002607,
              0.6436721991701245
            ],
            [
              0.8340938722294654,
              0.6431535269709544
            ],
            [
              0.8311603650586702,
              0.6426348547717843
            ],
            [
              0.8285528031290743,
              0.641597510373444
            ],
            [
              0.8259452411994785,
              0.6405601659751037
            ],
            [
              0.8233376792698827,
              0.6395228215767634
            ],
            [
              0.8200782268578879,
              0.6395228215767634
            ],
            [
              0.8168187744458931,
              0.6395228215767634
            ],
            [
              0.8135593220338984,
              0.6395228215767634
            ],
            [
              0.8102998696219035,
              0.6395228215767634
            ],
            [
              0.809322033898305,
              0.6431535269709544
            ],
            [
              0.809322033898305,
              0.6483402489626556
            ],
            [
              0.8089960886571056,
              0.6530082987551867
            ],
            [
              0.8067144719687093,
              0.6545643153526971
            ],
            [
              0.8044328552803129,
              0.6561203319502075
            ]
          ]
        ]
      },
      "properties": {
        "segment_id": 52,
        "area": 10337,
        "bbox": [
          1161.0,
          531.0,
          167.0,
          101.0
        ],
        "iou": 0.8712630271911621,
        "stability": 0.9224914312362671,
        "auto_generated": true,
        "model": "segment_anything"
      }
    },
    {
      "type": "Feature",
      "geometry": {
        "type": "Polygon",
        "coordinates": [
          [
            [
              0.0,
              0.7131742738589212
            ],
            [
              0.0016297262059973925,
              0.7126556016597511
            ],
            [
              0.003259452411994785,
              0.7121369294605809
            ],
            [
              0.0048891786179921775,
              0.7126556016597511
            ],
            [
              0.00651890482398957,
              0.7131742738589212
            ],
            [
              0.00847457627118644,
              0.7131742738589212
            ],
            [
              0.010430247718383311,
              0.7131742738589212
            ],
            [
              0.012385919165580182,
              0.7131742738589212
            ],
            [
              0.012711864406779662,
              0.7105809128630706
            ],
            [
              0.01303780964797914,
              0.70798755186722
            ],
            [
              0.014015645371577574,
              0.7064315352697096
            ],
            [
              0.014667535853976532,
              0.7043568464730291
            ],
            [
              0.015971316818774447,
              0.7033195020746889
            ],
            [
              0.01694915254237288,
              0.7017634854771784
            ],
            [
              0.018252933507170794,
              0.7007261410788381
            ],
            [
              0.019230769230769232,
              0.6991701244813278
            ],
            [
              0.020208604954367666,
              0.6976141078838174
            ],
            [
              0.02151238591916558,
              0.6965767634854771
            ],
            [
              0.023142112125162973,
              0.696058091286307
            ],
            [
              0.024119947848761408,
              0.6945020746887967
            ],
            [
              0.025423728813559324,
              0.6934647302904564
            ],
            [
              0.027053455019556714,
              0.6929460580912863
            ],
            [
              0.028683181225554105,
              0.6924273858921162
            ],
            [
              0.02998696219035202,
              0.6913900414937759
            ],
            [
              0.03129074315514994,
              0.6903526970954357
            ],
            [
              0.03259452411994785,
              0.6893153526970954
            ],
            [
              0.033572359843546284,
              0.6877593360995851
            ],
            [
              0.0348761408083442,
              0.6867219917012448
            ],
            [
              0.03650586701434159,
              0.6862033195020747
            ],
            [
              0.03780964797913951,
              0.6851659751037344
            ],
            [
              0.0394393741851369,
              0.6846473029045643
            ],
            [
              0.04106910039113429,
              0.6841286307053942
            ],
            [
              0.04302477183833116,
              0.6841286307053942
            ],
            [
              0.044980443285528034,
              0.6841286307053942
            ],
            [
              0.046284224250325946,
              0.6851659751037344
            ],
            [
              0.04791395045632334,
              0.6856846473029046
            ],
            [
              0.04954367666232073,
              0.6862033195020747
            ],
            [
              0.05084745762711865,
              0.6872406639004149
            ],
            [
              0.05215123859191656,
              0.6882780082987552
            ],
            [
              0.05378096479791395,
              0.6887966804979253
            ],
            [
              0.05541069100391134,
              0.6893153526970954
            ],
            [
              0.056714471968709254,
              0.6903526970954357
            ],
            [
              0.058018252933507174,
              0.6913900414937759
            ],
            [
              0.059647979139504564,
              0.691908713692946
            ],
            [
              0.061277705345501955,
              0.6924273858921162
            ],
            [
              0.06258148631029987,
              0.6934647302904564
            ],
            [
              0.06421121251629726,
              0.6939834024896265
            ],
            [
              0.06584093872229466,
              0.6945020746887967
            ],
            [
              0.06714471968709257,
              0.6955394190871369
            ],
            [
              0.06844850065189048,
              0.6965767634854771
            ],
            [
              0.07040417209908735,
              0.6965767634854771
            ],
            [
              0.07170795306388526,
              0.6976141078838174
            ],
            [
              0.07366362451108213,
              0.6976141078838174
            ],
            [
              0.07496740547588006,
              0.6986514522821576
            ],
            [
              0.07692307692307693,
              0.6986514522821576
            ],
            [
              0.07822685788787484,
              0.6996887966804979
            ],
            [
              0.08018252933507171,
              0.6996887966804979
            ],
            [
              0.08148631029986962,
              0.7007261410788381
            ],
            [
              0.08279009126466753,
              0.7017634854771784
            ],
            [
              0.08409387222946545,
              0.7028008298755186
            ],
            [
              0.08572359843546284,
              0.7033195020746889
            ],
            [
              0.08735332464146023,
              0.703838174273859
            ],
            [
              0.08833116036505867,
              0.7053941908713693
            ],
            [
              0.08702737940026076,
              0.7064315352697096
            ],
            [
              0.08604954367666232,
              0.70798755186722
            ],
            [
              0.0847457627118644,
              0.7090248962655602
            ],
            [
              0.08344198174706649,
              0.7100622406639004
            ],
            [
              0.08213820078226858,
              0.7110995850622407
            ],
            [
              0.08083441981747067,
              0.7121369294605809
            ],
            [
              0.07953063885267275,
              0.7131742738589212
            ],
            [
              0.07822685788787484,
              0.7142116182572614
            ],
            [
              0.07659713168187744,
              0.7147302904564315
            ],
            [
              0.07529335071707953,
              0.7157676348547718
            ],
            [
              0.07431551499348109,
              0.7173236514522822
            ],
            [
              0.0726857887874837,
              0.7178423236514523
            ],
            [
              0.07138200782268579,
              0.7188796680497925
            ],
            [
              0.07040417209908735,
              0.7204356846473029
            ],
            [
              0.06910039113428944,
              0.7214730290456431
            ],
            [
              0.06747066492829204,
              0.7219917012448133
            ],
            [
              0.06584093872229466,
              0.7225103734439834
            ],
            [
              0.06453715775749674,
              0.7235477178423236
            ],
            [
              0.06323337679269883,
              0.7245850622406639
            ],
            [
              0.06192959582790091,
              0.7256224066390041
            ],
            [
              0.060625814863103,
              0.7266597510373444
            ],
            [
              0.059322033898305086,
              0.7276970954356846
            ],
            [
              0.058018252933507174,
              0.7287344398340249
            ],
            [
              0.056714471968709254,
              0.7297717842323651
            ],
            [
              0.05541069100391134,
              0.7308091286307054
            ],
            [
              0.05410691003911343,
              0.7318464730290456
            ],
            [
              0.052803129074315516,
              0.7328838174273858
            ],
            [
              0.051499348109517604,
              0.7339211618257261
            ],
            [
              0.050195567144719684,
              0.7349585062240664
            ],
            [
              0.04856584093872229,
              0.7354771784232366
            ],
            [
              0.0469361147327249,
              0.7359958506224067
            ],
            [
              0.04563233376792699,
              0.7370331950207469
            ],
            [
              0.043676662320730114,
              0.7370331950207469
            ],
            [
              0.041720990873533245,
              0.7370331950207469
            ],
            [
              0.04041720990873533,
              0.7380705394190872
            ],
            [
              0.03878748370273794,
              0.7385892116182573
            ],
            [
              0.037157757496740544,
              0.7391078838174274
            ],
            [
              0.03585397653194263,
              0.7401452282157677
            ],
            [
              0.03455019556714472,
              0.7411825726141079
            ],
            [
              0.033246414602346806,
              0.7422199170124482
            ],
            [
              0.031942633637548894,
              0.7432572614107884
            ],
            [
              0.030638852672750978,
              0.7442946058091287
            ],
            [
              0.029335071707953065,
              0.7453319502074689
            ],
            [
              0.02803129074315515,
              0.7463692946058091
            ],
            [
              0.026727509778357236,
              0.7474066390041494
            ],
            [
              0.025097783572359842,
              0.7479253112033195
            ],
            [
              0.02379400260756193,
              0.7489626556016598
            ],
            [
              0.022490221642764017,
              0.75
            ],
            [
              0.0211864406779661,
              0.7510373443983402
            ],
            [
              0.020208604954367666,
              0.7525933609958506
            ],
            [
              0.018578878748370272,
              0.7531120331950207
            ],
            [
              0.01727509778357236,
              0.754149377593361
            ],
            [
              0.015971316818774447,
              0.7551867219917012
            ],
            [
              0.014667535853976532,
              0.7562240663900415
            ],
            [
              0.013363754889178618,
              0.7572614107883817
            ],
            [
              0.012059973924380704,
              0.758298755186722
            ],
            [
              0.01075619295958279,
              0.7593360995850622
            ],
            [
              0.009126466753585397,
              0.7598547717842323
            ],
            [
              0.008148631029986962,
              0.7614107883817427
            ],
            [
              0.006844850065189048,
              0.7624481327800829
            ],
            [
              0.005215123859191656,
              0.7629668049792531
            ],
            [
              0.003911342894393742,
              0.7640041493775933
            ],
            [
              0.0029335071707953064,
              0.7655601659751037
            ],
            [
              0.0016297262059973925,
              0.766597510373444
            ],
            [
              0.0,
              0.7671161825726142
            ],
            [
              0.0,
              0.7131742738589212
            ]
          ]
        ]
      },
      "properties": {
        "segment_id": 53,
        "area": 5277,
        "bbox": [
          0.0,
          660.0,
          135.0,
          79.0
        ],
        "iou": 0.9474678635597229,
        "stability": 0.9687967300415039,
        "auto_generated": true,
        "model": "segment_anything"
      }
    },
    {
      "type": "Feature",
      "geometry": {
        "type": "Polygon",
        "coordinates": [
          [
            [
              0.35853976531942633,
              0.48910788381742737
            ],
            [
              0.35528031290743156,
              0.4880705394190871
            ],
            [
              0.3513689700130378,
              0.4880705394190871
            ],
            [
              0.34810951760104303,
              0.4870331950207469
            ],
            [
              0.34485006518904826,
              0.4880705394190871
            ],
            [
              0.3409387222946545,
              0.4880705394190871
            ],
            [
              0.33702737940026073,
              0.4880705394190871
            ],
            [
              0.33376792698826596,
              0.4870331950207469
            ],
            [
              0.3305084745762712,
              0.4880705394190871
            ],
            [
              0.32659713168187743,
              0.4880705394190871
            ],
            [
              0.3226857887874837,
              0.4880705394190871
            ],
            [
              0.3194263363754889,
              0.4870331950207469
            ],
            [
              0.3161668839634941,
              0.4880705394190871
            ],
            [
              0.3122555410691004,
              0.4880705394190871
            ],
            [
              0.3089960886571056,
              0.4870331950207469
            ],
            [
              0.3050847457627119,
              0.4870331950207469
            ],
            [
              0.3011734028683181,
              0.4870331950207469
            ],
            [
              0.29726205997392435,
              0.4870331950207469
            ],
            [
              0.29335071707953064,
              0.4870331950207469
            ],
            [
              0.2894393741851369,
              0.4870331950207469
            ],
            [
              0.28552803129074317,
              0.4870331950207469
            ],
            [
              0.28226857887874834,
              0.48599585062240663
            ],
            [
              0.2790091264667536,
              0.4870331950207469
            ],
            [
              0.27509778357235987,
              0.4870331950207469
            ],
            [
              0.2711864406779661,
              0.4870331950207469
            ],
            [
              0.26727509778357234,
              0.4870331950207469
            ],
            [
              0.2633637548891786,
              0.4870331950207469
            ],
            [
              0.25945241199478486,
              0.4870331950207469
            ],
            [
              0.2558670143415906,
              0.48651452282157676
            ],
            [
              0.2529335071707953,
              0.4870331950207469
            ],
            [
              0.24967405475880053,
              0.4880705394190871
            ],
            [
              0.24641460234680573,
              0.4870331950207469
            ],
            [
              0.242503259452412,
              0.4870331950207469
            ],
            [
              0.23859191655801826,
              0.4870331950207469
            ],
            [
              0.23468057366362452,
              0.4870331950207469
            ],
            [
              0.23239895697522817,
              0.48443983402489627
            ],
            [
              0.23076923076923078,
              0.48184647302904565
            ],
            [
              0.23435462842242502,
              0.48132780082987553
            ],
            [
              0.23728813559322035,
              0.47977178423236516
            ],
            [
              0.23989569752281617,
              0.47769709543568467
            ],
            [
              0.242503259452412,
              0.4756224066390041
            ],
            [
              0.24511082138200782,
              0.47354771784232363
            ],
            [
              0.24902216427640156,
              0.47354771784232363
            ],
            [
              0.2529335071707953,
              0.47354771784232363
            ],
            [
              0.2565189048239896,
              0.4730290456431535
            ],
            [
              0.26010430247718386,
              0.4725103734439834
            ],
            [
              0.2633637548891786,
              0.47147302904564314
            ],
            [
              0.26564537157757495,
              0.46887966804979253
            ],
            [
              0.26792698826597133,
              0.4662863070539419
            ],
            [
              0.27053455019556716,
              0.4642116182572614
            ],
            [
              0.273142112125163,
              0.46213692946058094
            ],
            [
              0.2754237288135593,
              0.45954356846473027
            ],
            [
              0.27803129074315514,
              0.4574688796680498
            ],
            [
              0.2803129074315515,
              0.45487551867219916
            ],
            [
              0.28259452411994784,
              0.45228215767634855
            ],
            [
              0.28520208604954367,
              0.45020746887966806
            ],
            [
              0.28846153846153844,
              0.4491701244813278
            ],
            [
              0.29172099087353326,
              0.44813278008298757
            ],
            [
              0.2943285528031291,
              0.4460580912863071
            ],
            [
              0.2966101694915254,
              0.4434647302904564
            ],
            [
              0.2988917861799218,
              0.4408713692946058
            ],
            [
              0.3014993481095176,
              0.4387966804979253
            ],
            [
              0.30378096479791394,
              0.4362033195020747
            ],
            [
              0.30638852672750977,
              0.4341286307053942
            ],
            [
              0.31029986962190353,
              0.4341286307053942
            ],
            [
              0.31421121251629724,
              0.4341286307053942
            ],
            [
              0.318122555410691,
              0.4341286307053942
            ],
            [
              0.3220338983050847,
              0.4341286307053942
            ],
            [
              0.3259452411994785,
              0.4341286307053942
            ],
            [
              0.32985658409387225,
              0.4341286307053942
            ],
            [
              0.333116036505867,
              0.43309128630705396
            ],
            [
              0.3363754889178618,
              0.4341286307053942
            ],
            [
              0.34028683181225555,
              0.4341286307053942
            ],
            [
              0.3435462842242503,
              0.43516597510373445
            ],
            [
              0.3474576271186441,
              0.43516597510373445
            ],
            [
              0.35071707953063885,
              0.4362033195020747
            ],
            [
              0.3546284224250326,
              0.4362033195020747
            ],
            [
              0.35853976531942633,
              0.4362033195020747
            ],
            [
              0.3624511082138201,
              0.4362033195020747
            ],
            [
              0.3663624511082138,
              0.4362033195020747
            ],
            [
              0.37027379400260757,
              0.4362033195020747
            ],
            [
              0.3741851368970013,
              0.4362033195020747
            ],
            [
              0.37809647979139505,
              0.4362033195020747
            ],
            [
              0.3820078226857888,
              0.4362033195020747
            ],
            [
              0.3859191655801825,
              0.4362033195020747
            ],
            [
              0.3898305084745763,
              0.4362033195020747
            ],
            [
              0.39374185136897,
              0.4362033195020747
            ],
            [
              0.39765319426336376,
              0.4362033195020747
            ],
            [
              0.4015645371577575,
              0.4362033195020747
            ],
            [
              0.40547588005215124,
              0.4362033195020747
            ],
            [
              0.40514993481095174,
              0.4408713692946058
            ],
            [
              0.4031942633637549,
              0.44398340248962653
            ],
            [
              0.4005867014341591,
              0.4460580912863071
            ],
            [
              0.3970013037809648,
              0.4465767634854772
            ],
            [
              0.39374185136897,
              0.44761410788381745
            ],
            [
              0.39374185136897,
              0.4507261410788382
            ],
            [
              0.39276401564537156,
              0.45435684647302904
            ],
            [
              0.39080834419817473,
              0.4574688796680498
            ],
            [
              0.3878748370273794,
              0.45902489626556015
            ],
            [
              0.3849413298565841,
              0.4605809128630705
            ],
            [
              0.3833116036505867,
              0.4642116182572614
            ],
            [
              0.3820078226857888,
              0.4683609958506224
            ],
            [
              0.3790743155149935,
              0.4699170124481328
            ],
            [
              0.3754889178617992,
              0.4704356846473029
            ],
            [
              0.37190352020860495,
              0.470954356846473
            ],
            [
              0.36994784876140807,
              0.47406639004149376
            ],
            [
              0.3686440677966102,
              0.4782157676348548
            ],
            [
              0.3670143415906128,
              0.48184647302904565
            ],
            [
              0.36538461538461536,
              0.4854771784232365
            ],
            [
              0.36310299869621904,
              0.4880705394190871
            ],
            [
              0.35919165580182527,
              0.4880705394190871
            ],
            [
              0.35853976531942633,
              0.48910788381742737
            ]
          ]
        ]
      },
      "properties": {
        "segment_id": 54,
        "area": 8834,
        "bbox": [
          354.0,
          418.0,
          268.0,
          53.0
        ],
        "iou": 0.9296168088912964,
        "stability": 0.9542520046234131,
        "auto_generated": true,
        "model": "segment_anything"
      }
    },
    {
      "type": "Feature",
      "geometry": {
        "type": "Polygon",
        "coordinates": [
          [
            [
              0.2196870925684485,
              0.5938796680497925
            ],
            [
              0.2138200782268579,
              0.5938796680497925
            ],
            [
              0.20925684485006518,
              0.591804979253112
            ],
            [
              0.204367666232073,
              0.5902489626556017
            ],
            [
              0.19947848761408082,
              0.5886929460580913
            ],
            [
              0.19491525423728814,
              0.5866182572614108
            ],
            [
              0.19035202086049544,
              0.5845435684647303
            ],
            [
              0.18578878748370273,
              0.5824688796680498
            ],
            [
              0.17992177314211213,
              0.5824688796680498
            ],
            [
              0.17535853976531943,
              0.5803941908713693
            ],
            [
              0.17014341590612778,
              0.5793568464730291
            ],
            [
              0.16558018252933507,
              0.5772821576763485
            ],
            [
              0.16036505867014342,
              0.5762448132780082
            ],
            [
              0.15514993481095177,
              0.575207468879668
            ],
            [
              0.15058670143415906,
              0.5731327800829875
            ],
            [
              0.14602346805736635,
              0.571058091286307
            ],
            [
              0.1408083441981747,
              0.5700207468879668
            ],
            [
              0.13624511082138202,
              0.5679460580912863
            ],
            [
              0.13102998696219034,
              0.566908713692946
            ],
            [
              0.12646675358539766,
              0.5648340248962656
            ],
            [
              0.121251629726206,
              0.5637966804979253
            ],
            [
              0.1166883963494133,
              0.5617219917012448
            ],
            [
              0.11082138200782268,
              0.5617219917012448
            ],
            [
              0.10625814863102999,
              0.5617219917012448
            ],
            [
              0.10104302477183832,
              0.5606846473029046
            ],
            [
              0.09582790091264667,
              0.5596473029045643
            ],
            [
              0.0909387222946545,
              0.558091286307054
            ],
            [
              0.0909387222946545,
              0.5529045643153527
            ],
            [
              0.09452411994784876,
              0.5492738589211619
            ],
            [
              0.09908735332464146,
              0.5471991701244814
            ],
            [
              0.10299869621903521,
              0.5440871369294605
            ],
            [
              0.1075619295958279,
              0.54201244813278
            ],
            [
              0.1121251629726206,
              0.5399377593360996
            ],
            [
              0.1166883963494133,
              0.5378630705394191
            ],
            [
              0.121251629726206,
              0.5357883817427386
            ],
            [
              0.1258148631029987,
              0.5337136929460581
            ],
            [
              0.1303780964797914,
              0.5316390041493776
            ],
            [
              0.13494132985658408,
              0.5295643153526971
            ],
            [
              0.13917861799217732,
              0.5269709543568465
            ],
            [
              0.14374185136897003,
              0.524896265560166
            ],
            [
              0.14797913950456323,
              0.5223029045643154
            ],
            [
              0.15254237288135594,
              0.5202282157676349
            ],
            [
              0.15710560625814862,
              0.5181535269709544
            ],
            [
              0.16101694915254236,
              0.5150414937759336
            ],
            [
              0.1652542372881356,
              0.5124481327800829
            ],
            [
              0.1694915254237288,
              0.5098547717842323
            ],
            [
              0.17405475880052151,
              0.5077800829875518
            ],
            [
              0.17926988265971316,
              0.5067427385892116
            ],
            [
              0.18448500651890481,
              0.5057053941908713
            ],
            [
              0.1897001303780965,
              0.5046680497925311
            ],
            [
              0.19491525423728814,
              0.5036307053941909
            ],
            [
              0.2001303780964798,
              0.5025933609958506
            ],
            [
              0.204367666232073,
              0.5
            ],
            [
              0.20925684485006518,
              0.49844398340248963
            ],
            [
              0.21447196870925683,
              0.4974066390041494
            ],
            [
              0.2196870925684485,
              0.49636929460580914
            ],
            [
              0.22522816166883963,
              0.49688796680497926
            ],
            [
              0.23076923076923078,
              0.4974066390041494
            ],
            [
              0.23663624511082137,
              0.4974066390041494
            ],
            [
              0.24185136897001303,
              0.49636929460580914
            ],
            [
              0.2470664928292047,
              0.4974066390041494
            ],
            [
              0.2522816166883963,
              0.49844398340248963
            ],
            [
              0.25749674054758803,
              0.4994813278008299
            ],
            [
              0.2627118644067797,
              0.5005186721991701
            ],
            [
              0.26792698826597133,
              0.5015560165975104
            ],
            [
              0.27249022164276404,
              0.5036307053941909
            ],
            [
              0.27803129074315514,
              0.5031120331950207
            ],
            [
              0.28226857887874834,
              0.5005186721991701
            ],
            [
              0.28683181225554105,
              0.49844398340248963
            ],
            [
              0.2920469361147327,
              0.4974066390041494
            ],
            [
              0.29726205997392435,
              0.49636929460580914
            ],
            [
              0.30182529335071706,
              0.49636929460580914
            ],
            [
              0.3070404172099087,
              0.4974066390041494
            ],
            [
              0.3122555410691004,
              0.49844398340248963
            ],
            [
              0.318122555410691,
              0.49844398340248963
            ],
            [
              0.3226857887874837,
              0.5005186721991701
            ],
            [
              0.32790091264667537,
              0.5015560165975104
            ],
            [
              0.333116036505867,
              0.5025933609958506
            ],
            [
              0.3376792698826597,
              0.5046680497925311
            ],
            [
              0.34159061277705344,
              0.5077800829875518
            ],
            [
              0.3425684485006519,
              0.5134854771784232
            ],
            [
              0.3389830508474576,
              0.5171161825726142
            ],
            [
              0.3347457627118644,
              0.5197095435684648
            ],
            [
              0.33116036505867014,
              0.5233402489626556
            ],
            [
              0.32659713168187743,
              0.5254149377593361
            ],
            [
              0.3226857887874837,
              0.5285269709543569
            ],
            [
              0.31910039113428945,
              0.5321576763485477
            ],
            [
              0.31486310299869624,
              0.5347510373443983
            ],
            [
              0.3109517601043025,
              0.5378630705394191
            ],
            [
              0.30671447196870927,
              0.5404564315352697
            ],
            [
              0.3028031290743155,
              0.5435684647302904
            ],
            [
              0.2985658409387223,
              0.546161825726141
            ],
            [
              0.29465449804432853,
              0.5492738589211619
            ],
            [
              0.2907431551499348,
              0.5523858921161826
            ],
            [
              0.28683181225554105,
              0.5554979253112033
            ],
            [
              0.28292046936114734,
              0.5586099585062241
            ],
            [
              0.27868318122555413,
              0.5612033195020747
            ],
            [
              0.273142112125163,
              0.5617219917012448
            ],
            [
              0.2685788787483703,
              0.5596473029045643
            ],
            [
              0.26401564537157757,
              0.5596473029045643
            ],
            [
              0.26010430247718386,
              0.5627593360995851
            ],
            [
              0.2561929595827901,
              0.5658713692946058
            ],
            [
              0.2519556714471969,
              0.5684647302904564
            ],
            [
              0.24804432855280312,
              0.5715767634854771
            ],
            [
              0.24413298565840938,
              0.5746887966804979
            ],
            [
              0.2405475880052151,
              0.5783195020746889
            ],
            [
              0.23598435462842243,
              0.5803941908713693
            ],
            [
              0.2320730117340287,
              0.5835062240663901
            ],
            [
              0.22816166883963493,
              0.5866182572614108
            ],
            [
              0.2242503259452412,
              0.5897302904564315
            ],
            [
              0.22033898305084745,
              0.5928423236514523
            ],
            [
              0.2196870925684485,
              0.5938796680497925
            ]
          ]
        ]
      },
      "properties": {
        "segment_id": 55,
        "area": 20431,
        "bbox": [
          138.0,
          478.0,
          388.0,
          94.0
        ],
        "iou": 0.9284564852714539,
        "stability": 0.9546747803688049,
        "auto_generated": true,
        "model": "segment_anything"
      }
    },
    {
      "type": "Feature",
      "geometry": {
        "type": "Polygon",
        "coordinates": [
          [
            [
              0.21642764015645372,
              0.5938796680497925
            ],
            [
              0.2138200782268579,
              0.5928423236514523
            ],
            [
              0.21121251629726207,
              0.591804979253112
            ],
            [
              0.20860495436766624,
              0.5907676348547718
            ],
            [
              0.20599739243807041,
              0.5897302904564315
            ],
            [
              0.2033898305084746,
              0.5886929460580913
            ],
            [
              0.2001303780964798,
              0.5886929460580913
            ],
            [
              0.19752281616688397,
              0.5876556016597511
            ],
            [
              0.19491525423728814,
              0.5866182572614108
            ],
            [
              0.19295958279009126,
              0.5845435684647303
            ],
            [
              0.19035202086049544,
              0.5835062240663901
            ],
            [
              0.1877444589308996,
              0.5824688796680498
            ],
            [
              0.18513689700130379,
              0.5814315352697096
            ],
            [
              0.181877444589309,
              0.5814315352697096
            ],
            [
              0.17861799217731422,
              0.5814315352697096
            ],
            [
              0.1760104302477184,
              0.5803941908713693
            ],
            [
              0.17340286831812254,
              0.5793568464730291
            ],
            [
              0.17079530638852672,
              0.5783195020746889
            ],
            [
              0.1681877444589309,
              0.5772821576763485
            ],
            [
              0.16558018252933507,
              0.5762448132780082
            ],
            [
              0.1623207301173403,
              0.5762448132780082
            ],
            [
              0.15971316818774445,
              0.575207468879668
            ],
            [
              0.15710560625814862,
              0.5741701244813278
            ],
            [
              0.1544980443285528,
              0.5731327800829875
            ],
            [
              0.1515645371577575,
              0.5726141078838174
            ],
            [
              0.14863102998696218,
              0.5720954356846473
            ],
            [
              0.14602346805736635,
              0.571058091286307
            ],
            [
              0.14341590612777053,
              0.5700207468879668
            ],
            [
              0.1408083441981747,
              0.5689834024896265
            ],
            [
              0.13820078226857888,
              0.5679460580912863
            ],
            [
              0.13559322033898305,
              0.566908713692946
            ],
            [
              0.13233376792698825,
              0.566908713692946
            ],
            [
              0.12972620599739243,
              0.5658713692946058
            ],
            [
              0.1271186440677966,
              0.5648340248962656
            ],
            [
              0.12451108213820078,
              0.5637966804979253
            ],
            [
              0.12157757496740547,
              0.5632780082987552
            ],
            [
              0.11864406779661017,
              0.5627593360995851
            ],
            [
              0.11701434159061277,
              0.5601659751037344
            ],
            [
              0.11831812255541069,
              0.5570539419087137
            ],
            [
              0.12059973924380704,
              0.5554979253112033
            ],
            [
              0.12320730117340287,
              0.5544605809128631
            ],
            [
              0.1258148631029987,
              0.5534232365145229
            ],
            [
              0.12809647979139505,
              0.5518672199170125
            ],
            [
              0.13070404172099087,
              0.5508298755186722
            ],
            [
              0.13298565840938723,
              0.5492738589211619
            ],
            [
              0.13559322033898305,
              0.5482365145228216
            ],
            [
              0.1378748370273794,
              0.5466804979253111
            ],
            [
              0.14015645371577576,
              0.5451244813278008
            ],
            [
              0.14276401564537158,
              0.5440871369294605
            ],
            [
              0.1453715775749674,
              0.5430497925311203
            ],
            [
              0.14732724902216426,
              0.5409751037344398
            ],
            [
              0.14993481095176012,
              0.5399377593360996
            ],
            [
              0.15221642764015644,
              0.5383817427385892
            ],
            [
              0.15514993481095177,
              0.5378630705394191
            ],
            [
              0.15710560625814862,
              0.5357883817427386
            ],
            [
              0.15971316818774445,
              0.5347510373443983
            ],
            [
              0.1623207301173403,
              0.5337136929460581
            ],
            [
              0.16492829204693613,
              0.5326763485477178
            ],
            [
              0.16753585397653195,
              0.5316390041493776
            ],
            [
              0.17014341590612778,
              0.5306016597510373
            ],
            [
              0.17242503259452413,
              0.5300829875518672
            ],
            [
              0.17535853976531943,
              0.5306016597510373
            ],
            [
              0.1756844850065189,
              0.533195020746888
            ],
            [
              0.1756844850065189,
              0.5363070539419087
            ],
            [
              0.17796610169491525,
              0.5357883817427386
            ],
            [
              0.18057366362451108,
              0.5368257261410788
            ],
            [
              0.1831812255541069,
              0.5357883817427386
            ],
            [
              0.1864406779661017,
              0.5357883817427386
            ],
            [
              0.1897001303780965,
              0.5357883817427386
            ],
            [
              0.19295958279009126,
              0.5357883817427386
            ],
            [
              0.19556714471968709,
              0.5368257261410788
            ],
            [
              0.1985006518904824,
              0.5373443983402489
            ],
            [
              0.2014341590612777,
              0.5378630705394191
            ],
            [
              0.20404172099087353,
              0.5389004149377593
            ],
            [
              0.20730117340286833,
              0.5389004149377593
            ],
            [
              0.20990873533246415,
              0.5399377593360996
            ],
            [
              0.21316818774445892,
              0.5399377593360996
            ],
            [
              0.21577574967405475,
              0.5409751037344398
            ],
            [
              0.21903520208604954,
              0.5409751037344398
            ],
            [
              0.2213168187744459,
              0.5425311203319502
            ],
            [
              0.2242503259452412,
              0.5430497925311203
            ],
            [
              0.22685788787483702,
              0.5440871369294605
            ],
            [
              0.22946544980443284,
              0.5451244813278008
            ],
            [
              0.2320730117340287,
              0.546161825726141
            ],
            [
              0.23468057366362452,
              0.5471991701244814
            ],
            [
              0.23728813559322035,
              0.5482365145228216
            ],
            [
              0.2405475880052151,
              0.5482365145228216
            ],
            [
              0.2438070404172099,
              0.5482365145228216
            ],
            [
              0.24641460234680573,
              0.5492738589211619
            ],
            [
              0.24902216427640156,
              0.5503112033195021
            ],
            [
              0.2516297262059974,
              0.5513485477178424
            ],
            [
              0.2542372881355932,
              0.5523858921161826
            ],
            [
              0.25749674054758803,
              0.5523858921161826
            ],
            [
              0.26010430247718386,
              0.5534232365145229
            ],
            [
              0.2627118644067797,
              0.5544605809128631
            ],
            [
              0.264993481095176,
              0.5560165975103735
            ],
            [
              0.2646675358539765,
              0.5586099585062241
            ],
            [
              0.2623859191655802,
              0.5601659751037344
            ],
            [
              0.26010430247718386,
              0.5617219917012448
            ],
            [
              0.258148631029987,
              0.5637966804979253
            ],
            [
              0.25554106910039115,
              0.5648340248962656
            ],
            [
              0.25358539765319427,
              0.566908713692946
            ],
            [
              0.25130378096479794,
              0.5684647302904564
            ],
            [
              0.24902216427640156,
              0.5700207468879668
            ],
            [
              0.24641460234680573,
              0.571058091286307
            ],
            [
              0.24445893089960888,
              0.5731327800829875
            ],
            [
              0.24217731421121252,
              0.5746887966804979
            ],
            [
              0.2405475880052151,
              0.5772821576763485
            ],
            [
              0.2379400260756193,
              0.5783195020746889
            ],
            [
              0.23565840938722293,
              0.5798755186721992
            ],
            [
              0.2333767926988266,
              0.5814315352697096
            ],
            [
              0.23142112125162972,
              0.5835062240663901
            ],
            [
              0.22946544980443284,
              0.5855809128630706
            ],
            [
              0.22685788787483702,
              0.5866182572614108
            ],
            [
              0.22490221642764016,
              0.5886929460580913
            ],
            [
              0.2226205997392438,
              0.5902489626556017
            ],
            [
              0.22033898305084745,
              0.591804979253112
            ],
            [
              0.21773142112125163,
              0.5928423236514523
            ],
            [
              0.21642764015645372,
              0.5938796680497925
            ]
          ]
        ]
      },
      "properties": {
        "segment_id": 56,
        "area": 7451,
        "bbox": [
          180.0,
          511.0,
          227.0,
          61.0
        ],
        "iou": 0.8685286641120911,
        "stability": 0.9342511296272278,
        "auto_generated": true,
        "model": "segment_anything"
      }
    },
    {
      "type": "Feature",
      "geometry": {
        "type": "Polygon",
        "coordinates": [
          [
            [
              0.0,
              0.2816390041493776
            ],
            [
              0.00651890482398957,
              0.28267634854771784
            ],
            [
              0.013689700130378096,
              0.28267634854771784
            ],
            [
              0.020860495436766623,
              0.28267634854771784
            ],
            [
              0.02803129074315515,
              0.28267634854771784
            ],
            [
              0.03389830508474576,
              0.28267634854771784
            ],
            [
              0.040091264667535854,
              0.2842323651452282
            ],
            [
              0.046284224250325946,
              0.2857883817427386
            ],
            [
              0.05247718383311604,
              0.28734439834024894
            ],
            [
              0.057692307692307696,
              0.29045643153526973
            ],
            [
              0.06323337679269883,
              0.29304979253112035
            ],
            [
              0.0697522816166884,
              0.2940871369294606
            ],
            [
              0.07529335071707953,
              0.2966804979253112
            ],
            [
              0.08083441981747067,
              0.2992738589211618
            ],
            [
              0.08735332464146023,
              0.30031120331950206
            ],
            [
              0.09452411994784876,
              0.30031120331950206
            ],
            [
              0.09973924380704041,
              0.3013485477178423
            ],
            [
              0.10528031290743155,
              0.3039419087136929
            ],
            [
              0.11016949152542373,
              0.30757261410788383
            ],
            [
              0.11636245110821382,
              0.3091286307053942
            ],
            [
              0.12190352020860495,
              0.3117219917012448
            ],
            [
              0.1271186440677966,
              0.31483402489626555
            ],
            [
              0.13265971316818775,
              0.31742738589211617
            ],
            [
              0.1378748370273794,
              0.32053941908713696
            ],
            [
              0.14341590612777053,
              0.32313278008298757
            ],
            [
              0.14928292046936115,
              0.32520746887966806
            ],
            [
              0.15514993481095177,
              0.32728215767634855
            ],
            [
              0.16036505867014342,
              0.3303941908713693
            ],
            [
              0.16688396349413298,
              0.33143153526970953
            ],
            [
              0.17340286831812254,
              0.3324688796680498
            ],
            [
              0.17926988265971316,
              0.33454356846473027
            ],
            [
              0.18578878748370273,
              0.3355809128630705
            ],
            [
              0.19165580182529335,
              0.33765560165975106
            ],
            [
              0.19752281616688397,
              0.33973029045643155
            ],
            [
              0.20273794002607562,
              0.3428423236514523
            ],
            [
              0.20827900912646674,
              0.3454356846473029
            ],
            [
              0.2138200782268579,
              0.3480290456431535
            ],
            [
              0.21903520208604954,
              0.35114107883817425
            ],
            [
              0.22522816166883963,
              0.3506224066390041
            ],
            [
              0.23142112125162972,
              0.35217842323651455
            ],
            [
              0.23565840938722293,
              0.3506224066390041
            ],
            [
              0.2405475880052151,
              0.35425311203319504
            ],
            [
              0.2467405475880052,
              0.35477178423236516
            ],
            [
              0.2516297262059974,
              0.3532157676348548
            ],
            [
              0.2561929595827901,
              0.35114107883817425
            ],
            [
              0.2623859191655802,
              0.3506224066390041
            ],
            [
              0.2669491525423729,
              0.35477178423236516
            ],
            [
              0.27183833116036504,
              0.35632780082987553
            ],
            [
              0.2734680573663624,
              0.3630705394190871
            ],
            [
              0.2770534550195567,
              0.3646265560165975
            ],
            [
              0.2777053455019557,
              0.3698132780082988
            ],
            [
              0.27672750977835725,
              0.3755186721991701
            ],
            [
              0.2796610169491525,
              0.37811203319502074
            ],
            [
              0.2842242503259452,
              0.37811203319502074
            ],
            [
              0.2878096479791395,
              0.3817427385892116
            ],
            [
              0.28748370273794005,
              0.39056016597510373
            ],
            [
              0.2835723598435463,
              0.387448132780083
            ],
            [
              0.2790091264667536,
              0.391597510373444
            ],
            [
              0.2770534550195567,
              0.399896265560166
            ],
            [
              0.2741199478487614,
              0.4066390041493776
            ],
            [
              0.2689048239895698,
              0.40975103734439833
            ],
            [
              0.264993481095176,
              0.4149377593360996
            ],
            [
              0.26010430247718386,
              0.41856846473029047
            ],
            [
              0.25554106910039115,
              0.42271784232365145
            ],
            [
              0.24902216427640156,
              0.4237551867219917
            ],
            [
              0.24478487614080835,
              0.4284232365145228
            ],
            [
              0.2392438070404172,
              0.4289419087136929
            ],
            [
              0.2333767926988266,
              0.43101659751037347
            ],
            [
              0.227509778357236,
              0.43309128630705396
            ],
            [
              0.22229465449804434,
              0.4362033195020747
            ],
            [
              0.21610169491525424,
              0.43775933609958506
            ],
            [
              0.21023468057366362,
              0.43983402489626555
            ],
            [
              0.20567144719687092,
              0.44398340248962653
            ],
            [
              0.19947848761408082,
              0.44553941908713696
            ],
            [
              0.19426336375488917,
              0.4486514522821577
            ],
            [
              0.189374185136897,
              0.45228215767634855
            ],
            [
              0.18383311603650587,
              0.45487551867219916
            ],
            [
              0.17926988265971316,
              0.45902489626556015
            ],
            [
              0.1727509778357236,
              0.4600622406639004
            ],
            [
              0.16688396349413298,
              0.46213692946058094
            ],
            [
              0.16134289439374186,
              0.46473029045643155
            ],
            [
              0.1558018252933507,
              0.46732365145228216
            ],
            [
              0.14960886571056062,
              0.46887966804979253
            ],
            [
              0.14341590612777053,
              0.4704356846473029
            ],
            [
              0.13885267275097785,
              0.4745850622406639
            ],
            [
              0.13363754889178617,
              0.4756224066390041
            ],
            [
              0.12777053455019557,
              0.4756224066390041
            ],
            [
              0.121251629726206,
              0.4745850622406639
            ],
            [
              0.11473272490221642,
              0.4756224066390041
            ],
            [
              0.10951760104302477,
              0.4787344398340249
            ],
            [
              0.10397653194263363,
              0.48132780082987553
            ],
            [
              0.0984354628422425,
              0.48392116182572614
            ],
            [
              0.09354628422425032,
              0.487551867219917
            ],
            [
              0.0880052151238592,
              0.4901452282157676
            ],
            [
              0.08148631029986962,
              0.49118257261410786
            ],
            [
              0.07561929595827901,
              0.4932572614107884
            ],
            [
              0.07007822685788788,
              0.495850622406639
            ],
            [
              0.06388526727509779,
              0.4974066390041494
            ],
            [
              0.058018252933507174,
              0.4994813278008299
            ],
            [
              0.053129074315514994,
              0.5031120331950207
            ],
            [
              0.048239895697522815,
              0.5067427385892116
            ],
            [
              0.04204693611473272,
              0.508298755186722
            ],
            [
              0.03650586701434159,
              0.5108921161825726
            ],
            [
              0.02998696219035202,
              0.5119294605809128
            ],
            [
              0.022816166883963495,
              0.5119294605809128
            ],
            [
              0.01694915254237288,
              0.5119294605809128
            ],
            [
              0.010430247718383311,
              0.5129668049792531
            ],
            [
              0.003259452411994785,
              0.5129668049792531
            ],
            [
              0.0,
              0.2816390041493776
            ]
          ]
        ]
      },
      "properties": {
        "segment_id": 57,
        "area": 61746,
        "bbox": [
          0.0,
          272.0,
          442.0,
          222.0
        ],
        "iou": 0.9653323292732239,
        "stability": 0.9313213229179382,
        "auto_generated": true,
        "model": "segment_anything"
      }
    },
    {
      "type": "Feature",
      "geometry": {
        "type": "Polygon",
        "coordinates": [
          [
            [
              0.5176010430247718,
              0.31898340248962653
            ],
            [
              0.5136897001303781,
              0.31690871369294604
            ],
            [
              0.5097783572359843,
              0.31483402489626555
            ],
            [
              0.5117340286831812,
              0.31068464730290457
            ],
            [
              0.515645371577575,
              0.3086099585062241
            ],
            [
              0.516297262059974,
              0.30446058091286304
            ],
            [
              0.5127118644067796,
              0.30186721991701243
            ],
            [
              0.5101043024771839,
              0.29771784232365145
            ],
            [
              0.5117340286831812,
              0.2920124481327801
            ],
            [
              0.5149934810951761,
              0.2889004149377593
            ],
            [
              0.5195567144719687,
              0.28786307053941906
            ],
            [
              0.5211864406779662,
              0.2842323651452282
            ],
            [
              0.5202086049543677,
              0.2774896265560166
            ],
            [
              0.5221642764015645,
              0.2733402489626556
            ],
            [
              0.5244458930899609,
              0.26867219917012447
            ],
            [
              0.5277053455019557,
              0.26556016597510373
            ],
            [
              0.5309647979139505,
              0.262448132780083
            ],
            [
              0.5348761408083442,
              0.2603734439834025
            ],
            [
              0.538135593220339,
              0.2572614107883817
            ],
            [
              0.5394393741851369,
              0.25103734439834025
            ],
            [
              0.5430247718383312,
              0.24844398340248963
            ],
            [
              0.5475880052151239,
              0.2474066390041494
            ],
            [
              0.5521512385919165,
              0.24636929460580914
            ],
            [
              0.5573663624511083,
              0.24636929460580914
            ],
            [
              0.5619295958279009,
              0.24533195020746887
            ],
            [
              0.5664928292046936,
              0.24429460580912862
            ],
            [
              0.5717079530638852,
              0.24429460580912862
            ],
            [
              0.5769230769230769,
              0.24429460580912862
            ],
            [
              0.5821382007822686,
              0.24429460580912862
            ],
            [
              0.5870273794002607,
              0.24481327800829875
            ],
            [
              0.5919165580182529,
              0.24533195020746887
            ],
            [
              0.5964797913950456,
              0.24636929460580914
            ],
            [
              0.6016949152542372,
              0.24636929460580914
            ],
            [
              0.6069100391134289,
              0.24636929460580914
            ],
            [
              0.6121251629726207,
              0.24636929460580914
            ],
            [
              0.6166883963494133,
              0.2474066390041494
            ],
            [
              0.621903520208605,
              0.2474066390041494
            ],
            [
              0.6271186440677966,
              0.2474066390041494
            ],
            [
              0.6323337679269883,
              0.2474066390041494
            ],
            [
              0.636897001303781,
              0.24844398340248963
            ],
            [
              0.6417861799217731,
              0.24896265560165975
            ],
            [
              0.6463494132985659,
              0.25
            ],
            [
              0.6489569752281616,
              0.254149377593361
            ],
            [
              0.6489569752281616,
              0.262448132780083
            ],
            [
              0.6492829204693612,
              0.27022821576763484
            ],
            [
              0.6502607561929595,
              0.2769709543568465
            ],
            [
              0.6515645371577575,
              0.28319502074688796
            ],
            [
              0.6548239895697523,
              0.2863070539419087
            ],
            [
              0.6577574967405476,
              0.2899377593360996
            ],
            [
              0.6597131681877445,
              0.29512448132780084
            ],
            [
              0.6619947848761408,
              0.29979253112033194
            ],
            [
              0.6616688396349413,
              0.30549792531120334
            ],
            [
              0.6623207301173403,
              0.30757261410788383
            ],
            [
              0.6675358539765319,
              0.30757261410788383
            ],
            [
              0.6717731421121251,
              0.3091286307053942
            ],
            [
              0.6750325945241199,
              0.31224066390041494
            ],
            [
              0.6734028683181226,
              0.3158713692946058
            ],
            [
              0.6681877444589309,
              0.3158713692946058
            ],
            [
              0.6636245110821382,
              0.31690871369294604
            ],
            [
              0.6590612777053455,
              0.3179460580912863
            ],
            [
              0.6544980443285529,
              0.31690871369294604
            ],
            [
              0.6492829204693612,
              0.31690871369294604
            ],
            [
              0.6450456323337679,
              0.3163900414937759
            ],
            [
              0.6401564537157758,
              0.31690871369294604
            ],
            [
              0.636245110821382,
              0.31690871369294604
            ],
            [
              0.6323337679269883,
              0.31483402489626555
            ],
            [
              0.6342894393741851,
              0.31068464730290457
            ],
            [
              0.6388526727509778,
              0.3117219917012448
            ],
            [
              0.6427640156453716,
              0.3096473029045643
            ],
            [
              0.6463494132985659,
              0.3112033195020747
            ],
            [
              0.6505867014341591,
              0.3096473029045643
            ],
            [
              0.6551499348109517,
              0.3086099585062241
            ],
            [
              0.6564537157757496,
              0.30549792531120334
            ],
            [
              0.652542372881356,
              0.3034232365145228
            ],
            [
              0.6479791395045632,
              0.30446058091286304
            ],
            [
              0.6434159061277706,
              0.30549792531120334
            ],
            [
              0.6388526727509778,
              0.30446058091286304
            ],
            [
              0.6342894393741851,
              0.30549792531120334
            ],
            [
              0.6290743155149935,
              0.30549792531120334
            ],
            [
              0.6248370273794003,
              0.30601659751037347
            ],
            [
              0.6202737940026075,
              0.30601659751037347
            ],
            [
              0.6160365058670143,
              0.30757261410788383
            ],
            [
              0.6121251629726207,
              0.3096473029045643
            ],
            [
              0.6075619295958279,
              0.3086099585062241
            ],
            [
              0.6023468057366362,
              0.3086099585062241
            ],
            [
              0.5977835723598436,
              0.3096473029045643
            ],
            [
              0.5925684485006519,
              0.3096473029045643
            ],
            [
              0.5873533246414603,
              0.3096473029045643
            ],
            [
              0.5821382007822686,
              0.3096473029045643
            ],
            [
              0.5775749674054759,
              0.31068464730290457
            ],
            [
              0.5730117340286832,
              0.3117219917012448
            ],
            [
              0.5684485006518905,
              0.31068464730290457
            ],
            [
              0.5638852672750978,
              0.3117219917012448
            ],
            [
              0.5586701434159062,
              0.3117219917012448
            ],
            [
              0.5541069100391134,
              0.31275933609958506
            ],
            [
              0.5495436766623207,
              0.3137966804979253
            ],
            [
              0.5449804432855281,
              0.31483402489626555
            ],
            [
              0.5404172099087353,
              0.3158713692946058
            ],
            [
              0.5358539765319427,
              0.31690871369294604
            ],
            [
              0.530638852672751,
              0.31690871369294604
            ],
            [
              0.5267275097783573,
              0.31690871369294604
            ],
            [
              0.5221642764015645,
              0.3179460580912863
            ],
            [
              0.5176010430247718,
              0.31898340248962653
            ]
          ]
        ]
      },
      "properties": {
        "segment_id": 58,
        "area": 499830,
        "bbox": [
          0.0,
          236.0,
          1387.0,
          725.0
        ],
        "iou": 0.98703932762146,
        "stability": 0.9387590885162354,
        "auto_generated": true,
        "model": "segment_anything"
      }
    },
    {
      "type": "Feature",
      "geometry": {
        "type": "Polygon",
        "coordinates": [
          [
            [
              0.0,
              0.8760373443983402
            ],
            [
              0.02216427640156454,
              0.8635892116182573
            ],
            [
              0.04302477183833116,
              0.8490663900414938
            ],
            [
              0.061277705345501955,
              0.8303941908713693
            ],
            [
              0.07920469361147327,
              0.8112033195020747
            ],
            [
              0.09582790091264667,
              0.79201244813278
            ],
            [
              0.11636245110821382,
              0.7769709543568465
            ],
            [
              0.1365710560625815,
              0.7614107883817427
            ],
            [
              0.15514993481095177,
              0.7432572614107884
            ],
            [
              0.17535853976531943,
              0.7276970954356846
            ],
            [
              0.19524119947848761,
              0.7116182572614108
            ],
            [
              0.21577574967405475,
              0.6965767634854771
            ],
            [
              0.23468057366362452,
              0.678941908713693
            ],
            [
              0.25554106910039115,
              0.6644190871369294
            ],
            [
              0.2741199478487614,
              0.6462655601659751
            ],
            [
              0.2926988265971317,
              0.6281120331950207
            ],
            [
              0.31258148631029986,
              0.6120331950207469
            ],
            [
              0.333116036505867,
              0.5969917012448133
            ],
            [
              0.3513689700130378,
              0.5783195020746889
            ],
            [
              0.36994784876140807,
              0.5601659751037344
            ],
            [
              0.3898305084745763,
              0.5440871369294605
            ],
            [
              0.40775749674054756,
              0.524896265560166
            ],
            [
              0.4240547588005215,
              0.5031120331950207
            ],
            [
              0.44132985658409385,
              0.4828838174273859
            ],
            [
              0.45697522816166886,
              0.4600622406639004
            ],
            [
              0.47164276401564537,
              0.43568464730290457
            ],
            [
              0.4853324641460235,
              0.40975103734439833
            ],
            [
              0.49250325945241197,
              0.3755186721991701
            ],
            [
              0.5022816166883963,
              0.3433609958506224
            ],
            [
              0.5182529335071708,
              0.3210580912863071
            ],
            [
              0.5466101694915254,
              0.32261410788381745
            ],
            [
              0.5717079530638852,
              0.31483402489626555
            ],
            [
              0.5997392438070405,
              0.3158713692946058
            ],
            [
              0.6254889178617992,
              0.3132780082987552
            ],
            [
              0.6108213820078227,
              0.3220954356846473
            ],
            [
              0.5840938722294654,
              0.32313278008298757
            ],
            [
              0.5697522816166884,
              0.3283195020746888
            ],
            [
              0.5971316818774446,
              0.3283195020746888
            ],
            [
              0.6251629726205997,
              0.32728215767634855
            ],
            [
              0.6538461538461539,
              0.32520746887966806
            ],
            [
              0.6789439374185137,
              0.32468879668049794
            ],
            [
              0.6932855280312907,
              0.3495850622406639
            ],
            [
              0.7086049543676662,
              0.3729253112033195
            ],
            [
              0.7222946544980443,
              0.39885892116182575
            ],
            [
              0.7356584093872229,
              0.42531120331950206
            ],
            [
              0.7480443285528031,
              0.4533195020746888
            ],
            [
              0.7571707953063885,
              0.48651452282157676
            ],
            [
              0.7591264667535854,
              0.5311203319502075
            ],
            [
              0.7584745762711864,
              0.5778008298755186
            ],
            [
              0.7558670143415906,
              0.6213692946058091
            ],
            [
              0.7614080834419817,
              0.649896265560166
            ],
            [
              0.78748370273794,
              0.6561203319502075
            ],
            [
              0.8142112125162972,
              0.6571576763485477
            ],
            [
              0.8370273794002607,
              0.658195020746888
            ],
            [
              0.8578878748370273,
              0.6727178423236515
            ],
            [
              0.8794002607561929,
              0.6862033195020747
            ],
            [
              0.8904823989569752,
              0.7069502074688797
            ],
            [
              0.8901564537157758,
              0.741701244813278
            ],
            [
              0.8963494132985659,
              0.7515560165975104
            ],
            [
              0.8735332464146024,
              0.7629668049792531
            ],
            [
              0.8591916558018253,
              0.7546680497925311
            ],
            [
              0.8383311603650587,
              0.7442946058091287
            ],
            [
              0.8226857887874837,
              0.7214730290456431
            ],
            [
              0.8151890482398957,
              0.7188796680497925
            ],
            [
              0.8089960886571056,
              0.683091286307054
            ],
            [
              0.7848761408083442,
              0.6737551867219918
            ],
            [
              0.758148631029987,
              0.6685684647302904
            ],
            [
              0.7467405475880052,
              0.6981327800829875
            ],
            [
              0.7408735332464146,
              0.7365145228215768
            ],
            [
              0.7327249022164276,
              0.7712655601659751
            ],
            [
              0.7239243807040417,
              0.766597510373444
            ],
            [
              0.7239243807040417,
              0.7313278008298755
            ],
            [
              0.7141460234680573,
              0.7603734439834025
            ],
            [
              0.71251629726206,
              0.8003112033195021
            ],
            [
              0.7076271186440678,
              0.8350622406639004
            ],
            [
              0.704367666232073,
              0.8775933609958506
            ],
            [
              0.7030638852672751,
              0.921161825726141
            ],
            [
              0.6985006518904824,
              0.9616182572614108
            ],
            [
              0.6857887874837028,
              0.9808091286307054
            ],
            [
              0.6675358539765319,
              0.9974066390041494
            ],
            [
              0.6388526727509778,
              0.9974066390041494
            ],
            [
              0.6095176010430248,
              0.9963692946058091
            ],
            [
              0.5795306388526728,
              0.9963692946058091
            ],
            [
              0.5495436766623207,
              0.9963692946058091
            ],
            [
              0.5195567144719687,
              0.9963692946058091
            ],
            [
              0.4895697522816167,
              0.9963692946058091
            ],
            [
              0.4595827900912647,
              0.9963692946058091
            ],
            [
              0.42959582790091266,
              0.9963692946058091
            ],
            [
              0.39960886571056065,
              0.9963692946058091
            ],
            [
              0.36962190352020863,
              0.9963692946058091
            ],
            [
              0.3396349413298566,
              0.9963692946058091
            ],
            [
              0.30964797913950454,
              0.9963692946058091
            ],
            [
              0.2796610169491525,
              0.9963692946058091
            ],
            [
              0.24967405475880053,
              0.9963692946058091
            ],
            [
              0.2196870925684485,
              0.9963692946058091
            ],
            [
              0.1897001303780965,
              0.9963692946058091
            ],
            [
              0.16101694915254236,
              0.9963692946058091
            ],
            [
              0.1316818774445893,
              0.9953319502074689
            ],
            [
              0.10430247718383312,
              0.9953319502074689
            ],
            [
              0.07627118644067797,
              0.9963692946058091
            ],
            [
              0.04889178617992177,
              0.9963692946058091
            ],
            [
              0.02151238591916558,
              0.9963692946058091
            ],
            [
              0.0,
              0.8760373443983402
            ]
          ]
        ]
      },
      "properties": {
        "segment_id": 58,
        "area": 499830,
        "bbox": [
          0.0,
          236.0,
          1387.0,
          725.0
        ],
        "iou": 0.98703932762146,
        "stability": 0.9387590885162354,
        "auto_generated": true,
        "model": "segment_anything"
      }
    },
    {
      "type": "Feature",
      "geometry": {
        "type": "Polygon",
        "coordinates": [
          [
            [
              0.5453063885267275,
              0.33195020746887965
            ],
            [
              0.545632333767927,
              0.33143153526970953
            ],
            [
              0.546284224250326,
              0.33143153526970953
            ],
            [
              0.5469361147327249,
              0.33143153526970953
            ],
            [
              0.5475880052151239,
              0.33143153526970953
            ],
            [
              0.5482398956975228,
              0.33143153526970953
            ],
            [
              0.5488917861799217,
              0.33143153526970953
            ],
            [
              0.5495436766623207,
              0.33143153526970953
            ],
            [
              0.5498696219035202,
              0.3309128630705394
            ],
            [
              0.5495436766623207,
              0.3303941908713693
            ],
            [
              0.5488917861799217,
              0.3303941908713693
            ],
            [
              0.5482398956975228,
              0.3303941908713693
            ],
            [
              0.5479139504563233,
              0.32987551867219916
            ],
            [
              0.5475880052151239,
              0.32935684647302904
            ],
            [
              0.5469361147327249,
              0.32935684647302904
            ],
            [
              0.546284224250326,
              0.32935684647302904
            ],
            [
              0.5459582790091264,
              0.3288381742738589
            ],
            [
              0.545632333767927,
              0.3283195020746888
            ],
            [
              0.5449804432855281,
              0.3283195020746888
            ],
            [
              0.5443285528031291,
              0.3283195020746888
            ],
            [
              0.5436766623207301,
              0.3283195020746888
            ],
            [
              0.5430247718383312,
              0.3283195020746888
            ],
            [
              0.5423728813559322,
              0.3283195020746888
            ],
            [
              0.5417209908735332,
              0.3283195020746888
            ],
            [
              0.5410691003911343,
              0.3283195020746888
            ],
            [
              0.5404172099087353,
              0.3283195020746888
            ],
            [
              0.5397653194263363,
              0.3283195020746888
            ],
            [
              0.5391134289439374,
              0.3283195020746888
            ],
            [
              0.5384615384615384,
              0.3283195020746888
            ],
            [
              0.5378096479791395,
              0.3283195020746888
            ],
            [
              0.5371577574967406,
              0.3283195020746888
            ],
            [
              0.5365058670143416,
              0.3283195020746888
            ],
            [
              0.5358539765319427,
              0.3283195020746888
            ],
            [
              0.5352020860495437,
              0.3283195020746888
            ],
            [
              0.5345501955671447,
              0.3283195020746888
            ],
            [
              0.5338983050847458,
              0.3283195020746888
            ],
            [
              0.5332464146023468,
              0.3283195020746888
            ],
            [
              0.5325945241199479,
              0.3283195020746888
            ],
            [
              0.5319426336375489,
              0.3283195020746888
            ],
            [
              0.5316166883963495,
              0.3288381742738589
            ],
            [
              0.5312907431551499,
              0.32935684647302904
            ],
            [
              0.530638852672751,
              0.32935684647302904
            ],
            [
              0.529986962190352,
              0.32935684647302904
            ],
            [
              0.529335071707953,
              0.32935684647302904
            ],
            [
              0.5286831812255541,
              0.32935684647302904
            ],
            [
              0.5280312907431551,
              0.32935684647302904
            ],
            [
              0.5273794002607562,
              0.32935684647302904
            ],
            [
              0.5267275097783573,
              0.32935684647302904
            ],
            [
              0.5260756192959583,
              0.32935684647302904
            ],
            [
              0.5254237288135594,
              0.32935684647302904
            ],
            [
              0.5247718383311604,
              0.32935684647302904
            ],
            [
              0.5241199478487614,
              0.32935684647302904
            ],
            [
              0.5234680573663625,
              0.32935684647302904
            ],
            [
              0.5228161668839635,
              0.32935684647302904
            ],
            [
              0.522490221642764,
              0.32987551867219916
            ],
            [
              0.5221642764015645,
              0.3303941908713693
            ],
            [
              0.5215123859191656,
              0.3303941908713693
            ],
            [
              0.5208604954367666,
              0.3303941908713693
            ],
            [
              0.5205345501955672,
              0.3309128630705394
            ],
            [
              0.5208604954367666,
              0.33143153526970953
            ],
            [
              0.5215123859191656,
              0.33143153526970953
            ],
            [
              0.521838331160365,
              0.33195020746887965
            ],
            [
              0.5221642764015645,
              0.3324688796680498
            ],
            [
              0.5228161668839635,
              0.3324688796680498
            ],
            [
              0.5234680573663625,
              0.3324688796680498
            ],
            [
              0.5241199478487614,
              0.3324688796680498
            ],
            [
              0.5247718383311604,
              0.3324688796680498
            ],
            [
              0.5254237288135594,
              0.3324688796680498
            ],
            [
              0.5260756192959583,
              0.3324688796680498
            ],
            [
              0.5267275097783573,
              0.3324688796680498
            ],
            [
              0.5273794002607562,
              0.3324688796680498
            ],
            [
              0.5280312907431551,
              0.3324688796680498
            ],
            [
              0.5286831812255541,
              0.3324688796680498
            ],
            [
              0.529335071707953,
              0.3324688796680498
            ],
            [
              0.529986962190352,
              0.3324688796680498
            ],
            [
              0.530638852672751,
              0.3324688796680498
            ],
            [
              0.5312907431551499,
              0.3324688796680498
            ],
            [
              0.5319426336375489,
              0.3324688796680498
            ],
            [
              0.5325945241199479,
              0.3324688796680498
            ],
            [
              0.5332464146023468,
              0.3324688796680498
            ],
            [
              0.5338983050847458,
              0.3324688796680498
            ],
            [
              0.5345501955671447,
              0.3324688796680498
            ],
            [
              0.5352020860495437,
              0.3324688796680498
            ],
            [
              0.5358539765319427,
              0.3324688796680498
            ],
            [
              0.5365058670143416,
              0.3324688796680498
            ],
            [
              0.5371577574967406,
              0.3324688796680498
            ],
            [
              0.5378096479791395,
              0.3324688796680498
            ],
            [
              0.5384615384615384,
              0.3324688796680498
            ],
            [
              0.5391134289439374,
              0.3324688796680498
            ],
            [
              0.5397653194263363,
              0.3324688796680498
            ],
            [
              0.5404172099087353,
              0.3324688796680498
            ],
            [
              0.5410691003911343,
              0.3324688796680498
            ],
            [
              0.5417209908735332,
              0.3324688796680498
            ],
            [
              0.5423728813559322,
              0.3324688796680498
            ],
            [
              0.5430247718383312,
              0.3324688796680498
            ],
            [
              0.5436766623207301,
              0.3324688796680498
            ],
            [
              0.5443285528031291,
              0.3324688796680498
            ],
            [
              0.5449804432855281,
              0.3324688796680498
            ],
            [
              0.5453063885267275,
              0.33195020746887965
            ],
            [
              0.5453063885267275,
              0.33195020746887965
            ]
          ]
        ]
      },
      "properties": {
        "segment_id": 58,
        "area": 499830,
        "bbox": [
          0.0,
          236.0,
          1387.0,
          725.0
        ],
        "iou": 0.98703932762146,
        "stability": 0.9387590885162354,
        "auto_generated": true,
        "model": "segment_anything"
      }
    },
    {
      "type": "Feature",
      "geometry": {
        "type": "Polygon",
        "coordinates": [
          [
            [
              0.8807040417209909,
              0.79201244813278
            ],
            [
              0.8761408083441982,
              0.79201244813278
            ],
            [
              0.8715775749674055,
              0.79201244813278
            ],
            [
              0.8679921773142112,
              0.7914937759336099
            ],
            [
              0.863754889178618,
              0.79201244813278
            ],
            [
              0.8598435462842242,
              0.7909751037344398
            ],
            [
              0.8552803129074316,
              0.7909751037344398
            ],
            [
              0.8507170795306388,
              0.7909751037344398
            ],
            [
              0.8461538461538461,
              0.7909751037344398
            ],
            [
              0.8435462842242504,
              0.7878630705394191
            ],
            [
              0.839960886571056,
              0.7863070539419087
            ],
            [
              0.8363754889178618,
              0.7847510373443983
            ],
            [
              0.833116036505867,
              0.7826763485477178
            ],
            [
              0.8292046936114733,
              0.7816390041493776
            ],
            [
              0.8246414602346805,
              0.7816390041493776
            ],
            [
              0.8207301173402868,
              0.7806016597510373
            ],
            [
              0.8168187744458931,
              0.7795643153526971
            ],
            [
              0.8145371577574967,
              0.7759336099585062
            ],
            [
              0.8135593220338984,
              0.7712655601659751
            ],
            [
              0.8138852672750978,
              0.7645228215767634
            ],
            [
              0.8119295958279009,
              0.7603734439834025
            ],
            [
              0.8135593220338984,
              0.7557053941908713
            ],
            [
              0.8138852672750978,
              0.7489626556016598
            ],
            [
              0.8145371577574967,
              0.7427385892116183
            ],
            [
              0.8142112125162972,
              0.7359958506224067
            ],
            [
              0.8132333767926988,
              0.7302904564315352
            ],
            [
              0.8138852672750978,
              0.7240663900414938
            ],
            [
              0.8151890482398957,
              0.7188796680497925
            ],
            [
              0.8158409387222947,
              0.7126556016597511
            ],
            [
              0.8158409387222947,
              0.7053941908713693
            ],
            [
              0.8158409387222947,
              0.6981327800829875
            ],
            [
              0.8145371577574967,
              0.6929460580912863
            ],
            [
              0.8142112125162972,
              0.6862033195020747
            ],
            [
              0.8122555410691004,
              0.6820539419087137
            ],
            [
              0.8112777053455019,
              0.6763485477178424
            ],
            [
              0.8112777053455019,
              0.671161825726141
            ],
            [
              0.809322033898305,
              0.66701244813278
            ],
            [
              0.8096479791395046,
              0.6602697095435685
            ],
            [
              0.8112777053455019,
              0.6556016597510373
            ],
            [
              0.8119295958279009,
              0.6493775933609959
            ],
            [
              0.8132333767926988,
              0.6441908713692946
            ],
            [
              0.8168187744458931,
              0.6426348547717843
            ],
            [
              0.8207301173402868,
              0.6436721991701245
            ],
            [
              0.8246414602346805,
              0.6447095435684648
            ],
            [
              0.8285528031290743,
              0.645746887966805
            ],
            [
              0.8324641460234681,
              0.6467842323651453
            ],
            [
              0.8357235984354628,
              0.6488589211618258
            ],
            [
              0.8396349413298566,
              0.649896265560166
            ],
            [
              0.8441981747066493,
              0.649896265560166
            ],
            [
              0.848109517601043,
              0.6509336099585062
            ],
            [
              0.8526727509778357,
              0.6509336099585062
            ],
            [
              0.8565840938722294,
              0.6519709543568465
            ],
            [
              0.8604954367666232,
              0.6530082987551867
            ],
            [
              0.864406779661017,
              0.654045643153527
            ],
            [
              0.8673402868318123,
              0.6566390041493776
            ],
            [
              0.8709256844850065,
              0.658195020746888
            ],
            [
              0.8745110821382008,
              0.6597510373443983
            ],
            [
              0.878096479791395,
              0.6613070539419087
            ],
            [
              0.8810299869621904,
              0.6639004149377593
            ],
            [
              0.8846153846153846,
              0.6654564315352697
            ],
            [
              0.8875488917861799,
              0.6680497925311203
            ],
            [
              0.8901564537157758,
              0.671161825726141
            ],
            [
              0.8924380704041721,
              0.674792531120332
            ],
            [
              0.8956975228161669,
              0.6768672199170125
            ],
            [
              0.8983050847457628,
              0.6799792531120332
            ],
            [
              0.9005867014341591,
              0.6836099585062241
            ],
            [
              0.9035202086049544,
              0.6862033195020747
            ],
            [
              0.9074315514993481,
              0.6872406639004149
            ],
            [
              0.9106910039113429,
              0.6893153526970954
            ],
            [
              0.9132985658409387,
              0.6924273858921162
            ],
            [
              0.9159061277705346,
              0.6955394190871369
            ],
            [
              0.9181877444589309,
              0.6991701244813278
            ],
            [
              0.9204693611473272,
              0.7028008298755186
            ],
            [
              0.9234028683181226,
              0.7053941908713693
            ],
            [
              0.9260104302477183,
              0.7085062240663901
            ],
            [
              0.9279661016949152,
              0.7126556016597511
            ],
            [
              0.9299217731421121,
              0.716804979253112
            ],
            [
              0.9322033898305084,
              0.7204356846473029
            ],
            [
              0.9338331160365059,
              0.725103734439834
            ],
            [
              0.9351368970013038,
              0.7302904564315352
            ],
            [
              0.9364406779661016,
              0.7354771784232366
            ],
            [
              0.9370925684485006,
              0.741701244813278
            ],
            [
              0.9370925684485006,
              0.7489626556016598
            ],
            [
              0.9364406779661016,
              0.7551867219917012
            ],
            [
              0.9341590612777053,
              0.7588174273858921
            ],
            [
              0.932529335071708,
              0.7634854771784232
            ],
            [
              0.9305736636245111,
              0.7676348547717843
            ],
            [
              0.9279661016949152,
              0.770746887966805
            ],
            [
              0.9253585397653195,
              0.7738589211618258
            ],
            [
              0.9224250325945241,
              0.7764522821576764
            ],
            [
              0.9191655801825294,
              0.7785269709543569
            ],
            [
              0.9165580182529335,
              0.7816390041493776
            ],
            [
              0.9126466753585397,
              0.7826763485477178
            ],
            [
              0.909387222946545,
              0.7847510373443983
            ],
            [
              0.9054758800521513,
              0.7857883817427386
            ],
            [
              0.9015645371577575,
              0.7868257261410788
            ],
            [
              0.8979791395045632,
              0.7883817427385892
            ],
            [
              0.894393741851369,
              0.7899377593360996
            ],
            [
              0.8898305084745762,
              0.7899377593360996
            ],
            [
              0.8859191655801826,
              0.7909751037344398
            ],
            [
              0.8813559322033898,
              0.7909751037344398
            ],
            [
              0.8807040417209909,
              0.79201244813278
            ]
          ]
        ]
      },
      "properties": {
        "segment_id": 59,
        "area": 21056,
        "bbox": [
          1242.0,
          620.0,
          195.0,
          143.0
        ],
        "iou": 0.8604642748832703,
        "stability": 0.9255695939064026,
        "auto_generated": true,
        "model": "segment_anything"
      }
    }
  ],
  "metadata": {
    "model": "segment_anything",
    "num_segments": 60
  }
}