{
  "type": "FeatureCollection",
  "features": [
    {
      "type": "Feature",
      "geometry": {
        "type": "Polygon",
        "coordinates": [
          [
            [
              0.053798961774421894,
              0.5302343159486017
            ],
            [
              0.05049551675318546,
              0.5302343159486017
            ],
            [
              0.04719207173194903,
              0.5302343159486017
            ],
            [
              0.04436054742803209,
              0.5294784580498866
            ],
            [
              0.04152902312411515,
              0.5287226001511716
            ],
            [
              0.038697498820198205,
              0.5279667422524565
            ],
            [
              0.03563001415762152,
              0.527588813303099
            ],
            [
              0.03279848985370458,
              0.526832955404384
            ],
            [
              0.030202925908447382,
              0.5256991685563114
            ],
            [
              0.026899480887210947,
              0.5256991685563114
            ],
            [
              0.024303916941953753,
              0.5245653817082389
            ],
            [
              0.021708352996696555,
              0.5234315948601663
            ],
            [
              0.018876828692779613,
              0.5226757369614512
            ],
            [
              0.01651722510618216,
              0.5211640211640212
            ],
            [
              0.01557338367154318,
              0.518140589569161
            ],
            [
              0.01793298725814063,
              0.516628873771731
            ],
            [
              0.020292590844738084,
              0.5151171579743008
            ],
            [
              0.023124115148655026,
              0.5143613000755858
            ],
            [
              0.02595563945257197,
              0.5136054421768708
            ],
            [
              0.02878716375648891,
              0.5128495842781557
            ],
            [
              0.03161868806040585,
              0.5120937263794406
            ],
            [
              0.034450212364322795,
              0.5113378684807256
            ],
            [
              0.03728173666823974,
              0.5105820105820106
            ],
            [
              0.04011326097215668,
              0.5098261526832956
            ],
            [
              0.04294478527607362,
              0.5090702947845805
            ],
            [
              0.045776309579990564,
              0.5083144368858654
            ],
            [
              0.04813591316658802,
              0.5068027210884354
            ],
            [
              0.05096743747050495,
              0.5060468631897204
            ],
            [
              0.053798961774421894,
              0.5052910052910053
            ],
            [
              0.056630486078338836,
              0.5045351473922902
            ],
            [
              0.05946201038225578,
              0.5037792894935752
            ],
            [
              0.06229353468617272,
              0.5030234315948602
            ],
            [
              0.06512505899008966,
              0.5022675736961452
            ],
            [
              0.06795658329400661,
              0.50151171579743
            ],
            [
              0.07078810759792355,
              0.500755857898715
            ],
            [
              0.0736196319018405,
              0.5
            ],
            [
              0.07645115620575743,
              0.499244142101285
            ],
            [
              0.07928268050967438,
              0.4984882842025699
            ],
            [
              0.08211420481359132,
              0.4977324263038549
            ],
            [
              0.08494572911750826,
              0.4969765684051398
            ],
            [
              0.0877772534214252,
              0.4962207105064248
            ],
            [
              0.09060877772534215,
              0.4954648526077097
            ],
            [
              0.09344030202925908,
              0.4947089947089947
            ],
            [
              0.09627182633317603,
              0.4939531368102797
            ],
            [
              0.09910335063709297,
              0.4931972789115646
            ],
            [
              0.1019348749410099,
              0.4924414210128496
            ],
            [
              0.10476639924492685,
              0.4916855631141345
            ],
            [
              0.10759792354884379,
              0.4909297052154195
            ],
            [
              0.11090136857008023,
              0.4909297052154195
            ],
            [
              0.11420481359131666,
              0.4909297052154195
            ],
            [
              0.1175082586125531,
              0.4909297052154195
            ],
            [
              0.12081170363378953,
              0.4909297052154195
            ],
            [
              0.12411514865502596,
              0.4909297052154195
            ],
            [
              0.12741859367626238,
              0.4909297052154195
            ],
            [
              0.13072203869749882,
              0.4909297052154195
            ],
            [
              0.13355356300141577,
              0.4916855631141345
            ],
            [
              0.1368570080226522,
              0.4916855631141345
            ],
            [
              0.13992449268522889,
              0.491307634164777
            ],
            [
              0.14252005663048609,
              0.4916855631141345
            ],
            [
              0.1458235016517225,
              0.4916855631141345
            ],
            [
              0.1488909863142992,
              0.49206349206349204
            ],
            [
              0.15172251061821615,
              0.4928193499622071
            ],
            [
              0.15431807456347332,
              0.4939531368102797
            ],
            [
              0.1562057574327513,
              0.4962207105064248
            ],
            [
              0.15856536101934876,
              0.4977324263038549
            ],
            [
              0.15903728173666823,
              0.50151171579743
            ],
            [
              0.15667767815007078,
              0.5030234315948602
            ],
            [
              0.15384615384615385,
              0.5037792894935752
            ],
            [
              0.1505427088249174,
              0.5037792894935752
            ],
            [
              0.14818310523831996,
              0.5052910052910053
            ],
            [
              0.1451156205757433,
              0.5056689342403629
            ],
            [
              0.1420481359131666,
              0.5060468631897204
            ],
            [
              0.13921661160924964,
              0.5068027210884354
            ],
            [
              0.1363850873053327,
              0.5075585789871504
            ],
            [
              0.13355356300141577,
              0.5083144368858654
            ],
            [
              0.13072203869749882,
              0.5090702947845805
            ],
            [
              0.12836243511090137,
              0.5105820105820106
            ],
            [
              0.12576687116564417,
              0.5117157974300831
            ],
            [
              0.12317130722038698,
              0.5128495842781557
            ],
            [
              0.12033978291647003,
              0.5136054421768708
            ],
            [
              0.1170363378952336,
              0.5136054421768708
            ],
            [
              0.11420481359131666,
              0.5128495842781557
            ],
            [
              0.11137328928739972,
              0.5136054421768708
            ],
            [
              0.10854176498348278,
              0.5143613000755858
            ],
            [
              0.10571024067956583,
              0.5151171579743008
            ],
            [
              0.10335063709296838,
              0.516628873771731
            ],
            [
              0.10051911278905144,
              0.517384731670446
            ],
            [
              0.09792354884379424,
              0.5185185185185185
            ],
            [
              0.09485606418121756,
              0.518896447467876
            ],
            [
              0.09202453987730061,
              0.5196523053665911
            ],
            [
              0.08919301557338367,
              0.5204081632653061
            ],
            [
              0.08636149126946673,
              0.5211640211640212
            ],
            [
              0.08352996696554979,
              0.5219198790627362
            ],
            [
              0.08069844266163284,
              0.5226757369614512
            ],
            [
              0.0778669183577159,
              0.5234315948601663
            ],
            [
              0.07503539405379896,
              0.5241874527588813
            ],
            [
              0.07220386974988202,
              0.5249433106575964
            ],
            [
              0.06937234544596507,
              0.5256991685563114
            ],
            [
              0.06654082114204814,
              0.5264550264550265
            ],
            [
              0.06370929683813119,
              0.5272108843537415
            ],
            [
              0.061113732892873994,
              0.528344671201814
            ],
            [
              0.05804624823029731,
              0.5287226001511716
            ],
            [
              0.05521472392638037,
              0.5294784580498866
            ],
            [
              0.053798961774421894,
              0.5302343159486017
            ]
          ]
        ]
      },
      "properties": {
        "segment_id": 0,
        "area": 7846,
        "bbox": [
          33.0,
          650.0,
          304.0,
          51.0
        ],
        "iou": 0.9707081317901611,
        "stability": 0.9708945155143738,
        "auto_generated": true,
        "model": "segment_anything"
      }
    },
    {
      "type": "Feature",
      "geometry": {
        "type": "Polygon",
        "coordinates": [
          [
            [
              0.0,
              0.4690098261526833
            ],
            [
              0.001415762151958471,
              0.46825396825396826
            ],
            [
              0.0033034450212364322,
              0.46825396825396826
            ],
            [
              0.005191127890514393,
              0.46825396825396826
            ],
            [
              0.0066068900424728644,
              0.46749811035525324
            ],
            [
              0.008494572911750826,
              0.46749811035525324
            ],
            [
              0.010382255781028787,
              0.46749811035525324
            ],
            [
              0.011798017932987258,
              0.46674225245653816
            ],
            [
              0.01368570080226522,
              0.46674225245653816
            ],
            [
              0.01557338367154318,
              0.46674225245653816
            ],
            [
              0.017461066540821142,
              0.46674225245653816
            ],
            [
              0.019112789051439358,
              0.46636432350718066
            ],
            [
              0.020764511562057573,
              0.46598639455782315
            ],
            [
              0.022652194431335537,
              0.46598639455782315
            ],
            [
              0.024539877300613498,
              0.46598639455782315
            ],
            [
              0.026427560169891458,
              0.46598639455782315
            ],
            [
              0.028315243039169418,
              0.46598639455782315
            ],
            [
              0.030202925908447382,
              0.46598639455782315
            ],
            [
              0.03161868806040585,
              0.46674225245653816
            ],
            [
              0.03303445021236432,
              0.46749811035525324
            ],
            [
              0.034450212364322795,
              0.46825396825396826
            ],
            [
              0.03539405379896177,
              0.46976568405139835
            ],
            [
              0.0365738555922605,
              0.4708994708994709
            ],
            [
              0.037989617744218974,
              0.47165532879818595
            ],
            [
              0.03940537989617744,
              0.47241118669690096
            ],
            [
              0.04058518168947617,
              0.47354497354497355
            ],
            [
              0.042000943841434636,
              0.47430083144368856
            ],
            [
              0.04341670599339311,
              0.47505668934240364
            ],
            [
              0.04483246814535158,
              0.47581254724111866
            ],
            [
              0.04624823029731005,
              0.47656840513983373
            ],
            [
              0.04813591316658802,
              0.47656840513983373
            ],
            [
              0.049551675318546484,
              0.47732426303854875
            ],
            [
              0.05143935818782445,
              0.47732426303854875
            ],
            [
              0.052855120339782916,
              0.4780801209372638
            ],
            [
              0.05427088249174139,
              0.47883597883597884
            ],
            [
              0.05615856536101935,
              0.47883597883597884
            ],
            [
              0.05757432751297782,
              0.47959183673469385
            ],
            [
              0.05899008966493629,
              0.48034769463340893
            ],
            [
              0.06087777253421425,
              0.48034769463340893
            ],
            [
              0.06276545540349221,
              0.48034769463340893
            ],
            [
              0.06418121755545068,
              0.48110355253212395
            ],
            [
              0.06559697970740916,
              0.481859410430839
            ],
            [
              0.06748466257668712,
              0.481859410430839
            ],
            [
              0.06890042472864559,
              0.48261526832955404
            ],
            [
              0.07078810759792355,
              0.48261526832955404
            ],
            [
              0.07220386974988202,
              0.4833711262282691
            ],
            [
              0.0736196319018405,
              0.48412698412698413
            ],
            [
              0.07550731477111845,
              0.48412698412698413
            ],
            [
              0.07692307692307693,
              0.48488284202569915
            ],
            [
              0.07833883907503539,
              0.4856386999244142
            ],
            [
              0.08022652194431336,
              0.4856386999244142
            ],
            [
              0.08164228409627183,
              0.48639455782312924
            ],
            [
              0.08352996696554979,
              0.48639455782312924
            ],
            [
              0.08470976875884852,
              0.4875283446712018
            ],
            [
              0.08423784804152902,
              0.4897959183673469
            ],
            [
              0.0830580462482303,
              0.4909297052154195
            ],
            [
              0.08164228409627183,
              0.4916855631141345
            ],
            [
              0.08022652194431336,
              0.4909297052154195
            ],
            [
              0.07833883907503539,
              0.4909297052154195
            ],
            [
              0.07668711656441718,
              0.491307634164777
            ],
            [
              0.07550731477111845,
              0.4924414210128496
            ],
            [
              0.07432751297781973,
              0.4935752078609221
            ],
            [
              0.0726757904672015,
              0.4939531368102797
            ],
            [
              0.07126002831524304,
              0.4947089947089947
            ],
            [
              0.06937234544596507,
              0.4947089947089947
            ],
            [
              0.06748466257668712,
              0.4947089947089947
            ],
            [
              0.06559697970740916,
              0.4947089947089947
            ],
            [
              0.06370929683813119,
              0.4947089947089947
            ],
            [
              0.06182161396885323,
              0.4947089947089947
            ],
            [
              0.060405851816894764,
              0.4954648526077097
            ],
            [
              0.0585181689476168,
              0.4954648526077097
            ],
            [
              0.056630486078338836,
              0.4954648526077097
            ],
            [
              0.05521472392638037,
              0.4947089947089947
            ],
            [
              0.053327041057102405,
              0.4947089947089947
            ],
            [
              0.05191127890514394,
              0.4939531368102797
            ],
            [
              0.05002359603586597,
              0.4939531368102797
            ],
            [
              0.048607833883907506,
              0.4931972789115646
            ],
            [
              0.04672015101462954,
              0.4931972789115646
            ],
            [
              0.045304388862671074,
              0.4924414210128496
            ],
            [
              0.04341670599339311,
              0.4924414210128496
            ],
            [
              0.042000943841434636,
              0.4916855631141345
            ],
            [
              0.04011326097215668,
              0.4916855631141345
            ],
            [
              0.038225578102878716,
              0.4916855631141345
            ],
            [
              0.03680981595092025,
              0.4909297052154195
            ],
            [
              0.034922133081642284,
              0.4909297052154195
            ],
            [
              0.03303445021236432,
              0.4909297052154195
            ],
            [
              0.03114676734308636,
              0.4909297052154195
            ],
            [
              0.0292590844738084,
              0.4909297052154195
            ],
            [
              0.027607361963190184,
              0.490551776266062
            ],
            [
              0.02595563945257197,
              0.49017384731670444
            ],
            [
              0.02406795658329401,
              0.49017384731670444
            ],
            [
              0.022180273714016045,
              0.49017384731670444
            ],
            [
              0.020292590844738084,
              0.49017384731670444
            ],
            [
              0.018876828692779613,
              0.4894179894179894
            ],
            [
              0.018168947616800376,
              0.4875283446712018
            ],
            [
              0.019348749410099102,
              0.48639455782312924
            ],
            [
              0.020764511562057573,
              0.4856386999244142
            ],
            [
              0.022180273714016045,
              0.48488284202569915
            ],
            [
              0.02406795658329401,
              0.48488284202569915
            ],
            [
              0.025483718735252476,
              0.48412698412698413
            ],
            [
              0.02737140160453044,
              0.48412698412698413
            ],
            [
              0.02878716375648891,
              0.4833711262282691
            ],
            [
              0.02973100519112789,
              0.48261526832955404
            ],
            [
              0.028551203397829166,
              0.48148148148148145
            ],
            [
              0.027607361963190184,
              0.4799697656840514
            ],
            [
              0.02595563945257197,
              0.47959183673469385
            ],
            [
              0.024539877300613498,
              0.47883597883597884
            ],
            [
              0.023124115148655026,
              0.4780801209372638
            ],
            [
              0.02147239263803681,
              0.47770219198790626
            ],
            [
              0.02005663048607834,
              0.47694633408919124
            ],
            [
              0.01864086833411987,
              0.47619047619047616
            ],
            [
              0.017461066540821142,
              0.47505668934240364
            ],
            [
              0.01557338367154318,
              0.47505668934240364
            ],
            [
              0.014157621519584709,
              0.47430083144368856
            ],
            [
              0.012741859367626238,
              0.47354497354497355
            ],
            [
              0.010854176498348278,
              0.47354497354497355
            ],
            [
              0.009438414346389807,
              0.47278911564625853
            ],
            [
              0.0075507314771118455,
              0.47278911564625853
            ],
            [
              0.005663048607833884,
              0.47278911564625853
            ],
            [
              0.0037753657385559227,
              0.47278911564625853
            ],
            [
              0.0018876828692779614,
              0.47278911564625853
            ],
            [
              0.0,
              0.47278911564625853
            ],
            [
              0.0,
              0.4690098261526833
            ]
          ]
        ]
      },
      "properties": {
        "segment_id": 1,
        "area": 3131,
        "bbox": [
          0.0,
          617.0,
          179.0,
          38.0
        ],
        "iou": 0.9336565732955933,
        "stability": 0.9230533242225647,
        "auto_generated": true,
        "model": "segment_anything"
      }
    },
    {
      "type": "Feature",
      "geometry": {
        "type": "Polygon",
        "coordinates": [
          [
            [
              0.37328928739971684,
              0.36848072562358275
            ],
            [
              0.37234544596507785,
              0.36848072562358275
            ],
            [
              0.3714016045304389,
              0.36848072562358275
            ],
            [
              0.3704577630957999,
              0.36848072562358275
            ],
            [
              0.3695139216611609,
              0.36848072562358275
            ],
            [
              0.36904200094384143,
              0.36772486772486773
            ],
            [
              0.36857008022652193,
              0.36696900982615266
            ],
            [
              0.36809815950920244,
              0.36621315192743764
            ],
            [
              0.36715431807456345,
              0.36621315192743764
            ],
            [
              0.3662104766399245,
              0.36621315192743764
            ],
            [
              0.36550259556394527,
              0.36583522297808013
            ],
            [
              0.3652666352052855,
              0.36470143613000755
            ],
            [
              0.36503067484662577,
              0.363567649281935
            ],
            [
              0.36503067484662577,
              0.36205593348450493
            ],
            [
              0.365738555922605,
              0.36167800453514737
            ],
            [
              0.36644643699858426,
              0.36130007558578986
            ],
            [
              0.36715431807456345,
              0.36092214663643235
            ],
            [
              0.36809815950920244,
              0.36092214663643235
            ],
            [
              0.3688060405851817,
              0.36054421768707484
            ],
            [
              0.3692779613025012,
              0.35978835978835977
            ],
            [
              0.3697498820198207,
              0.35903250188964475
            ],
            [
              0.37022180273714017,
              0.35827664399092973
            ],
            [
              0.37069372345445967,
              0.35752078609221466
            ],
            [
              0.37116564417177916,
              0.35676492819349964
            ],
            [
              0.3716375648890986,
              0.35600907029478457
            ],
            [
              0.37234544596507785,
              0.35563114134542706
            ],
            [
              0.37328928739971684,
              0.35563114134542706
            ],
            [
              0.37423312883435583,
              0.35563114134542706
            ],
            [
              0.37470504955167533,
              0.35487528344671204
            ],
            [
              0.3756488909863143,
              0.35487528344671204
            ],
            [
              0.37659273242095326,
              0.35487528344671204
            ],
            [
              0.37753657385559225,
              0.35487528344671204
            ],
            [
              0.37848041529023124,
              0.35487528344671204
            ],
            [
              0.37895233600755074,
              0.35411942554799697
            ],
            [
              0.37989617744218973,
              0.35411942554799697
            ],
            [
              0.38084001887682867,
              0.35411942554799697
            ],
            [
              0.38178386031146766,
              0.35411942554799697
            ],
            [
              0.38272770174610665,
              0.35411942554799697
            ],
            [
              0.38319962246342615,
              0.35336356764928195
            ],
            [
              0.38414346389806514,
              0.35336356764928195
            ],
            [
              0.38508730533270413,
              0.35336356764928195
            ],
            [
              0.38603114676734307,
              0.35336356764928195
            ],
            [
              0.38697498820198206,
              0.35336356764928195
            ],
            [
              0.38791882963662105,
              0.35336356764928195
            ],
            [
              0.38886267107126005,
              0.35336356764928195
            ],
            [
              0.389806512505899,
              0.35336356764928195
            ],
            [
              0.3902784332232185,
              0.3526077097505669
            ],
            [
              0.39122227465785747,
              0.3526077097505669
            ],
            [
              0.39216611609249646,
              0.3526077097505669
            ],
            [
              0.39310995752713546,
              0.3526077097505669
            ],
            [
              0.39405379896177445,
              0.3526077097505669
            ],
            [
              0.3949976403964134,
              0.3526077097505669
            ],
            [
              0.3959414818310524,
              0.3526077097505669
            ],
            [
              0.3966493629070316,
              0.35222978080120937
            ],
            [
              0.39735724398301087,
              0.35185185185185186
            ],
            [
              0.39830108541764986,
              0.35185185185185186
            ],
            [
              0.3992449268522888,
              0.35185185185185186
            ],
            [
              0.4001887682869278,
              0.35185185185185186
            ],
            [
              0.4011326097215668,
              0.35185185185185186
            ],
            [
              0.40207645115620577,
              0.35185185185185186
            ],
            [
              0.40302029259084476,
              0.35185185185185186
            ],
            [
              0.4039641340254837,
              0.35185185185185186
            ],
            [
              0.4049079754601227,
              0.35185185185185186
            ],
            [
              0.4058518168947617,
              0.35185185185185186
            ],
            [
              0.4067956583294007,
              0.35185185185185186
            ],
            [
              0.4077394997640396,
              0.35185185185185186
            ],
            [
              0.4086833411986786,
              0.35185185185185186
            ],
            [
              0.40939122227465785,
              0.35222978080120937
            ],
            [
              0.4100991033506371,
              0.3526077097505669
            ],
            [
              0.4110429447852761,
              0.3526077097505669
            ],
            [
              0.4119867862199151,
              0.3526077097505669
            ],
            [
              0.412930627654554,
              0.3526077097505669
            ],
            [
              0.413874469089193,
              0.3526077097505669
            ],
            [
              0.41458235016517225,
              0.3529856386999244
            ],
            [
              0.4152902312411515,
              0.35336356764928195
            ],
            [
              0.4162340726757905,
              0.35336356764928195
            ],
            [
              0.4171779141104294,
              0.35336356764928195
            ],
            [
              0.4181217555450684,
              0.35336356764928195
            ],
            [
              0.4190655969797074,
              0.35336356764928195
            ],
            [
              0.41977347805568666,
              0.35374149659863946
            ],
            [
              0.4204813591316659,
              0.35411942554799697
            ],
            [
              0.42142520056630484,
              0.35411942554799697
            ],
            [
              0.42142520056630484,
              0.35487528344671204
            ],
            [
              0.4204813591316659,
              0.35487528344671204
            ],
            [
              0.4200094384143464,
              0.35563114134542706
            ],
            [
              0.4190655969797074,
              0.35563114134542706
            ],
            [
              0.4181217555450684,
              0.35563114134542706
            ],
            [
              0.4174138744690892,
              0.35600907029478457
            ],
            [
              0.41670599339310993,
              0.3563869992441421
            ],
            [
              0.415762151958471,
              0.3563869992441421
            ],
            [
              0.4152902312411515,
              0.35714285714285715
            ],
            [
              0.4143463898065125,
              0.35714285714285715
            ],
            [
              0.4134025483718735,
              0.35714285714285715
            ],
            [
              0.41269466729589427,
              0.35752078609221466
            ],
            [
              0.4119867862199151,
              0.35789871504157217
            ],
            [
              0.4110429447852761,
              0.35789871504157217
            ],
            [
              0.4100991033506371,
              0.35789871504157217
            ],
            [
              0.4096271826333176,
              0.35865457294028724
            ],
            [
              0.4086833411986786,
              0.35865457294028724
            ],
            [
              0.4077394997640396,
              0.35865457294028724
            ],
            [
              0.4067956583294007,
              0.35865457294028724
            ],
            [
              0.4058518168947617,
              0.35865457294028724
            ],
            [
              0.4049079754601227,
              0.35865457294028724
            ],
            [
              0.4039641340254837,
              0.35865457294028724
            ],
            [
              0.40302029259084476,
              0.35865457294028724
            ],
            [
              0.4023124115148655,
              0.35903250188964475
            ],
            [
              0.4016045304388863,
              0.35941043083900226
            ],
            [
              0.4006606890042473,
              0.35941043083900226
            ],
            [
              0.39995280792826804,
              0.35978835978835977
            ],
            [
              0.39948088721094854,
              0.36054421768707484
            ],
            [
              0.39900896649362905,
              0.36130007558578986
            ],
            [
              0.3987730061349693,
              0.36243386243386244
            ],
            [
              0.39830108541764986,
              0.36318972033257746
            ],
            [
              0.39782916470033036,
              0.36394557823129253
            ],
            [
              0.3971212836243511,
              0.36432350718065004
            ],
            [
              0.3964134025483719,
              0.36470143613000755
            ],
            [
              0.3959414818310524,
              0.3654572940287226
            ],
            [
              0.3949976403964134,
              0.3654572940287226
            ],
            [
              0.39405379896177445,
              0.3654572940287226
            ],
            [
              0.39358187824445495,
              0.36621315192743764
            ],
            [
              0.39263803680981596,
              0.36621315192743764
            ],
            [
              0.39169419537517697,
              0.36621315192743764
            ],
            [
              0.390750353940538,
              0.36621315192743764
            ],
            [
              0.389806512505899,
              0.36621315192743764
            ],
            [
              0.38886267107126005,
              0.36621315192743764
            ],
            [
              0.38791882963662105,
              0.36621315192743764
            ],
            [
              0.38744690891930156,
              0.36696900982615266
            ],
            [
              0.38650306748466257,
              0.36696900982615266
            ],
            [
              0.3855592260500236,
              0.36696900982615266
            ],
            [
              0.38461538461538464,
              0.36696900982615266
            ],
            [
              0.38367154318074564,
              0.36696900982615266
            ],
            [
              0.38272770174610665,
              0.36696900982615266
            ],
            [
              0.38178386031146766,
              0.36696900982615266
            ],
            [
              0.38084001887682867,
              0.36696900982615266
            ],
            [
              0.37989617744218973,
              0.36696900982615266
            ],
            [
              0.3791882963662105,
              0.3673469387755102
            ],
            [
              0.37848041529023124,
              0.36772486772486773
            ],
            [
              0.37753657385559225,
              0.36772486772486773
            ],
            [
              0.37659273242095326,
              0.36772486772486773
            ],
            [
              0.3756488909863143,
              0.36772486772486773
            ],
            [
              0.37470504955167533,
              0.36772486772486773
            ],
            [
              0.37376120811703634,
              0.36772486772486773
            ],
            [
              0.37328928739971684,
              0.36848072562358275
            ]
          ]
        ]
      },
      "properties": {
        "segment_id": 2,
        "area": 1455,
        "bbox": [
          774.0,
          466.0,
          119.0,
          21.0
        ],
        "iou": 0.9297928810119629,
        "stability": 0.9543317556381226,
        "auto_generated": true,
        "model": "segment_anything"
      }
    },
    {
      "type": "Feature",
      "geometry": {
        "type": "Polygon",
        "coordinates": [
          [
            [
              0.13355356300141577,
              0.5559334845049131
            ],
            [
              0.1316658801321378,
              0.5559334845049131
            ],
            [
              0.12977819726285983,
              0.5559334845049131
            ],
            [
              0.12789051439358187,
              0.5559334845049131
            ],
            [
              0.1264747522416234,
              0.5551776266061981
            ],
            [
              0.12458706937234544,
              0.5551776266061981
            ],
            [
              0.12269938650306748,
              0.5551776266061981
            ],
            [
              0.12081170363378953,
              0.5551776266061981
            ],
            [
              0.11939594148183105,
              0.5544217687074829
            ],
            [
              0.11798017932987258,
              0.5536659108087679
            ],
            [
              0.11609249646059462,
              0.5536659108087679
            ],
            [
              0.1144407739499764,
              0.5532879818594104
            ],
            [
              0.11278905143935819,
              0.5529100529100529
            ],
            [
              0.11137328928739972,
              0.5521541950113379
            ],
            [
              0.10948560641812176,
              0.5521541950113379
            ],
            [
              0.10830580462482303,
              0.5510204081632653
            ],
            [
              0.10830580462482303,
              0.5479969765684052
            ],
            [
              0.10877772534214251,
              0.54572940287226
            ],
            [
              0.11042944785276074,
              0.5453514739229025
            ],
            [
              0.11184521000471921,
              0.5461073318216175
            ],
            [
              0.11326097215667767,
              0.5453514739229025
            ],
            [
              0.11467673430863615,
              0.5445956160241875
            ],
            [
              0.11632845681925437,
              0.54421768707483
            ],
            [
              0.1175082586125531,
              0.5430839002267573
            ],
            [
              0.11892402076451156,
              0.5423280423280423
            ],
            [
              0.12081170363378953,
              0.5423280423280423
            ],
            [
              0.12222746578574799,
              0.5415721844293273
            ],
            [
              0.12364322793770646,
              0.5408163265306123
            ],
            [
              0.12529495044832467,
              0.5404383975812547
            ],
            [
              0.1264747522416234,
              0.5393046107331821
            ],
            [
              0.12789051439358187,
              0.5385487528344671
            ],
            [
              0.12930627654554036,
              0.5377928949357521
            ],
            [
              0.13072203869749882,
              0.5370370370370371
            ],
            [
              0.13213780084945728,
              0.536281179138322
            ],
            [
              0.13355356300141577,
              0.5355253212396069
            ],
            [
              0.13520528551203398,
              0.5351473922902494
            ],
            [
              0.1368570080226522,
              0.5347694633408919
            ],
            [
              0.13827277017461068,
              0.5340136054421769
            ],
            [
              0.13968853232656914,
              0.5332577475434618
            ],
            [
              0.1411042944785276,
              0.5325018896447468
            ],
            [
              0.14275601698914583,
              0.5321239606953893
            ],
            [
              0.14393581878244455,
              0.5309901738473167
            ],
            [
              0.145351580934403,
              0.5302343159486017
            ],
            [
              0.1467673430863615,
              0.5294784580498866
            ],
            [
              0.14818310523831996,
              0.5287226001511716
            ],
            [
              0.1500707881075979,
              0.5287226001511716
            ],
            [
              0.1514865502595564,
              0.5279667422524565
            ],
            [
              0.15290231241151486,
              0.5272108843537415
            ],
            [
              0.15431807456347332,
              0.5264550264550265
            ],
            [
              0.1557338367154318,
              0.5256991685563114
            ],
            [
              0.15738555922605002,
              0.5253212396069539
            ],
            [
              0.15856536101934876,
              0.5241874527588813
            ],
            [
              0.15998112317130722,
              0.5234315948601663
            ],
            [
              0.16186880604058518,
              0.5234315948601663
            ],
            [
              0.16328456819254367,
              0.5226757369614512
            ],
            [
              0.16470033034450213,
              0.5219198790627362
            ],
            [
              0.16588013213780084,
              0.5207860922146637
            ],
            [
              0.16705993393109958,
              0.5196523053665911
            ],
            [
              0.16847569608305804,
              0.518896447467876
            ],
            [
              0.16989145823501653,
              0.518140589569161
            ],
            [
              0.17177914110429449,
              0.518140589569161
            ],
            [
              0.17319490325625295,
              0.517384731670446
            ],
            [
              0.1746106654082114,
              0.516628873771731
            ],
            [
              0.17626238791882964,
              0.5170068027210885
            ],
            [
              0.17791411042944785,
              0.517384731670446
            ],
            [
              0.1798017932987258,
              0.517384731670446
            ],
            [
              0.18168947616800377,
              0.517384731670446
            ],
            [
              0.18357715903728172,
              0.517384731670446
            ],
            [
              0.1854648419065597,
              0.517384731670446
            ],
            [
              0.18688060405851817,
              0.518140589569161
            ],
            [
              0.18876828692779613,
              0.518140589569161
            ],
            [
              0.1901840490797546,
              0.518896447467876
            ],
            [
              0.19207173194903257,
              0.518896447467876
            ],
            [
              0.19348749410099103,
              0.5196523053665911
            ],
            [
              0.195375176970269,
              0.5196523053665911
            ],
            [
              0.19726285983954694,
              0.5196523053665911
            ],
            [
              0.19867862199150543,
              0.5204081632653061
            ],
            [
              0.19985842378480415,
              0.5215419501133787
            ],
            [
              0.19938650306748465,
              0.5238095238095238
            ],
            [
              0.19820670127418594,
              0.5249433106575964
            ],
            [
              0.19679093912222748,
              0.5256991685563114
            ],
            [
              0.195375176970269,
              0.5264550264550265
            ],
            [
              0.19395941481831053,
              0.5272108843537415
            ],
            [
              0.19254365266635207,
              0.5279667422524565
            ],
            [
              0.19112789051439358,
              0.5287226001511716
            ],
            [
              0.18971212836243512,
              0.5294784580498866
            ],
            [
              0.18829636621047663,
              0.5302343159486017
            ],
            [
              0.18688060405851817,
              0.5309901738473167
            ],
            [
              0.1854648419065597,
              0.5317460317460317
            ],
            [
              0.18404907975460122,
              0.5325018896447468
            ],
            [
              0.18216139688532326,
              0.5325018896447468
            ],
            [
              0.1807456347333648,
              0.5332577475434618
            ],
            [
              0.1793298725814063,
              0.5340136054421769
            ],
            [
              0.17791411042944785,
              0.5347694633408919
            ],
            [
              0.1764983482774894,
              0.5355253212396069
            ],
            [
              0.1750825861255309,
              0.536281179138322
            ],
            [
              0.1734308636149127,
              0.5366591080876795
            ],
            [
              0.17225106182161398,
              0.5377928949357521
            ],
            [
              0.1708352996696555,
              0.5385487528344671
            ],
            [
              0.16918357715903728,
              0.5389266817838246
            ],
            [
              0.16776781500707882,
              0.5396825396825397
            ],
            [
              0.16635205285512034,
              0.5404383975812547
            ],
            [
              0.16493629070316188,
              0.5411942554799698
            ],
            [
              0.1635205285512034,
              0.5419501133786848
            ],
            [
              0.16186880604058518,
              0.5423280423280423
            ],
            [
              0.16045304388862672,
              0.5430839002267573
            ],
            [
              0.15903728173666823,
              0.5438397581254724
            ],
            [
              0.15762151958470977,
              0.5445956160241875
            ],
            [
              0.1562057574327513,
              0.5453514739229025
            ],
            [
              0.15478999528079282,
              0.5461073318216175
            ],
            [
              0.15337423312883436,
              0.5468631897203325
            ],
            [
              0.1519584709768759,
              0.5476190476190477
            ],
            [
              0.1505427088249174,
              0.5483749055177627
            ],
            [
              0.1488909863142992,
              0.5487528344671202
            ],
            [
              0.147239263803681,
              0.5491307634164777
            ],
            [
              0.1458235016517225,
              0.5498866213151927
            ],
            [
              0.14440773949976404,
              0.5506424792139077
            ],
            [
              0.1432279377064653,
              0.5517762660619804
            ],
            [
              0.1415762151958471,
              0.5521541950113379
            ],
            [
              0.14016045304388863,
              0.5529100529100529
            ],
            [
              0.13874469089193014,
              0.5536659108087679
            ],
            [
              0.13732892873997168,
              0.5544217687074829
            ],
            [
              0.13567720622935348,
              0.5547996976568406
            ],
            [
              0.13402548371873524,
              0.5551776266061981
            ],
            [
              0.13355356300141577,
              0.5559334845049131
            ]
          ]
        ]
      },
      "properties": {
        "segment_id": 3,
        "area": 4030,
        "bbox": [
          230.0,
          684.0,
          193.0,
          51.0
        ],
        "iou": 0.9205517768859863,
        "stability": 0.9348759651184082,
        "auto_generated": true,
        "model": "segment_anything"
      }
    },
    {
      "type": "Feature",
      "geometry": {
        "type": "Polygon",
        "coordinates": [
          [
            [
              0.4483246814535158,
              0.40627362055933486
            ],
            [
              0.4466729589428976,
              0.40589569160997735
            ],
            [
              0.44502123643227937,
              0.4055177626606198
            ],
            [
              0.44313355356300144,
              0.4055177626606198
            ],
            [
              0.4414818310523832,
              0.4051398337112623
            ],
            [
              0.4405379896177442,
              0.4036281179138322
            ],
            [
              0.4410099103350637,
              0.4013605442176871
            ],
            [
              0.4414818310523832,
              0.39909297052154197
            ],
            [
              0.44218971212836244,
              0.39720332577475437
            ],
            [
              0.4428975932043417,
              0.39531368102796677
            ],
            [
              0.44360547428032093,
              0.3934240362811791
            ],
            [
              0.44454931571495987,
              0.3919123204837491
            ],
            [
              0.44596507786691836,
              0.391156462585034
            ],
            [
              0.44738084001887685,
              0.390400604686319
            ],
            [
              0.4487966021708353,
              0.3896447467876039
            ],
            [
              0.45021236432279377,
              0.3888888888888889
            ],
            [
              0.451864086833412,
              0.3885109599395314
            ],
            [
              0.4535158093440302,
              0.3881330309901738
            ],
            [
              0.4549315714959887,
              0.3873771730914588
            ],
            [
              0.45634733364794716,
              0.3866213151927438
            ],
            [
              0.4582350165172251,
              0.3866213151927438
            ],
            [
              0.4601226993865031,
              0.3866213151927438
            ],
            [
              0.46153846153846156,
              0.3858654572940287
            ],
            [
              0.4634261444077395,
              0.3858654572940287
            ],
            [
              0.46507786691835773,
              0.3854875283446712
            ],
            [
              0.4667295894289759,
              0.3851095993953137
            ],
            [
              0.4686172722982539,
              0.3851095993953137
            ],
            [
              0.4705049551675319,
              0.3851095993953137
            ],
            [
              0.4719207173194903,
              0.3843537414965986
            ],
            [
              0.4738084001887683,
              0.3843537414965986
            ],
            [
              0.4752241623407268,
              0.3835978835978836
            ],
            [
              0.4771118452100047,
              0.3835978835978836
            ],
            [
              0.4789995280792827,
              0.3835978835978836
            ],
            [
              0.48088721094856063,
              0.3835978835978836
            ],
            [
              0.48253893345917886,
              0.3832199546485261
            ],
            [
              0.4841906559697971,
              0.38284202569916853
            ],
            [
              0.48607833883907503,
              0.38284202569916853
            ],
            [
              0.487966021708353,
              0.38284202569916853
            ],
            [
              0.48938178386031145,
              0.3820861678004535
            ],
            [
              0.49126946672958943,
              0.3820861678004535
            ],
            [
              0.4931571495988674,
              0.3820861678004535
            ],
            [
              0.49457291175082585,
              0.3813303099017385
            ],
            [
              0.49646059462010383,
              0.3813303099017385
            ],
            [
              0.49834827748938176,
              0.3813303099017385
            ],
            [
              0.5002359603586597,
              0.3813303099017385
            ],
            [
              0.5016517225106182,
              0.3805744520030234
            ],
            [
              0.5035394053798962,
              0.3805744520030234
            ],
            [
              0.5054270882491742,
              0.3805744520030234
            ],
            [
              0.5073147711184521,
              0.3805744520030234
            ],
            [
              0.50920245398773,
              0.3805744520030234
            ],
            [
              0.5108541764983483,
              0.3801965230536659
            ],
            [
              0.5125058990089665,
              0.3798185941043084
            ],
            [
              0.5143935818782445,
              0.3798185941043084
            ],
            [
              0.5162812647475225,
              0.3798185941043084
            ],
            [
              0.5181689476168003,
              0.3798185941043084
            ],
            [
              0.5200566304860783,
              0.3798185941043084
            ],
            [
              0.5217083529966966,
              0.3801965230536659
            ],
            [
              0.5233600755073148,
              0.3805744520030234
            ],
            [
              0.5247758376592733,
              0.3813303099017385
            ],
            [
              0.5264275601698915,
              0.381708238851096
            ],
            [
              0.5280792826805096,
              0.3820861678004535
            ],
            [
              0.5292590844738084,
              0.3832199546485261
            ],
            [
              0.5304388862671071,
              0.3843537414965986
            ],
            [
              0.5316186880604058,
              0.3854875283446712
            ],
            [
              0.5327984898537046,
              0.3866213151927438
            ],
            [
              0.5342142520056631,
              0.3873771730914588
            ],
            [
              0.5353940537989618,
              0.3885109599395314
            ],
            [
              0.536101934874941,
              0.390400604686319
            ],
            [
              0.536101934874941,
              0.3926681783824641
            ],
            [
              0.5349221330816423,
              0.3938019652305367
            ],
            [
              0.5337423312883436,
              0.3949357520786092
            ],
            [
              0.5318546484190656,
              0.3949357520786092
            ],
            [
              0.5304388862671071,
              0.3956916099773243
            ],
            [
              0.5285512033978291,
              0.3956916099773243
            ],
            [
              0.5271354412458706,
              0.3964474678760393
            ],
            [
              0.5252477583765928,
              0.3964474678760393
            ],
            [
              0.5233600755073148,
              0.3964474678760393
            ],
            [
              0.5219443133553563,
              0.39720332577475437
            ],
            [
              0.5200566304860783,
              0.39720332577475437
            ],
            [
              0.5186408683341198,
              0.3979591836734694
            ],
            [
              0.516753185464842,
              0.3979591836734694
            ],
            [
              0.5151014629542237,
              0.3983371126228269
            ],
            [
              0.5134497404436055,
              0.3987150415721844
            ],
            [
              0.5115620575743275,
              0.3987150415721844
            ],
            [
              0.5096743747050495,
              0.3987150415721844
            ],
            [
              0.5082586125530911,
              0.3994708994708995
            ],
            [
              0.5063709296838131,
              0.3994708994708995
            ],
            [
              0.5044832468145352,
              0.3994708994708995
            ],
            [
              0.5025955639452572,
              0.3994708994708995
            ],
            [
              0.500943841434639,
              0.399848828420257
            ],
            [
              0.49929211892402076,
              0.4002267573696145
            ],
            [
              0.4974044360547428,
              0.4002267573696145
            ],
            [
              0.49551675318546484,
              0.4002267573696145
            ],
            [
              0.49410099103350635,
              0.40098261526832957
            ],
            [
              0.4922133081642284,
              0.40098261526832957
            ],
            [
              0.49032562529495044,
              0.40098261526832957
            ],
            [
              0.48890986314299195,
              0.4017384731670446
            ],
            [
              0.487022180273714,
              0.4017384731670446
            ],
            [
              0.48513449740443604,
              0.4017384731670446
            ],
            [
              0.4832468145351581,
              0.4017384731670446
            ],
            [
              0.4818310523831996,
              0.40249433106575966
            ],
            [
              0.47994336951392164,
              0.40249433106575966
            ],
            [
              0.4780556866446437,
              0.40249433106575966
            ],
            [
              0.4761680037753657,
              0.40249433106575966
            ],
            [
              0.4747522416234073,
              0.4032501889644747
            ],
            [
              0.4728645587541293,
              0.4032501889644747
            ],
            [
              0.4709768758848513,
              0.4032501889644747
            ],
            [
              0.46932515337423314,
              0.4036281179138322
            ],
            [
              0.4676734308636149,
              0.4040060468631897
            ],
            [
              0.465785747994337,
              0.4040060468631897
            ],
            [
              0.463898065125059,
              0.4040060468631897
            ],
            [
              0.4624823029731005,
              0.40476190476190477
            ],
            [
              0.46059462010382257,
              0.40476190476190477
            ],
            [
              0.4587069372345446,
              0.40476190476190477
            ],
            [
              0.45681925436526666,
              0.40476190476190477
            ],
            [
              0.45540349221330817,
              0.4055177626606198
            ],
            [
              0.4535158093440302,
              0.4055177626606198
            ],
            [
              0.45162812647475226,
              0.4055177626606198
            ],
            [
              0.44974044360547427,
              0.4055177626606198
            ],
            [
              0.4483246814535158,
              0.40627362055933486
            ]
          ]
        ]
      },
      "properties": {
        "segment_id": 4,
        "area": 4547,
        "bbox": [
          934.0,
          503.0,
          202.0,
          34.0
        ],
        "iou": 0.9144328832626343,
        "stability": 0.9499032497406006,
        "auto_generated": true,
        "model": "segment_anything"
      }
    },
    {
      "type": "Feature",
      "geometry": {
        "type": "Polygon",
        "coordinates": [
          [
            [
              0.23596035865974516,
              0.5869236583522298
            ],
            [
              0.2345445965077867,
              0.5869236583522298
            ],
            [
              0.2331288343558282,
              0.5869236583522298
            ],
            [
              0.23171307220386975,
              0.5869236583522298
            ],
            [
              0.23029731005191129,
              0.5869236583522298
            ],
            [
              0.2288815478999528,
              0.5869236583522298
            ],
            [
              0.22746578574799434,
              0.5869236583522298
            ],
            [
              0.22652194431335534,
              0.5861678004535147
            ],
            [
              0.22510618216139688,
              0.5861678004535147
            ],
            [
              0.22369042000943842,
              0.5861678004535147
            ],
            [
              0.22227465785747993,
              0.5861678004535147
            ],
            [
              0.22085889570552147,
              0.5861678004535147
            ],
            [
              0.21991505427088248,
              0.5854119425547997
            ],
            [
              0.21849929211892402,
              0.5854119425547997
            ],
            [
              0.21708352996696556,
              0.5854119425547997
            ],
            [
              0.21613968853232657,
              0.5846560846560847
            ],
            [
              0.2147239263803681,
              0.5846560846560847
            ],
            [
              0.21330816422840962,
              0.5846560846560847
            ],
            [
              0.21189240207645116,
              0.5846560846560847
            ],
            [
              0.2104766399244927,
              0.5846560846560847
            ],
            [
              0.2095327984898537,
              0.5839002267573696
            ],
            [
              0.20811703633789524,
              0.5839002267573696
            ],
            [
              0.20670127418593676,
              0.5839002267573696
            ],
            [
              0.2052855120339783,
              0.5839002267573696
            ],
            [
              0.20410571024067956,
              0.5835222978080121
            ],
            [
              0.20292590844738084,
              0.5831443688586546
            ],
            [
              0.20151014629542238,
              0.5831443688586546
            ],
            [
              0.2000943841434639,
              0.5831443688586546
            ],
            [
              0.19867862199150543,
              0.5831443688586546
            ],
            [
              0.1974988201982067,
              0.5827664399092971
            ],
            [
              0.19726285983954694,
              0.5816326530612245
            ],
            [
              0.19820670127418594,
              0.5808767951625095
            ],
            [
              0.19915054270882493,
              0.5801209372637944
            ],
            [
              0.2000943841434639,
              0.5793650793650794
            ],
            [
              0.20127418593676263,
              0.5789871504157218
            ],
            [
              0.2022180273714016,
              0.5782312925170068
            ],
            [
              0.20339782916470034,
              0.5778533635676493
            ],
            [
              0.20457763095799905,
              0.5774754346182918
            ],
            [
              0.2057574327512978,
              0.5770975056689343
            ],
            [
              0.20670127418593676,
              0.5763416477702192
            ],
            [
              0.20764511562057575,
              0.5755857898715041
            ],
            [
              0.20882491741387446,
              0.5752078609221466
            ],
            [
              0.20976875884851345,
              0.5744520030234316
            ],
            [
              0.21094856064181217,
              0.5740740740740741
            ],
            [
              0.21189240207645116,
              0.573318216175359
            ],
            [
              0.21283624351109015,
              0.572562358276644
            ],
            [
              0.21378008494572912,
              0.5718065003779289
            ],
            [
              0.21495988673902786,
              0.5714285714285714
            ],
            [
              0.21590372817366682,
              0.5706727135298564
            ],
            [
              0.21708352996696556,
              0.5702947845804989
            ],
            [
              0.21802737140160453,
              0.5695389266817839
            ],
            [
              0.21897121283624352,
              0.5687830687830688
            ],
            [
              0.22015101462954223,
              0.5684051398337112
            ],
            [
              0.22133081642284097,
              0.5680272108843537
            ],
            [
              0.22227465785747993,
              0.5672713529856387
            ],
            [
              0.22345445965077868,
              0.5668934240362812
            ],
            [
              0.2246342614440774,
              0.5665154950869237
            ],
            [
              0.22557810287871638,
              0.5657596371882087
            ],
            [
              0.22699386503067484,
              0.5657596371882087
            ],
            [
              0.22793770646531383,
              0.5650037792894935
            ],
            [
              0.22911750825861255,
              0.564625850340136
            ],
            [
              0.23029731005191129,
              0.5642479213907785
            ],
            [
              0.23147711184521,
              0.563869992441421
            ],
            [
              0.23265691363850874,
              0.5634920634920635
            ],
            [
              0.2336007550731477,
              0.5627362055933485
            ],
            [
              0.2350165172251062,
              0.5627362055933485
            ],
            [
              0.23643227937706465,
              0.5627362055933485
            ],
            [
              0.2378480415290231,
              0.5627362055933485
            ],
            [
              0.2387918829636621,
              0.5634920634920635
            ],
            [
              0.2397357243983011,
              0.5642479213907785
            ],
            [
              0.24115148655025956,
              0.5642479213907785
            ],
            [
              0.24209532798489855,
              0.5650037792894935
            ],
            [
              0.243511090136857,
              0.5650037792894935
            ],
            [
              0.24492685228881547,
              0.5650037792894935
            ],
            [
              0.24634261444077396,
              0.5650037792894935
            ],
            [
              0.24775837659273242,
              0.5650037792894935
            ],
            [
              0.24917413874469088,
              0.5650037792894935
            ],
            [
              0.25058990089664934,
              0.5650037792894935
            ],
            [
              0.25200566304860783,
              0.5650037792894935
            ],
            [
              0.2534214252005663,
              0.5650037792894935
            ],
            [
              0.25483718735252475,
              0.5650037792894935
            ],
            [
              0.25625294950448324,
              0.5650037792894935
            ],
            [
              0.25766871165644173,
              0.5650037792894935
            ],
            [
              0.2586125530910807,
              0.5657596371882087
            ],
            [
              0.26002831524303915,
              0.5657596371882087
            ],
            [
              0.26097215667767815,
              0.5665154950869237
            ],
            [
              0.26191599811231714,
              0.5672713529856387
            ],
            [
              0.2633317602642756,
              0.5672713529856387
            ],
            [
              0.26427560169891456,
              0.5680272108843537
            ],
            [
              0.26569136385087305,
              0.5680272108843537
            ],
            [
              0.26663520528551204,
              0.5687830687830688
            ],
            [
              0.2673430863614913,
              0.5699168556311414
            ],
            [
              0.26663520528551204,
              0.5710506424792139
            ],
            [
              0.26569136385087305,
              0.5718065003779289
            ],
            [
              0.2645115620575743,
              0.5721844293272865
            ],
            [
              0.2635677206229353,
              0.5729402872260015
            ],
            [
              0.2626238791882964,
              0.5736961451247166
            ],
            [
              0.2616800377536574,
              0.5744520030234316
            ],
            [
              0.26050023596035865,
              0.5748299319727891
            ],
            [
              0.25955639452571966,
              0.5755857898715041
            ],
            [
              0.2581406323737612,
              0.5755857898715041
            ],
            [
              0.25719679093912223,
              0.5763416477702192
            ],
            [
              0.25578102878716374,
              0.5763416477702192
            ],
            [
              0.2543652666352053,
              0.5763416477702192
            ],
            [
              0.2529495044832468,
              0.5763416477702192
            ],
            [
              0.25153374233128833,
              0.5763416477702192
            ],
            [
              0.25011798017932985,
              0.5763416477702192
            ],
            [
              0.24917413874469088,
              0.5770975056689343
            ],
            [
              0.24775837659273242,
              0.5770975056689343
            ],
            [
              0.24681453515809343,
              0.5778533635676493
            ],
            [
              0.24587069372345446,
              0.5786092214663643
            ],
            [
              0.24492685228881547,
              0.5793650793650794
            ],
            [
              0.24421897121283626,
              0.5804988662131519
            ],
            [
              0.24327512977819726,
              0.581254724111867
            ],
            [
              0.24233128834355827,
              0.582010582010582
            ],
            [
              0.24162340726757905,
              0.5831443688586546
            ],
            [
              0.2409155261915998,
              0.5842781557067271
            ],
            [
              0.23997168475696082,
              0.5850340136054422
            ],
            [
              0.2387918829636621,
              0.5854119425547997
            ],
            [
              0.2378480415290231,
              0.5861678004535147
            ],
            [
              0.23643227937706465,
              0.5861678004535147
            ],
            [
              0.23596035865974516,
              0.5869236583522298
            ]
          ]
        ]
      },
      "properties": {
        "segment_id": 5,
        "area": 2636,
        "bbox": [
          418.0,
          745.0,
          148.0,
          31.0
        ],
        "iou": 0.9092994332313538,
        "stability": 0.9608792662620544,
        "auto_generated": true,
        "model": "segment_anything"
      }
    },
    {
      "type": "Feature",
      "geometry": {
        "type": "Polygon",
        "coordinates": [
          [
            [
              0.4171779141104294,
              0.5430839002267573
            ],
            [
              0.4162340726757905,
              0.5430839002267573
            ],
            [
              0.4152902312411515,
              0.5430839002267573
            ],
            [
              0.4143463898065125,
              0.5430839002267573
            ],
            [
              0.4134025483718735,
              0.5430839002267573
            ],
            [
              0.4124587069372345,
              0.5430839002267573
            ],
            [
              0.4115148655025956,
              0.5430839002267573
            ],
            [
              0.4110429447852761,
              0.5423280423280423
            ],
            [
              0.4100991033506371,
              0.5423280423280423
            ],
            [
              0.4091552619159981,
              0.5423280423280423
            ],
            [
              0.4082114204813591,
              0.5423280423280423
            ],
            [
              0.4072675790467202,
              0.5423280423280423
            ],
            [
              0.40655969797074093,
              0.5419501133786848
            ],
            [
              0.4058518168947617,
              0.5415721844293273
            ],
            [
              0.4049079754601227,
              0.5415721844293273
            ],
            [
              0.4039641340254837,
              0.5415721844293273
            ],
            [
              0.40325625294950446,
              0.5411942554799698
            ],
            [
              0.40254837187352527,
              0.5408163265306123
            ],
            [
              0.4016045304388863,
              0.5408163265306123
            ],
            [
              0.4006606890042473,
              0.5408163265306123
            ],
            [
              0.3997168475696083,
              0.5408163265306123
            ],
            [
              0.3992449268522888,
              0.5400604686318972
            ],
            [
              0.39830108541764986,
              0.5400604686318972
            ],
            [
              0.3980651250589901,
              0.5389266817838246
            ],
            [
              0.3980651250589901,
              0.5374149659863946
            ],
            [
              0.39830108541764986,
              0.536281179138322
            ],
            [
              0.3987730061349693,
              0.5355253212396069
            ],
            [
              0.3997168475696083,
              0.5355253212396069
            ],
            [
              0.4001887682869278,
              0.5347694633408919
            ],
            [
              0.40089664936290703,
              0.5343915343915344
            ],
            [
              0.4016045304388863,
              0.5340136054421769
            ],
            [
              0.40207645115620577,
              0.5332577475434618
            ],
            [
              0.40254837187352527,
              0.5325018896447468
            ],
            [
              0.40325625294950446,
              0.5321239606953893
            ],
            [
              0.4039641340254837,
              0.5317460317460317
            ],
            [
              0.4044360547428032,
              0.5309901738473167
            ],
            [
              0.4049079754601227,
              0.5302343159486017
            ],
            [
              0.4053798961774422,
              0.5294784580498866
            ],
            [
              0.4058518168947617,
              0.5287226001511716
            ],
            [
              0.4063237376120812,
              0.5279667422524565
            ],
            [
              0.4072675790467202,
              0.5279667422524565
            ],
            [
              0.4077394997640396,
              0.5272108843537415
            ],
            [
              0.40844738084001886,
              0.526832955404384
            ],
            [
              0.4091552619159981,
              0.5264550264550265
            ],
            [
              0.4096271826333176,
              0.5256991685563114
            ],
            [
              0.41033506370929684,
              0.5253212396069539
            ],
            [
              0.41080698442661634,
              0.5245653817082389
            ],
            [
              0.41127890514393584,
              0.5238095238095238
            ],
            [
              0.41175082586125533,
              0.5230536659108088
            ],
            [
              0.4122227465785748,
              0.5222978080120937
            ],
            [
              0.41269466729589427,
              0.5215419501133787
            ],
            [
              0.4134025483718735,
              0.5211640211640212
            ],
            [
              0.413874469089193,
              0.5204081632653061
            ],
            [
              0.4143463898065125,
              0.5196523053665911
            ],
            [
              0.4152902312411515,
              0.5196523053665911
            ],
            [
              0.415762151958471,
              0.518896447467876
            ],
            [
              0.41670599339310993,
              0.518896447467876
            ],
            [
              0.4176498348277489,
              0.518896447467876
            ],
            [
              0.4181217555450684,
              0.518140589569161
            ],
            [
              0.4190655969797074,
              0.518140589569161
            ],
            [
              0.4200094384143464,
              0.518140589569161
            ],
            [
              0.42071731949032565,
              0.5185185185185185
            ],
            [
              0.42142520056630484,
              0.518896447467876
            ],
            [
              0.42236904200094383,
              0.518896447467876
            ],
            [
              0.4233128834355828,
              0.518896447467876
            ],
            [
              0.4242567248702218,
              0.518896447467876
            ],
            [
              0.4252005663048608,
              0.518896447467876
            ],
            [
              0.4256724870221803,
              0.5196523053665911
            ],
            [
              0.42661632845681924,
              0.5196523053665911
            ],
            [
              0.42756016989145823,
              0.5196523053665911
            ],
            [
              0.4280320906087777,
              0.5204081632653061
            ],
            [
              0.4289759320434167,
              0.5204081632653061
            ],
            [
              0.4299197734780557,
              0.5204081632653061
            ],
            [
              0.43086361491269465,
              0.5204081632653061
            ],
            [
              0.43180745634733364,
              0.5204081632653061
            ],
            [
              0.43275129778197263,
              0.5204081632653061
            ],
            [
              0.4336951392166116,
              0.5204081632653061
            ],
            [
              0.4341670599339311,
              0.5196523053665911
            ],
            [
              0.4346389806512506,
              0.5204081632653061
            ],
            [
              0.43558282208588955,
              0.5204081632653061
            ],
            [
              0.43652666352052855,
              0.5204081632653061
            ],
            [
              0.43747050495516754,
              0.5204081632653061
            ],
            [
              0.4381783860311468,
              0.5207860922146637
            ],
            [
              0.438886267107126,
              0.5211640211640212
            ],
            [
              0.43983010854176496,
              0.5211640211640212
            ],
            [
              0.44077394997640396,
              0.5211640211640212
            ],
            [
              0.44171779141104295,
              0.5211640211640212
            ],
            [
              0.44266163284568194,
              0.5211640211640212
            ],
            [
              0.44360547428032093,
              0.5211640211640212
            ],
            [
              0.4443133553563001,
              0.5215419501133787
            ],
            [
              0.4438414346389806,
              0.5222978080120937
            ],
            [
              0.44360547428032093,
              0.5234315948601663
            ],
            [
              0.44313355356300144,
              0.5241874527588813
            ],
            [
              0.44266163284568194,
              0.5249433106575964
            ],
            [
              0.4419537517697027,
              0.5253212396069539
            ],
            [
              0.4414818310523832,
              0.5260770975056689
            ],
            [
              0.44077394997640396,
              0.5264550264550265
            ],
            [
              0.44030202925908446,
              0.5272108843537415
            ],
            [
              0.4395941481831052,
              0.527588813303099
            ],
            [
              0.438886267107126,
              0.5279667422524565
            ],
            [
              0.43841434638980653,
              0.5287226001511716
            ],
            [
              0.43794242567248703,
              0.5294784580498866
            ],
            [
              0.43747050495516754,
              0.5302343159486017
            ],
            [
              0.4367626238791883,
              0.5306122448979592
            ],
            [
              0.43605474280320905,
              0.5309901738473167
            ],
            [
              0.43511090136857006,
              0.5309901738473167
            ],
            [
              0.4341670599339311,
              0.5309901738473167
            ],
            [
              0.4334591788579519,
              0.5313681027966742
            ],
            [
              0.43275129778197263,
              0.5317460317460317
            ],
            [
              0.43180745634733364,
              0.5317460317460317
            ],
            [
              0.43133553563001414,
              0.5325018896447468
            ],
            [
              0.4306276545540349,
              0.5328798185941043
            ],
            [
              0.4299197734780557,
              0.5332577475434618
            ],
            [
              0.42921189240207647,
              0.5336356764928194
            ],
            [
              0.42873997168475697,
              0.5343915343915344
            ],
            [
              0.4280320906087777,
              0.5347694633408919
            ],
            [
              0.42756016989145823,
              0.5355253212396069
            ],
            [
              0.42708824917413873,
              0.536281179138322
            ],
            [
              0.4263803680981595,
              0.5366591080876795
            ],
            [
              0.4256724870221803,
              0.5370370370370371
            ],
            [
              0.42496460594620106,
              0.5374149659863946
            ],
            [
              0.4242567248702218,
              0.5377928949357521
            ],
            [
              0.42354884379424257,
              0.5381708238851096
            ],
            [
              0.4228409627182633,
              0.5385487528344671
            ],
            [
              0.42236904200094383,
              0.5393046107331821
            ],
            [
              0.4216611609249646,
              0.5396825396825397
            ],
            [
              0.4209532798489854,
              0.5400604686318972
            ],
            [
              0.4204813591316659,
              0.5408163265306123
            ],
            [
              0.41977347805568666,
              0.5411942554799698
            ],
            [
              0.4190655969797074,
              0.5415721844293273
            ],
            [
              0.4185936762623879,
              0.5423280423280423
            ],
            [
              0.4176498348277489,
              0.5423280423280423
            ],
            [
              0.4171779141104294,
              0.5430839002267573
            ]
          ]
        ]
      },
      "properties": {
        "segment_id": 6,
        "area": 1804,
        "bbox": [
          844.0,
          686.0,
          97.0,
          32.0
        ],
        "iou": 0.906791090965271,
        "stability": 0.9229133725166321,
        "auto_generated": true,
        "model": "segment_anything"
      }
    },
    {
      "type": "Feature",
      "geometry": {
        "type": "Polygon",
        "coordinates": [
          [
            [
              0.5172251061821614,
              0.5748299319727891
            ],
            [
              0.516753185464842,
              0.5748299319727891
            ],
            [
              0.5162812647475225,
              0.5748299319727891
            ],
            [
              0.515809344030203,
              0.5748299319727891
            ],
            [
              0.5153374233128835,
              0.5748299319727891
            ],
            [
              0.5151014629542237,
              0.5744520030234316
            ],
            [
              0.514865502595564,
              0.5740740740740741
            ],
            [
              0.5143935818782445,
              0.5740740740740741
            ],
            [
              0.513921661160925,
              0.5740740740740741
            ],
            [
              0.5134497404436055,
              0.5740740740740741
            ],
            [
              0.512977819726286,
              0.5740740740740741
            ],
            [
              0.5125058990089665,
              0.5740740740740741
            ],
            [
              0.512033978291647,
              0.5740740740740741
            ],
            [
              0.5117980179329873,
              0.5736961451247166
            ],
            [
              0.5115620575743275,
              0.573318216175359
            ],
            [
              0.511090136857008,
              0.573318216175359
            ],
            [
              0.5106182161396885,
              0.573318216175359
            ],
            [
              0.5103822557810288,
              0.5729402872260015
            ],
            [
              0.510146295422369,
              0.572562358276644
            ],
            [
              0.5096743747050495,
              0.572562358276644
            ],
            [
              0.50920245398773,
              0.572562358276644
            ],
            [
              0.5087305332704106,
              0.572562358276644
            ],
            [
              0.5082586125530911,
              0.572562358276644
            ],
            [
              0.5077866918357716,
              0.572562358276644
            ],
            [
              0.5075507314771118,
              0.5721844293272865
            ],
            [
              0.5073147711184521,
              0.5718065003779289
            ],
            [
              0.5068428504011326,
              0.5718065003779289
            ],
            [
              0.5063709296838131,
              0.5718065003779289
            ],
            [
              0.5058990089664936,
              0.5718065003779289
            ],
            [
              0.5054270882491742,
              0.5718065003779289
            ],
            [
              0.5051911278905143,
              0.5714285714285714
            ],
            [
              0.5049551675318547,
              0.5710506424792139
            ],
            [
              0.5044832468145352,
              0.5710506424792139
            ],
            [
              0.5040113260972157,
              0.5710506424792139
            ],
            [
              0.503775365738556,
              0.5706727135298564
            ],
            [
              0.5035394053798962,
              0.5702947845804989
            ],
            [
              0.5033034450212365,
              0.5699168556311414
            ],
            [
              0.5035394053798962,
              0.5695389266817839
            ],
            [
              0.503775365738556,
              0.5691609977324263
            ],
            [
              0.5040113260972157,
              0.5687830687830688
            ],
            [
              0.5042472864558755,
              0.5684051398337112
            ],
            [
              0.5044832468145352,
              0.5680272108843537
            ],
            [
              0.5047192071731949,
              0.5676492819349962
            ],
            [
              0.5049551675318547,
              0.5672713529856387
            ],
            [
              0.5054270882491742,
              0.5672713529856387
            ],
            [
              0.5058990089664936,
              0.5672713529856387
            ],
            [
              0.5063709296838131,
              0.5672713529856387
            ],
            [
              0.5068428504011326,
              0.5672713529856387
            ],
            [
              0.5073147711184521,
              0.5672713529856387
            ],
            [
              0.5077866918357716,
              0.5672713529856387
            ],
            [
              0.5082586125530911,
              0.5672713529856387
            ],
            [
              0.5087305332704106,
              0.5672713529856387
            ],
            [
              0.50920245398773,
              0.5672713529856387
            ],
            [
              0.5096743747050495,
              0.5672713529856387
            ],
            [
              0.510146295422369,
              0.5672713529856387
            ],
            [
              0.5106182161396885,
              0.5672713529856387
            ],
            [
              0.511090136857008,
              0.5672713529856387
            ],
            [
              0.5115620575743275,
              0.5672713529856387
            ],
            [
              0.512033978291647,
              0.5672713529856387
            ],
            [
              0.5125058990089665,
              0.5672713529856387
            ],
            [
              0.512977819726286,
              0.5672713529856387
            ],
            [
              0.5134497404436055,
              0.5672713529856387
            ],
            [
              0.513921661160925,
              0.5672713529856387
            ],
            [
              0.5143935818782445,
              0.5672713529856387
            ],
            [
              0.514865502595564,
              0.5672713529856387
            ],
            [
              0.5153374233128835,
              0.5672713529856387
            ],
            [
              0.5155733836715432,
              0.5676492819349962
            ],
            [
              0.515809344030203,
              0.5680272108843537
            ],
            [
              0.5162812647475225,
              0.5680272108843537
            ],
            [
              0.516753185464842,
              0.5680272108843537
            ],
            [
              0.5172251061821614,
              0.5680272108843537
            ],
            [
              0.5176970268994809,
              0.5680272108843537
            ],
            [
              0.5181689476168003,
              0.5680272108843537
            ],
            [
              0.5186408683341198,
              0.5680272108843537
            ],
            [
              0.5191127890514393,
              0.5680272108843537
            ],
            [
              0.5195847097687588,
              0.5680272108843537
            ],
            [
              0.5200566304860783,
              0.5680272108843537
            ],
            [
              0.5205285512033978,
              0.5680272108843537
            ],
            [
              0.5207645115620576,
              0.5676492819349962
            ],
            [
              0.5210004719207173,
              0.5672713529856387
            ],
            [
              0.5214723926380368,
              0.5672713529856387
            ],
            [
              0.5219443133553563,
              0.5672713529856387
            ],
            [
              0.5224162340726758,
              0.5672713529856387
            ],
            [
              0.5228881547899953,
              0.5672713529856387
            ],
            [
              0.5233600755073148,
              0.5672713529856387
            ],
            [
              0.5238319962246343,
              0.5672713529856387
            ],
            [
              0.524067956583294,
              0.5676492819349962
            ],
            [
              0.5243039169419538,
              0.5680272108843537
            ],
            [
              0.5245398773006135,
              0.5684051398337112
            ],
            [
              0.5247758376592733,
              0.5687830687830688
            ],
            [
              0.525011798017933,
              0.5691609977324263
            ],
            [
              0.525011798017933,
              0.5699168556311414
            ],
            [
              0.525011798017933,
              0.5706727135298564
            ],
            [
              0.525011798017933,
              0.5714285714285714
            ],
            [
              0.5247758376592733,
              0.5718065003779289
            ],
            [
              0.5243039169419538,
              0.5718065003779289
            ],
            [
              0.5238319962246343,
              0.5718065003779289
            ],
            [
              0.5235960358659745,
              0.5721844293272865
            ],
            [
              0.5233600755073148,
              0.572562358276644
            ],
            [
              0.5228881547899953,
              0.572562358276644
            ],
            [
              0.5224162340726758,
              0.572562358276644
            ],
            [
              0.5221802737140161,
              0.5729402872260015
            ],
            [
              0.5219443133553563,
              0.573318216175359
            ],
            [
              0.5214723926380368,
              0.573318216175359
            ],
            [
              0.5210004719207173,
              0.573318216175359
            ],
            [
              0.5205285512033978,
              0.573318216175359
            ],
            [
              0.5202925908447381,
              0.5736961451247166
            ],
            [
              0.5200566304860783,
              0.5740740740740741
            ],
            [
              0.5195847097687588,
              0.5740740740740741
            ],
            [
              0.5191127890514393,
              0.5740740740740741
            ],
            [
              0.5186408683341198,
              0.5740740740740741
            ],
            [
              0.5181689476168003,
              0.5740740740740741
            ],
            [
              0.5176970268994809,
              0.5740740740740741
            ],
            [
              0.5174610665408211,
              0.5744520030234316
            ],
            [
              0.5172251061821614,
              0.5748299319727891
            ],
            [
              0.5172251061821614,
              0.5748299319727891
            ]
          ]
        ]
      },
      "properties": {
        "segment_id": 7,
        "area": 333,
        "bbox": [
          1067.0,
          751.0,
          45.0,
          9.0
        ],
        "iou": 0.8951683044433594,
        "stability": 0.9588235020637512,
        "auto_generated": true,
        "model": "segment_anything"
      }
    },
    {
      "type": "Feature",
      "geometry": {
        "type": "Polygon",
        "coordinates": [
          [
            [
              0.44643699858423785,
              0.4879062736205593
            ],
            [
              0.44596507786691836,
              0.4879062736205593
            ],
            [
              0.44549315714959886,
              0.4879062736205593
            ],
            [
              0.44502123643227937,
              0.4879062736205593
            ],
            [
              0.44454931571495987,
              0.4879062736205593
            ],
            [
              0.4440773949976404,
              0.4879062736205593
            ],
            [
              0.44360547428032093,
              0.4879062736205593
            ],
            [
              0.44313355356300144,
              0.4879062736205593
            ],
            [
              0.44266163284568194,
              0.4879062736205593
            ],
            [
              0.44218971212836244,
              0.4879062736205593
            ],
            [
              0.44171779141104295,
              0.4879062736205593
            ],
            [
              0.4414818310523832,
              0.4875283446712018
            ],
            [
              0.44124587069372345,
              0.4871504157218443
            ],
            [
              0.4410099103350637,
              0.4875283446712018
            ],
            [
              0.44077394997640396,
              0.4879062736205593
            ],
            [
              0.44030202925908446,
              0.4879062736205593
            ],
            [
              0.43983010854176496,
              0.4879062736205593
            ],
            [
              0.43935818782444547,
              0.4879062736205593
            ],
            [
              0.438886267107126,
              0.4879062736205593
            ],
            [
              0.4386503067484663,
              0.4875283446712018
            ],
            [
              0.43841434638980653,
              0.4871504157218443
            ],
            [
              0.43794242567248703,
              0.4871504157218443
            ],
            [
              0.43747050495516754,
              0.4871504157218443
            ],
            [
              0.43699858423784804,
              0.4871504157218443
            ],
            [
              0.43652666352052855,
              0.4871504157218443
            ],
            [
              0.43605474280320905,
              0.4871504157218443
            ],
            [
              0.43558282208588955,
              0.4871504157218443
            ],
            [
              0.43511090136857006,
              0.4871504157218443
            ],
            [
              0.4346389806512506,
              0.4871504157218443
            ],
            [
              0.4341670599339311,
              0.4871504157218443
            ],
            [
              0.4336951392166116,
              0.4871504157218443
            ],
            [
              0.43322321849929213,
              0.4871504157218443
            ],
            [
              0.43275129778197263,
              0.4871504157218443
            ],
            [
              0.43227937706465314,
              0.4871504157218443
            ],
            [
              0.43180745634733364,
              0.4871504157218443
            ],
            [
              0.43133553563001414,
              0.4871504157218443
            ],
            [
              0.4310995752713544,
              0.48677248677248675
            ],
            [
              0.43086361491269465,
              0.48639455782312924
            ],
            [
              0.43039169419537515,
              0.48639455782312924
            ],
            [
              0.4299197734780557,
              0.48639455782312924
            ],
            [
              0.4294478527607362,
              0.48639455782312924
            ],
            [
              0.4289759320434167,
              0.48639455782312924
            ],
            [
              0.4285040113260972,
              0.48639455782312924
            ],
            [
              0.4280320906087777,
              0.48639455782312924
            ],
            [
              0.427796130250118,
              0.4860166288737717
            ],
            [
              0.42756016989145823,
              0.4856386999244142
            ],
            [
              0.42708824917413873,
              0.4856386999244142
            ],
            [
              0.42661632845681924,
              0.4856386999244142
            ],
            [
              0.42614440773949974,
              0.4856386999244142
            ],
            [
              0.4256724870221803,
              0.4856386999244142
            ],
            [
              0.4252005663048608,
              0.4856386999244142
            ],
            [
              0.42496460594620106,
              0.4852607709750567
            ],
            [
              0.4247286455875413,
              0.48488284202569915
            ],
            [
              0.4242567248702218,
              0.48488284202569915
            ],
            [
              0.4237848041529023,
              0.48488284202569915
            ],
            [
              0.42354884379424257,
              0.48450491307634164
            ],
            [
              0.4233128834355828,
              0.48412698412698413
            ],
            [
              0.4228409627182633,
              0.48412698412698413
            ],
            [
              0.42236904200094383,
              0.48412698412698413
            ],
            [
              0.42189712128362433,
              0.48412698412698413
            ],
            [
              0.42142520056630484,
              0.48412698412698413
            ],
            [
              0.4209532798489854,
              0.48412698412698413
            ],
            [
              0.42071731949032565,
              0.4837490551776266
            ],
            [
              0.4204813591316659,
              0.4833711262282691
            ],
            [
              0.4200094384143464,
              0.4833711262282691
            ],
            [
              0.4195375176970269,
              0.4833711262282691
            ],
            [
              0.4190655969797074,
              0.4833711262282691
            ],
            [
              0.4185936762623879,
              0.4833711262282691
            ],
            [
              0.41835771590372817,
              0.48299319727891155
            ],
            [
              0.4181217555450684,
              0.48261526832955404
            ],
            [
              0.4176498348277489,
              0.48261526832955404
            ],
            [
              0.4171779141104294,
              0.48261526832955404
            ],
            [
              0.41670599339310993,
              0.48261526832955404
            ],
            [
              0.4162340726757905,
              0.48261526832955404
            ],
            [
              0.415762151958471,
              0.48261526832955404
            ],
            [
              0.41552619159981125,
              0.48223733938019653
            ],
            [
              0.4152902312411515,
              0.481859410430839
            ],
            [
              0.414818310523832,
              0.481859410430839
            ],
            [
              0.41458235016517225,
              0.48148148148148145
            ],
            [
              0.41458235016517225,
              0.48072562358276644
            ],
            [
              0.4143463898065125,
              0.48034769463340893
            ],
            [
              0.41411042944785276,
              0.4799697656840514
            ],
            [
              0.4143463898065125,
              0.47959183673469385
            ],
            [
              0.414818310523832,
              0.47959183673469385
            ],
            [
              0.4152902312411515,
              0.47959183673469385
            ],
            [
              0.415762151958471,
              0.47959183673469385
            ],
            [
              0.4162340726757905,
              0.47959183673469385
            ],
            [
              0.41670599339310993,
              0.47959183673469385
            ],
            [
              0.4169419537517697,
              0.47921390778533635
            ],
            [
              0.4171779141104294,
              0.47883597883597884
            ],
            [
              0.4176498348277489,
              0.47883597883597884
            ],
            [
              0.4181217555450684,
              0.47883597883597884
            ],
            [
              0.4185936762623879,
              0.47883597883597884
            ],
            [
              0.4190655969797074,
              0.47883597883597884
            ],
            [
              0.4195375176970269,
              0.47883597883597884
            ],
            [
              0.4200094384143464,
              0.47883597883597884
            ],
            [
              0.4204813591316659,
              0.47883597883597884
            ],
            [
              0.4209532798489854,
              0.47883597883597884
            ],
            [
              0.4211892402076451,
              0.47921390778533635
            ],
            [
              0.42142520056630484,
              0.47959183673469385
            ],
            [
              0.42189712128362433,
              0.47959183673469385
            ],
            [
              0.42236904200094383,
              0.47959183673469385
            ],
            [
              0.4228409627182633,
              0.47959183673469385
            ],
            [
              0.4233128834355828,
              0.47959183673469385
            ],
            [
              0.4237848041529023,
              0.47959183673469385
            ],
            [
              0.4242567248702218,
              0.47959183673469385
            ],
            [
              0.4247286455875413,
              0.47959183673469385
            ],
            [
              0.42496460594620106,
              0.4799697656840514
            ],
            [
              0.4252005663048608,
              0.48034769463340893
            ],
            [
              0.4256724870221803,
              0.48034769463340893
            ],
            [
              0.42614440773949974,
              0.48034769463340893
            ],
            [
              0.42661632845681924,
              0.48034769463340893
            ],
            [
              0.42708824917413873,
              0.48034769463340893
            ],
            [
              0.42756016989145823,
              0.48034769463340893
            ],
            [
              0.4280320906087777,
              0.48034769463340893
            ],
            [
              0.4285040113260972,
              0.48034769463340893
            ],
            [
              0.4289759320434167,
              0.48034769463340893
            ],
            [
              0.4294478527607362,
              0.48034769463340893
            ],
            [
              0.4299197734780557,
              0.48034769463340893
            ],
            [
              0.43015573383671546,
              0.48072562358276644
            ],
            [
              0.43039169419537515,
              0.48110355253212395
            ],
            [
              0.43086361491269465,
              0.48110355253212395
            ],
            [
              0.43133553563001414,
              0.48110355253212395
            ],
            [
              0.4315714959886739,
              0.48148148148148145
            ],
            [
              0.43180745634733364,
              0.481859410430839
            ],
            [
              0.43227937706465314,
              0.481859410430839
            ],
            [
              0.43275129778197263,
              0.481859410430839
            ],
            [
              0.43322321849929213,
              0.481859410430839
            ],
            [
              0.4334591788579519,
              0.48223733938019653
            ],
            [
              0.4336951392166116,
              0.48261526832955404
            ],
            [
              0.4341670599339311,
              0.48261526832955404
            ],
            [
              0.4346389806512506,
              0.48261526832955404
            ],
            [
              0.43511090136857006,
              0.48261526832955404
            ],
            [
              0.43558282208588955,
              0.48261526832955404
            ],
            [
              0.4358187824445493,
              0.48299319727891155
            ],
            [
              0.43605474280320905,
              0.4833711262282691
            ],
            [
              0.43652666352052855,
              0.4833711262282691
            ],
            [
              0.43699858423784804,
              0.4833711262282691
            ],
            [
              0.43747050495516754,
              0.4833711262282691
            ],
            [
              0.43794242567248703,
              0.4833711262282691
            ],
            [
              0.43841434638980653,
              0.4833711262282691
            ],
            [
              0.438886267107126,
              0.4833711262282691
            ],
            [
              0.43935818782444547,
              0.4833711262282691
            ],
            [
              0.43983010854176496,
              0.4833711262282691
            ],
            [
              0.4400660689004247,
              0.4837490551776266
            ],
            [
              0.44030202925908446,
              0.48412698412698413
            ],
            [
              0.44077394997640396,
              0.48412698412698413
            ],
            [
              0.44124587069372345,
              0.48412698412698413
            ],
            [
              0.44171779141104295,
              0.48412698412698413
            ],
            [
              0.44218971212836244,
              0.48412698412698413
            ],
            [
              0.44266163284568194,
              0.48412698412698413
            ],
            [
              0.44313355356300144,
              0.48412698412698413
            ],
            [
              0.4433695139216612,
              0.4837490551776266
            ],
            [
              0.44360547428032093,
              0.4833711262282691
            ],
            [
              0.4440773949976404,
              0.4833711262282691
            ],
            [
              0.4443133553563001,
              0.4837490551776266
            ],
            [
              0.44454931571495987,
              0.48412698412698413
            ],
            [
              0.44502123643227937,
              0.48412698412698413
            ],
            [
              0.44549315714959886,
              0.48412698412698413
            ],
            [
              0.4457291175082586,
              0.48450491307634164
            ],
            [
              0.44596507786691836,
              0.48488284202569915
            ],
            [
              0.44643699858423785,
              0.48488284202569915
            ],
            [
              0.44690891930155735,
              0.48488284202569915
            ],
            [
              0.4471448796602171,
              0.4852607709750567
            ],
            [
              0.44738084001887685,
              0.4856386999244142
            ],
            [
              0.44785276073619634,
              0.4856386999244142
            ],
            [
              0.4480887210948561,
              0.4860166288737717
            ],
            [
              0.4480887210948561,
              0.48677248677248675
            ],
            [
              0.44785276073619634,
              0.4871504157218443
            ],
            [
              0.44738084001887685,
              0.4871504157218443
            ],
            [
              0.44690891930155735,
              0.4871504157218443
            ],
            [
              0.4466729589428976,
              0.4875283446712018
            ],
            [
              0.44643699858423785,
              0.4879062736205593
            ],
            [
              0.44643699858423785,
              0.4879062736205593
            ]
          ]
        ]
      },
      "properties": {
        "segment_id": 8,
        "area": 408,
        "bbox": [
          878.0,
          634.0,
          71.0,
          11.0
        ],
        "iou": 0.8906309604644775,
        "stability": 0.9589372277259827,
        "auto_generated": true,
        "model": "segment_anything"
      }
    },
    {
      "type": "Feature",
      "geometry": {
        "type": "Polygon",
        "coordinates": [
          [
            [
              0.438886267107126,
              0.444822373393802
            ],
            [
              0.43747050495516754,
              0.444822373393802
            ],
            [
              0.4362907031618688,
              0.4444444444444444
            ],
            [
              0.43511090136857006,
              0.4440665154950869
            ],
            [
              0.4336951392166116,
              0.4440665154950869
            ],
            [
              0.43227937706465314,
              0.4440665154950869
            ],
            [
              0.43086361491269465,
              0.4440665154950869
            ],
            [
              0.42968381311939596,
              0.4436885865457294
            ],
            [
              0.4285040113260972,
              0.4433106575963719
            ],
            [
              0.4273242095327985,
              0.4429327286470144
            ],
            [
              0.42614440773949974,
              0.4425547996976568
            ],
            [
              0.4247286455875413,
              0.4425547996976568
            ],
            [
              0.4233128834355828,
              0.4425547996976568
            ],
            [
              0.42236904200094383,
              0.4417989417989418
            ],
            [
              0.4209532798489854,
              0.4417989417989418
            ],
            [
              0.4200094384143464,
              0.4410430839002268
            ],
            [
              0.4185936762623879,
              0.4410430839002268
            ],
            [
              0.4174138744690892,
              0.4406651549508692
            ],
            [
              0.4162340726757905,
              0.4402872260015117
            ],
            [
              0.4152902312411515,
              0.4395313681027967
            ],
            [
              0.413874469089193,
              0.4395313681027967
            ],
            [
              0.4124587069372345,
              0.4395313681027967
            ],
            [
              0.41127890514393584,
              0.43915343915343913
            ],
            [
              0.4100991033506371,
              0.4387755102040816
            ],
            [
              0.4086833411986786,
              0.4387755102040816
            ],
            [
              0.4072675790467202,
              0.4387755102040816
            ],
            [
              0.4058518168947617,
              0.4387755102040816
            ],
            [
              0.4049079754601227,
              0.4380196523053666
            ],
            [
              0.4034922133081642,
              0.4380196523053666
            ],
            [
              0.40254837187352527,
              0.43726379440665153
            ],
            [
              0.4016045304388863,
              0.4365079365079365
            ],
            [
              0.40042472864558754,
              0.436130007558579
            ],
            [
              0.3992449268522888,
              0.4357520786092215
            ],
            [
              0.3980651250589901,
              0.43537414965986393
            ],
            [
              0.39688532326569137,
              0.4349962207105064
            ],
            [
              0.39570552147239263,
              0.4346182917611489
            ],
            [
              0.3945257196790939,
              0.4342403628117914
            ],
            [
              0.39310995752713546,
              0.4342403628117914
            ],
            [
              0.39216611609249646,
              0.43348450491307633
            ],
            [
              0.39263803680981596,
              0.4327286470143613
            ],
            [
              0.3938178386031147,
              0.4323507180650038
            ],
            [
              0.3949976403964134,
              0.43197278911564624
            ],
            [
              0.3959414818310524,
              0.4312169312169312
            ],
            [
              0.3971212836243511,
              0.4308390022675737
            ],
            [
              0.39830108541764986,
              0.4304610733182162
            ],
            [
              0.3992449268522888,
              0.42970521541950113
            ],
            [
              0.4006606890042473,
              0.42970521541950113
            ],
            [
              0.40207645115620577,
              0.42970521541950113
            ],
            [
              0.4034922133081642,
              0.42970521541950113
            ],
            [
              0.4049079754601227,
              0.42970521541950113
            ],
            [
              0.4063237376120812,
              0.42970521541950113
            ],
            [
              0.4077394997640396,
              0.42970521541950113
            ],
            [
              0.4091552619159981,
              0.42970521541950113
            ],
            [
              0.4100991033506371,
              0.4304610733182162
            ],
            [
              0.4115148655025956,
              0.4304610733182162
            ],
            [
              0.412930627654554,
              0.4304610733182162
            ],
            [
              0.413874469089193,
              0.4312169312169312
            ],
            [
              0.4152902312411515,
              0.4312169312169312
            ],
            [
              0.41647003303445024,
              0.43159486016628873
            ],
            [
              0.4176498348277489,
              0.43197278911564624
            ],
            [
              0.4190655969797074,
              0.43197278911564624
            ],
            [
              0.4204813591316659,
              0.43197278911564624
            ],
            [
              0.42189712128362433,
              0.43197278911564624
            ],
            [
              0.4230769230769231,
              0.4323507180650038
            ],
            [
              0.4242567248702218,
              0.4327286470143613
            ],
            [
              0.4256724870221803,
              0.4327286470143613
            ],
            [
              0.42661632845681924,
              0.43348450491307633
            ],
            [
              0.42756016989145823,
              0.4342403628117914
            ],
            [
              0.4289759320434167,
              0.4342403628117914
            ],
            [
              0.43039169419537515,
              0.4342403628117914
            ],
            [
              0.43180745634733364,
              0.4342403628117914
            ],
            [
              0.43322321849929213,
              0.4342403628117914
            ],
            [
              0.4346389806512506,
              0.4342403628117914
            ],
            [
              0.43558282208588955,
              0.4349962207105064
            ],
            [
              0.43699858423784804,
              0.4349962207105064
            ],
            [
              0.43841434638980653,
              0.4349962207105064
            ],
            [
              0.43935818782444547,
              0.4357520786092215
            ],
            [
              0.44077394997640396,
              0.4357520786092215
            ],
            [
              0.44171779141104295,
              0.4365079365079365
            ],
            [
              0.44313355356300144,
              0.4365079365079365
            ],
            [
              0.4440773949976404,
              0.43726379440665153
            ],
            [
              0.44549315714959886,
              0.43726379440665153
            ],
            [
              0.44643699858423785,
              0.4380196523053666
            ],
            [
              0.4476168003775366,
              0.4383975812547241
            ],
            [
              0.4487966021708353,
              0.4387755102040816
            ],
            [
              0.449976403964134,
              0.43915343915343913
            ],
            [
              0.45115620575743276,
              0.4395313681027967
            ],
            [
              0.45257196790939125,
              0.4395313681027967
            ],
            [
              0.4535158093440302,
              0.4402872260015117
            ],
            [
              0.45422369042000943,
              0.4414210128495843
            ],
            [
              0.4530438886267107,
              0.4417989417989418
            ],
            [
              0.45162812647475226,
              0.4417989417989418
            ],
            [
              0.45068428504011326,
              0.4425547996976568
            ],
            [
              0.4492685228881548,
              0.4425547996976568
            ],
            [
              0.44785276073619634,
              0.4425547996976568
            ],
            [
              0.4466729589428976,
              0.4429327286470144
            ],
            [
              0.44549315714959886,
              0.4433106575963719
            ],
            [
              0.4440773949976404,
              0.4433106575963719
            ],
            [
              0.44313355356300144,
              0.4440665154950869
            ],
            [
              0.44171779141104295,
              0.4440665154950869
            ],
            [
              0.44030202925908446,
              0.4440665154950869
            ],
            [
              0.4391222274657858,
              0.4444444444444444
            ],
            [
              0.438886267107126,
              0.444822373393802
            ]
          ]
        ]
      },
      "properties": {
        "segment_id": 9,
        "area": 1276,
        "bbox": [
          831.0,
          569.0,
          131.0,
          19.0
        ],
        "iou": 0.8771637082099915,
        "stability": 0.9218632578849792,
        "auto_generated": true,
        "model": "segment_anything"
      }
    },
    {
      "type": "Feature",
      "geometry": {
        "type": "Polygon",
        "coordinates": [
          [
            [
              0.0924964605946201,
              0.5332577475434618
            ],
            [
              0.09202453987730061,
              0.5332577475434618
            ],
            [
              0.09155261915998113,
              0.5332577475434618
            ],
            [
              0.09108069844266163,
              0.5332577475434618
            ],
            [
              0.09060877772534215,
              0.5332577475434618
            ],
            [
              0.09013685700802265,
              0.5332577475434618
            ],
            [
              0.08966493629070316,
              0.5332577475434618
            ],
            [
              0.08919301557338367,
              0.5332577475434618
            ],
            [
              0.08872109485606418,
              0.5332577475434618
            ],
            [
              0.0882491741387447,
              0.5332577475434618
            ],
            [
              0.0877772534214252,
              0.5332577475434618
            ],
            [
              0.08754129306276545,
              0.5328798185941043
            ],
            [
              0.0873053327041057,
              0.5325018896447468
            ],
            [
              0.08683341198678622,
              0.5325018896447468
            ],
            [
              0.08636149126946673,
              0.5325018896447468
            ],
            [
              0.08612553091080699,
              0.5321239606953893
            ],
            [
              0.08612553091080699,
              0.5313681027966742
            ],
            [
              0.08588957055214724,
              0.5309901738473167
            ],
            [
              0.0856536101934875,
              0.5306122448979592
            ],
            [
              0.0856536101934875,
              0.5298563869992441
            ],
            [
              0.0856536101934875,
              0.5291005291005291
            ],
            [
              0.08588957055214724,
              0.5287226001511716
            ],
            [
              0.08636149126946673,
              0.5287226001511716
            ],
            [
              0.08683341198678622,
              0.5287226001511716
            ],
            [
              0.08706937234544597,
              0.528344671201814
            ],
            [
              0.0873053327041057,
              0.5279667422524565
            ],
            [
              0.0877772534214252,
              0.5279667422524565
            ],
            [
              0.0882491741387447,
              0.5279667422524565
            ],
            [
              0.08872109485606418,
              0.5279667422524565
            ],
            [
              0.08919301557338367,
              0.5279667422524565
            ],
            [
              0.08966493629070316,
              0.5279667422524565
            ],
            [
              0.0899008966493629,
              0.527588813303099
            ],
            [
              0.09013685700802265,
              0.5272108843537415
            ],
            [
              0.09060877772534215,
              0.5272108843537415
            ],
            [
              0.09084473808400188,
              0.526832955404384
            ],
            [
              0.09108069844266163,
              0.5264550264550265
            ],
            [
              0.09155261915998113,
              0.5264550264550265
            ],
            [
              0.09202453987730061,
              0.5264550264550265
            ],
            [
              0.0924964605946201,
              0.5264550264550265
            ],
            [
              0.09296838131193959,
              0.5264550264550265
            ],
            [
              0.09344030202925908,
              0.5264550264550265
            ],
            [
              0.09367626238791883,
              0.5260770975056689
            ],
            [
              0.09391222274657858,
              0.5256991685563114
            ],
            [
              0.09438414346389806,
              0.5256991685563114
            ],
            [
              0.09485606418121756,
              0.5256991685563114
            ],
            [
              0.09532798489853704,
              0.5256991685563114
            ],
            [
              0.09579990561585654,
              0.5256991685563114
            ],
            [
              0.09627182633317603,
              0.5256991685563114
            ],
            [
              0.09674374705049552,
              0.5256991685563114
            ],
            [
              0.09721566776781501,
              0.5256991685563114
            ],
            [
              0.0976875884851345,
              0.5256991685563114
            ],
            [
              0.09815950920245399,
              0.5256991685563114
            ],
            [
              0.09863142991977347,
              0.5256991685563114
            ],
            [
              0.09910335063709297,
              0.5256991685563114
            ],
            [
              0.09957527135441246,
              0.5256991685563114
            ],
            [
              0.10004719207173195,
              0.5256991685563114
            ],
            [
              0.10051911278905144,
              0.5256991685563114
            ],
            [
              0.10099103350637093,
              0.5256991685563114
            ],
            [
              0.10122699386503067,
              0.5260770975056689
            ],
            [
              0.10122699386503067,
              0.526832955404384
            ],
            [
              0.10146295422369042,
              0.5272108843537415
            ],
            [
              0.10169891458235017,
              0.527588813303099
            ],
            [
              0.10169891458235017,
              0.528344671201814
            ],
            [
              0.10146295422369042,
              0.5287226001511716
            ],
            [
              0.10099103350637093,
              0.5287226001511716
            ],
            [
              0.10051911278905144,
              0.5287226001511716
            ],
            [
              0.1002831524303917,
              0.5291005291005291
            ],
            [
              0.10004719207173195,
              0.5294784580498866
            ],
            [
              0.09957527135441246,
              0.5294784580498866
            ],
            [
              0.09910335063709297,
              0.5294784580498866
            ],
            [
              0.09886739027843322,
              0.5298563869992441
            ],
            [
              0.09863142991977347,
              0.5302343159486017
            ],
            [
              0.09815950920245399,
              0.5302343159486017
            ],
            [
              0.0976875884851345,
              0.5302343159486017
            ],
            [
              0.09745162812647475,
              0.5306122448979592
            ],
            [
              0.09721566776781501,
              0.5309901738473167
            ],
            [
              0.09674374705049552,
              0.5309901738473167
            ],
            [
              0.09627182633317603,
              0.5309901738473167
            ],
            [
              0.09603586597451629,
              0.5313681027966742
            ],
            [
              0.09579990561585654,
              0.5317460317460317
            ],
            [
              0.09532798489853704,
              0.5317460317460317
            ],
            [
              0.0950920245398773,
              0.5321239606953893
            ],
            [
              0.09485606418121756,
              0.5325018896447468
            ],
            [
              0.09438414346389806,
              0.5325018896447468
            ],
            [
              0.09391222274657858,
              0.5325018896447468
            ],
            [
              0.09344030202925908,
              0.5325018896447468
            ],
            [
              0.09296838131193959,
              0.5325018896447468
            ],
            [
              0.09273242095327985,
              0.5328798185941043
            ],
            [
              0.0924964605946201,
              0.5332577475434618
            ],
            [
              0.0924964605946201,
              0.5332577475434618
            ]
          ]
        ]
      },
      "properties": {
        "segment_id": 10,
        "area": 229,
        "bbox": [
          182.0,
          696.0,
          33.0,
          9.0
        ],
        "iou": 0.8763959407806396,
        "stability": 0.9279661178588867,
        "auto_generated": true,
        "model": "segment_anything"
      }
    },
    {
      "type": "Feature",
      "geometry": {
        "type": "Polygon",
        "coordinates": [
          [
            [
              0.4001887682869278,
              0.6073318216175358
            ],
            [
              0.3997168475696083,
              0.6073318216175358
            ],
            [
              0.3992449268522888,
              0.6073318216175358
            ],
            [
              0.3987730061349693,
              0.6073318216175358
            ],
            [
              0.3985370457763096,
              0.6069538926681783
            ],
            [
              0.39830108541764986,
              0.6065759637188208
            ],
            [
              0.39782916470033036,
              0.6065759637188208
            ],
            [
              0.3975932043416706,
              0.6061980347694633
            ],
            [
              0.39735724398301087,
              0.6058201058201058
            ],
            [
              0.39688532326569137,
              0.6058201058201058
            ],
            [
              0.3966493629070316,
              0.6054421768707483
            ],
            [
              0.3964134025483719,
              0.6050642479213908
            ],
            [
              0.3961774421897121,
              0.6046863189720333
            ],
            [
              0.3964134025483719,
              0.6043083900226758
            ],
            [
              0.3966493629070316,
              0.6039304610733183
            ],
            [
              0.39688532326569137,
              0.6035525321239606
            ],
            [
              0.3971212836243511,
              0.6031746031746031
            ],
            [
              0.39735724398301087,
              0.6027966742252456
            ],
            [
              0.39782916470033036,
              0.6027966742252456
            ],
            [
              0.3980651250589901,
              0.6024187452758881
            ],
            [
              0.39830108541764986,
              0.6020408163265306
            ],
            [
              0.3987730061349693,
              0.6020408163265306
            ],
            [
              0.39900896649362905,
              0.6016628873771731
            ],
            [
              0.3992449268522888,
              0.6012849584278156
            ],
            [
              0.3997168475696083,
              0.6012849584278156
            ],
            [
              0.39995280792826804,
              0.6009070294784581
            ],
            [
              0.4001887682869278,
              0.6005291005291006
            ],
            [
              0.4006606890042473,
              0.6005291005291006
            ],
            [
              0.40089664936290703,
              0.600151171579743
            ],
            [
              0.4011326097215668,
              0.5997732426303855
            ],
            [
              0.4016045304388863,
              0.5997732426303855
            ],
            [
              0.40207645115620577,
              0.5997732426303855
            ],
            [
              0.40254837187352527,
              0.5997732426303855
            ],
            [
              0.40302029259084476,
              0.5997732426303855
            ],
            [
              0.4034922133081642,
              0.5997732426303855
            ],
            [
              0.4039641340254837,
              0.5997732426303855
            ],
            [
              0.4044360547428032,
              0.5997732426303855
            ],
            [
              0.40467201510146295,
              0.600151171579743
            ],
            [
              0.4049079754601227,
              0.6005291005291006
            ],
            [
              0.4053798961774422,
              0.6005291005291006
            ],
            [
              0.4058518168947617,
              0.6005291005291006
            ],
            [
              0.40608777725342143,
              0.6009070294784581
            ],
            [
              0.4063237376120812,
              0.6012849584278156
            ],
            [
              0.40655969797074093,
              0.6016628873771731
            ],
            [
              0.40655969797074093,
              0.6024187452758881
            ],
            [
              0.40655969797074093,
              0.6031746031746031
            ],
            [
              0.40655969797074093,
              0.6039304610733183
            ],
            [
              0.4063237376120812,
              0.6043083900226758
            ],
            [
              0.40608777725342143,
              0.6046863189720333
            ],
            [
              0.4058518168947617,
              0.6050642479213908
            ],
            [
              0.40561585653610194,
              0.6054421768707483
            ],
            [
              0.4053798961774422,
              0.6058201058201058
            ],
            [
              0.4049079754601227,
              0.6058201058201058
            ],
            [
              0.40467201510146295,
              0.6061980347694633
            ],
            [
              0.4044360547428032,
              0.6065759637188208
            ],
            [
              0.4039641340254837,
              0.6065759637188208
            ],
            [
              0.4034922133081642,
              0.6065759637188208
            ],
            [
              0.40302029259084476,
              0.6065759637188208
            ],
            [
              0.40254837187352527,
              0.6065759637188208
            ],
            [
              0.40207645115620577,
              0.6065759637188208
            ],
            [
              0.4016045304388863,
              0.6065759637188208
            ],
            [
              0.4011326097215668,
              0.6065759637188208
            ],
            [
              0.4006606890042473,
              0.6065759637188208
            ],
            [
              0.40042472864558754,
              0.6069538926681783
            ],
            [
              0.4001887682869278,
              0.6073318216175358
            ],
            [
              0.4001887682869278,
              0.6073318216175358
            ]
          ]
        ]
      },
      "properties": {
        "segment_id": 11,
        "area": 155,
        "bbox": [
          840.0,
          794.0,
          21.0,
          9.0
        ],
        "iou": 0.8739947080612183,
        "stability": 0.9746835231781006,
        "auto_generated": true,
        "model": "segment_anything"
      }
    },
    {
      "type": "Feature",
      "geometry": {
        "type": "Polygon",
        "coordinates": [
          [
            [
              0.02784332232184993,
              0.609599395313681
            ],
            [
              0.026899480887210947,
              0.609599395313681
            ],
            [
              0.026191599811231713,
              0.6092214663643235
            ],
            [
              0.025483718735252476,
              0.608843537414966
            ],
            [
              0.024539877300613498,
              0.608843537414966
            ],
            [
              0.023596035865974516,
              0.608843537414966
            ],
            [
              0.023124115148655026,
              0.608087679516251
            ],
            [
              0.022180273714016045,
              0.608087679516251
            ],
            [
              0.021236432279377066,
              0.608087679516251
            ],
            [
              0.020292590844738084,
              0.608087679516251
            ],
            [
              0.019348749410099102,
              0.608087679516251
            ],
            [
              0.018404907975460124,
              0.608087679516251
            ],
            [
              0.017461066540821142,
              0.608087679516251
            ],
            [
              0.01651722510618216,
              0.608087679516251
            ],
            [
              0.01557338367154318,
              0.608087679516251
            ],
            [
              0.0146295422369042,
              0.608087679516251
            ],
            [
              0.01368570080226522,
              0.608087679516251
            ],
            [
              0.013213780084945729,
              0.6073318216175358
            ],
            [
              0.012269938650306749,
              0.6073318216175358
            ],
            [
              0.011326097215667769,
              0.6073318216175358
            ],
            [
              0.010382255781028787,
              0.6073318216175358
            ],
            [
              0.009438414346389807,
              0.6073318216175358
            ],
            [
              0.008966493629070316,
              0.6065759637188208
            ],
            [
              0.00825861255309108,
              0.6061980347694633
            ],
            [
              0.0075507314771118455,
              0.6058201058201058
            ],
            [
              0.00684285040113261,
              0.6054421768707483
            ],
            [
              0.006134969325153374,
              0.6050642479213908
            ],
            [
              0.005427088249174139,
              0.6046863189720333
            ],
            [
              0.005191127890514393,
              0.6035525321239606
            ],
            [
              0.004955167531854649,
              0.6024187452758881
            ],
            [
              0.004955167531854649,
              0.6009070294784581
            ],
            [
              0.005427088249174139,
              0.600151171579743
            ],
            [
              0.005899008966493629,
              0.5993953136810279
            ],
            [
              0.0066068900424728644,
              0.5990173847316704
            ],
            [
              0.0075507314771118455,
              0.5990173847316704
            ],
            [
              0.008494572911750826,
              0.5990173847316704
            ],
            [
              0.009438414346389807,
              0.5990173847316704
            ],
            [
              0.010382255781028787,
              0.5990173847316704
            ],
            [
              0.011326097215667769,
              0.5990173847316704
            ],
            [
              0.012269938650306749,
              0.5990173847316704
            ],
            [
              0.013213780084945729,
              0.5990173847316704
            ],
            [
              0.014157621519584709,
              0.5990173847316704
            ],
            [
              0.015101462954223691,
              0.5990173847316704
            ],
            [
              0.01604530438886267,
              0.5990173847316704
            ],
            [
              0.016989145823501653,
              0.5990173847316704
            ],
            [
              0.01793298725814063,
              0.5990173847316704
            ],
            [
              0.018876828692779613,
              0.5990173847316704
            ],
            [
              0.019820670127418595,
              0.5990173847316704
            ],
            [
              0.020764511562057573,
              0.5990173847316704
            ],
            [
              0.021708352996696555,
              0.5990173847316704
            ],
            [
              0.022652194431335537,
              0.5990173847316704
            ],
            [
              0.02336007550731477,
              0.5993953136810279
            ],
            [
              0.02406795658329401,
              0.5997732426303855
            ],
            [
              0.025011798017932987,
              0.5997732426303855
            ],
            [
              0.02595563945257197,
              0.5997732426303855
            ],
            [
              0.026427560169891458,
              0.6005291005291006
            ],
            [
              0.02737140160453044,
              0.6005291005291006
            ],
            [
              0.028315243039169418,
              0.6005291005291006
            ],
            [
              0.0292590844738084,
              0.6005291005291006
            ],
            [
              0.030202925908447382,
              0.6005291005291006
            ],
            [
              0.03114676734308636,
              0.6005291005291006
            ],
            [
              0.03209060877772534,
              0.6005291005291006
            ],
            [
              0.03303445021236432,
              0.6005291005291006
            ],
            [
              0.033978291647003306,
              0.6005291005291006
            ],
            [
              0.034922133081642284,
              0.6005291005291006
            ],
            [
              0.03586597451628126,
              0.6005291005291006
            ],
            [
              0.03680981595092025,
              0.6005291005291006
            ],
            [
              0.037753657385559226,
              0.6005291005291006
            ],
            [
              0.038697498820198205,
              0.6005291005291006
            ],
            [
              0.03964134025483719,
              0.6005291005291006
            ],
            [
              0.04011326097215668,
              0.6012849584278156
            ],
            [
              0.04105710240679566,
              0.6012849584278156
            ],
            [
              0.042000943841434636,
              0.6012849584278156
            ],
            [
              0.04294478527607362,
              0.6012849584278156
            ],
            [
              0.04341670599339311,
              0.6020408163265306
            ],
            [
              0.04412458706937235,
              0.6024187452758881
            ],
            [
              0.04459650778669184,
              0.6031746031746031
            ],
            [
              0.045068428504011326,
              0.6039304610733183
            ],
            [
              0.04459650778669184,
              0.6046863189720333
            ],
            [
              0.04412458706937235,
              0.6054421768707483
            ],
            [
              0.04341670599339311,
              0.6058201058201058
            ],
            [
              0.04247286455875413,
              0.6058201058201058
            ],
            [
              0.041764983482774895,
              0.6061980347694633
            ],
            [
              0.04105710240679566,
              0.6065759637188208
            ],
            [
              0.04011326097215668,
              0.6065759637188208
            ],
            [
              0.039169419537517694,
              0.6065759637188208
            ],
            [
              0.038225578102878716,
              0.6065759637188208
            ],
            [
              0.037753657385559226,
              0.6073318216175358
            ],
            [
              0.03680981595092025,
              0.6073318216175358
            ],
            [
              0.03586597451628126,
              0.6073318216175358
            ],
            [
              0.03539405379896177,
              0.608087679516251
            ],
            [
              0.034450212364322795,
              0.608087679516251
            ],
            [
              0.03350637092968381,
              0.608087679516251
            ],
            [
              0.03256252949504483,
              0.608087679516251
            ],
            [
              0.03161868806040585,
              0.608087679516251
            ],
            [
              0.03114676734308636,
              0.608843537414966
            ],
            [
              0.030202925908447382,
              0.608843537414966
            ],
            [
              0.0292590844738084,
              0.608843537414966
            ],
            [
              0.028315243039169418,
              0.608843537414966
            ],
            [
              0.02784332232184993,
              0.609599395313681
            ]
          ]
        ]
      },
      "properties": {
        "segment_id": 12,
        "area": 849,
        "bbox": [
          11.0,
          793.0,
          84.0,
          13.0
        ],
        "iou": 0.8723011016845703,
        "stability": 0.9344632625579834,
        "auto_generated": true,
        "model": "segment_anything"
      }
    },
    {
      "type": "Feature",
      "geometry": {
        "type": "Polygon",
        "coordinates": [
          [
            [
              0.29966965549787633,
              0.24678760393046106
            ],
            [
              0.2987258140632374,
              0.24678760393046106
            ],
            [
              0.2977819726285984,
              0.24678760393046106
            ],
            [
              0.2968381311939594,
              0.24678760393046106
            ],
            [
              0.2963662104766399,
              0.24603174603174602
            ],
            [
              0.29613025011798016,
              0.24489795918367346
            ],
            [
              0.29613025011798016,
              0.24338624338624337
            ],
            [
              0.29613025011798016,
              0.2418745275888133
            ],
            [
              0.29660217083529966,
              0.24111866969009826
            ],
            [
              0.29660217083529966,
              0.23960695389266817
            ],
            [
              0.29660217083529966,
              0.23809523809523808
            ],
            [
              0.29707409155261916,
              0.23733938019652306
            ],
            [
              0.29754601226993865,
              0.23658352229780802
            ],
            [
              0.2982538933459179,
              0.23620559334845048
            ],
            [
              0.2987258140632374,
              0.23544973544973544
            ],
            [
              0.29943369513921664,
              0.23507180650037793
            ],
            [
              0.3001415762151958,
              0.23469387755102042
            ],
            [
              0.3010854176498348,
              0.23469387755102042
            ],
            [
              0.3015573383671543,
              0.23393801965230537
            ],
            [
              0.3025011798017933,
              0.23393801965230537
            ],
            [
              0.3029731005191128,
              0.23318216175359033
            ],
            [
              0.3039169419537518,
              0.23318216175359033
            ],
            [
              0.304624823029731,
              0.2328042328042328
            ],
            [
              0.30533270410571023,
              0.23242630385487528
            ],
            [
              0.3062765455403492,
              0.23242630385487528
            ],
            [
              0.3072203869749882,
              0.23242630385487528
            ],
            [
              0.3081642284096272,
              0.23242630385487528
            ],
            [
              0.30910806984426614,
              0.23242630385487528
            ],
            [
              0.31005191127890513,
              0.23242630385487528
            ],
            [
              0.31052383199622463,
              0.23167044595616024
            ],
            [
              0.3114676734308636,
              0.23167044595616024
            ],
            [
              0.3119395941481831,
              0.2309145880574452
            ],
            [
              0.3128834355828221,
              0.2309145880574452
            ],
            [
              0.31382727701746105,
              0.2309145880574452
            ],
            [
              0.31429919773478054,
              0.23015873015873015
            ],
            [
              0.31524303916941954,
              0.23015873015873015
            ],
            [
              0.31618688060405853,
              0.23015873015873015
            ],
            [
              0.3171307220386975,
              0.23015873015873015
            ],
            [
              0.31807456347333646,
              0.23015873015873015
            ],
            [
              0.31901840490797545,
              0.23015873015873015
            ],
            [
              0.31996224634261444,
              0.23015873015873015
            ],
            [
              0.32090608777725343,
              0.23015873015873015
            ],
            [
              0.3218499292118924,
              0.23015873015873015
            ],
            [
              0.32279377064653136,
              0.23015873015873015
            ],
            [
              0.32373761208117036,
              0.23015873015873015
            ],
            [
              0.3244454931571496,
              0.23053665910808768
            ],
            [
              0.32515337423312884,
              0.2309145880574452
            ],
            [
              0.3258612553091081,
              0.23129251700680273
            ],
            [
              0.3263331760264276,
              0.23204837490551777
            ],
            [
              0.3270410571024068,
              0.23242630385487528
            ],
            [
              0.32751297781972627,
              0.23318216175359033
            ],
            [
              0.3282208588957055,
              0.23356009070294784
            ],
            [
              0.328692779613025,
              0.23431594860166288
            ],
            [
              0.32940066068900425,
              0.23469387755102042
            ],
            [
              0.32987258140632375,
              0.23544973544973544
            ],
            [
              0.330580462482303,
              0.23582766439909297
            ],
            [
              0.3310523831996225,
              0.23658352229780802
            ],
            [
              0.33152430391694193,
              0.23733938019652306
            ],
            [
              0.3319962246342614,
              0.23809523809523808
            ],
            [
              0.3319962246342614,
              0.23960695389266817
            ],
            [
              0.3317602642756017,
              0.24074074074074073
            ],
            [
              0.3310523831996225,
              0.24111866969009826
            ],
            [
              0.33034450212364325,
              0.24149659863945577
            ],
            [
              0.329636621047664,
              0.2418745275888133
            ],
            [
              0.32892873997168476,
              0.24225245653817082
            ],
            [
              0.32798489853704577,
              0.24225245653817082
            ],
            [
              0.3272770174610665,
              0.24263038548752835
            ],
            [
              0.32656913638508733,
              0.24300831443688586
            ],
            [
              0.32562529495044834,
              0.24300831443688586
            ],
            [
              0.32468145351580935,
              0.24300831443688586
            ],
            [
              0.32373761208117036,
              0.24300831443688586
            ],
            [
              0.32279377064653136,
              0.24300831443688586
            ],
            [
              0.32232184992921187,
              0.2437641723356009
            ],
            [
              0.3216139688532327,
              0.24414210128495842
            ],
            [
              0.32090608777725343,
              0.24452003023431595
            ],
            [
              0.3201982067012742,
              0.24489795918367346
            ],
            [
              0.31949032562529495,
              0.245275888133031
            ],
            [
              0.31854648419065595,
              0.245275888133031
            ],
            [
              0.31760264275601696,
              0.245275888133031
            ],
            [
              0.316658801321378,
              0.245275888133031
            ],
            [
              0.31571495988673903,
              0.245275888133031
            ],
            [
              0.31477111845210004,
              0.245275888133031
            ],
            [
              0.31429919773478054,
              0.24452003023431595
            ],
            [
              0.31335535630014155,
              0.24452003023431595
            ],
            [
              0.3124115148655026,
              0.24452003023431595
            ],
            [
              0.3114676734308636,
              0.24452003023431595
            ],
            [
              0.31052383199622463,
              0.24452003023431595
            ],
            [
              0.30957999056158564,
              0.24452003023431595
            ],
            [
              0.30863614912694665,
              0.24452003023431595
            ],
            [
              0.3076923076923077,
              0.24452003023431595
            ],
            [
              0.3072203869749882,
              0.245275888133031
            ],
            [
              0.3062765455403492,
              0.245275888133031
            ],
            [
              0.30533270410571023,
              0.245275888133031
            ],
            [
              0.304624823029731,
              0.2456538170823885
            ],
            [
              0.3039169419537518,
              0.24603174603174602
            ],
            [
              0.3029731005191128,
              0.24603174603174602
            ],
            [
              0.3020292590844738,
              0.24603174603174602
            ],
            [
              0.3010854176498348,
              0.24603174603174602
            ],
            [
              0.3001415762151958,
              0.24603174603174602
            ],
            [
              0.29966965549787633,
              0.24678760393046106
            ]
          ]
        ]
      },
      "properties": {
        "segment_id": 13,
        "area": 1203,
        "bbox": [
          628.0,
          305.0,
          75.0,
          21.0
        ],
        "iou": 0.863882303237915,
        "stability": 0.9632052183151245,
        "auto_generated": true,
        "model": "segment_anything"
      }
    },
    {
      "type": "Feature",
      "geometry": {
        "type": "Polygon",
        "coordinates": [
          [
            [
              0.06984426616328457,
              0.735827664399093
            ],
            [
              0.06795658329400661,
              0.735827664399093
            ],
            [
              0.06630486078338839,
              0.7354497354497355
            ],
            [
              0.06465313827277018,
              0.735071806500378
            ],
            [
              0.0632373761208117,
              0.7343159486016629
            ],
            [
              0.06182161396885323,
              0.7335600907029478
            ],
            [
              0.060169891458235016,
              0.7331821617535903
            ],
            [
              0.05946201038225578,
              0.7320483749055178
            ],
            [
              0.059933931099575274,
              0.7297808012093726
            ],
            [
              0.06087777253421425,
              0.7282690854119426
            ],
            [
              0.06182161396885323,
              0.7267573696145124
            ],
            [
              0.06300141576215196,
              0.7256235827664399
            ],
            [
              0.06441717791411043,
              0.7248677248677249
            ],
            [
              0.0658329400660689,
              0.7241118669690099
            ],
            [
              0.06724870221802737,
              0.7233560090702947
            ],
            [
              0.0684285040113261,
              0.7222222222222222
            ],
            [
              0.06913638508730534,
              0.7203325774754347
            ],
            [
              0.07008022652194432,
              0.7188208616780045
            ],
            [
              0.07126002831524304,
              0.717687074829932
            ],
            [
              0.0726757904672015,
              0.716931216931217
            ],
            [
              0.07385559226050023,
              0.7157974300831443
            ],
            [
              0.07550731477111845,
              0.7154195011337868
            ],
            [
              0.07668711656441718,
              0.7142857142857143
            ],
            [
              0.0778669183577159,
              0.7131519274376418
            ],
            [
              0.07928268050967438,
              0.7123960695389266
            ],
            [
              0.08022652194431336,
              0.7108843537414966
            ],
            [
              0.08117036337895234,
              0.7093726379440665
            ],
            [
              0.08258612553091081,
              0.7086167800453514
            ],
            [
              0.08400188768286927,
              0.7078609221466364
            ],
            [
              0.0856536101934875,
              0.7074829931972789
            ],
            [
              0.0873053327041057,
              0.7071050642479214
            ],
            [
              0.08872109485606418,
              0.7063492063492064
            ],
            [
              0.09060877772534215,
              0.7063492063492064
            ],
            [
              0.09202453987730061,
              0.7055933484504913
            ],
            [
              0.09344030202925908,
              0.7048374905517762
            ],
            [
              0.09485606418121756,
              0.7040816326530612
            ],
            [
              0.09674374705049552,
              0.7040816326530612
            ],
            [
              0.09815950920245399,
              0.7033257747543462
            ],
            [
              0.09957527135441246,
              0.7025699168556312
            ],
            [
              0.10099103350637093,
              0.7018140589569161
            ],
            [
              0.1024067956583294,
              0.701058201058201
            ],
            [
              0.10405851816894762,
              0.7006802721088435
            ],
            [
              0.10571024067956583,
              0.700302343159486
            ],
            [
              0.1071260028315243,
              0.701058201058201
            ],
            [
              0.10854176498348278,
              0.7018140589569161
            ],
            [
              0.10995752713544124,
              0.7025699168556312
            ],
            [
              0.11137328928739972,
              0.7033257747543462
            ],
            [
              0.11255309108069844,
              0.7044595616024187
            ],
            [
              0.11373289287399717,
              0.7055933484504913
            ],
            [
              0.11514865502595564,
              0.7063492063492064
            ],
            [
              0.1165644171779141,
              0.7071050642479214
            ],
            [
              0.11845210004719207,
              0.7071050642479214
            ],
            [
              0.11986786219915055,
              0.7078609221466364
            ],
            [
              0.1217555450684285,
              0.7078609221466364
            ],
            [
              0.12364322793770646,
              0.7078609221466364
            ],
            [
              0.12505899008966492,
              0.7071050642479214
            ],
            [
              0.12671071260028316,
              0.7067271352985639
            ],
            [
              0.12836243511090137,
              0.7063492063492064
            ],
            [
              0.12977819726285983,
              0.7055933484504913
            ],
            [
              0.1316658801321378,
              0.7055933484504913
            ],
            [
              0.13237376120811703,
              0.7074829931972789
            ],
            [
              0.13213780084945728,
              0.7101284958427816
            ],
            [
              0.13095799905615857,
              0.7112622826908541
            ],
            [
              0.12977819726285983,
              0.7123960695389266
            ],
            [
              0.12836243511090137,
              0.7131519274376418
            ],
            [
              0.12718263331760266,
              0.7142857142857143
            ],
            [
              0.12600283152430392,
              0.7154195011337868
            ],
            [
              0.12458706937234544,
              0.7161753590325018
            ],
            [
              0.12317130722038698,
              0.716931216931217
            ],
            [
              0.12151958470976876,
              0.7173091458805745
            ],
            [
              0.12010382255781028,
              0.7180650037792895
            ],
            [
              0.11868806040585182,
              0.7188208616780045
            ],
            [
              0.11727229825389335,
              0.7195767195767195
            ],
            [
              0.11585653610193487,
              0.7203325774754347
            ],
            [
              0.1144407739499764,
              0.7210884353741497
            ],
            [
              0.11326097215667767,
              0.7222222222222222
            ],
            [
              0.11184521000471921,
              0.7229780801209372
            ],
            [
              0.11042944785276074,
              0.7237339380196524
            ],
            [
              0.10901368570080226,
              0.7244897959183674
            ],
            [
              0.1071260028315243,
              0.7244897959183674
            ],
            [
              0.10571024067956583,
              0.7252456538170824
            ],
            [
              0.10429447852760736,
              0.7260015117157974
            ],
            [
              0.1024067956583294,
              0.7260015117157974
            ],
            [
              0.10099103350637093,
              0.7267573696145124
            ],
            [
              0.09910335063709297,
              0.7267573696145124
            ],
            [
              0.0976875884851345,
              0.7275132275132276
            ],
            [
              0.09603586597451629,
              0.7278911564625851
            ],
            [
              0.09438414346389806,
              0.7282690854119426
            ],
            [
              0.0924964605946201,
              0.7282690854119426
            ],
            [
              0.09108069844266163,
              0.7290249433106576
            ],
            [
              0.08919301557338367,
              0.7290249433106576
            ],
            [
              0.0877772534214252,
              0.7297808012093726
            ],
            [
              0.08588957055214724,
              0.7297808012093726
            ],
            [
              0.08400188768286927,
              0.7297808012093726
            ],
            [
              0.08258612553091081,
              0.7305366591080876
            ],
            [
              0.08093440302029259,
              0.7309145880574452
            ],
            [
              0.07928268050967438,
              0.7312925170068028
            ],
            [
              0.0778669183577159,
              0.7320483749055178
            ],
            [
              0.07597923548843795,
              0.7320483749055178
            ],
            [
              0.07456347333647947,
              0.7328042328042328
            ],
            [
              0.073147711184521,
              0.7335600907029478
            ],
            [
              0.07173194903256253,
              0.7343159486016629
            ],
            [
              0.07031618688060406,
              0.735071806500378
            ],
            [
              0.06984426616328457,
              0.735827664399093
            ]
          ]
        ]
      },
      "properties": {
        "segment_id": 14,
        "area": 3439,
        "bbox": [
          126.0,
          927.0,
          154.0,
          46.0
        ],
        "iou": 0.9552227258682251,
        "stability": 0.9607285261154175,
        "auto_generated": true,
        "model": "segment_anything"
      }
    },
    {
      "type": "Feature",
      "geometry": {
        "type": "Polygon",
        "coordinates": [
          [
            [
              0.0,
              0.735827664399093
            ],
            [
              0.0009438414346389807,
              0.736583522297808
            ],
            [
              0.0018876828692779614,
              0.737339380196523
            ],
            [
              0.002831524303916942,
              0.7380952380952381
            ],
            [
              0.0035394053798961773,
              0.7392290249433107
            ],
            [
              0.004247286455875413,
              0.7403628117913832
            ],
            [
              0.004719207173194903,
              0.7418745275888133
            ],
            [
              0.005663048607833884,
              0.7426303854875284
            ],
            [
              0.0066068900424728644,
              0.7433862433862434
            ],
            [
              0.0075507314771118455,
              0.7441421012849584
            ],
            [
              0.008494572911750826,
              0.7448979591836735
            ],
            [
              0.008966493629070316,
              0.7464096749811036
            ],
            [
              0.009438414346389807,
              0.7479213907785336
            ],
            [
              0.009910335063709298,
              0.7494331065759637
            ],
            [
              0.010618216139688533,
              0.7505668934240363
            ],
            [
              0.011326097215667769,
              0.7517006802721088
            ],
            [
              0.012033978291647004,
              0.7528344671201814
            ],
            [
              0.012505899008966493,
              0.7543461829176115
            ],
            [
              0.012977819726285984,
              0.7558578987150416
            ],
            [
              0.013449740443605473,
              0.7573696145124716
            ],
            [
              0.014157621519584709,
              0.7585034013605442
            ],
            [
              0.015101462954223691,
              0.7592592592592593
            ],
            [
              0.01604530438886267,
              0.7600151171579743
            ],
            [
              0.016989145823501653,
              0.7607709750566893
            ],
            [
              0.01793298725814063,
              0.7615268329554044
            ],
            [
              0.01864086833411987,
              0.762660619803477
            ],
            [
              0.019348749410099102,
              0.7637944066515495
            ],
            [
              0.02005663048607834,
              0.764928193499622
            ],
            [
              0.021000471920717318,
              0.7656840513983371
            ],
            [
              0.02147239263803681,
              0.7671957671957672
            ],
            [
              0.022180273714016045,
              0.7683295540438397
            ],
            [
              0.022888154789995282,
              0.7694633408919124
            ],
            [
              0.02336007550731477,
              0.7709750566893424
            ],
            [
              0.02383199622463426,
              0.7724867724867724
            ],
            [
              0.024303916941953753,
              0.7739984882842026
            ],
            [
              0.024775837659273242,
              0.7755102040816326
            ],
            [
              0.024303916941953753,
              0.7770219198790628
            ],
            [
              0.02383199622463426,
              0.7785336356764928
            ],
            [
              0.02383199622463426,
              0.780801209372638
            ],
            [
              0.02406795658329401,
              0.7826908541194255
            ],
            [
              0.024775837659273242,
              0.7838246409674982
            ],
            [
              0.025483718735252476,
              0.7849584278155707
            ],
            [
              0.026427560169891458,
              0.7857142857142857
            ],
            [
              0.027135441245870695,
              0.7868480725623582
            ],
            [
              0.027607361963190184,
              0.7883597883597884
            ],
            [
              0.028079282680509673,
              0.7898715041572184
            ],
            [
              0.028079282680509673,
              0.7921390778533636
            ],
            [
              0.028315243039169418,
              0.7940287226001512
            ],
            [
              0.029023124115148655,
              0.7951625094482238
            ],
            [
              0.02973100519112789,
              0.7962962962962963
            ],
            [
              0.030438886267107126,
              0.7974300831443688
            ],
            [
              0.030910806984426616,
              0.798941798941799
            ],
            [
              0.030910806984426616,
              0.8012093726379441
            ],
            [
              0.031382727701746105,
              0.8027210884353742
            ],
            [
              0.03161868806040585,
              0.8046107331821618
            ],
            [
              0.031854648419065594,
              0.8065003779289494
            ],
            [
              0.03232656913638509,
              0.8080120937263794
            ],
            [
              0.03256252949504483,
              0.809901738473167
            ],
            [
              0.03303445021236432,
              0.8114134542705971
            ],
            [
              0.03350637092968381,
              0.8129251700680272
            ],
            [
              0.03374233128834356,
              0.8148148148148148
            ],
            [
              0.03421425200566305,
              0.8163265306122449
            ],
            [
              0.03421425200566305,
              0.81859410430839
            ],
            [
              0.03374233128834356,
              0.8201058201058201
            ],
            [
              0.03327041057102407,
              0.8216175359032502
            ],
            [
              0.03279848985370458,
              0.8231292517006803
            ],
            [
              0.03279848985370458,
              0.8253968253968254
            ],
            [
              0.03350637092968381,
              0.826530612244898
            ],
            [
              0.03421425200566305,
              0.8276643990929705
            ],
            [
              0.034686172722982536,
              0.8291761148904006
            ],
            [
              0.034686172722982536,
              0.8314436885865457
            ],
            [
              0.034686172722982536,
              0.8337112622826909
            ],
            [
              0.034686172722982536,
              0.8359788359788359
            ],
            [
              0.03421425200566305,
              0.8374905517762661
            ],
            [
              0.03350637092968381,
              0.8386243386243386
            ],
            [
              0.03303445021236432,
              0.8401360544217688
            ],
            [
              0.03232656913638509,
              0.8412698412698413
            ],
            [
              0.031854648419065594,
              0.8427815570672713
            ],
            [
              0.03114676734308636,
              0.843915343915344
            ],
            [
              0.030438886267107126,
              0.8450491307634165
            ],
            [
              0.02973100519112789,
              0.846182917611489
            ],
            [
              0.02878716375648891,
              0.8469387755102041
            ],
            [
              0.028079282680509673,
              0.8480725623582767
            ],
            [
              0.027135441245870695,
              0.8488284202569917
            ],
            [
              0.026191599811231713,
              0.8495842781557067
            ],
            [
              0.02524775837659273,
              0.8503401360544217
            ],
            [
              0.024303916941953753,
              0.8510959939531368
            ],
            [
              0.023124115148655026,
              0.8514739229024944
            ],
            [
              0.022180273714016045,
              0.8522297808012094
            ],
            [
              0.021236432279377066,
              0.8529856386999244
            ],
            [
              0.020292590844738084,
              0.8537414965986394
            ],
            [
              0.019348749410099102,
              0.8544973544973545
            ],
            [
              0.01793298725814063,
              0.8544973544973545
            ],
            [
              0.016989145823501653,
              0.8552532123960696
            ],
            [
              0.015809344030202926,
              0.8556311413454271
            ],
            [
              0.0146295422369042,
              0.8560090702947846
            ],
            [
              0.01368570080226522,
              0.8567649281934996
            ],
            [
              0.012741859367626238,
              0.8575207860922147
            ],
            [
              0.011798017932987258,
              0.8582766439909297
            ],
            [
              0.010382255781028787,
              0.8582766439909297
            ],
            [
              0.009438414346389807,
              0.8590325018896448
            ],
            [
              0.008494572911750826,
              0.8597883597883598
            ],
            [
              0.0070788107597923545,
              0.8597883597883598
            ],
            [
              0.006134969325153374,
              0.8605442176870748
            ],
            [
              0.004719207173194903,
              0.8605442176870748
            ],
            [
              0.0037753657385559227,
              0.8613000755857899
            ],
            [
              0.002831524303916942,
              0.8620559334845049
            ],
            [
              0.0018876828692779614,
              0.86281179138322
            ],
            [
              0.0009438414346389807,
              0.863567649281935
            ],
            [
              0.0,
              0.735827664399093
            ]
          ]
        ]
      },
      "properties": {
        "segment_id": 15,
        "area": 8558,
        "bbox": [
          0.0,
          974.0,
          73.0,
          168.0
        ],
        "iou": 0.9323621988296509,
        "stability": 0.9779114127159119,
        "auto_generated": true,
        "model": "segment_anything"
      }
    },
    {
      "type": "Feature",
      "geometry": {
        "type": "Polygon",
        "coordinates": [
          [
            [
              0.1764983482774894,
              0.5619803476946335
            ],
            [
              0.17413874469089194,
              0.5619803476946335
            ],
            [
              0.17177914110429449,
              0.5619803476946335
            ],
            [
              0.16941953751769703,
              0.5619803476946335
            ],
            [
              0.16705993393109958,
              0.5619803476946335
            ],
            [
              0.16470033034450213,
              0.5619803476946335
            ],
            [
              0.16281264747522417,
              0.5612244897959183
            ],
            [
              0.16045304388862672,
              0.5612244897959183
            ],
            [
              0.15856536101934876,
              0.5604686318972033
            ],
            [
              0.1562057574327513,
              0.5604686318972033
            ],
            [
              0.15431807456347332,
              0.5597127739984883
            ],
            [
              0.15243039169419537,
              0.5589569160997733
            ],
            [
              0.1500707881075979,
              0.5589569160997733
            ],
            [
              0.1488909863142992,
              0.5570672713529856
            ],
            [
              0.14959886739027844,
              0.5544217687074829
            ],
            [
              0.1514865502595564,
              0.5536659108087679
            ],
            [
              0.15337423312883436,
              0.5529100529100529
            ],
            [
              0.15526191599811232,
              0.5521541950113379
            ],
            [
              0.15714959886739027,
              0.5513983371126229
            ],
            [
              0.15903728173666823,
              0.5506424792139077
            ],
            [
              0.1609249646059462,
              0.5498866213151927
            ],
            [
              0.16257668711656442,
              0.5487528344671202
            ],
            [
              0.16446436998584238,
              0.5479969765684052
            ],
            [
              0.1661160924964606,
              0.5468631897203325
            ],
            [
              0.16800377536573854,
              0.5461073318216175
            ],
            [
              0.16989145823501653,
              0.5453514739229025
            ],
            [
              0.17177914110429449,
              0.5445956160241875
            ],
            [
              0.17366682397357244,
              0.5438397581254724
            ],
            [
              0.1755545068428504,
              0.5430839002267573
            ],
            [
              0.17744218971212836,
              0.5423280423280423
            ],
            [
              0.1793298725814063,
              0.5415721844293273
            ],
            [
              0.18098159509202455,
              0.5404383975812547
            ],
            [
              0.18310523831996225,
              0.5400604686318972
            ],
            [
              0.18475696083058046,
              0.5389266817838246
            ],
            [
              0.18640868334119867,
              0.5377928949357521
            ],
            [
              0.18829636621047663,
              0.5370370370370371
            ],
            [
              0.1901840490797546,
              0.536281179138322
            ],
            [
              0.19207173194903257,
              0.5355253212396069
            ],
            [
              0.19395941481831053,
              0.5347694633408919
            ],
            [
              0.19584709768758848,
              0.5340136054421769
            ],
            [
              0.19773478055686644,
              0.5332577475434618
            ],
            [
              0.1996224634261444,
              0.5325018896447468
            ],
            [
              0.20127418593676263,
              0.5313681027966742
            ],
            [
              0.20292590844738084,
              0.5302343159486017
            ],
            [
              0.2048135913166588,
              0.5294784580498866
            ],
            [
              0.206465313827277,
              0.528344671201814
            ],
            [
              0.20811703633789524,
              0.5272108843537415
            ],
            [
              0.2100047192071732,
              0.5264550264550265
            ],
            [
              0.2121283624351109,
              0.5260770975056689
            ],
            [
              0.21378008494572912,
              0.5249433106575964
            ],
            [
              0.21566776781500707,
              0.5241874527588813
            ],
            [
              0.21755545068428503,
              0.5234315948601663
            ],
            [
              0.219443133553563,
              0.5226757369614512
            ],
            [
              0.22180273714016047,
              0.5226757369614512
            ],
            [
              0.2241623407267579,
              0.5226757369614512
            ],
            [
              0.22605002359603588,
              0.5234315948601663
            ],
            [
              0.22793770646531383,
              0.5241874527588813
            ],
            [
              0.23029731005191129,
              0.5241874527588813
            ],
            [
              0.23218499292118924,
              0.5249433106575964
            ],
            [
              0.2340726757904672,
              0.5256991685563114
            ],
            [
              0.23643227937706465,
              0.5256991685563114
            ],
            [
              0.2383199622463426,
              0.5264550264550265
            ],
            [
              0.24067956583294006,
              0.5264550264550265
            ],
            [
              0.24256724870221802,
              0.5272108843537415
            ],
            [
              0.24469089193015572,
              0.527588813303099
            ],
            [
              0.24445493157149598,
              0.5294784580498866
            ],
            [
              0.24256724870221802,
              0.5302343159486017
            ],
            [
              0.2409155261915998,
              0.5313681027966742
            ],
            [
              0.2392638036809816,
              0.5325018896447468
            ],
            [
              0.23737612081170364,
              0.5332577475434618
            ],
            [
              0.23548843794242566,
              0.5340136054421769
            ],
            [
              0.2336007550731477,
              0.5347694633408919
            ],
            [
              0.23218499292118924,
              0.536281179138322
            ],
            [
              0.23053327041057103,
              0.5374149659863946
            ],
            [
              0.22864558754129305,
              0.5381708238851096
            ],
            [
              0.2267579046720151,
              0.5389266817838246
            ],
            [
              0.22510618216139688,
              0.5400604686318972
            ],
            [
              0.22321849929211893,
              0.5408163265306123
            ],
            [
              0.22133081642284097,
              0.5415721844293273
            ],
            [
              0.219443133553563,
              0.5423280423280423
            ],
            [
              0.21779141104294478,
              0.5434618291761149
            ],
            [
              0.21613968853232657,
              0.5445956160241875
            ],
            [
              0.21401604530438886,
              0.544973544973545
            ],
            [
              0.2121283624351109,
              0.54572940287226
            ],
            [
              0.2104766399244927,
              0.5468631897203325
            ],
            [
              0.2085889570552147,
              0.5476190476190477
            ],
            [
              0.20670127418593676,
              0.5483749055177627
            ],
            [
              0.2048135913166588,
              0.5491307634164777
            ],
            [
              0.20292590844738084,
              0.5498866213151927
            ],
            [
              0.20103822557810289,
              0.5506424792139077
            ],
            [
              0.19915054270882493,
              0.5513983371126229
            ],
            [
              0.1974988201982067,
              0.5525321239606954
            ],
            [
              0.19584709768758848,
              0.5536659108087679
            ],
            [
              0.19395941481831053,
              0.5544217687074829
            ],
            [
              0.19207173194903257,
              0.5551776266061981
            ],
            [
              0.1901840490797546,
              0.5559334845049131
            ],
            [
              0.18829636621047663,
              0.5566893424036281
            ],
            [
              0.18664464369985842,
              0.5578231292517006
            ],
            [
              0.1849929211892402,
              0.5589569160997733
            ],
            [
              0.18310523831996225,
              0.5597127739984883
            ],
            [
              0.1812175554506843,
              0.5604686318972033
            ],
            [
              0.1793298725814063,
              0.5612244897959183
            ],
            [
              0.17697026899480886,
              0.5612244897959183
            ],
            [
              0.1764983482774894,
              0.5619803476946335
            ]
          ]
        ]
      },
      "properties": {
        "segment_id": 16,
        "area": 4111,
        "bbox": [
          316.0,
          692.0,
          203.0,
          51.0
        ],
        "iou": 0.9207377433776855,
        "stability": 0.9521666765213013,
        "auto_generated": true,
        "model": "segment_anything"
      }
    },
    {
      "type": "Feature",
      "geometry": {
        "type": "Polygon",
        "coordinates": [
          [
            [
              0.0,
              0.7554799697656841
            ],
            [
              0.0007078810759792355,
              0.7558578987150416
            ],
            [
              0.0011798017932987258,
              0.7566137566137566
            ],
            [
              0.001415762151958471,
              0.7577475434618292
            ],
            [
              0.0018876828692779614,
              0.7585034013605442
            ],
            [
              0.0023596035865974517,
              0.7592592592592593
            ],
            [
              0.0025955639452571967,
              0.7603930461073318
            ],
            [
              0.003067484662576687,
              0.7611489040060468
            ],
            [
              0.0033034450212364322,
              0.7622826908541194
            ],
            [
              0.0035394053798961773,
              0.763416477702192
            ],
            [
              0.0035394053798961773,
              0.764928193499622
            ],
            [
              0.0035394053798961773,
              0.7664399092970522
            ],
            [
              0.0037753657385559227,
              0.7675736961451247
            ],
            [
              0.004483246814535158,
              0.7679516250944822
            ],
            [
              0.005191127890514393,
              0.7683295540438397
            ],
            [
              0.006134969325153374,
              0.7683295540438397
            ],
            [
              0.0066068900424728644,
              0.7690854119425548
            ],
            [
              0.0073147711184521,
              0.7694633408919124
            ],
            [
              0.00778669183577159,
              0.7702191987906274
            ],
            [
              0.00825861255309108,
              0.7709750566893424
            ],
            [
              0.00825861255309108,
              0.7724867724867724
            ],
            [
              0.00825861255309108,
              0.7739984882842026
            ],
            [
              0.008730533270410571,
              0.7747543461829176
            ],
            [
              0.008966493629070316,
              0.7758881330309901
            ],
            [
              0.009438414346389807,
              0.7766439909297053
            ],
            [
              0.009910335063709298,
              0.7773998488284203
            ],
            [
              0.010146295422369042,
              0.7785336356764928
            ],
            [
              0.010618216139688533,
              0.7792894935752078
            ],
            [
              0.010618216139688533,
              0.780801209372638
            ],
            [
              0.010618216139688533,
              0.782312925170068
            ],
            [
              0.011090136857008022,
              0.783068783068783
            ],
            [
              0.011326097215667769,
              0.7842025699168557
            ],
            [
              0.011798017932987258,
              0.7849584278155707
            ],
            [
              0.012033978291647004,
              0.7860922146636432
            ],
            [
              0.012505899008966493,
              0.7868480725623582
            ],
            [
              0.012741859367626238,
              0.7879818594104309
            ],
            [
              0.013213780084945729,
              0.7887377173091459
            ],
            [
              0.013449740443605473,
              0.7898715041572184
            ],
            [
              0.013921661160924964,
              0.7906273620559335
            ],
            [
              0.014157621519584709,
              0.7917611489040061
            ],
            [
              0.0146295422369042,
              0.7925170068027211
            ],
            [
              0.014865502595563945,
              0.7936507936507936
            ],
            [
              0.015337423312883436,
              0.7944066515495087
            ],
            [
              0.015809344030202926,
              0.7951625094482238
            ],
            [
              0.016281264747522416,
              0.7959183673469388
            ],
            [
              0.016753185464841905,
              0.7966742252456538
            ],
            [
              0.017225106182161398,
              0.7974300831443688
            ],
            [
              0.017697026899480887,
              0.7981859410430839
            ],
            [
              0.018168947616800376,
              0.798941798941799
            ],
            [
              0.01864086833411987,
              0.799697656840514
            ],
            [
              0.019112789051439358,
              0.800453514739229
            ],
            [
              0.019348749410099102,
              0.8015873015873016
            ],
            [
              0.019584709768758847,
              0.8027210884353742
            ],
            [
              0.02005663048607834,
              0.8034769463340892
            ],
            [
              0.020292590844738084,
              0.8046107331821618
            ],
            [
              0.02052855120339783,
              0.8057445200302343
            ],
            [
              0.020764511562057573,
              0.8068783068783069
            ],
            [
              0.021000471920717318,
              0.8080120937263794
            ],
            [
              0.021236432279377066,
              0.809145880574452
            ],
            [
              0.02147239263803681,
              0.8102796674225246
            ],
            [
              0.02147239263803681,
              0.8117913832199547
            ],
            [
              0.02147239263803681,
              0.8133030990173847
            ],
            [
              0.02147239263803681,
              0.8148148148148148
            ],
            [
              0.02147239263803681,
              0.8163265306122449
            ],
            [
              0.02147239263803681,
              0.817838246409675
            ],
            [
              0.02147239263803681,
              0.8193499622071051
            ],
            [
              0.0219443133553563,
              0.8201058201058201
            ],
            [
              0.0219443133553563,
              0.8216175359032502
            ],
            [
              0.0219443133553563,
              0.8231292517006803
            ],
            [
              0.02241623407267579,
              0.8238851095993953
            ],
            [
              0.02241623407267579,
              0.8253968253968254
            ],
            [
              0.02241623407267579,
              0.8269085411942555
            ],
            [
              0.022888154789995282,
              0.8276643990929705
            ],
            [
              0.022652194431335537,
              0.828798185941043
            ],
            [
              0.02241623407267579,
              0.8299319727891157
            ],
            [
              0.02241623407267579,
              0.8314436885865457
            ],
            [
              0.02241623407267579,
              0.8329554043839759
            ],
            [
              0.02241623407267579,
              0.8344671201814059
            ],
            [
              0.02241623407267579,
              0.8359788359788359
            ],
            [
              0.0219443133553563,
              0.8367346938775511
            ],
            [
              0.021708352996696555,
              0.8378684807256236
            ],
            [
              0.02147239263803681,
              0.8390022675736961
            ],
            [
              0.02147239263803681,
              0.8405139833711263
            ],
            [
              0.02147239263803681,
              0.8420256991685563
            ],
            [
              0.02147239263803681,
              0.8435374149659864
            ],
            [
              0.0219443133553563,
              0.8442932728647015
            ],
            [
              0.022652194431335537,
              0.844671201814059
            ],
            [
              0.022888154789995282,
              0.8458049886621315
            ],
            [
              0.02336007550731477,
              0.8465608465608465
            ],
            [
              0.02336007550731477,
              0.8480725623582767
            ],
            [
              0.022888154789995282,
              0.8488284202569917
            ],
            [
              0.022652194431335537,
              0.8499622071050642
            ],
            [
              0.022180273714016045,
              0.8507180650037793
            ],
            [
              0.021708352996696555,
              0.8514739229024944
            ],
            [
              0.021236432279377066,
              0.8522297808012094
            ],
            [
              0.02052855120339783,
              0.8526077097505669
            ],
            [
              0.019820670127418595,
              0.8529856386999244
            ],
            [
              0.019348749410099102,
              0.8537414965986394
            ],
            [
              0.018404907975460124,
              0.8537414965986394
            ],
            [
              0.017461066540821142,
              0.8537414965986394
            ],
            [
              0.016989145823501653,
              0.8544973544973545
            ],
            [
              0.01604530438886267,
              0.8544973544973545
            ],
            [
              0.01557338367154318,
              0.8552532123960696
            ],
            [
              0.0146295422369042,
              0.8552532123960696
            ],
            [
              0.013921661160924964,
              0.8556311413454271
            ],
            [
              0.013213780084945729,
              0.8560090702947846
            ],
            [
              0.012741859367626238,
              0.8567649281934996
            ],
            [
              0.012033978291647004,
              0.8571428571428571
            ],
            [
              0.011326097215667769,
              0.8575207860922147
            ],
            [
              0.010382255781028787,
              0.8575207860922147
            ],
            [
              0.009910335063709298,
              0.8582766439909297
            ],
            [
              0.008966493629070316,
              0.8582766439909297
            ],
            [
              0.008494572911750826,
              0.8590325018896448
            ],
            [
              0.0075507314771118455,
              0.8590325018896448
            ],
            [
              0.0070788107597923545,
              0.8597883597883598
            ],
            [
              0.006134969325153374,
              0.8597883597883598
            ],
            [
              0.005663048607833884,
              0.8605442176870748
            ],
            [
              0.004719207173194903,
              0.8605442176870748
            ],
            [
              0.004011326097215668,
              0.8609221466364324
            ],
            [
              0.0033034450212364322,
              0.8613000755857899
            ],
            [
              0.002831524303916942,
              0.8620559334845049
            ],
            [
              0.0021236432279377066,
              0.8624338624338624
            ],
            [
              0.001415762151958471,
              0.86281179138322
            ],
            [
              0.00047192071731949034,
              0.86281179138322
            ],
            [
              0.0,
              0.7554799697656841
            ]
          ]
        ]
      },
      "properties": {
        "segment_id": 17,
        "area": 4740,
        "bbox": [
          0.0,
          1000.0,
          49.0,
          141.0
        ],
        "iou": 0.9163546562194824,
        "stability": 0.9688408970832825,
        "auto_generated": true,
        "model": "segment_anything"
      }
    },
    {
      "type": "Feature",
      "geometry": {
        "type": "Polygon",
        "coordinates": [
          [
            [
              0.09013685700802265,
              0.8106575963718821
            ],
            [
              0.08966493629070316,
              0.8106575963718821
            ],
            [
              0.08919301557338367,
              0.8106575963718821
            ],
            [
              0.08872109485606418,
              0.8106575963718821
            ],
            [
              0.0882491741387447,
              0.8106575963718821
            ],
            [
              0.0877772534214252,
              0.8106575963718821
            ],
            [
              0.0873053327041057,
              0.8106575963718821
            ],
            [
              0.08706937234544597,
              0.8102796674225246
            ],
            [
              0.08683341198678622,
              0.809901738473167
            ],
            [
              0.08636149126946673,
              0.809901738473167
            ],
            [
              0.08612553091080699,
              0.8095238095238095
            ],
            [
              0.08588957055214724,
              0.809145880574452
            ],
            [
              0.0856536101934875,
              0.8087679516250945
            ],
            [
              0.0856536101934875,
              0.8080120937263794
            ],
            [
              0.0856536101934875,
              0.8072562358276644
            ],
            [
              0.08541764983482775,
              0.8068783068783069
            ],
            [
              0.085181689476168,
              0.8065003779289494
            ],
            [
              0.085181689476168,
              0.8057445200302343
            ],
            [
              0.085181689476168,
              0.8049886621315193
            ],
            [
              0.08541764983482775,
              0.8046107331821618
            ],
            [
              0.0856536101934875,
              0.8042328042328042
            ],
            [
              0.08588957055214724,
              0.8038548752834467
            ],
            [
              0.08612553091080699,
              0.8034769463340892
            ],
            [
              0.08636149126946673,
              0.8030990173847317
            ],
            [
              0.08659745162812647,
              0.8027210884353742
            ],
            [
              0.08683341198678622,
              0.8023431594860166
            ],
            [
              0.0873053327041057,
              0.8023431594860166
            ],
            [
              0.0877772534214252,
              0.8023431594860166
            ],
            [
              0.08801321378008495,
              0.8019652305366591
            ],
            [
              0.0882491741387447,
              0.8015873015873016
            ],
            [
              0.08872109485606418,
              0.8015873015873016
            ],
            [
              0.08919301557338367,
              0.8015873015873016
            ],
            [
              0.08966493629070316,
              0.8015873015873016
            ],
            [
              0.0899008966493629,
              0.8012093726379441
            ],
            [
              0.09013685700802265,
              0.8008314436885865
            ],
            [
              0.09060877772534215,
              0.8008314436885865
            ],
            [
              0.09108069844266163,
              0.8008314436885865
            ],
            [
              0.09155261915998113,
              0.8008314436885865
            ],
            [
              0.09202453987730061,
              0.8008314436885865
            ],
            [
              0.0924964605946201,
              0.8008314436885865
            ],
            [
              0.09296838131193959,
              0.8008314436885865
            ],
            [
              0.09344030202925908,
              0.8008314436885865
            ],
            [
              0.09391222274657858,
              0.8008314436885865
            ],
            [
              0.09438414346389806,
              0.8008314436885865
            ],
            [
              0.09462010382255781,
              0.8012093726379441
            ],
            [
              0.09485606418121756,
              0.8015873015873016
            ],
            [
              0.09532798489853704,
              0.8015873015873016
            ],
            [
              0.09579990561585654,
              0.8015873015873016
            ],
            [
              0.09627182633317603,
              0.8015873015873016
            ],
            [
              0.09650778669183577,
              0.8019652305366591
            ],
            [
              0.09674374705049552,
              0.8023431594860166
            ],
            [
              0.09721566776781501,
              0.8023431594860166
            ],
            [
              0.09745162812647475,
              0.8027210884353742
            ],
            [
              0.0976875884851345,
              0.8030990173847317
            ],
            [
              0.09815950920245399,
              0.8030990173847317
            ],
            [
              0.09839546956111374,
              0.8034769463340892
            ],
            [
              0.09863142991977347,
              0.8038548752834467
            ],
            [
              0.09886739027843322,
              0.8042328042328042
            ],
            [
              0.09886739027843322,
              0.8049886621315193
            ],
            [
              0.09886739027843322,
              0.8057445200302343
            ],
            [
              0.09863142991977347,
              0.8061224489795918
            ],
            [
              0.09839546956111374,
              0.8065003779289494
            ],
            [
              0.09815950920245399,
              0.8068783068783069
            ],
            [
              0.0976875884851345,
              0.8068783068783069
            ],
            [
              0.09745162812647475,
              0.8072562358276644
            ],
            [
              0.09721566776781501,
              0.8076341647770219
            ],
            [
              0.09674374705049552,
              0.8076341647770219
            ],
            [
              0.09650778669183577,
              0.8080120937263794
            ],
            [
              0.09627182633317603,
              0.808390022675737
            ],
            [
              0.09579990561585654,
              0.808390022675737
            ],
            [
              0.09532798489853704,
              0.808390022675737
            ],
            [
              0.09485606418121756,
              0.808390022675737
            ],
            [
              0.09462010382255781,
              0.8087679516250945
            ],
            [
              0.09438414346389806,
              0.809145880574452
            ],
            [
              0.09391222274657858,
              0.809145880574452
            ],
            [
              0.09344030202925908,
              0.809145880574452
            ],
            [
              0.09296838131193959,
              0.809145880574452
            ],
            [
              0.0924964605946201,
              0.809145880574452
            ],
            [
              0.09226050023596036,
              0.8095238095238095
            ],
            [
              0.09202453987730061,
              0.809901738473167
            ],
            [
              0.09155261915998113,
              0.809901738473167
            ],
            [
              0.09108069844266163,
              0.809901738473167
            ],
            [
              0.09060877772534215,
              0.809901738473167
            ],
            [
              0.0903728173666824,
              0.8102796674225246
            ],
            [
              0.09013685700802265,
              0.8106575963718821
            ],
            [
              0.09013685700802265,
              0.8106575963718821
            ]
          ]
        ]
      },
      "properties": {
        "segment_id": 18,
        "area": 278,
        "bbox": [
          181.0,
          1060.0,
          28.0,
          12.0
        ],
        "iou": 0.9160224199295044,
        "stability": 0.9784946441650391,
        "auto_generated": true,
        "model": "segment_anything"
      }
    },
    {
      "type": "Feature",
      "geometry": {
        "type": "Polygon",
        "coordinates": [
          [
            [
              0.43180745634733364,
              0.6058201058201058
            ],
            [
              0.43133553563001414,
              0.6058201058201058
            ],
            [
              0.4310995752713544,
              0.6054421768707483
            ],
            [
              0.43086361491269465,
              0.6050642479213908
            ],
            [
              0.43039169419537515,
              0.6050642479213908
            ],
            [
              0.4299197734780557,
              0.6050642479213908
            ],
            [
              0.4294478527607362,
              0.6050642479213908
            ],
            [
              0.4289759320434167,
              0.6050642479213908
            ],
            [
              0.4285040113260972,
              0.6050642479213908
            ],
            [
              0.4280320906087777,
              0.6050642479213908
            ],
            [
              0.42756016989145823,
              0.6050642479213908
            ],
            [
              0.42708824917413873,
              0.6050642479213908
            ],
            [
              0.42661632845681924,
              0.6050642479213908
            ],
            [
              0.42614440773949974,
              0.6050642479213908
            ],
            [
              0.4256724870221803,
              0.6050642479213908
            ],
            [
              0.4252005663048608,
              0.6050642479213908
            ],
            [
              0.42496460594620106,
              0.6046863189720333
            ],
            [
              0.4247286455875413,
              0.6043083900226758
            ],
            [
              0.4242567248702218,
              0.6043083900226758
            ],
            [
              0.4237848041529023,
              0.6043083900226758
            ],
            [
              0.4233128834355828,
              0.6043083900226758
            ],
            [
              0.4228409627182633,
              0.6043083900226758
            ],
            [
              0.42236904200094383,
              0.6043083900226758
            ],
            [
              0.42189712128362433,
              0.6043083900226758
            ],
            [
              0.42142520056630484,
              0.6043083900226758
            ],
            [
              0.4209532798489854,
              0.6043083900226758
            ],
            [
              0.4204813591316659,
              0.6043083900226758
            ],
            [
              0.4200094384143464,
              0.6043083900226758
            ],
            [
              0.4195375176970269,
              0.6043083900226758
            ],
            [
              0.4190655969797074,
              0.6043083900226758
            ],
            [
              0.4185936762623879,
              0.6043083900226758
            ],
            [
              0.4181217555450684,
              0.6043083900226758
            ],
            [
              0.41788579518640867,
              0.6039304610733183
            ],
            [
              0.4176498348277489,
              0.6035525321239606
            ],
            [
              0.4171779141104294,
              0.6035525321239606
            ],
            [
              0.41670599339310993,
              0.6035525321239606
            ],
            [
              0.4162340726757905,
              0.6035525321239606
            ],
            [
              0.415762151958471,
              0.6035525321239606
            ],
            [
              0.4152902312411515,
              0.6035525321239606
            ],
            [
              0.41505427088249175,
              0.6031746031746031
            ],
            [
              0.41505427088249175,
              0.6024187452758881
            ],
            [
              0.41505427088249175,
              0.6016628873771731
            ],
            [
              0.41505427088249175,
              0.6009070294784581
            ],
            [
              0.4152902312411515,
              0.6005291005291006
            ],
            [
              0.41552619159981125,
              0.600151171579743
            ],
            [
              0.415762151958471,
              0.5997732426303855
            ],
            [
              0.4162340726757905,
              0.5997732426303855
            ],
            [
              0.41647003303445024,
              0.5993953136810279
            ],
            [
              0.41670599339310993,
              0.5990173847316704
            ],
            [
              0.4169419537517697,
              0.5986394557823129
            ],
            [
              0.4171779141104294,
              0.5982615268329554
            ],
            [
              0.4174138744690892,
              0.5978835978835979
            ],
            [
              0.4176498348277489,
              0.5975056689342404
            ],
            [
              0.4181217555450684,
              0.5975056689342404
            ],
            [
              0.41835771590372817,
              0.5971277399848829
            ],
            [
              0.4185936762623879,
              0.5967498110355253
            ],
            [
              0.4190655969797074,
              0.5967498110355253
            ],
            [
              0.41930155733836716,
              0.5963718820861678
            ],
            [
              0.4195375176970269,
              0.5959939531368103
            ],
            [
              0.4200094384143464,
              0.5959939531368103
            ],
            [
              0.4204813591316659,
              0.5959939531368103
            ],
            [
              0.42071731949032565,
              0.5956160241874527
            ],
            [
              0.4209532798489854,
              0.5952380952380952
            ],
            [
              0.42142520056630484,
              0.5952380952380952
            ],
            [
              0.42189712128362433,
              0.5952380952380952
            ],
            [
              0.4221330816422841,
              0.5948601662887377
            ],
            [
              0.42236904200094383,
              0.5944822373393802
            ],
            [
              0.4228409627182633,
              0.5944822373393802
            ],
            [
              0.4233128834355828,
              0.5944822373393802
            ],
            [
              0.42354884379424257,
              0.5941043083900227
            ],
            [
              0.4237848041529023,
              0.5937263794406652
            ],
            [
              0.4242567248702218,
              0.5937263794406652
            ],
            [
              0.42449268522888156,
              0.5933484504913077
            ],
            [
              0.4247286455875413,
              0.5929705215419501
            ],
            [
              0.4252005663048608,
              0.5929705215419501
            ],
            [
              0.4256724870221803,
              0.5929705215419501
            ],
            [
              0.42614440773949974,
              0.5929705215419501
            ],
            [
              0.42661632845681924,
              0.5929705215419501
            ],
            [
              0.42708824917413873,
              0.5929705215419501
            ],
            [
              0.42756016989145823,
              0.5929705215419501
            ],
            [
              0.4280320906087777,
              0.5929705215419501
            ],
            [
              0.4285040113260972,
              0.5929705215419501
            ],
            [
              0.42873997168475697,
              0.5933484504913077
            ],
            [
              0.4289759320434167,
              0.5937263794406652
            ],
            [
              0.4294478527607362,
              0.5937263794406652
            ],
            [
              0.4299197734780557,
              0.5937263794406652
            ],
            [
              0.43039169419537515,
              0.5937263794406652
            ],
            [
              0.43086361491269465,
              0.5937263794406652
            ],
            [
              0.43133553563001414,
              0.5937263794406652
            ],
            [
              0.4315714959886739,
              0.5941043083900227
            ],
            [
              0.43180745634733364,
              0.5944822373393802
            ],
            [
              0.43227937706465314,
              0.5944822373393802
            ],
            [
              0.43275129778197263,
              0.5944822373393802
            ],
            [
              0.4329872581406324,
              0.5948601662887377
            ],
            [
              0.43322321849929213,
              0.5952380952380952
            ],
            [
              0.4336951392166116,
              0.5952380952380952
            ],
            [
              0.4341670599339311,
              0.5952380952380952
            ],
            [
              0.43440302029259087,
              0.5956160241874527
            ],
            [
              0.4346389806512506,
              0.5959939531368103
            ],
            [
              0.43511090136857006,
              0.5959939531368103
            ],
            [
              0.43558282208588955,
              0.5959939531368103
            ],
            [
              0.4358187824445493,
              0.5963718820861678
            ],
            [
              0.43605474280320905,
              0.5967498110355253
            ],
            [
              0.43652666352052855,
              0.5967498110355253
            ],
            [
              0.43699858423784804,
              0.5967498110355253
            ],
            [
              0.43747050495516754,
              0.5967498110355253
            ],
            [
              0.43794242567248703,
              0.5967498110355253
            ],
            [
              0.4381783860311468,
              0.5971277399848829
            ],
            [
              0.43841434638980653,
              0.5975056689342404
            ],
            [
              0.438886267107126,
              0.5975056689342404
            ],
            [
              0.4391222274657858,
              0.5978835978835979
            ],
            [
              0.43935818782444547,
              0.5982615268329554
            ],
            [
              0.4395941481831052,
              0.5986394557823129
            ],
            [
              0.43983010854176496,
              0.5990173847316704
            ],
            [
              0.4400660689004247,
              0.5993953136810279
            ],
            [
              0.4400660689004247,
              0.600151171579743
            ],
            [
              0.43983010854176496,
              0.6005291005291006
            ],
            [
              0.43935818782444547,
              0.6005291005291006
            ],
            [
              0.4391222274657858,
              0.6009070294784581
            ],
            [
              0.438886267107126,
              0.6012849584278156
            ],
            [
              0.43841434638980653,
              0.6012849584278156
            ],
            [
              0.43794242567248703,
              0.6012849584278156
            ],
            [
              0.4377064653138273,
              0.6016628873771731
            ],
            [
              0.43747050495516754,
              0.6020408163265306
            ],
            [
              0.43699858423784804,
              0.6020408163265306
            ],
            [
              0.4367626238791883,
              0.6024187452758881
            ],
            [
              0.43652666352052855,
              0.6027966742252456
            ],
            [
              0.4362907031618688,
              0.6031746031746031
            ],
            [
              0.43605474280320905,
              0.6035525321239606
            ],
            [
              0.43558282208588955,
              0.6035525321239606
            ],
            [
              0.43511090136857006,
              0.6035525321239606
            ],
            [
              0.4348749410099103,
              0.6039304610733183
            ],
            [
              0.4346389806512506,
              0.6043083900226758
            ],
            [
              0.4341670599339311,
              0.6043083900226758
            ],
            [
              0.4339310995752714,
              0.6046863189720333
            ],
            [
              0.4336951392166116,
              0.6050642479213908
            ],
            [
              0.43322321849929213,
              0.6050642479213908
            ],
            [
              0.43275129778197263,
              0.6050642479213908
            ],
            [
              0.43227937706465314,
              0.6050642479213908
            ],
            [
              0.4320434167059934,
              0.6054421768707483
            ],
            [
              0.43180745634733364,
              0.6058201058201058
            ],
            [
              0.43180745634733364,
              0.6058201058201058
            ]
          ]
        ]
      },
      "properties": {
        "segment_id": 19,
        "area": 598,
        "bbox": [
          880.0,
          785.0,
          52.0,
          16.0
        ],
        "iou": 0.9120555520057678,
        "stability": 0.95315021276474,
        "auto_generated": true,
        "model": "segment_anything"
      }
    },
    {
      "type": "Feature",
      "geometry": {
        "type": "Polygon",
        "coordinates": [
          [
            [
              0.3567720622935347,
              0.3563869992441421
            ],
            [
              0.3563001415762152,
              0.3563869992441421
            ],
            [
              0.3558282208588957,
              0.3563869992441421
            ],
            [
              0.3553563001415762,
              0.3563869992441421
            ],
            [
              0.3548843794242567,
              0.3563869992441421
            ],
            [
              0.3544124587069372,
              0.3563869992441421
            ],
            [
              0.3539405379896177,
              0.3563869992441421
            ],
            [
              0.3534686172722983,
              0.3563869992441421
            ],
            [
              0.3529966965549788,
              0.3563869992441421
            ],
            [
              0.3525247758376593,
              0.3563869992441421
            ],
            [
              0.3520528551203398,
              0.3563869992441421
            ],
            [
              0.3515809344030203,
              0.3563869992441421
            ],
            [
              0.3511090136857008,
              0.3563869992441421
            ],
            [
              0.3506370929683813,
              0.3563869992441421
            ],
            [
              0.3501651722510618,
              0.3563869992441421
            ],
            [
              0.3496932515337423,
              0.3563869992441421
            ],
            [
              0.3492213308164228,
              0.3563869992441421
            ],
            [
              0.3487494100991034,
              0.3563869992441421
            ],
            [
              0.3482774893817839,
              0.3563869992441421
            ],
            [
              0.3478055686644644,
              0.3563869992441421
            ],
            [
              0.3473336479471449,
              0.3563869992441421
            ],
            [
              0.3468617272298254,
              0.3563869992441421
            ],
            [
              0.3463898065125059,
              0.3563869992441421
            ],
            [
              0.3459178857951864,
              0.3563869992441421
            ],
            [
              0.3454459650778669,
              0.3563869992441421
            ],
            [
              0.3449740443605474,
              0.3563869992441421
            ],
            [
              0.34450212364322796,
              0.3563869992441421
            ],
            [
              0.34403020292590847,
              0.3563869992441421
            ],
            [
              0.34355828220858897,
              0.3563869992441421
            ],
            [
              0.3433223218499292,
              0.35600907029478457
            ],
            [
              0.3430863614912695,
              0.35563114134542706
            ],
            [
              0.34261444077395,
              0.35563114134542706
            ],
            [
              0.3421425200566305,
              0.35563114134542706
            ],
            [
              0.341670599339311,
              0.35563114134542706
            ],
            [
              0.3411986786219915,
              0.35563114134542706
            ],
            [
              0.340726757904672,
              0.35563114134542706
            ],
            [
              0.3402548371873525,
              0.35563114134542706
            ],
            [
              0.33978291647003306,
              0.35563114134542706
            ],
            [
              0.33931099575271356,
              0.35563114134542706
            ],
            [
              0.33883907503539407,
              0.35563114134542706
            ],
            [
              0.33836715431807457,
              0.35563114134542706
            ],
            [
              0.3378952336007551,
              0.35563114134542706
            ],
            [
              0.3374233128834356,
              0.35563114134542706
            ],
            [
              0.3369513921661161,
              0.35563114134542706
            ],
            [
              0.3364794714487966,
              0.35563114134542706
            ],
            [
              0.3360075507314771,
              0.35563114134542706
            ],
            [
              0.33553563001415765,
              0.35563114134542706
            ],
            [
              0.33506370929683815,
              0.35563114134542706
            ],
            [
              0.33459178857951866,
              0.35563114134542706
            ],
            [
              0.33411986786219916,
              0.35563114134542706
            ],
            [
              0.33364794714487966,
              0.35563114134542706
            ],
            [
              0.33317602642756017,
              0.35563114134542706
            ],
            [
              0.33270410571024067,
              0.35563114134542706
            ],
            [
              0.3322321849929212,
              0.35563114134542706
            ],
            [
              0.3317602642756017,
              0.35563114134542706
            ],
            [
              0.3312883435582822,
              0.35563114134542706
            ],
            [
              0.33081642284096274,
              0.35563114134542706
            ],
            [
              0.33034450212364325,
              0.35563114134542706
            ],
            [
              0.32987258140632375,
              0.35563114134542706
            ],
            [
              0.329636621047664,
              0.35525321239606955
            ],
            [
              0.32940066068900425,
              0.35487528344671204
            ],
            [
              0.32892873997168476,
              0.35487528344671204
            ],
            [
              0.32845681925436526,
              0.35487528344671204
            ],
            [
              0.32798489853704577,
              0.35487528344671204
            ],
            [
              0.32751297781972627,
              0.35487528344671204
            ],
            [
              0.3270410571024068,
              0.35487528344671204
            ],
            [
              0.32656913638508733,
              0.35487528344671204
            ],
            [
              0.32609721566776784,
              0.35487528344671204
            ],
            [
              0.32562529495044834,
              0.35487528344671204
            ],
            [
              0.32515337423312884,
              0.35487528344671204
            ],
            [
              0.32468145351580935,
              0.35487528344671204
            ],
            [
              0.32420953279848985,
              0.35487528344671204
            ],
            [
              0.3239735724398301,
              0.3544973544973545
            ],
            [
              0.32373761208117036,
              0.35411942554799697
            ],
            [
              0.3235016517225106,
              0.35374149659863946
            ],
            [
              0.32373761208117036,
              0.35336356764928195
            ],
            [
              0.32420953279848985,
              0.35336356764928195
            ],
            [
              0.32468145351580935,
              0.35336356764928195
            ],
            [
              0.32515337423312884,
              0.35336356764928195
            ],
            [
              0.32562529495044834,
              0.35336356764928195
            ],
            [
              0.32609721566776784,
              0.35336356764928195
            ],
            [
              0.3263331760264276,
              0.3529856386999244
            ],
            [
              0.32656913638508733,
              0.3526077097505669
            ],
            [
              0.3270410571024068,
              0.3526077097505669
            ],
            [
              0.32751297781972627,
              0.3526077097505669
            ],
            [
              0.32798489853704577,
              0.3526077097505669
            ],
            [
              0.32845681925436526,
              0.3526077097505669
            ],
            [
              0.328692779613025,
              0.35222978080120937
            ],
            [
              0.32892873997168476,
              0.35185185185185186
            ],
            [
              0.32940066068900425,
              0.35185185185185186
            ],
            [
              0.32987258140632375,
              0.35185185185185186
            ],
            [
              0.33034450212364325,
              0.35185185185185186
            ],
            [
              0.33081642284096274,
              0.35185185185185186
            ],
            [
              0.3310523831996225,
              0.35147392290249435
            ],
            [
              0.3312883435582822,
              0.3510959939531368
            ],
            [
              0.3317602642756017,
              0.3510959939531368
            ],
            [
              0.3322321849929212,
              0.3510959939531368
            ],
            [
              0.33270410571024067,
              0.3510959939531368
            ],
            [
              0.33317602642756017,
              0.3510959939531368
            ],
            [
              0.3334119867862199,
              0.3507180650037793
            ],
            [
              0.33364794714487966,
              0.35034013605442177
            ],
            [
              0.33411986786219916,
              0.35034013605442177
            ],
            [
              0.33459178857951866,
              0.35034013605442177
            ],
            [
              0.33506370929683815,
              0.35034013605442177
            ],
            [
              0.3352996696554979,
              0.34996220710506426
            ],
            [
              0.33553563001415765,
              0.34958427815570675
            ],
            [
              0.3360075507314771,
              0.34958427815570675
            ],
            [
              0.3364794714487966,
              0.34958427815570675
            ],
            [
              0.3369513921661161,
              0.34958427815570675
            ],
            [
              0.33718735252477583,
              0.3492063492063492
            ],
            [
              0.3374233128834356,
              0.3488284202569917
            ],
            [
              0.3378952336007551,
              0.3488284202569917
            ],
            [
              0.33836715431807457,
              0.3488284202569917
            ],
            [
              0.33883907503539407,
              0.3488284202569917
            ],
            [
              0.33931099575271356,
              0.3488284202569917
            ],
            [
              0.33978291647003306,
              0.3488284202569917
            ],
            [
              0.3400188768286928,
              0.34845049130763417
            ],
            [
              0.3402548371873525,
              0.34807256235827666
            ],
            [
              0.340726757904672,
              0.34807256235827666
            ],
            [
              0.3411986786219915,
              0.34807256235827666
            ],
            [
              0.341670599339311,
              0.34807256235827666
            ],
            [
              0.3421425200566305,
              0.34807256235827666
            ],
            [
              0.34261444077395,
              0.34807256235827666
            ],
            [
              0.3430863614912695,
              0.34807256235827666
            ],
            [
              0.34355828220858897,
              0.34807256235827666
            ],
            [
              0.34403020292590847,
              0.34807256235827666
            ],
            [
              0.34450212364322796,
              0.34807256235827666
            ],
            [
              0.3449740443605474,
              0.34807256235827666
            ],
            [
              0.3454459650778669,
              0.34807256235827666
            ],
            [
              0.34568192543652665,
              0.34845049130763417
            ],
            [
              0.3459178857951864,
              0.3488284202569917
            ],
            [
              0.3463898065125059,
              0.3488284202569917
            ],
            [
              0.3468617272298254,
              0.3488284202569917
            ],
            [
              0.3473336479471449,
              0.3488284202569917
            ],
            [
              0.3478055686644644,
              0.3488284202569917
            ],
            [
              0.3482774893817839,
              0.3488284202569917
            ],
            [
              0.3487494100991034,
              0.3488284202569917
            ],
            [
              0.3492213308164228,
              0.3488284202569917
            ],
            [
              0.3496932515337423,
              0.3488284202569917
            ],
            [
              0.3501651722510618,
              0.3488284202569917
            ],
            [
              0.3506370929683813,
              0.3488284202569917
            ],
            [
              0.3511090136857008,
              0.3488284202569917
            ],
            [
              0.3515809344030203,
              0.3488284202569917
            ],
            [
              0.3520528551203398,
              0.3488284202569917
            ],
            [
              0.3525247758376593,
              0.3488284202569917
            ],
            [
              0.3529966965549788,
              0.3488284202569917
            ],
            [
              0.3534686172722983,
              0.3488284202569917
            ],
            [
              0.3539405379896177,
              0.3488284202569917
            ],
            [
              0.3544124587069372,
              0.3488284202569917
            ],
            [
              0.35464841906559696,
              0.3492063492063492
            ],
            [
              0.3548843794242567,
              0.34958427815570675
            ],
            [
              0.3553563001415762,
              0.34958427815570675
            ],
            [
              0.3558282208588957,
              0.34958427815570675
            ],
            [
              0.3563001415762152,
              0.34958427815570675
            ],
            [
              0.3567720622935347,
              0.34958427815570675
            ],
            [
              0.3572439830108542,
              0.34958427815570675
            ],
            [
              0.3577159037281737,
              0.34958427815570675
            ],
            [
              0.35818782444549313,
              0.34958427815570675
            ],
            [
              0.3586597451628126,
              0.34958427815570675
            ],
            [
              0.3588957055214724,
              0.34996220710506426
            ],
            [
              0.3591316658801321,
              0.35034013605442177
            ],
            [
              0.3596035865974516,
              0.35034013605442177
            ],
            [
              0.3600755073147711,
              0.35034013605442177
            ],
            [
              0.3605474280320906,
              0.35034013605442177
            ],
            [
              0.3610193487494101,
              0.35034013605442177
            ],
            [
              0.36125530910806986,
              0.3507180650037793
            ],
            [
              0.3614912694667296,
              0.3510959939531368
            ],
            [
              0.3619631901840491,
              0.3510959939531368
            ],
            [
              0.36219915054270885,
              0.35147392290249435
            ],
            [
              0.3624351109013686,
              0.35185185185185186
            ],
            [
              0.3626710712600283,
              0.35222978080120937
            ],
            [
              0.36290703161868804,
              0.3526077097505669
            ],
            [
              0.3631429919773478,
              0.3529856386999244
            ],
            [
              0.3631429919773478,
              0.35374149659863946
            ],
            [
              0.36290703161868804,
              0.35411942554799697
            ],
            [
              0.3626710712600283,
              0.3544973544973545
            ],
            [
              0.3624351109013686,
              0.35487528344671204
            ],
            [
              0.3619631901840491,
              0.35487528344671204
            ],
            [
              0.3614912694667296,
              0.35487528344671204
            ],
            [
              0.3610193487494101,
              0.35487528344671204
            ],
            [
              0.3605474280320906,
              0.35487528344671204
            ],
            [
              0.36031146767343086,
              0.35525321239606955
            ],
            [
              0.3600755073147711,
              0.35563114134542706
            ],
            [
              0.3596035865974516,
              0.35563114134542706
            ],
            [
              0.3591316658801321,
              0.35563114134542706
            ],
            [
              0.3586597451628126,
              0.35563114134542706
            ],
            [
              0.35818782444549313,
              0.35563114134542706
            ],
            [
              0.3577159037281737,
              0.35563114134542706
            ],
            [
              0.3572439830108542,
              0.35563114134542706
            ],
            [
              0.35700802265219445,
              0.35600907029478457
            ],
            [
              0.3567720622935347,
              0.3563869992441421
            ],
            [
              0.3567720622935347,
              0.3563869992441421
            ]
          ]
        ]
      },
      "properties": {
        "segment_id": 20,
        "area": 634,
        "bbox": [
          686.0,
          461.0,
          83.0,
          10.0
        ],
        "iou": 0.8981146812438965,
        "stability": 0.964560866355896,
        "auto_generated": true,
        "model": "segment_anything"
      }
    },
    {
      "type": "Feature",
      "geometry": {
        "type": "Polygon",
        "coordinates": [
          [
            [
              0.5346861727229826,
              0.828042328042328
            ],
            [
              0.5337423312883436,
              0.828042328042328
            ],
            [
              0.5332704105710241,
              0.827286470143613
            ],
            [
              0.5323265691363851,
              0.827286470143613
            ],
            [
              0.5313827277017461,
              0.827286470143613
            ],
            [
              0.5309108069844266,
              0.826530612244898
            ],
            [
              0.5302029259084474,
              0.8261526832955405
            ],
            [
              0.5294950448324681,
              0.825774754346183
            ],
            [
              0.5290231241151486,
              0.8250188964474678
            ],
            [
              0.5280792826805096,
              0.8250188964474678
            ],
            [
              0.5280792826805096,
              0.8242630385487528
            ],
            [
              0.5285512033978291,
              0.8235071806500378
            ],
            [
              0.5290231241151486,
              0.8227513227513228
            ],
            [
              0.5294950448324681,
              0.8219954648526077
            ],
            [
              0.5302029259084474,
              0.8216175359032502
            ],
            [
              0.5309108069844266,
              0.8212396069538926
            ],
            [
              0.5313827277017461,
              0.8204837490551776
            ],
            [
              0.5323265691363851,
              0.8204837490551776
            ],
            [
              0.5330344502123643,
              0.8201058201058201
            ],
            [
              0.5337423312883436,
              0.8197278911564626
            ],
            [
              0.5344502123643228,
              0.8193499622071051
            ],
            [
              0.5351580934403021,
              0.8189720332577476
            ],
            [
              0.5356300141576216,
              0.8182161753590325
            ],
            [
              0.536101934874941,
              0.8174603174603174
            ],
            [
              0.5365738555922605,
              0.8167044595616024
            ],
            [
              0.5372817366682398,
              0.8163265306122449
            ],
            [
              0.5379896177442189,
              0.8159486016628874
            ],
            [
              0.5389334591788579,
              0.8159486016628874
            ],
            [
              0.5394053798961774,
              0.8151927437641724
            ],
            [
              0.5403492213308164,
              0.8151927437641724
            ],
            [
              0.5412930627654554,
              0.8151927437641724
            ],
            [
              0.5420009438414346,
              0.8148148148148148
            ],
            [
              0.5427088249174139,
              0.8144368858654573
            ],
            [
              0.5434167059933931,
              0.8140589569160998
            ],
            [
              0.5441245870693724,
              0.8136810279667422
            ],
            [
              0.5448324681453516,
              0.8133030990173847
            ],
            [
              0.5455403492213308,
              0.8129251700680272
            ],
            [
              0.5462482302973101,
              0.8125472411186697
            ],
            [
              0.5469561113732893,
              0.8121693121693122
            ],
            [
              0.5476639924492686,
              0.8117913832199547
            ],
            [
              0.5483718735252477,
              0.8114134542705971
            ],
            [
              0.5488437942425672,
              0.8106575963718821
            ],
            [
              0.5493157149598867,
              0.809901738473167
            ],
            [
              0.5500235960358659,
              0.8095238095238095
            ],
            [
              0.5507314771118452,
              0.809145880574452
            ],
            [
              0.5514393581878244,
              0.8087679516250945
            ],
            [
              0.5521472392638037,
              0.808390022675737
            ],
            [
              0.5530910806984427,
              0.808390022675737
            ],
            [
              0.5540349221330817,
              0.808390022675737
            ],
            [
              0.5549787635677206,
              0.808390022675737
            ],
            [
              0.5559226050023596,
              0.808390022675737
            ],
            [
              0.5568664464369986,
              0.808390022675737
            ],
            [
              0.5573383671543181,
              0.8076341647770219
            ],
            [
              0.558282208588957,
              0.8076341647770219
            ],
            [
              0.559226050023596,
              0.8076341647770219
            ],
            [
              0.5599339310995752,
              0.8080120937263794
            ],
            [
              0.5606418121755545,
              0.808390022675737
            ],
            [
              0.561113732892874,
              0.809145880574452
            ],
            [
              0.5618216139688532,
              0.8095238095238095
            ],
            [
              0.5622935346861727,
              0.8102796674225246
            ],
            [
              0.563001415762152,
              0.8106575963718821
            ],
            [
              0.5634733364794714,
              0.8114134542705971
            ],
            [
              0.5641812175554507,
              0.8117913832199547
            ],
            [
              0.5646531382727702,
              0.8125472411186697
            ],
            [
              0.5651250589900897,
              0.8133030990173847
            ],
            [
              0.5646531382727702,
              0.8140589569160998
            ],
            [
              0.5639452571967909,
              0.8144368858654573
            ],
            [
              0.5634733364794714,
              0.8151927437641724
            ],
            [
              0.563001415762152,
              0.8159486016628874
            ],
            [
              0.5625294950448325,
              0.8167044595616024
            ],
            [
              0.5615856536101935,
              0.8167044595616024
            ],
            [
              0.561113732892874,
              0.8174603174603174
            ],
            [
              0.560169891458235,
              0.8174603174603174
            ],
            [
              0.559226050023596,
              0.8174603174603174
            ],
            [
              0.558282208588957,
              0.8174603174603174
            ],
            [
              0.5573383671543181,
              0.8174603174603174
            ],
            [
              0.5568664464369986,
              0.8182161753590325
            ],
            [
              0.5559226050023596,
              0.8182161753590325
            ],
            [
              0.5552147239263804,
              0.81859410430839
            ],
            [
              0.5545068428504011,
              0.8189720332577476
            ],
            [
              0.5537989617744219,
              0.8193499622071051
            ],
            [
              0.5533270410571024,
              0.8201058201058201
            ],
            [
              0.5526191599811232,
              0.8204837490551776
            ],
            [
              0.5521472392638037,
              0.8212396069538926
            ],
            [
              0.5512033978291647,
              0.8212396069538926
            ],
            [
              0.5502595563945257,
              0.8212396069538926
            ],
            [
              0.5495516753185464,
              0.8216175359032502
            ],
            [
              0.5488437942425672,
              0.8219954648526077
            ],
            [
              0.5478999528079282,
              0.8219954648526077
            ],
            [
              0.5474280320906088,
              0.8227513227513228
            ],
            [
              0.5464841906559698,
              0.8227513227513228
            ],
            [
              0.5460122699386503,
              0.8235071806500378
            ],
            [
              0.5455403492213308,
              0.8242630385487528
            ],
            [
              0.5448324681453516,
              0.8246409674981103
            ],
            [
              0.5441245870693724,
              0.8250188964474678
            ],
            [
              0.5436526663520529,
              0.825774754346183
            ],
            [
              0.5427088249174139,
              0.825774754346183
            ],
            [
              0.5420009438414346,
              0.8261526832955405
            ],
            [
              0.5412930627654554,
              0.826530612244898
            ],
            [
              0.5403492213308164,
              0.826530612244898
            ],
            [
              0.5396413402548372,
              0.8269085411942555
            ],
            [
              0.5389334591788579,
              0.827286470143613
            ],
            [
              0.5379896177442189,
              0.827286470143613
            ],
            [
              0.53704577630958,
              0.827286470143613
            ],
            [
              0.536101934874941,
              0.827286470143613
            ],
            [
              0.5351580934403021,
              0.827286470143613
            ],
            [
              0.5346861727229826,
              0.828042328042328
            ]
          ]
        ]
      },
      "properties": {
        "segment_id": 21,
        "area": 959,
        "bbox": [
          1119.0,
          1069.0,
          78.0,
          26.0
        ],
        "iou": 0.89454185962677,
        "stability": 0.9433198571205139,
        "auto_generated": true,
        "model": "segment_anything"
      }
    },
    {
      "type": "Feature",
      "geometry": {
        "type": "Polygon",
        "coordinates": [
          [
            [
              0.26050023596035865,
              0.7123960695389266
            ],
            [
              0.25908447380840016,
              0.7123960695389266
            ],
            [
              0.2579046720151015,
              0.7120181405895691
            ],
            [
              0.25672487022180274,
              0.7116402116402116
            ],
            [
              0.25530910806984425,
              0.7116402116402116
            ],
            [
              0.2543652666352053,
              0.7123960695389266
            ],
            [
              0.2534214252005663,
              0.7116402116402116
            ],
            [
              0.25200566304860783,
              0.7116402116402116
            ],
            [
              0.25106182161396884,
              0.7108843537414966
            ],
            [
              0.24964605946201038,
              0.7108843537414966
            ],
            [
              0.24823029731005192,
              0.7108843537414966
            ],
            [
              0.24681453515809343,
              0.7108843537414966
            ],
            [
              0.24539877300613497,
              0.7108843537414966
            ],
            [
              0.24421897121283626,
              0.7105064247921391
            ],
            [
              0.24303916941953752,
              0.7101284958427816
            ],
            [
              0.24233128834355827,
              0.708994708994709
            ],
            [
              0.2418593676262388,
              0.7074829931972789
            ],
            [
              0.24067956583294006,
              0.7071050642479214
            ],
            [
              0.2397357243983011,
              0.7063492063492064
            ],
            [
              0.2387918829636621,
              0.7055933484504913
            ],
            [
              0.2376120811703634,
              0.7052154195011338
            ],
            [
              0.23643227937706465,
              0.7048374905517762
            ],
            [
              0.2350165172251062,
              0.7048374905517762
            ],
            [
              0.2340726757904672,
              0.7040816326530612
            ],
            [
              0.2328928739971685,
              0.7037037037037037
            ],
            [
              0.2319490325625295,
              0.7029478458049887
            ],
            [
              0.23147711184521,
              0.7014361300075586
            ],
            [
              0.2310051911278905,
              0.6999244142101285
            ],
            [
              0.23053327041057103,
              0.6984126984126984
            ],
            [
              0.23053327041057103,
              0.6961451247165533
            ],
            [
              0.23029731005191129,
              0.6942554799697657
            ],
            [
              0.2298253893345918,
              0.6927437641723356
            ],
            [
              0.22958942897593204,
              0.690854119425548
            ],
            [
              0.22958942897593204,
              0.6885865457294029
            ],
            [
              0.2298253893345918,
              0.6866969009826153
            ],
            [
              0.23053327041057103,
              0.6855631141345427
            ],
            [
              0.23124115148655025,
              0.6844293272864701
            ],
            [
              0.23218499292118924,
              0.6836734693877551
            ],
            [
              0.2331288343558282,
              0.6829176114890401
            ],
            [
              0.2340726757904672,
              0.682161753590325
            ],
            [
              0.2350165172251062,
              0.68140589569161
            ],
            [
              0.23596035865974516,
              0.6806500377928949
            ],
            [
              0.23690420009438415,
              0.6798941798941799
            ],
            [
              0.23808400188768286,
              0.6795162509448224
            ],
            [
              0.2392638036809816,
              0.6791383219954649
            ],
            [
              0.24020764511562057,
              0.6783824640967498
            ],
            [
              0.24162340726757905,
              0.6783824640967498
            ],
            [
              0.24280320906087777,
              0.6787603930461074
            ],
            [
              0.2439830108541765,
              0.6791383219954649
            ],
            [
              0.24539877300613497,
              0.6791383219954649
            ],
            [
              0.24634261444077396,
              0.6798941798941799
            ],
            [
              0.24775837659273242,
              0.6798941798941799
            ],
            [
              0.2487022180273714,
              0.6806500377928949
            ],
            [
              0.24964605946201038,
              0.68140589569161
            ],
            [
              0.2508258612553091,
              0.6817838246409675
            ],
            [
              0.25200566304860783,
              0.682161753590325
            ],
            [
              0.2529495044832468,
              0.6829176114890401
            ],
            [
              0.2543652666352053,
              0.6829176114890401
            ],
            [
              0.25530910806984425,
              0.6836734693877551
            ],
            [
              0.25672487022180274,
              0.6836734693877551
            ],
            [
              0.2581406323737612,
              0.6836734693877551
            ],
            [
              0.25955639452571966,
              0.6836734693877551
            ],
            [
              0.26097215667767815,
              0.6836734693877551
            ],
            [
              0.26191599811231714,
              0.6844293272864701
            ],
            [
              0.2633317602642756,
              0.6844293272864701
            ],
            [
              0.26474752241623406,
              0.6844293272864701
            ],
            [
              0.2659273242095328,
              0.6848072562358276
            ],
            [
              0.26710712600283154,
              0.6851851851851852
            ],
            [
              0.26852288815479,
              0.6851851851851852
            ],
            [
              0.26946672958942897,
              0.6859410430839002
            ],
            [
              0.27088249174138745,
              0.6859410430839002
            ],
            [
              0.2720622935346862,
              0.6863189720332578
            ],
            [
              0.2732420953279849,
              0.6866969009826153
            ],
            [
              0.27465785747994337,
              0.6866969009826153
            ],
            [
              0.27607361963190186,
              0.6866969009826153
            ],
            [
              0.27701746106654085,
              0.6874527588813303
            ],
            [
              0.27819726285983953,
              0.6878306878306878
            ],
            [
              0.2789051439358188,
              0.6889644746787604
            ],
            [
              0.279613025011798,
              0.690098261526833
            ],
            [
              0.28032090608777727,
              0.6912320483749055
            ],
            [
              0.2810287871637565,
              0.6923658352229781
            ],
            [
              0.2817366682397357,
              0.6934996220710506
            ],
            [
              0.2826805096743747,
              0.6942554799697657
            ],
            [
              0.28338839075035394,
              0.6953892668178382
            ],
            [
              0.28386031146767343,
              0.6969009826152683
            ],
            [
              0.28433223218499293,
              0.6984126984126984
            ],
            [
              0.2836243511090137,
              0.699546485260771
            ],
            [
              0.2826805096743747,
              0.700302343159486
            ],
            [
              0.28126474752241626,
              0.700302343159486
            ],
            [
              0.27984898537045777,
              0.700302343159486
            ],
            [
              0.2784332232184993,
              0.700302343159486
            ],
            [
              0.2774893817838603,
              0.699546485260771
            ],
            [
              0.27607361963190186,
              0.699546485260771
            ],
            [
              0.27512977819726286,
              0.700302343159486
            ],
            [
              0.27418593676262387,
              0.701058201058201
            ],
            [
              0.2732420953279849,
              0.7018140589569161
            ],
            [
              0.27229825389334594,
              0.7025699168556312
            ],
            [
              0.27135441245870695,
              0.7033257747543462
            ],
            [
              0.2706465313827277,
              0.7044595616024187
            ],
            [
              0.2701746106654082,
              0.7059712773998488
            ],
            [
              0.2697026899480887,
              0.7074829931972789
            ],
            [
              0.2692307692307692,
              0.708994708994709
            ],
            [
              0.2682869277961302,
              0.7097505668934241
            ],
            [
              0.26710712600283154,
              0.7101284958427816
            ],
            [
              0.26616328456819255,
              0.7108843537414966
            ],
            [
              0.26474752241623406,
              0.7108843537414966
            ],
            [
              0.26380368098159507,
              0.7116402116402116
            ],
            [
              0.26238791882963663,
              0.7116402116402116
            ],
            [
              0.26097215667767815,
              0.7116402116402116
            ],
            [
              0.26050023596035865,
              0.7123960695389266
            ]
          ]
        ]
      },
      "properties": {
        "segment_id": 22,
        "area": 3482,
        "bbox": [
          487.0,
          898.0,
          115.0,
          44.0
        ],
        "iou": 0.8828506469726562,
        "stability": 0.9251381158828735,
        "auto_generated": true,
        "model": "segment_anything"
      }
    },
    {
      "type": "Feature",
      "geometry": {
        "type": "Polygon",
        "coordinates": [
          [
            [
              0.26285983954695613,
              0.4357520786092215
            ],
            [
              0.26238791882963663,
              0.4357520786092215
            ],
            [
              0.26191599811231714,
              0.4357520786092215
            ],
            [
              0.26144407739499764,
              0.4357520786092215
            ],
            [
              0.26097215667767815,
              0.4357520786092215
            ],
            [
              0.26050023596035865,
              0.4357520786092215
            ],
            [
              0.26002831524303915,
              0.4357520786092215
            ],
            [
              0.25955639452571966,
              0.4357520786092215
            ],
            [
              0.25908447380840016,
              0.4357520786092215
            ],
            [
              0.2586125530910807,
              0.4357520786092215
            ],
            [
              0.2581406323737612,
              0.4357520786092215
            ],
            [
              0.25766871165644173,
              0.4357520786092215
            ],
            [
              0.25719679093912223,
              0.4357520786092215
            ],
            [
              0.25672487022180274,
              0.4357520786092215
            ],
            [
              0.25625294950448324,
              0.4357520786092215
            ],
            [
              0.25578102878716374,
              0.4357520786092215
            ],
            [
              0.25530910806984425,
              0.4357520786092215
            ],
            [
              0.2550731477111845,
              0.43537414965986393
            ],
            [
              0.25483718735252475,
              0.4349962207105064
            ],
            [
              0.2543652666352053,
              0.4349962207105064
            ],
            [
              0.2538933459178858,
              0.4349962207105064
            ],
            [
              0.2534214252005663,
              0.4349962207105064
            ],
            [
              0.2529495044832468,
              0.4349962207105064
            ],
            [
              0.2524775837659273,
              0.4349962207105064
            ],
            [
              0.25200566304860783,
              0.4349962207105064
            ],
            [
              0.25153374233128833,
              0.4349962207105064
            ],
            [
              0.25106182161396884,
              0.4349962207105064
            ],
            [
              0.2508258612553091,
              0.4346182917611489
            ],
            [
              0.25058990089664934,
              0.4342403628117914
            ],
            [
              0.25011798017932985,
              0.4342403628117914
            ],
            [
              0.24964605946201038,
              0.4342403628117914
            ],
            [
              0.24917413874469088,
              0.4342403628117914
            ],
            [
              0.2487022180273714,
              0.4342403628117914
            ],
            [
              0.24823029731005192,
              0.4342403628117914
            ],
            [
              0.24775837659273242,
              0.4342403628117914
            ],
            [
              0.24728645587541292,
              0.4342403628117914
            ],
            [
              0.24681453515809343,
              0.4342403628117914
            ],
            [
              0.24634261444077396,
              0.4342403628117914
            ],
            [
              0.24587069372345446,
              0.4342403628117914
            ],
            [
              0.24539877300613497,
              0.4342403628117914
            ],
            [
              0.24492685228881547,
              0.4342403628117914
            ],
            [
              0.24445493157149598,
              0.4342403628117914
            ],
            [
              0.24421897121283626,
              0.43386243386243384
            ],
            [
              0.2439830108541765,
              0.43348450491307633
            ],
            [
              0.24374705049551676,
              0.4331065759637188
            ],
            [
              0.2439830108541765,
              0.4327286470143613
            ],
            [
              0.24421897121283626,
              0.4323507180650038
            ],
            [
              0.24445493157149598,
              0.43197278911564624
            ],
            [
              0.24469089193015572,
              0.43159486016628873
            ],
            [
              0.24492685228881547,
              0.4312169312169312
            ],
            [
              0.24539877300613497,
              0.4312169312169312
            ],
            [
              0.24587069372345446,
              0.4312169312169312
            ],
            [
              0.24634261444077396,
              0.4312169312169312
            ],
            [
              0.24681453515809343,
              0.4312169312169312
            ],
            [
              0.24728645587541292,
              0.4312169312169312
            ],
            [
              0.24775837659273242,
              0.4312169312169312
            ],
            [
              0.24799433695139217,
              0.4308390022675737
            ],
            [
              0.24823029731005192,
              0.4304610733182162
            ],
            [
              0.24846625766871167,
              0.43008314436885864
            ],
            [
              0.2487022180273714,
              0.42970521541950113
            ],
            [
              0.24917413874469088,
              0.42970521541950113
            ],
            [
              0.24964605946201038,
              0.42970521541950113
            ],
            [
              0.25011798017932985,
              0.42970521541950113
            ],
            [
              0.25058990089664934,
              0.42970521541950113
            ],
            [
              0.25106182161396884,
              0.42970521541950113
            ],
            [
              0.25153374233128833,
              0.42970521541950113
            ],
            [
              0.25200566304860783,
              0.42970521541950113
            ],
            [
              0.2524775837659273,
              0.42970521541950113
            ],
            [
              0.2529495044832468,
              0.42970521541950113
            ],
            [
              0.2534214252005663,
              0.42970521541950113
            ],
            [
              0.2538933459178858,
              0.42970521541950113
            ],
            [
              0.2543652666352053,
              0.42970521541950113
            ],
            [
              0.25483718735252475,
              0.42970521541950113
            ],
            [
              0.25530910806984425,
              0.42970521541950113
            ],
            [
              0.255545068428504,
              0.4293272864701436
            ],
            [
              0.25578102878716374,
              0.4289493575207861
            ],
            [
              0.25625294950448324,
              0.4289493575207861
            ],
            [
              0.25672487022180274,
              0.4289493575207861
            ],
            [
              0.25719679093912223,
              0.4289493575207861
            ],
            [
              0.25766871165644173,
              0.4289493575207861
            ],
            [
              0.2581406323737612,
              0.4289493575207861
            ],
            [
              0.2586125530910807,
              0.4289493575207861
            ],
            [
              0.25908447380840016,
              0.4289493575207861
            ],
            [
              0.25955639452571966,
              0.4289493575207861
            ],
            [
              0.26002831524303915,
              0.4289493575207861
            ],
            [
              0.26050023596035865,
              0.4289493575207861
            ],
            [
              0.26097215667767815,
              0.4289493575207861
            ],
            [
              0.26144407739499764,
              0.4289493575207861
            ],
            [
              0.26191599811231714,
              0.4289493575207861
            ],
            [
              0.26238791882963663,
              0.4289493575207861
            ],
            [
              0.26285983954695613,
              0.4289493575207861
            ],
            [
              0.2633317602642756,
              0.4289493575207861
            ],
            [
              0.2635677206229353,
              0.42857142857142855
            ],
            [
              0.26380368098159507,
              0.42819349962207104
            ],
            [
              0.26427560169891456,
              0.42819349962207104
            ],
            [
              0.26474752241623406,
              0.42819349962207104
            ],
            [
              0.26521944313355356,
              0.42819349962207104
            ],
            [
              0.26569136385087305,
              0.42819349962207104
            ],
            [
              0.26616328456819255,
              0.42819349962207104
            ],
            [
              0.26663520528551204,
              0.42819349962207104
            ],
            [
              0.26710712600283154,
              0.42819349962207104
            ],
            [
              0.26757904672015104,
              0.42819349962207104
            ],
            [
              0.2680509674374705,
              0.42819349962207104
            ],
            [
              0.26852288815479,
              0.42819349962207104
            ],
            [
              0.26899480887210947,
              0.42819349962207104
            ],
            [
              0.26946672958942897,
              0.42819349962207104
            ],
            [
              0.26993865030674846,
              0.42819349962207104
            ],
            [
              0.27041057102406796,
              0.42819349962207104
            ],
            [
              0.27088249174138745,
              0.42819349962207104
            ],
            [
              0.27135441245870695,
              0.42819349962207104
            ],
            [
              0.27182633317602645,
              0.42819349962207104
            ],
            [
              0.2720622935346862,
              0.42781557067271353
            ],
            [
              0.27229825389334594,
              0.427437641723356
            ],
            [
              0.2727701746106654,
              0.427437641723356
            ],
            [
              0.2732420953279849,
              0.427437641723356
            ],
            [
              0.2737140160453044,
              0.427437641723356
            ],
            [
              0.27418593676262387,
              0.427437641723356
            ],
            [
              0.27465785747994337,
              0.427437641723356
            ],
            [
              0.27512977819726286,
              0.427437641723356
            ],
            [
              0.27560169891458236,
              0.427437641723356
            ],
            [
              0.2758376592732421,
              0.42781557067271353
            ],
            [
              0.27607361963190186,
              0.42819349962207104
            ],
            [
              0.27654554034922135,
              0.42819349962207104
            ],
            [
              0.27701746106654085,
              0.42819349962207104
            ],
            [
              0.27725342142520054,
              0.42857142857142855
            ],
            [
              0.2774893817838603,
              0.4289493575207861
            ],
            [
              0.2779613025011798,
              0.4289493575207861
            ],
            [
              0.2784332232184993,
              0.4289493575207861
            ],
            [
              0.27866918357715903,
              0.4293272864701436
            ],
            [
              0.2789051439358188,
              0.42970521541950113
            ],
            [
              0.2793770646531383,
              0.42970521541950113
            ],
            [
              0.279613025011798,
              0.43008314436885864
            ],
            [
              0.279613025011798,
              0.4308390022675737
            ],
            [
              0.279613025011798,
              0.43159486016628873
            ],
            [
              0.279613025011798,
              0.4323507180650038
            ],
            [
              0.279613025011798,
              0.4331065759637188
            ],
            [
              0.2793770646531383,
              0.43348450491307633
            ],
            [
              0.2789051439358188,
              0.43348450491307633
            ],
            [
              0.2784332232184993,
              0.43348450491307633
            ],
            [
              0.2779613025011798,
              0.43348450491307633
            ],
            [
              0.2774893817838603,
              0.43348450491307633
            ],
            [
              0.27701746106654085,
              0.43348450491307633
            ],
            [
              0.27654554034922135,
              0.43348450491307633
            ],
            [
              0.27607361963190186,
              0.43348450491307633
            ],
            [
              0.27560169891458236,
              0.43348450491307633
            ],
            [
              0.27512977819726286,
              0.43348450491307633
            ],
            [
              0.2748938178386031,
              0.43386243386243384
            ],
            [
              0.27465785747994337,
              0.4342403628117914
            ],
            [
              0.27418593676262387,
              0.4342403628117914
            ],
            [
              0.2737140160453044,
              0.4342403628117914
            ],
            [
              0.2732420953279849,
              0.4342403628117914
            ],
            [
              0.2727701746106654,
              0.4342403628117914
            ],
            [
              0.27229825389334594,
              0.4342403628117914
            ],
            [
              0.27182633317602645,
              0.4342403628117914
            ],
            [
              0.27135441245870695,
              0.4342403628117914
            ],
            [
              0.27088249174138745,
              0.4342403628117914
            ],
            [
              0.27041057102406796,
              0.4342403628117914
            ],
            [
              0.26993865030674846,
              0.4342403628117914
            ],
            [
              0.2697026899480887,
              0.4346182917611489
            ],
            [
              0.26946672958942897,
              0.4349962207105064
            ],
            [
              0.26899480887210947,
              0.4349962207105064
            ],
            [
              0.26852288815479,
              0.4349962207105064
            ],
            [
              0.2680509674374705,
              0.4349962207105064
            ],
            [
              0.26757904672015104,
              0.4349962207105064
            ],
            [
              0.26710712600283154,
              0.4349962207105064
            ],
            [
              0.26663520528551204,
              0.4349962207105064
            ],
            [
              0.26616328456819255,
              0.4349962207105064
            ],
            [
              0.26569136385087305,
              0.4349962207105064
            ],
            [
              0.26521944313355356,
              0.4349962207105064
            ],
            [
              0.26474752241623406,
              0.4349962207105064
            ],
            [
              0.26427560169891456,
              0.4349962207105064
            ],
            [
              0.26380368098159507,
              0.4349962207105064
            ],
            [
              0.2633317602642756,
              0.4349962207105064
            ],
            [
              0.2630957999056159,
              0.43537414965986393
            ],
            [
              0.26285983954695613,
              0.4357520786092215
            ],
            [
              0.26285983954695613,
              0.4357520786092215
            ]
          ]
        ]
      },
      "properties": {
        "segment_id": 23,
        "area": 566,
        "bbox": [
          517.0,
          566.0,
          75.0,
          10.0
        ],
        "iou": 0.8819723129272461,
        "stability": 0.953687846660614,
        "auto_generated": true,
        "model": "segment_anything"
      }
    },
    {
      "type": "Feature",
      "geometry": {
        "type": "Polygon",
        "coordinates": [
          [
            [
              0.5667767815007079,
              0.7305366591080876
            ],
            [
              0.5663048607833884,
              0.7305366591080876
            ],
            [
              0.5658329400660689,
              0.7305366591080876
            ],
            [
              0.5653610193487494,
              0.7305366591080876
            ],
            [
              0.5648890986314299,
              0.7305366591080876
            ],
            [
              0.5644171779141104,
              0.7305366591080876
            ],
            [
              0.5639452571967909,
              0.7305366591080876
            ],
            [
              0.5634733364794714,
              0.7305366591080876
            ],
            [
              0.563001415762152,
              0.7305366591080876
            ],
            [
              0.5625294950448325,
              0.7305366591080876
            ],
            [
              0.562057574327513,
              0.7305366591080876
            ],
            [
              0.5615856536101935,
              0.7305366591080876
            ],
            [
              0.561113732892874,
              0.7305366591080876
            ],
            [
              0.5606418121755545,
              0.7305366591080876
            ],
            [
              0.5604058518168947,
              0.7301587301587301
            ],
            [
              0.560169891458235,
              0.7297808012093726
            ],
            [
              0.5596979707409155,
              0.7297808012093726
            ],
            [
              0.559226050023596,
              0.7297808012093726
            ],
            [
              0.5587541293062765,
              0.7297808012093726
            ],
            [
              0.5585181689476169,
              0.7294028722600151
            ],
            [
              0.558282208588957,
              0.7290249433106576
            ],
            [
              0.5578102878716376,
              0.7290249433106576
            ],
            [
              0.5573383671543181,
              0.7290249433106576
            ],
            [
              0.5568664464369986,
              0.7290249433106576
            ],
            [
              0.5563945257196791,
              0.7290249433106576
            ],
            [
              0.5561585653610194,
              0.7286470143613001
            ],
            [
              0.5559226050023596,
              0.7282690854119426
            ],
            [
              0.5554506842850401,
              0.7282690854119426
            ],
            [
              0.5549787635677206,
              0.7282690854119426
            ],
            [
              0.5545068428504011,
              0.7282690854119426
            ],
            [
              0.5540349221330817,
              0.7282690854119426
            ],
            [
              0.5537989617744219,
              0.7278911564625851
            ],
            [
              0.5535630014157622,
              0.7275132275132276
            ],
            [
              0.5530910806984427,
              0.7275132275132276
            ],
            [
              0.5526191599811232,
              0.7275132275132276
            ],
            [
              0.5523831996224634,
              0.72713529856387
            ],
            [
              0.5521472392638037,
              0.7267573696145124
            ],
            [
              0.5516753185464842,
              0.7267573696145124
            ],
            [
              0.5512033978291647,
              0.7267573696145124
            ],
            [
              0.5509674374705049,
              0.7263794406651549
            ],
            [
              0.5507314771118452,
              0.7260015117157974
            ],
            [
              0.5502595563945257,
              0.7260015117157974
            ],
            [
              0.5497876356772062,
              0.7260015117157974
            ],
            [
              0.5493157149598867,
              0.7260015117157974
            ],
            [
              0.5488437942425672,
              0.7260015117157974
            ],
            [
              0.5486078338839075,
              0.7256235827664399
            ],
            [
              0.5483718735252477,
              0.7252456538170824
            ],
            [
              0.5478999528079282,
              0.7252456538170824
            ],
            [
              0.5474280320906088,
              0.7252456538170824
            ],
            [
              0.5469561113732893,
              0.7252456538170824
            ],
            [
              0.5464841906559698,
              0.7252456538170824
            ],
            [
              0.5460122699386503,
              0.7252456538170824
            ],
            [
              0.5455403492213308,
              0.7252456538170824
            ],
            [
              0.5453043888626711,
              0.7248677248677249
            ],
            [
              0.5450684285040113,
              0.7244897959183674
            ],
            [
              0.5448324681453516,
              0.7241118669690099
            ],
            [
              0.5445965077866919,
              0.7237339380196524
            ],
            [
              0.5443605474280321,
              0.7233560090702947
            ],
            [
              0.5441245870693724,
              0.7229780801209372
            ],
            [
              0.5438886267107126,
              0.7226001511715797
            ],
            [
              0.5438886267107126,
              0.7218442932728647
            ],
            [
              0.5441245870693724,
              0.7214663643235072
            ],
            [
              0.5443605474280321,
              0.7210884353741497
            ],
            [
              0.5445965077866919,
              0.7207105064247922
            ],
            [
              0.5450684285040113,
              0.7207105064247922
            ],
            [
              0.5453043888626711,
              0.7203325774754347
            ],
            [
              0.5455403492213308,
              0.719954648526077
            ],
            [
              0.5460122699386503,
              0.719954648526077
            ],
            [
              0.5464841906559698,
              0.719954648526077
            ],
            [
              0.5467201510146296,
              0.7195767195767195
            ],
            [
              0.5469561113732893,
              0.719198790627362
            ],
            [
              0.5474280320906088,
              0.719198790627362
            ],
            [
              0.5476639924492686,
              0.7188208616780045
            ],
            [
              0.5478999528079282,
              0.718442932728647
            ],
            [
              0.5483718735252477,
              0.718442932728647
            ],
            [
              0.5488437942425672,
              0.718442932728647
            ],
            [
              0.5493157149598867,
              0.718442932728647
            ],
            [
              0.5497876356772062,
              0.718442932728647
            ],
            [
              0.5502595563945257,
              0.718442932728647
            ],
            [
              0.5507314771118452,
              0.718442932728647
            ],
            [
              0.5512033978291647,
              0.718442932728647
            ],
            [
              0.5516753185464842,
              0.718442932728647
            ],
            [
              0.5521472392638037,
              0.718442932728647
            ],
            [
              0.5526191599811232,
              0.718442932728647
            ],
            [
              0.5530910806984427,
              0.718442932728647
            ],
            [
              0.5535630014157622,
              0.718442932728647
            ],
            [
              0.5540349221330817,
              0.718442932728647
            ],
            [
              0.5545068428504011,
              0.718442932728647
            ],
            [
              0.5549787635677206,
              0.718442932728647
            ],
            [
              0.5554506842850401,
              0.718442932728647
            ],
            [
              0.5559226050023596,
              0.718442932728647
            ],
            [
              0.5563945257196791,
              0.718442932728647
            ],
            [
              0.5566304860783389,
              0.7188208616780045
            ],
            [
              0.5568664464369986,
              0.719198790627362
            ],
            [
              0.5573383671543181,
              0.719198790627362
            ],
            [
              0.5578102878716376,
              0.719198790627362
            ],
            [
              0.558282208588957,
              0.719198790627362
            ],
            [
              0.5585181689476169,
              0.7195767195767195
            ],
            [
              0.5587541293062765,
              0.719954648526077
            ],
            [
              0.559226050023596,
              0.719954648526077
            ],
            [
              0.5596979707409155,
              0.719954648526077
            ],
            [
              0.560169891458235,
              0.719954648526077
            ],
            [
              0.5604058518168947,
              0.7203325774754347
            ],
            [
              0.5606418121755545,
              0.7207105064247922
            ],
            [
              0.561113732892874,
              0.7207105064247922
            ],
            [
              0.5615856536101935,
              0.7207105064247922
            ],
            [
              0.562057574327513,
              0.7207105064247922
            ],
            [
              0.5625294950448325,
              0.7207105064247922
            ],
            [
              0.563001415762152,
              0.7207105064247922
            ],
            [
              0.5632373761208117,
              0.7210884353741497
            ],
            [
              0.5634733364794714,
              0.7214663643235072
            ],
            [
              0.5639452571967909,
              0.7214663643235072
            ],
            [
              0.5644171779141104,
              0.7214663643235072
            ],
            [
              0.5646531382727702,
              0.7218442932728647
            ],
            [
              0.5648890986314299,
              0.7222222222222222
            ],
            [
              0.5653610193487494,
              0.7222222222222222
            ],
            [
              0.5658329400660689,
              0.7222222222222222
            ],
            [
              0.5660689004247287,
              0.7226001511715797
            ],
            [
              0.5663048607833884,
              0.7229780801209372
            ],
            [
              0.5667767815007079,
              0.7229780801209372
            ],
            [
              0.5670127418593677,
              0.7233560090702947
            ],
            [
              0.5672487022180274,
              0.7237339380196524
            ],
            [
              0.5677206229353469,
              0.7237339380196524
            ],
            [
              0.5681925436526664,
              0.7237339380196524
            ],
            [
              0.5686644643699859,
              0.7237339380196524
            ],
            [
              0.5689004247286455,
              0.7241118669690099
            ],
            [
              0.5691363850873054,
              0.7244897959183674
            ],
            [
              0.5696083058046248,
              0.7244897959183674
            ],
            [
              0.5700802265219443,
              0.7244897959183674
            ],
            [
              0.570316186880604,
              0.7248677248677249
            ],
            [
              0.5705521472392638,
              0.7252456538170824
            ],
            [
              0.5707881075979235,
              0.7256235827664399
            ],
            [
              0.5707881075979235,
              0.7263794406651549
            ],
            [
              0.5707881075979235,
              0.72713529856387
            ],
            [
              0.5707881075979235,
              0.7278911564625851
            ],
            [
              0.5705521472392638,
              0.7282690854119426
            ],
            [
              0.570316186880604,
              0.7286470143613001
            ],
            [
              0.5700802265219443,
              0.7290249433106576
            ],
            [
              0.5696083058046248,
              0.7290249433106576
            ],
            [
              0.569372345445965,
              0.7294028722600151
            ],
            [
              0.5691363850873054,
              0.7297808012093726
            ],
            [
              0.5686644643699859,
              0.7297808012093726
            ],
            [
              0.5681925436526664,
              0.7297808012093726
            ],
            [
              0.5677206229353469,
              0.7297808012093726
            ],
            [
              0.5672487022180274,
              0.7297808012093726
            ],
            [
              0.5670127418593677,
              0.7301587301587301
            ],
            [
              0.5667767815007079,
              0.7305366591080876
            ],
            [
              0.5667767815007079,
              0.7305366591080876
            ]
          ]
        ]
      },
      "properties": {
        "segment_id": 24,
        "area": 590,
        "bbox": [
          1153.0,
          951.0,
          56.0,
          15.0
        ],
        "iou": 0.8777618408203125,
        "stability": 0.9649415612220764,
        "auto_generated": true,
        "model": "segment_anything"
      }
    },
    {
      "type": "Feature",
      "geometry": {
        "type": "Polygon",
        "coordinates": [
          [
            [
              0.12128362435110901,
              0.5219198790627362
            ],
            [
              0.12081170363378953,
              0.5219198790627362
            ],
            [
              0.12033978291647003,
              0.5219198790627362
            ],
            [
              0.11986786219915055,
              0.5219198790627362
            ],
            [
              0.11939594148183105,
              0.5219198790627362
            ],
            [
              0.11892402076451156,
              0.5219198790627362
            ],
            [
              0.11845210004719207,
              0.5219198790627362
            ],
            [
              0.11821613968853233,
              0.5215419501133787
            ],
            [
              0.11798017932987258,
              0.5211640211640212
            ],
            [
              0.1175082586125531,
              0.5211640211640212
            ],
            [
              0.1170363378952336,
              0.5211640211640212
            ],
            [
              0.1165644171779141,
              0.5211640211640212
            ],
            [
              0.11609249646059462,
              0.5211640211640212
            ],
            [
              0.11562057574327513,
              0.5211640211640212
            ],
            [
              0.11514865502595564,
              0.5211640211640212
            ],
            [
              0.11467673430863615,
              0.5211640211640212
            ],
            [
              0.11420481359131666,
              0.5211640211640212
            ],
            [
              0.11373289287399717,
              0.5211640211640212
            ],
            [
              0.11326097215667767,
              0.5211640211640212
            ],
            [
              0.11278905143935819,
              0.5211640211640212
            ],
            [
              0.1123171307220387,
              0.5211640211640212
            ],
            [
              0.11184521000471921,
              0.5211640211640212
            ],
            [
              0.11137328928739972,
              0.5211640211640212
            ],
            [
              0.11090136857008023,
              0.5211640211640212
            ],
            [
              0.11066540821142049,
              0.5207860922146637
            ],
            [
              0.11042944785276074,
              0.5204081632653061
            ],
            [
              0.10995752713544124,
              0.5204081632653061
            ],
            [
              0.10948560641812176,
              0.5204081632653061
            ],
            [
              0.10901368570080226,
              0.5204081632653061
            ],
            [
              0.10854176498348278,
              0.5204081632653061
            ],
            [
              0.10830580462482303,
              0.5200302343159486
            ],
            [
              0.10806984426616328,
              0.5196523053665911
            ],
            [
              0.10759792354884379,
              0.5196523053665911
            ],
            [
              0.1071260028315243,
              0.5196523053665911
            ],
            [
              0.10689004247286456,
              0.5192743764172335
            ],
            [
              0.10665408211420481,
              0.518896447467876
            ],
            [
              0.10618216139688533,
              0.518896447467876
            ],
            [
              0.10571024067956583,
              0.518896447467876
            ],
            [
              0.10547428032090608,
              0.5185185185185185
            ],
            [
              0.10523831996224635,
              0.518140589569161
            ],
            [
              0.10476639924492685,
              0.518140589569161
            ],
            [
              0.10429447852760736,
              0.518140589569161
            ],
            [
              0.10405851816894762,
              0.5177626606198035
            ],
            [
              0.10382255781028787,
              0.517384731670446
            ],
            [
              0.10358659745162813,
              0.5170068027210885
            ],
            [
              0.10382255781028787,
              0.516628873771731
            ],
            [
              0.10405851816894762,
              0.5162509448223734
            ],
            [
              0.10429447852760736,
              0.5158730158730159
            ],
            [
              0.10476639924492685,
              0.5158730158730159
            ],
            [
              0.10523831996224635,
              0.5158730158730159
            ],
            [
              0.10547428032090608,
              0.5154950869236583
            ],
            [
              0.10571024067956583,
              0.5151171579743008
            ],
            [
              0.10618216139688533,
              0.5151171579743008
            ],
            [
              0.10665408211420481,
              0.5151171579743008
            ],
            [
              0.1071260028315243,
              0.5151171579743008
            ],
            [
              0.10736196319018405,
              0.5147392290249433
            ],
            [
              0.10759792354884379,
              0.5143613000755858
            ],
            [
              0.10806984426616328,
              0.5143613000755858
            ],
            [
              0.10854176498348278,
              0.5143613000755858
            ],
            [
              0.10901368570080226,
              0.5143613000755858
            ],
            [
              0.10924964605946201,
              0.5139833711262283
            ],
            [
              0.10948560641812176,
              0.5136054421768708
            ],
            [
              0.10995752713544124,
              0.5136054421768708
            ],
            [
              0.11042944785276074,
              0.5136054421768708
            ],
            [
              0.11090136857008023,
              0.5136054421768708
            ],
            [
              0.11113732892873997,
              0.5132275132275133
            ],
            [
              0.11137328928739972,
              0.5128495842781557
            ],
            [
              0.11184521000471921,
              0.5128495842781557
            ],
            [
              0.1123171307220387,
              0.5128495842781557
            ],
            [
              0.11278905143935819,
              0.5128495842781557
            ],
            [
              0.11326097215667767,
              0.5128495842781557
            ],
            [
              0.11373289287399717,
              0.5128495842781557
            ],
            [
              0.11420481359131666,
              0.5128495842781557
            ],
            [
              0.11467673430863615,
              0.5128495842781557
            ],
            [
              0.11514865502595564,
              0.5128495842781557
            ],
            [
              0.11562057574327513,
              0.5128495842781557
            ],
            [
              0.11609249646059462,
              0.5128495842781557
            ],
            [
              0.1165644171779141,
              0.5128495842781557
            ],
            [
              0.11680037753657385,
              0.5132275132275133
            ],
            [
              0.1170363378952336,
              0.5136054421768708
            ],
            [
              0.1175082586125531,
              0.5136054421768708
            ],
            [
              0.11798017932987258,
              0.5136054421768708
            ],
            [
              0.11845210004719207,
              0.5136054421768708
            ],
            [
              0.11892402076451156,
              0.5136054421768708
            ],
            [
              0.11939594148183105,
              0.5136054421768708
            ],
            [
              0.11986786219915055,
              0.5136054421768708
            ],
            [
              0.12033978291647003,
              0.5136054421768708
            ],
            [
              0.12081170363378953,
              0.5136054421768708
            ],
            [
              0.12128362435110901,
              0.5136054421768708
            ],
            [
              0.12151958470976876,
              0.5132275132275133
            ],
            [
              0.1217555450684285,
              0.5128495842781557
            ],
            [
              0.12199150542708825,
              0.5132275132275133
            ],
            [
              0.12222746578574799,
              0.5136054421768708
            ],
            [
              0.12269938650306748,
              0.5136054421768708
            ],
            [
              0.12317130722038698,
              0.5136054421768708
            ],
            [
              0.12364322793770646,
              0.5136054421768708
            ],
            [
              0.12411514865502596,
              0.5136054421768708
            ],
            [
              0.12458706937234544,
              0.5136054421768708
            ],
            [
              0.12505899008966492,
              0.5136054421768708
            ],
            [
              0.12529495044832467,
              0.5139833711262283
            ],
            [
              0.12553091080698442,
              0.5143613000755858
            ],
            [
              0.12600283152430392,
              0.5143613000755858
            ],
            [
              0.1264747522416234,
              0.5143613000755858
            ],
            [
              0.12671071260028316,
              0.5147392290249433
            ],
            [
              0.1269466729589429,
              0.5151171579743008
            ],
            [
              0.12741859367626238,
              0.5151171579743008
            ],
            [
              0.12789051439358187,
              0.5151171579743008
            ],
            [
              0.12836243511090137,
              0.5151171579743008
            ],
            [
              0.12859839546956112,
              0.5154950869236583
            ],
            [
              0.12883435582822086,
              0.5158730158730159
            ],
            [
              0.12930627654554036,
              0.5158730158730159
            ],
            [
              0.12977819726285983,
              0.5158730158730159
            ],
            [
              0.13025011798017933,
              0.5158730158730159
            ],
            [
              0.13072203869749882,
              0.5158730158730159
            ],
            [
              0.13095799905615857,
              0.5162509448223734
            ],
            [
              0.13119395941481832,
              0.516628873771731
            ],
            [
              0.1316658801321378,
              0.516628873771731
            ],
            [
              0.13213780084945728,
              0.516628873771731
            ],
            [
              0.13237376120811703,
              0.5170068027210885
            ],
            [
              0.13237376120811703,
              0.5177626606198035
            ],
            [
              0.13213780084945728,
              0.518140589569161
            ],
            [
              0.1316658801321378,
              0.518140589569161
            ],
            [
              0.13119395941481832,
              0.518140589569161
            ],
            [
              0.13095799905615857,
              0.5185185185185185
            ],
            [
              0.13072203869749882,
              0.518896447467876
            ],
            [
              0.13025011798017933,
              0.518896447467876
            ],
            [
              0.13001415762151958,
              0.5192743764172335
            ],
            [
              0.12977819726285983,
              0.5196523053665911
            ],
            [
              0.12930627654554036,
              0.5196523053665911
            ],
            [
              0.12883435582822086,
              0.5196523053665911
            ],
            [
              0.12836243511090137,
              0.5196523053665911
            ],
            [
              0.12812647475224162,
              0.5200302343159486
            ],
            [
              0.12789051439358187,
              0.5204081632653061
            ],
            [
              0.12741859367626238,
              0.5204081632653061
            ],
            [
              0.1269466729589429,
              0.5204081632653061
            ],
            [
              0.1264747522416234,
              0.5204081632653061
            ],
            [
              0.12600283152430392,
              0.5204081632653061
            ],
            [
              0.12553091080698442,
              0.5204081632653061
            ],
            [
              0.12505899008966492,
              0.5204081632653061
            ],
            [
              0.12458706937234544,
              0.5204081632653061
            ],
            [
              0.1243511090136857,
              0.5207860922146637
            ],
            [
              0.12411514865502596,
              0.5211640211640212
            ],
            [
              0.12364322793770646,
              0.5211640211640212
            ],
            [
              0.12317130722038698,
              0.5211640211640212
            ],
            [
              0.12269938650306748,
              0.5211640211640212
            ],
            [
              0.12222746578574799,
              0.5211640211640212
            ],
            [
              0.1217555450684285,
              0.5211640211640212
            ],
            [
              0.12151958470976876,
              0.5215419501133787
            ],
            [
              0.12128362435110901,
              0.5219198790627362
            ],
            [
              0.12128362435110901,
              0.5219198790627362
            ]
          ]
        ]
      },
      "properties": {
        "segment_id": 25,
        "area": 596,
        "bbox": [
          220.0,
          679.0,
          101.0,
          11.0
        ],
        "iou": 0.8711520433425903,
        "stability": 0.9431818127632141,
        "auto_generated": true,
        "model": "segment_anything"
      }
    },
    {
      "type": "Feature",
      "geometry": {
        "type": "Polygon",
        "coordinates": [
          [
            [
              0.1505427088249174,
              0.518140589569161
            ],
            [
              0.1500707881075979,
              0.518140589569161
            ],
            [
              0.14959886739027844,
              0.518140589569161
            ],
            [
              0.14912694667295895,
              0.518140589569161
            ],
            [
              0.14865502595563945,
              0.518140589569161
            ],
            [
              0.14818310523831996,
              0.518140589569161
            ],
            [
              0.14771118452100046,
              0.518140589569161
            ],
            [
              0.147239263803681,
              0.518140589569161
            ],
            [
              0.1467673430863615,
              0.518140589569161
            ],
            [
              0.146295422369042,
              0.518140589569161
            ],
            [
              0.1458235016517225,
              0.518140589569161
            ],
            [
              0.145351580934403,
              0.518140589569161
            ],
            [
              0.14487966021708354,
              0.518140589569161
            ],
            [
              0.14440773949976404,
              0.518140589569161
            ],
            [
              0.14393581878244455,
              0.518140589569161
            ],
            [
              0.14346389806512505,
              0.518140589569161
            ],
            [
              0.14299197734780558,
              0.518140589569161
            ],
            [
              0.14252005663048609,
              0.518140589569161
            ],
            [
              0.1420481359131666,
              0.518140589569161
            ],
            [
              0.1415762151958471,
              0.518140589569161
            ],
            [
              0.1411042944785276,
              0.518140589569161
            ],
            [
              0.14063237376120813,
              0.518140589569161
            ],
            [
              0.14016045304388863,
              0.518140589569161
            ],
            [
              0.13968853232656914,
              0.518140589569161
            ],
            [
              0.13921661160924964,
              0.518140589569161
            ],
            [
              0.13874469089193014,
              0.518140589569161
            ],
            [
              0.13827277017461068,
              0.518140589569161
            ],
            [
              0.13780084945729118,
              0.518140589569161
            ],
            [
              0.13732892873997168,
              0.518140589569161
            ],
            [
              0.13709296838131194,
              0.5177626606198035
            ],
            [
              0.1368570080226522,
              0.517384731670446
            ],
            [
              0.13662104766399244,
              0.5170068027210885
            ],
            [
              0.1368570080226522,
              0.516628873771731
            ],
            [
              0.13732892873997168,
              0.516628873771731
            ],
            [
              0.13756488909863143,
              0.5162509448223734
            ],
            [
              0.13780084945729118,
              0.5158730158730159
            ],
            [
              0.13827277017461068,
              0.5158730158730159
            ],
            [
              0.13874469089193014,
              0.5158730158730159
            ],
            [
              0.13921661160924964,
              0.5158730158730159
            ],
            [
              0.13968853232656914,
              0.5158730158730159
            ],
            [
              0.14016045304388863,
              0.5158730158730159
            ],
            [
              0.14063237376120813,
              0.5158730158730159
            ],
            [
              0.1411042944785276,
              0.5158730158730159
            ],
            [
              0.1415762151958471,
              0.5158730158730159
            ],
            [
              0.1420481359131666,
              0.5158730158730159
            ],
            [
              0.14252005663048609,
              0.5158730158730159
            ],
            [
              0.14299197734780558,
              0.5158730158730159
            ],
            [
              0.14346389806512505,
              0.5158730158730159
            ],
            [
              0.14393581878244455,
              0.5158730158730159
            ],
            [
              0.14440773949976404,
              0.5158730158730159
            ],
            [
              0.14487966021708354,
              0.5158730158730159
            ],
            [
              0.145351580934403,
              0.5158730158730159
            ],
            [
              0.1458235016517225,
              0.5158730158730159
            ],
            [
              0.146295422369042,
              0.5158730158730159
            ],
            [
              0.14653138272770175,
              0.5154950869236583
            ],
            [
              0.1467673430863615,
              0.5151171579743008
            ],
            [
              0.147239263803681,
              0.5151171579743008
            ],
            [
              0.14771118452100046,
              0.5151171579743008
            ],
            [
              0.14818310523831996,
              0.5151171579743008
            ],
            [
              0.14865502595563945,
              0.5151171579743008
            ],
            [
              0.14912694667295895,
              0.5151171579743008
            ],
            [
              0.14959886739027844,
              0.5151171579743008
            ],
            [
              0.1500707881075979,
              0.5151171579743008
            ],
            [
              0.1505427088249174,
              0.5151171579743008
            ],
            [
              0.15077866918357716,
              0.5154950869236583
            ],
            [
              0.1510146295422369,
              0.5158730158730159
            ],
            [
              0.1514865502595564,
              0.5158730158730159
            ],
            [
              0.15172251061821615,
              0.5162509448223734
            ],
            [
              0.15172251061821615,
              0.5170068027210885
            ],
            [
              0.1514865502595564,
              0.517384731670446
            ],
            [
              0.1510146295422369,
              0.517384731670446
            ],
            [
              0.15077866918357716,
              0.5177626606198035
            ],
            [
              0.1505427088249174,
              0.518140589569161
            ],
            [
              0.1505427088249174,
              0.518140589569161
            ]
          ]
        ]
      },
      "properties": {
        "segment_id": 25,
        "area": 596,
        "bbox": [
          220.0,
          679.0,
          101.0,
          11.0
        ],
        "iou": 0.8711520433425903,
        "stability": 0.9431818127632141,
        "auto_generated": true,
        "model": "segment_anything"
      }
    },
    {
      "type": "Feature",
      "geometry": {
        "type": "Polygon",
        "coordinates": [
          [
            [
              0.1764983482774894,
              0.5634920634920635
            ],
            [
              0.17319490325625295,
              0.5634920634920635
            ],
            [
              0.16989145823501653,
              0.5634920634920635
            ],
            [
              0.16658801321378008,
              0.5634920634920635
            ],
            [
              0.16375648890986313,
              0.5627362055933485
            ],
            [
              0.16068900424728647,
              0.562358276643991
            ],
            [
              0.15762151958470977,
              0.5619803476946335
            ],
            [
              0.15478999528079282,
              0.5612244897959183
            ],
            [
              0.1519584709768759,
              0.5604686318972033
            ],
            [
              0.14959886739027844,
              0.5589569160997733
            ],
            [
              0.1467673430863615,
              0.5582010582010583
            ],
            [
              0.14346389806512505,
              0.5582010582010583
            ],
            [
              0.1415762151958471,
              0.5559334845049131
            ],
            [
              0.1394525719679094,
              0.5547996976568406
            ],
            [
              0.1368570080226522,
              0.5559334845049131
            ],
            [
              0.13449740443605473,
              0.5574452003023431
            ],
            [
              0.13119395941481832,
              0.5574452003023431
            ],
            [
              0.12789051439358187,
              0.5574452003023431
            ],
            [
              0.12458706937234544,
              0.5574452003023431
            ],
            [
              0.1217555450684285,
              0.5566893424036281
            ],
            [
              0.11892402076451156,
              0.5559334845049131
            ],
            [
              0.1165644171779141,
              0.5544217687074829
            ],
            [
              0.11349693251533742,
              0.5540438397581254
            ],
            [
              0.11042944785276074,
              0.5536659108087679
            ],
            [
              0.10759792354884379,
              0.5529100529100529
            ],
            [
              0.10476639924492685,
              0.5521541950113379
            ],
            [
              0.10264275601698915,
              0.5502645502645502
            ],
            [
              0.10382255781028787,
              0.5468631897203325
            ],
            [
              0.10618216139688533,
              0.5453514739229025
            ],
            [
              0.10854176498348278,
              0.5438397581254724
            ],
            [
              0.11090136857008023,
              0.5423280423280423
            ],
            [
              0.11326097215667767,
              0.5408163265306123
            ],
            [
              0.11585653610193487,
              0.5396825396825397
            ],
            [
              0.11845210004719207,
              0.5385487528344671
            ],
            [
              0.12081170363378953,
              0.5370370370370371
            ],
            [
              0.12364322793770646,
              0.536281179138322
            ],
            [
              0.12623879188296366,
              0.5351473922902494
            ],
            [
              0.1290703161868806,
              0.5343915343915344
            ],
            [
              0.1316658801321378,
              0.5332577475434618
            ],
            [
              0.13402548371873524,
              0.5317460317460317
            ],
            [
              0.13662104766399244,
              0.5306122448979592
            ],
            [
              0.13921661160924964,
              0.5294784580498866
            ],
            [
              0.1415762151958471,
              0.5279667422524565
            ],
            [
              0.1441717791411043,
              0.526832955404384
            ],
            [
              0.1467673430863615,
              0.5256991685563114
            ],
            [
              0.1493629070316187,
              0.5245653817082389
            ],
            [
              0.1519584709768759,
              0.5234315948601663
            ],
            [
              0.15431807456347332,
              0.5219198790627362
            ],
            [
              0.15667767815007078,
              0.5204081632653061
            ],
            [
              0.15950920245398773,
              0.5196523053665911
            ],
            [
              0.16186880604058518,
              0.518140589569161
            ],
            [
              0.16422840962718263,
              0.516628873771731
            ],
            [
              0.16658801321378008,
              0.5151171579743008
            ],
            [
              0.16918357715903728,
              0.5139833711262283
            ],
            [
              0.17177914110429449,
              0.5128495842781557
            ],
            [
              0.1750825861255309,
              0.5128495842781557
            ],
            [
              0.17838603114676735,
              0.5128495842781557
            ],
            [
              0.18168947616800377,
              0.5128495842781557
            ],
            [
              0.18452100047192072,
              0.5136054421768708
            ],
            [
              0.18735252477583766,
              0.5143613000755858
            ],
            [
              0.19065596979707408,
              0.5143613000755858
            ],
            [
              0.19395941481831053,
              0.5143613000755858
            ],
            [
              0.19726285983954694,
              0.5143613000755858
            ],
            [
              0.19985842378480415,
              0.5154950869236583
            ],
            [
              0.20292590844738084,
              0.5158730158730159
            ],
            [
              0.20599339310995754,
              0.5162509448223734
            ],
            [
              0.2085889570552147,
              0.517384731670446
            ],
            [
              0.21189240207645116,
              0.517384731670446
            ],
            [
              0.21519584709768758,
              0.517384731670446
            ],
            [
              0.21849929211892402,
              0.517384731670446
            ],
            [
              0.22133081642284097,
              0.518140589569161
            ],
            [
              0.2246342614440774,
              0.518140589569161
            ],
            [
              0.22746578574799434,
              0.518896447467876
            ],
            [
              0.23029731005191129,
              0.5196523053665911
            ],
            [
              0.23336479471448796,
              0.5200302343159486
            ],
            [
              0.23643227937706465,
              0.5204081632653061
            ],
            [
              0.2392638036809816,
              0.5211640211640212
            ],
            [
              0.24233128834355827,
              0.5215419501133787
            ],
            [
              0.24539877300613497,
              0.5219198790627362
            ],
            [
              0.24799433695139217,
              0.5230536659108088
            ],
            [
              0.25106182161396884,
              0.5234315948601663
            ],
            [
              0.2524775837659273,
              0.5256991685563114
            ],
            [
              0.25011798017932985,
              0.5272108843537415
            ],
            [
              0.24775837659273242,
              0.5287226001511716
            ],
            [
              0.24539877300613497,
              0.5302343159486017
            ],
            [
              0.24327512977819726,
              0.5321239606953893
            ],
            [
              0.2409155261915998,
              0.5336356764928194
            ],
            [
              0.2383199622463426,
              0.5347694633408919
            ],
            [
              0.23548843794242566,
              0.5355253212396069
            ],
            [
              0.2331288343558282,
              0.5370370370370371
            ],
            [
              0.23076923076923078,
              0.5385487528344671
            ],
            [
              0.22840962718263333,
              0.5400604686318972
            ],
            [
              0.22557810287871638,
              0.5408163265306123
            ],
            [
              0.22298253893345918,
              0.5419501133786848
            ],
            [
              0.22038697498820198,
              0.5430839002267573
            ],
            [
              0.21779141104294478,
              0.54421768707483
            ],
            [
              0.21519584709768758,
              0.5453514739229025
            ],
            [
              0.21283624351109015,
              0.5468631897203325
            ],
            [
              0.2104766399244927,
              0.5483749055177627
            ],
            [
              0.20764511562057575,
              0.5491307634164777
            ],
            [
              0.2048135913166588,
              0.5498866213151927
            ],
            [
              0.2022180273714016,
              0.5510204081632653
            ],
            [
              0.1996224634261444,
              0.5521541950113379
            ],
            [
              0.19773478055686644,
              0.5544217687074829
            ],
            [
              0.195375176970269,
              0.5559334845049131
            ],
            [
              0.19254365266635207,
              0.5566893424036281
            ],
            [
              0.18971212836243512,
              0.5574452003023431
            ],
            [
              0.18735252477583766,
              0.5589569160997733
            ],
            [
              0.18475696083058046,
              0.5600907029478458
            ],
            [
              0.18216139688532326,
              0.5612244897959183
            ],
            [
              0.17956583294006606,
              0.562358276643991
            ],
            [
              0.17673430863614914,
              0.563114134542706
            ],
            [
              0.1764983482774894,
              0.5634920634920635
            ]
          ]
        ]
      },
      "properties": {
        "segment_id": 26,
        "area": 12080,
        "bbox": [
          218.0,
          679.0,
          317.0,
          66.0
        ],
        "iou": 0.8695653080940247,
        "stability": 0.9348070025444031,
        "auto_generated": true,
        "model": "segment_anything"
      }
    },
    {
      "type": "Feature",
      "geometry": {
        "type": "Polygon",
        "coordinates": [
          [
            [
              0.9882019820670127,
              0.46674225245653816
            ],
            [
              0.9848985370457763,
              0.46674225245653816
            ],
            [
              0.9815950920245399,
              0.46674225245653816
            ],
            [
              0.9787635677206229,
              0.46598639455782315
            ],
            [
              0.9754601226993865,
              0.46598639455782315
            ],
            [
              0.9726285983954696,
              0.4652305366591081
            ],
            [
              0.9693251533742331,
              0.4652305366591081
            ],
            [
              0.9664936290703162,
              0.46447467876039306
            ],
            [
              0.9634261444077395,
              0.46409674981103555
            ],
            [
              0.9605946201038226,
              0.4633408919123205
            ],
            [
              0.9575271354412459,
              0.46296296296296297
            ],
            [
              0.9546956111373289,
              0.46220710506424795
            ],
            [
              0.951864086833412,
              0.4614512471655329
            ],
            [
              0.9490325625294951,
              0.46069538926681786
            ],
            [
              0.9457291175082586,
              0.46069538926681786
            ],
            [
              0.9428975932043416,
              0.4599395313681028
            ],
            [
              0.939830108541765,
              0.4595616024187453
            ],
            [
              0.9367626238791883,
              0.45918367346938777
            ],
            [
              0.9339310995752713,
              0.4584278155706727
            ],
            [
              0.930627654554035,
              0.4584278155706727
            ],
            [
              0.927796130250118,
              0.4576719576719577
            ],
            [
              0.9244926852288815,
              0.4576719576719577
            ],
            [
              0.9216611609249646,
              0.45691609977324266
            ],
            [
              0.9183577159037282,
              0.45691609977324266
            ],
            [
              0.9155261915998112,
              0.4561602418745276
            ],
            [
              0.9122227465785748,
              0.4561602418745276
            ],
            [
              0.9093912222746579,
              0.45540438397581257
            ],
            [
              0.9060877772534214,
              0.45540438397581257
            ],
            [
              0.9032562529495045,
              0.4546485260770975
            ],
            [
              0.9004247286455875,
              0.4538926681783825
            ],
            [
              0.8971212836243511,
              0.4538926681783825
            ],
            [
              0.8938178386031147,
              0.4538926681783825
            ],
            [
              0.8909863142991977,
              0.4531368102796674
            ],
            [
              0.8876828692779613,
              0.4531368102796674
            ],
            [
              0.8848513449740444,
              0.4523809523809524
            ],
            [
              0.8820198206701274,
              0.45162509448223737
            ],
            [
              0.8787163756488909,
              0.45162509448223737
            ],
            [
              0.8758848513449741,
              0.4508692365835223
            ],
            [
              0.8725814063237376,
              0.4508692365835223
            ],
            [
              0.8697498820198206,
              0.4501133786848073
            ],
            [
              0.8669183577159038,
              0.4493575207860922
            ],
            [
              0.8638508730533271,
              0.4489795918367347
            ],
            [
              0.8607833883907503,
              0.4486016628873772
            ],
            [
              0.8574799433695139,
              0.4486016628873772
            ],
            [
              0.854648419065597,
              0.4478458049886621
            ],
            [
              0.8515809344030203,
              0.4474678760393046
            ],
            [
              0.8485134497404436,
              0.4470899470899471
            ],
            [
              0.8452100047192072,
              0.4470899470899471
            ],
            [
              0.8419065596979708,
              0.4470899470899471
            ],
            [
              0.8390750353940538,
              0.4463340891912321
            ],
            [
              0.8357715903728173,
              0.4463340891912321
            ],
            [
              0.8329400660689005,
              0.445578231292517
            ],
            [
              0.830580462482303,
              0.4440665154950869
            ],
            [
              0.8282208588957055,
              0.4425547996976568
            ],
            [
              0.8270410571024068,
              0.43915343915343913
            ],
            [
              0.8282208588957055,
              0.4357520786092215
            ],
            [
              0.8301085417649835,
              0.43348450491307633
            ],
            [
              0.8319962246342615,
              0.4312169312169312
            ],
            [
              0.8348277489381783,
              0.4304610733182162
            ],
            [
              0.8381311939594148,
              0.4304610733182162
            ],
            [
              0.8414346389806513,
              0.4304610733182162
            ],
            [
              0.8447380840018877,
              0.4304610733182162
            ],
            [
              0.8475696083058046,
              0.4312169312169312
            ],
            [
              0.8508730533270411,
              0.4312169312169312
            ],
            [
              0.853704577630958,
              0.43197278911564624
            ],
            [
              0.8567720622935346,
              0.4323507180650038
            ],
            [
              0.8598395469561114,
              0.4327286470143613
            ],
            [
              0.8626710712600283,
              0.43197278911564624
            ],
            [
              0.8655025955639453,
              0.4327286470143613
            ],
            [
              0.8683341198678622,
              0.43348450491307633
            ],
            [
              0.8711656441717791,
              0.4342403628117914
            ],
            [
              0.8744690891930156,
              0.4342403628117914
            ],
            [
              0.8773006134969326,
              0.4349962207105064
            ],
            [
              0.8806040585181689,
              0.4349962207105064
            ],
            [
              0.8834355828220859,
              0.4357520786092215
            ],
            [
              0.8862671071260029,
              0.4365079365079365
            ],
            [
              0.8893345917885795,
              0.436885865457294
            ],
            [
              0.8921661160924964,
              0.4376417233560091
            ],
            [
              0.8949976403964134,
              0.4383975812547241
            ],
            [
              0.89806512505899,
              0.4387755102040816
            ],
            [
              0.900896649362907,
              0.4395313681027967
            ],
            [
              0.9042000943841435,
              0.4395313681027967
            ],
            [
              0.9070316186880604,
              0.4402872260015117
            ],
            [
              0.9103350637092968,
              0.4402872260015117
            ],
            [
              0.9131665880132138,
              0.4410430839002268
            ],
            [
              0.9164700330344502,
              0.4410430839002268
            ],
            [
              0.9197734780556867,
              0.4410430839002268
            ],
            [
              0.9226050023596036,
              0.4417989417989418
            ],
            [
              0.92590844738084,
              0.4417989417989418
            ],
            [
              0.928739971684757,
              0.4425547996976568
            ],
            [
              0.9320434167059934,
              0.4425547996976568
            ],
            [
              0.9348749410099103,
              0.4433106575963719
            ],
            [
              0.9377064653138273,
              0.4440665154950869
            ],
            [
              0.9405379896177443,
              0.444822373393802
            ],
            [
              0.9436054742803209,
              0.4452003023431595
            ],
            [
              0.9464369985842378,
              0.4459561602418745
            ],
            [
              0.9490325625294951,
              0.4470899470899471
            ],
            [
              0.951864086833412,
              0.4478458049886621
            ],
            [
              0.9551675318546484,
              0.4478458049886621
            ],
            [
              0.9579990561585654,
              0.4486016628873772
            ],
            [
              0.9608305804624823,
              0.4493575207860922
            ],
            [
              0.963898065125059,
              0.4497354497354497
            ],
            [
              0.9669655497876357,
              0.4501133786848073
            ],
            [
              0.9702689948088721,
              0.4501133786848073
            ],
            [
              0.9726285983954696,
              0.45162509448223737
            ],
            [
              0.9754601226993865,
              0.4523809523809524
            ],
            [
              0.9780556866446437,
              0.45351473922902497
            ],
            [
              0.9806512505899009,
              0.4546485260770975
            ],
            [
              0.9834827748938179,
              0.45540438397581257
            ],
            [
              0.9858423784804153,
              0.45691609977324266
            ],
            [
              0.9882019820670127,
              0.4584278155706727
            ],
            [
              0.9891458235016517,
              0.46220710506424795
            ],
            [
              0.9910335063709297,
              0.46447467876039306
            ],
            [
              0.9891458235016517,
              0.46598639455782315
            ],
            [
              0.9882019820670127,
              0.46674225245653816
            ]
          ]
        ]
      },
      "properties": {
        "segment_id": 27,
        "area": 6775,
        "bbox": [
          1753.0,
          570.0,
          347.0,
          47.0
        ],
        "iou": 0.9643445014953613,
        "stability": 0.970537006855011,
        "auto_generated": true,
        "model": "segment_anything"
      }
    },
    {
      "type": "Feature",
      "geometry": {
        "type": "Polygon",
        "coordinates": [
          [
            [
              0.7182633317602642,
              0.5748299319727891
            ],
            [
              0.7173194903256253,
              0.5748299319727891
            ],
            [
              0.7163756488909863,
              0.5748299319727891
            ],
            [
              0.7154318074563474,
              0.5748299319727891
            ],
            [
              0.7147239263803681,
              0.5744520030234316
            ],
            [
              0.7140160453043889,
              0.5740740740740741
            ],
            [
              0.7130722038697499,
              0.5740740740740741
            ],
            [
              0.7121283624351109,
              0.5740740740740741
            ],
            [
              0.7111845210004719,
              0.5740740740740741
            ],
            [
              0.7102406795658329,
              0.5740740740740741
            ],
            [
              0.7092968381311939,
              0.5740740740740741
            ],
            [
              0.7083529966965549,
              0.5740740740740741
            ],
            [
              0.707409155261916,
              0.5740740740740741
            ],
            [
              0.7064653138272771,
              0.5740740740740741
            ],
            [
              0.7055214723926381,
              0.5740740740740741
            ],
            [
              0.7045776309579991,
              0.5740740740740741
            ],
            [
              0.7036337895233601,
              0.5740740740740741
            ],
            [
              0.7026899480887211,
              0.5740740740740741
            ],
            [
              0.7017461066540821,
              0.5740740740740741
            ],
            [
              0.7008022652194431,
              0.5740740740740741
            ],
            [
              0.6998584237848041,
              0.5740740740740741
            ],
            [
              0.6989145823501651,
              0.5740740740740741
            ],
            [
              0.6982067012741859,
              0.5736961451247166
            ],
            [
              0.6974988201982067,
              0.573318216175359
            ],
            [
              0.6965549787635678,
              0.573318216175359
            ],
            [
              0.6956111373289288,
              0.573318216175359
            ],
            [
              0.6946672958942898,
              0.573318216175359
            ],
            [
              0.6939594148183105,
              0.5729402872260015
            ],
            [
              0.6932515337423313,
              0.572562358276644
            ],
            [
              0.6923076923076923,
              0.572562358276644
            ],
            [
              0.6913638508730533,
              0.572562358276644
            ],
            [
              0.6904200094384143,
              0.572562358276644
            ],
            [
              0.6894761680037753,
              0.572562358276644
            ],
            [
              0.6885323265691364,
              0.572562358276644
            ],
            [
              0.6875884851344974,
              0.572562358276644
            ],
            [
              0.6866446436998584,
              0.572562358276644
            ],
            [
              0.6857008022652195,
              0.572562358276644
            ],
            [
              0.6847569608305805,
              0.572562358276644
            ],
            [
              0.6838131193959415,
              0.572562358276644
            ],
            [
              0.6828692779613025,
              0.572562358276644
            ],
            [
              0.682397357243983,
              0.5718065003779289
            ],
            [
              0.6816894761680038,
              0.5714285714285714
            ],
            [
              0.6812175554506843,
              0.5706727135298564
            ],
            [
              0.6807456347333648,
              0.5699168556311414
            ],
            [
              0.6802737140160453,
              0.5691609977324263
            ],
            [
              0.6798017932987258,
              0.5684051398337112
            ],
            [
              0.6793298725814063,
              0.5676492819349962
            ],
            [
              0.6788579518640868,
              0.5668934240362812
            ],
            [
              0.6783860311467673,
              0.5661375661375662
            ],
            [
              0.6779141104294478,
              0.5653817082388511
            ],
            [
              0.6776781500707881,
              0.5642479213907785
            ],
            [
              0.6772062293534686,
              0.5634920634920635
            ],
            [
              0.6767343086361491,
              0.5627362055933485
            ],
            [
              0.6764983482774893,
              0.5616024187452758
            ],
            [
              0.6760264275601698,
              0.5608465608465608
            ],
            [
              0.6760264275601698,
              0.5593348450491308
            ],
            [
              0.6762623879188296,
              0.5582010582010583
            ],
            [
              0.6764983482774893,
              0.5570672713529856
            ],
            [
              0.6772062293534686,
              0.5566893424036281
            ],
            [
              0.6776781500707881,
              0.5559334845049131
            ],
            [
              0.6781500707881076,
              0.5551776266061981
            ],
            [
              0.6790939122227466,
              0.5551776266061981
            ],
            [
              0.6795658329400661,
              0.5544217687074829
            ],
            [
              0.680509674374705,
              0.5544217687074829
            ],
            [
              0.6809815950920245,
              0.5536659108087679
            ],
            [
              0.6819254365266635,
              0.5536659108087679
            ],
            [
              0.6828692779613025,
              0.5536659108087679
            ],
            [
              0.6838131193959415,
              0.5536659108087679
            ],
            [
              0.6847569608305805,
              0.5536659108087679
            ],
            [
              0.6857008022652195,
              0.5536659108087679
            ],
            [
              0.6866446436998584,
              0.5536659108087679
            ],
            [
              0.6875884851344974,
              0.5536659108087679
            ],
            [
              0.6885323265691364,
              0.5536659108087679
            ],
            [
              0.6894761680037753,
              0.5536659108087679
            ],
            [
              0.6904200094384143,
              0.5536659108087679
            ],
            [
              0.6913638508730533,
              0.5536659108087679
            ],
            [
              0.6923076923076923,
              0.5536659108087679
            ],
            [
              0.6932515337423313,
              0.5536659108087679
            ],
            [
              0.6941953751769703,
              0.5536659108087679
            ],
            [
              0.6951392166116093,
              0.5536659108087679
            ],
            [
              0.6960830580462483,
              0.5536659108087679
            ],
            [
              0.6970268994808873,
              0.5536659108087679
            ],
            [
              0.6979707409155262,
              0.5536659108087679
            ],
            [
              0.6989145823501651,
              0.5536659108087679
            ],
            [
              0.6998584237848041,
              0.5536659108087679
            ],
            [
              0.7008022652194431,
              0.5536659108087679
            ],
            [
              0.7017461066540821,
              0.5536659108087679
            ],
            [
              0.7026899480887211,
              0.5536659108087679
            ],
            [
              0.7036337895233601,
              0.5536659108087679
            ],
            [
              0.7045776309579991,
              0.5536659108087679
            ],
            [
              0.7055214723926381,
              0.5536659108087679
            ],
            [
              0.7064653138272771,
              0.5536659108087679
            ],
            [
              0.7071731949032563,
              0.5540438397581254
            ],
            [
              0.7078810759792354,
              0.5544217687074829
            ],
            [
              0.7088249174138744,
              0.5544217687074829
            ],
            [
              0.7095327984898537,
              0.5547996976568406
            ],
            [
              0.7100047192071732,
              0.5555555555555556
            ],
            [
              0.7104766399244927,
              0.5563114134542706
            ],
            [
              0.7109485606418122,
              0.5570672713529856
            ],
            [
              0.7114204813591317,
              0.5578231292517006
            ],
            [
              0.7118924020764511,
              0.5585789871504158
            ],
            [
              0.7123643227937706,
              0.5593348450491308
            ],
            [
              0.7126002831524304,
              0.5604686318972033
            ],
            [
              0.7130722038697499,
              0.5612244897959183
            ],
            [
              0.7135441245870694,
              0.5619803476946335
            ],
            [
              0.7137800849457291,
              0.563114134542706
            ],
            [
              0.7142520056630486,
              0.563869992441421
            ],
            [
              0.7147239263803681,
              0.564625850340136
            ],
            [
              0.7151958470976876,
              0.5653817082388511
            ],
            [
              0.7156677678150071,
              0.5661375661375662
            ],
            [
              0.7161396885323266,
              0.5668934240362812
            ],
            [
              0.7166116092496461,
              0.5676492819349962
            ],
            [
              0.7170835299669656,
              0.5684051398337112
            ],
            [
              0.7175554506842851,
              0.5691609977324263
            ],
            [
              0.7177914110429447,
              0.5702947845804989
            ],
            [
              0.7180273714016046,
              0.5714285714285714
            ],
            [
              0.7180273714016046,
              0.5729402872260015
            ],
            [
              0.718499292118924,
              0.5736961451247166
            ],
            [
              0.7182633317602642,
              0.5748299319727891
            ]
          ]
        ]
      },
      "properties": {
        "segment_id": 28,
        "area": 1988,
        "bbox": [
          1433.0,
          733.0,
          89.0,
          27.0
        ],
        "iou": 0.9582248330116272,
        "stability": 0.9791666865348816,
        "auto_generated": true,
        "model": "segment_anything"
      }
    },
    {
      "type": "Feature",
      "geometry": {
        "type": "Polygon",
        "coordinates": [
          [
            [
              0.633317602642756,
              0.6322751322751323
            ],
            [
              0.6323737612081171,
              0.6322751322751323
            ],
            [
              0.6314299197734781,
              0.6322751322751323
            ],
            [
              0.6304860783388391,
              0.6322751322751323
            ],
            [
              0.6295422369042001,
              0.6322751322751323
            ],
            [
              0.6285983954695611,
              0.6322751322751323
            ],
            [
              0.6276545540349221,
              0.6322751322751323
            ],
            [
              0.6267107126002831,
              0.6322751322751323
            ],
            [
              0.6257668711656442,
              0.6322751322751323
            ],
            [
              0.6248230297310052,
              0.6322751322751323
            ],
            [
              0.6238791882963662,
              0.6322751322751323
            ],
            [
              0.6229353468617272,
              0.6322751322751323
            ],
            [
              0.6219915054270883,
              0.6322751322751323
            ],
            [
              0.6210476639924493,
              0.6322751322751323
            ],
            [
              0.6201038225578103,
              0.6322751322751323
            ],
            [
              0.6191599811231713,
              0.6322751322751323
            ],
            [
              0.6186880604058518,
              0.6315192743764172
            ],
            [
              0.6177442189712128,
              0.6315192743764172
            ],
            [
              0.6168003775365739,
              0.6315192743764172
            ],
            [
              0.6158565361019349,
              0.6315192743764172
            ],
            [
              0.6151486550259556,
              0.6311413454270597
            ],
            [
              0.6144407739499764,
              0.6307634164777022
            ],
            [
              0.6134969325153374,
              0.6307634164777022
            ],
            [
              0.6127890514393581,
              0.6303854875283447
            ],
            [
              0.612081170363379,
              0.6300075585789872
            ],
            [
              0.61113732892874,
              0.6300075585789872
            ],
            [
              0.610193487494101,
              0.6300075585789872
            ],
            [
              0.609249646059462,
              0.6300075585789872
            ],
            [
              0.608305804624823,
              0.6300075585789872
            ],
            [
              0.6078338839075036,
              0.6292517006802721
            ],
            [
              0.6068900424728646,
              0.6292517006802721
            ],
            [
              0.6059462010382256,
              0.6292517006802721
            ],
            [
              0.6054742803209061,
              0.628495842781557
            ],
            [
              0.6045304388862671,
              0.628495842781557
            ],
            [
              0.6035865974516281,
              0.628495842781557
            ],
            [
              0.6031146767343086,
              0.627739984882842
            ],
            [
              0.6021708352996696,
              0.627739984882842
            ],
            [
              0.6014629542236904,
              0.6273620559334845
            ],
            [
              0.6007550731477111,
              0.626984126984127
            ],
            [
              0.6005191127890515,
              0.6258503401360545
            ],
            [
              0.6002831524303917,
              0.6247165532879818
            ],
            [
              0.6002831524303917,
              0.6239606953892668
            ],
            [
              0.6007550731477111,
              0.6232048374905518
            ],
            [
              0.6016989145823501,
              0.6232048374905518
            ],
            [
              0.6021708352996696,
              0.6224489795918368
            ],
            [
              0.6031146767343086,
              0.6224489795918368
            ],
            [
              0.6040585181689476,
              0.6224489795918368
            ],
            [
              0.6045304388862671,
              0.6216931216931217
            ],
            [
              0.6052383199622463,
              0.6213151927437641
            ],
            [
              0.6057102406795658,
              0.6205593348450491
            ],
            [
              0.6057102406795658,
              0.6190476190476191
            ],
            [
              0.6057102406795658,
              0.6175359032501889
            ],
            [
              0.6052383199622463,
              0.6167800453514739
            ],
            [
              0.6050023596035866,
              0.6156462585034014
            ],
            [
              0.6047663992449268,
              0.6145124716553289
            ],
            [
              0.6042944785276073,
              0.6137566137566137
            ],
            [
              0.6038225578102878,
              0.6130007558578987
            ],
            [
              0.6035865974516281,
              0.6118669690098262
            ],
            [
              0.6033506370929684,
              0.6107331821617535
            ],
            [
              0.6028787163756489,
              0.6099773242630385
            ],
            [
              0.6028787163756489,
              0.6084656084656085
            ],
            [
              0.6028787163756489,
              0.6069538926681783
            ],
            [
              0.6033506370929684,
              0.6061980347694633
            ],
            [
              0.6038225578102878,
              0.6054421768707483
            ],
            [
              0.6045304388862671,
              0.6050642479213908
            ],
            [
              0.6054742803209061,
              0.6050642479213908
            ],
            [
              0.6061821613968853,
              0.6046863189720333
            ],
            [
              0.6068900424728646,
              0.6043083900226758
            ],
            [
              0.6078338839075036,
              0.6043083900226758
            ],
            [
              0.6087777253421425,
              0.6043083900226758
            ],
            [
              0.609249646059462,
              0.6035525321239606
            ],
            [
              0.610193487494101,
              0.6035525321239606
            ],
            [
              0.61113732892874,
              0.6035525321239606
            ],
            [
              0.612081170363379,
              0.6035525321239606
            ],
            [
              0.6125530910806984,
              0.6027966742252456
            ],
            [
              0.6134969325153374,
              0.6027966742252456
            ],
            [
              0.6144407739499764,
              0.6027966742252456
            ],
            [
              0.6153846153846154,
              0.6027966742252456
            ],
            [
              0.6163284568192544,
              0.6027966742252456
            ],
            [
              0.6172722982538933,
              0.6027966742252456
            ],
            [
              0.6182161396885323,
              0.6027966742252456
            ],
            [
              0.6191599811231713,
              0.6027966742252456
            ],
            [
              0.6201038225578103,
              0.6027966742252456
            ],
            [
              0.6210476639924493,
              0.6027966742252456
            ],
            [
              0.6219915054270883,
              0.6027966742252456
            ],
            [
              0.6229353468617272,
              0.6027966742252456
            ],
            [
              0.6238791882963662,
              0.6027966742252456
            ],
            [
              0.6245870693723454,
              0.6031746031746031
            ],
            [
              0.6252949504483247,
              0.6035525321239606
            ],
            [
              0.6262387918829636,
              0.6035525321239606
            ],
            [
              0.6271826333176026,
              0.6035525321239606
            ],
            [
              0.6276545540349221,
              0.6043083900226758
            ],
            [
              0.6285983954695611,
              0.6043083900226758
            ],
            [
              0.6293062765455404,
              0.6046863189720333
            ],
            [
              0.6300141576215196,
              0.6050642479213908
            ],
            [
              0.6309579990561586,
              0.6050642479213908
            ],
            [
              0.6319018404907976,
              0.6050642479213908
            ],
            [
              0.6323737612081171,
              0.6058201058201058
            ],
            [
              0.633317602642756,
              0.6058201058201058
            ],
            [
              0.6337895233600755,
              0.6065759637188208
            ],
            [
              0.6344974044360547,
              0.6069538926681783
            ],
            [
              0.6349693251533742,
              0.6077097505668935
            ],
            [
              0.6349693251533742,
              0.6092214663643235
            ],
            [
              0.6349693251533742,
              0.6107331821617535
            ],
            [
              0.6344974044360547,
              0.6114890400604687
            ],
            [
              0.6344974044360547,
              0.6130007558578987
            ],
            [
              0.634261444077395,
              0.6141345427059712
            ],
            [
              0.6340254837187352,
              0.6152683295540439
            ],
            [
              0.6340254837187352,
              0.6167800453514739
            ],
            [
              0.6340254837187352,
              0.618291761148904
            ],
            [
              0.634261444077395,
              0.6194255479969766
            ],
            [
              0.6344974044360547,
              0.6205593348450491
            ],
            [
              0.6344974044360547,
              0.6220710506424793
            ],
            [
              0.6344974044360547,
              0.6235827664399093
            ],
            [
              0.6344974044360547,
              0.6250944822373394
            ],
            [
              0.6347333647947145,
              0.626228269085412
            ],
            [
              0.6349693251533742,
              0.6273620559334845
            ],
            [
              0.6349693251533742,
              0.6288737717309146
            ],
            [
              0.6352052855120339,
              0.6300075585789872
            ],
            [
              0.6352052855120339,
              0.6307634164777022
            ],
            [
              0.6347333647947145,
              0.6315192743764172
            ],
            [
              0.6337895233600755,
              0.6315192743764172
            ],
            [
              0.633317602642756,
              0.6322751322751323
            ]
          ]
        ]
      },
      "properties": {
        "segment_id": 29,
        "area": 2387,
        "bbox": [
          1272.0,
          798.0,
          74.0,
          38.0
        ],
        "iou": 0.9539830684661865,
        "stability": 0.9694088697433472,
        "auto_generated": true,
        "model": "segment_anything"
      }
    },
    {
      "type": "Feature",
      "geometry": {
        "type": "Polygon",
        "coordinates": [
          [
            [
              0.9636621047663992,
              0.2808012093726379
            ],
            [
              0.9627182633317602,
              0.2808012093726379
            ],
            [
              0.9617744218971213,
              0.2808012093726379
            ],
            [
              0.9608305804624823,
              0.2808012093726379
            ],
            [
              0.9598867390278433,
              0.2808012093726379
            ],
            [
              0.9594148183105239,
              0.2800453514739229
            ],
            [
              0.9584709768758849,
              0.2800453514739229
            ],
            [
              0.9577630957999056,
              0.2796674225245654
            ],
            [
              0.9570552147239264,
              0.2792894935752079
            ],
            [
              0.9568192543652666,
              0.2781557067271353
            ],
            [
              0.9575271354412459,
              0.2777777777777778
            ],
            [
              0.9579990561585654,
              0.2770219198790627
            ],
            [
              0.9584709768758849,
              0.2762660619803477
            ],
            [
              0.9594148183105239,
              0.2762660619803477
            ],
            [
              0.9598867390278433,
              0.2755102040816326
            ],
            [
              0.9608305804624823,
              0.2755102040816326
            ],
            [
              0.9613025011798018,
              0.2747543461829176
            ],
            [
              0.9622463426144408,
              0.2747543461829176
            ],
            [
              0.9631901840490797,
              0.2747543461829176
            ],
            [
              0.9636621047663992,
              0.2739984882842026
            ],
            [
              0.9646059462010382,
              0.2739984882842026
            ],
            [
              0.9655497876356772,
              0.2739984882842026
            ],
            [
              0.9662576687116564,
              0.273620559334845
            ],
            [
              0.9669655497876357,
              0.2732426303854875
            ],
            [
              0.9679093912222747,
              0.2732426303854875
            ],
            [
              0.9686172722982539,
              0.27286470143613
            ],
            [
              0.9693251533742331,
              0.2724867724867725
            ],
            [
              0.9702689948088721,
              0.2724867724867725
            ],
            [
              0.9707409155261916,
              0.2717309145880574
            ],
            [
              0.9716847569608306,
              0.2717309145880574
            ],
            [
              0.9726285983954696,
              0.2717309145880574
            ],
            [
              0.9735724398301085,
              0.2717309145880574
            ],
            [
              0.9745162812647475,
              0.2717309145880574
            ],
            [
              0.9754601226993865,
              0.2717309145880574
            ],
            [
              0.975932043416706,
              0.2709750566893424
            ],
            [
              0.976875884851345,
              0.2709750566893424
            ],
            [
              0.9778197262859839,
              0.2709750566893424
            ],
            [
              0.9787635677206229,
              0.2709750566893424
            ],
            [
              0.9792354884379424,
              0.27021919879062734
            ],
            [
              0.9801793298725814,
              0.27021919879062734
            ],
            [
              0.9811231713072204,
              0.27021919879062734
            ],
            [
              0.9820670127418594,
              0.27021919879062734
            ],
            [
              0.9830108541764984,
              0.27021919879062734
            ],
            [
              0.9839546956111374,
              0.27021919879062734
            ],
            [
              0.9846625766871165,
              0.2705971277399849
            ],
            [
              0.9853704577630958,
              0.2709750566893424
            ],
            [
              0.9863142991977348,
              0.2709750566893424
            ],
            [
              0.9872581406323737,
              0.2709750566893424
            ],
            [
              0.9882019820670127,
              0.2709750566893424
            ],
            [
              0.9891458235016517,
              0.2709750566893424
            ],
            [
              0.9900896649362907,
              0.2709750566893424
            ],
            [
              0.9910335063709297,
              0.2709750566893424
            ],
            [
              0.9919773478055687,
              0.2709750566893424
            ],
            [
              0.9929211892402077,
              0.2709750566893424
            ],
            [
              0.9938650306748467,
              0.2709750566893424
            ],
            [
              0.9943369513921662,
              0.2717309145880574
            ],
            [
              0.9952807928268051,
              0.2717309145880574
            ],
            [
              0.996224634261444,
              0.2717309145880574
            ],
            [
              0.9969325153374233,
              0.272108843537415
            ],
            [
              0.9976403964134025,
              0.2724867724867725
            ],
            [
              0.998112317130722,
              0.2732426303854875
            ],
            [
              0.9983482774893818,
              0.2743764172335601
            ],
            [
              0.9988201982067013,
              0.2751322751322751
            ],
            [
              0.998112317130722,
              0.2755102040816326
            ],
            [
              0.9976403964134025,
              0.2762660619803477
            ],
            [
              0.9969325153374233,
              0.2766439909297052
            ],
            [
              0.996224634261444,
              0.2770219198790627
            ],
            [
              0.9952807928268051,
              0.2770219198790627
            ],
            [
              0.9943369513921662,
              0.2770219198790627
            ],
            [
              0.9933931099575272,
              0.2770219198790627
            ],
            [
              0.9924492685228882,
              0.2770219198790627
            ],
            [
              0.9915054270882492,
              0.2770219198790627
            ],
            [
              0.9905615856536102,
              0.2770219198790627
            ],
            [
              0.9896177442189712,
              0.2770219198790627
            ],
            [
              0.9886739027843322,
              0.2770219198790627
            ],
            [
              0.9877300613496932,
              0.2770219198790627
            ],
            [
              0.9867862199150542,
              0.2770219198790627
            ],
            [
              0.9858423784804153,
              0.2770219198790627
            ],
            [
              0.9848985370457763,
              0.2770219198790627
            ],
            [
              0.984190655969797,
              0.2773998488284203
            ],
            [
              0.9834827748938179,
              0.2777777777777778
            ],
            [
              0.9825389334591789,
              0.2777777777777778
            ],
            [
              0.9818310523831997,
              0.2781557067271353
            ],
            [
              0.9811231713072204,
              0.2785336356764928
            ],
            [
              0.9804152902312412,
              0.2789115646258503
            ],
            [
              0.9797074091552619,
              0.2792894935752079
            ],
            [
              0.9787635677206229,
              0.2792894935752079
            ],
            [
              0.9778197262859839,
              0.2792894935752079
            ],
            [
              0.976875884851345,
              0.2792894935752079
            ],
            [
              0.975932043416706,
              0.2792894935752079
            ],
            [
              0.974988201982067,
              0.2792894935752079
            ],
            [
              0.974044360547428,
              0.2792894935752079
            ],
            [
              0.973100519112789,
              0.2792894935752079
            ],
            [
              0.9721566776781501,
              0.2792894935752079
            ],
            [
              0.9716847569608306,
              0.2800453514739229
            ],
            [
              0.9707409155261916,
              0.2800453514739229
            ],
            [
              0.9697970740915526,
              0.2800453514739229
            ],
            [
              0.9688532326569136,
              0.2800453514739229
            ],
            [
              0.9679093912222747,
              0.2800453514739229
            ],
            [
              0.9669655497876357,
              0.2800453514739229
            ],
            [
              0.9660217083529967,
              0.2800453514739229
            ],
            [
              0.9650778669183577,
              0.2800453514739229
            ],
            [
              0.9641340254837187,
              0.2800453514739229
            ],
            [
              0.9636621047663992,
              0.2808012093726379
            ]
          ]
        ]
      },
      "properties": {
        "segment_id": 30,
        "area": 752,
        "bbox": [
          2028.0,
          358.0,
          88.0,
          13.0
        ],
        "iou": 0.9077758193016052,
        "stability": 0.9568063020706177,
        "auto_generated": true,
        "model": "segment_anything"
      }
    },
    {
      "type": "Feature",
      "geometry": {
        "type": "Polygon",
        "coordinates": [
          [
            [
              0.6852288815479,
              0.5249433106575964
            ],
            [
              0.6847569608305805,
              0.5249433106575964
            ],
            [
              0.684285040113261,
              0.5249433106575964
            ],
            [
              0.6838131193959415,
              0.5249433106575964
            ],
            [
              0.683341198678622,
              0.5249433106575964
            ],
            [
              0.6828692779613025,
              0.5249433106575964
            ],
            [
              0.682397357243983,
              0.5249433106575964
            ],
            [
              0.6819254365266635,
              0.5249433106575964
            ],
            [
              0.681453515809344,
              0.5249433106575964
            ],
            [
              0.6809815950920245,
              0.5249433106575964
            ],
            [
              0.680509674374705,
              0.5249433106575964
            ],
            [
              0.6800377536573856,
              0.5249433106575964
            ],
            [
              0.6795658329400661,
              0.5249433106575964
            ],
            [
              0.6790939122227466,
              0.5249433106575964
            ],
            [
              0.6786219915054271,
              0.5249433106575964
            ],
            [
              0.6781500707881076,
              0.5249433106575964
            ],
            [
              0.6776781500707881,
              0.5249433106575964
            ],
            [
              0.6772062293534686,
              0.5249433106575964
            ],
            [
              0.6767343086361491,
              0.5249433106575964
            ],
            [
              0.6762623879188296,
              0.5249433106575964
            ],
            [
              0.6757904672015101,
              0.5249433106575964
            ],
            [
              0.6753185464841907,
              0.5249433106575964
            ],
            [
              0.6748466257668712,
              0.5249433106575964
            ],
            [
              0.6743747050495517,
              0.5249433106575964
            ],
            [
              0.6739027843322322,
              0.5249433106575964
            ],
            [
              0.6734308636149127,
              0.5249433106575964
            ],
            [
              0.6729589428975932,
              0.5249433106575964
            ],
            [
              0.6724870221802737,
              0.5249433106575964
            ],
            [
              0.6720151014629542,
              0.5249433106575964
            ],
            [
              0.6715431807456347,
              0.5249433106575964
            ],
            [
              0.6710712600283153,
              0.5249433106575964
            ],
            [
              0.6708352996696555,
              0.5245653817082389
            ],
            [
              0.6705993393109958,
              0.5241874527588813
            ],
            [
              0.6701274185936763,
              0.5241874527588813
            ],
            [
              0.6696554978763568,
              0.5241874527588813
            ],
            [
              0.6691835771590373,
              0.5241874527588813
            ],
            [
              0.6687116564417178,
              0.5241874527588813
            ],
            [
              0.6682397357243983,
              0.5241874527588813
            ],
            [
              0.6677678150070788,
              0.5241874527588813
            ],
            [
              0.6672958942897593,
              0.5241874527588813
            ],
            [
              0.6668239735724398,
              0.5241874527588813
            ],
            [
              0.6665880132137801,
              0.5238095238095238
            ],
            [
              0.6663520528551203,
              0.5234315948601663
            ],
            [
              0.6658801321378008,
              0.5234315948601663
            ],
            [
              0.6654082114204813,
              0.5234315948601663
            ],
            [
              0.6651722510618217,
              0.5230536659108088
            ],
            [
              0.6649362907031618,
              0.5226757369614512
            ],
            [
              0.6644643699858424,
              0.5226757369614512
            ],
            [
              0.6642284096271827,
              0.5222978080120937
            ],
            [
              0.6639924492685229,
              0.5219198790627362
            ],
            [
              0.6637564889098632,
              0.5215419501133787
            ],
            [
              0.6635205285512034,
              0.5211640211640212
            ],
            [
              0.6632845681925437,
              0.5207860922146637
            ],
            [
              0.6632845681925437,
              0.5200302343159486
            ],
            [
              0.6635205285512034,
              0.5196523053665911
            ],
            [
              0.6637564889098632,
              0.5192743764172335
            ],
            [
              0.6637564889098632,
              0.5185185185185185
            ],
            [
              0.6637564889098632,
              0.5177626606198035
            ],
            [
              0.6639924492685229,
              0.517384731670446
            ],
            [
              0.6644643699858424,
              0.517384731670446
            ],
            [
              0.6649362907031618,
              0.517384731670446
            ],
            [
              0.6654082114204813,
              0.517384731670446
            ],
            [
              0.6658801321378008,
              0.517384731670446
            ],
            [
              0.6663520528551203,
              0.517384731670446
            ],
            [
              0.6668239735724398,
              0.517384731670446
            ],
            [
              0.6672958942897593,
              0.517384731670446
            ],
            [
              0.6677678150070788,
              0.517384731670446
            ],
            [
              0.6682397357243983,
              0.517384731670446
            ],
            [
              0.668475696083058,
              0.5170068027210885
            ],
            [
              0.6687116564417178,
              0.516628873771731
            ],
            [
              0.6691835771590373,
              0.516628873771731
            ],
            [
              0.6696554978763568,
              0.516628873771731
            ],
            [
              0.6701274185936763,
              0.516628873771731
            ],
            [
              0.6705993393109958,
              0.516628873771731
            ],
            [
              0.6710712600283153,
              0.516628873771731
            ],
            [
              0.6715431807456347,
              0.516628873771731
            ],
            [
              0.6720151014629542,
              0.516628873771731
            ],
            [
              0.6724870221802737,
              0.516628873771731
            ],
            [
              0.6729589428975932,
              0.516628873771731
            ],
            [
              0.6734308636149127,
              0.516628873771731
            ],
            [
              0.6739027843322322,
              0.516628873771731
            ],
            [
              0.6743747050495517,
              0.516628873771731
            ],
            [
              0.6748466257668712,
              0.516628873771731
            ],
            [
              0.6753185464841907,
              0.516628873771731
            ],
            [
              0.6757904672015101,
              0.516628873771731
            ],
            [
              0.6762623879188296,
              0.516628873771731
            ],
            [
              0.6767343086361491,
              0.516628873771731
            ],
            [
              0.6772062293534686,
              0.516628873771731
            ],
            [
              0.6774421897121283,
              0.5170068027210885
            ],
            [
              0.6776781500707881,
              0.517384731670446
            ],
            [
              0.6781500707881076,
              0.517384731670446
            ],
            [
              0.6786219915054271,
              0.517384731670446
            ],
            [
              0.6790939122227466,
              0.517384731670446
            ],
            [
              0.6795658329400661,
              0.517384731670446
            ],
            [
              0.6800377536573856,
              0.517384731670446
            ],
            [
              0.680509674374705,
              0.517384731670446
            ],
            [
              0.6809815950920245,
              0.517384731670446
            ],
            [
              0.681453515809344,
              0.517384731670446
            ],
            [
              0.6819254365266635,
              0.517384731670446
            ],
            [
              0.682397357243983,
              0.517384731670446
            ],
            [
              0.6828692779613025,
              0.517384731670446
            ],
            [
              0.683341198678622,
              0.517384731670446
            ],
            [
              0.6838131193959415,
              0.517384731670446
            ],
            [
              0.684285040113261,
              0.517384731670446
            ],
            [
              0.6847569608305805,
              0.517384731670446
            ],
            [
              0.6852288815479,
              0.517384731670446
            ],
            [
              0.6854648419065597,
              0.5177626606198035
            ],
            [
              0.6857008022652195,
              0.518140589569161
            ],
            [
              0.686172722982539,
              0.518140589569161
            ],
            [
              0.6866446436998584,
              0.518140589569161
            ],
            [
              0.6868806040585181,
              0.5185185185185185
            ],
            [
              0.6871165644171779,
              0.518896447467876
            ],
            [
              0.6875884851344974,
              0.518896447467876
            ],
            [
              0.6878244454931571,
              0.5192743764172335
            ],
            [
              0.6880604058518169,
              0.5196523053665911
            ],
            [
              0.6885323265691364,
              0.5196523053665911
            ],
            [
              0.6887682869277961,
              0.5200302343159486
            ],
            [
              0.6890042472864559,
              0.5204081632653061
            ],
            [
              0.6894761680037753,
              0.5204081632653061
            ],
            [
              0.6897121283624351,
              0.5207860922146637
            ],
            [
              0.6897121283624351,
              0.5215419501133787
            ],
            [
              0.6897121283624351,
              0.5222978080120937
            ],
            [
              0.6894761680037753,
              0.5226757369614512
            ],
            [
              0.6892402076451156,
              0.5230536659108088
            ],
            [
              0.6890042472864559,
              0.5234315948601663
            ],
            [
              0.6885323265691364,
              0.5234315948601663
            ],
            [
              0.6882963662104766,
              0.5238095238095238
            ],
            [
              0.6880604058518169,
              0.5241874527588813
            ],
            [
              0.6875884851344974,
              0.5241874527588813
            ],
            [
              0.6871165644171779,
              0.5241874527588813
            ],
            [
              0.6866446436998584,
              0.5241874527588813
            ],
            [
              0.686172722982539,
              0.5241874527588813
            ],
            [
              0.6857008022652195,
              0.5241874527588813
            ],
            [
              0.6854648419065597,
              0.5245653817082389
            ],
            [
              0.6852288815479,
              0.5249433106575964
            ],
            [
              0.6852288815479,
              0.5249433106575964
            ]
          ]
        ]
      },
      "properties": {
        "segment_id": 31,
        "area": 512,
        "bbox": [
          1406.0,
          684.0,
          55.0,
          10.0
        ],
        "iou": 0.8984982967376709,
        "stability": 0.9616122841835022,
        "auto_generated": true,
        "model": "segment_anything"
      }
    },
    {
      "type": "Feature",
      "geometry": {
        "type": "Polygon",
        "coordinates": [
          [
            [
              0.8235016517225107,
              0.41987906273620557
            ],
            [
              0.8225578102878717,
              0.41912320483749055
            ],
            [
              0.8211420481359132,
              0.41912320483749055
            ],
            [
              0.8201982067012742,
              0.41836734693877553
            ],
            [
              0.819490325625295,
              0.41723356009070295
            ],
            [
              0.8197262859839547,
              0.41534391534391535
            ],
            [
              0.8204341670599339,
              0.41421012849584277
            ],
            [
              0.8213780084945729,
              0.41345427059712775
            ],
            [
              0.8223218499292119,
              0.4126984126984127
            ],
            [
              0.8232656913638509,
              0.41194255479969766
            ],
            [
              0.8244454931571495,
              0.41156462585034015
            ],
            [
              0.8253893345917885,
              0.4108087679516251
            ],
            [
              0.826805096743747,
              0.4108087679516251
            ],
            [
              0.827748938178386,
              0.41005291005291006
            ],
            [
              0.828692779613025,
              0.409297052154195
            ],
            [
              0.8298725814063237,
              0.4089191232048375
            ],
            [
              0.8310523831996225,
              0.40854119425547997
            ],
            [
              0.8319962246342615,
              0.40778533635676495
            ],
            [
              0.8331760264275602,
              0.4074074074074074
            ],
            [
              0.8343558282208589,
              0.4070294784580499
            ],
            [
              0.8352996696554978,
              0.40627362055933486
            ],
            [
              0.8362435110901368,
              0.4055177626606198
            ],
            [
              0.8374233128834356,
              0.4051398337112623
            ],
            [
              0.8383671543180745,
              0.40438397581254726
            ],
            [
              0.8393109957527135,
              0.4036281179138322
            ],
            [
              0.8402548371873525,
              0.40287226001511717
            ],
            [
              0.8411986786219915,
              0.4021164021164021
            ],
            [
              0.8423784804152902,
              0.4017384731670446
            ],
            [
              0.8433223218499292,
              0.40098261526832957
            ],
            [
              0.8442661632845682,
              0.4002267573696145
            ],
            [
              0.8452100047192072,
              0.3994708994708995
            ],
            [
              0.8461538461538461,
              0.3987150415721844
            ],
            [
              0.8473336479471448,
              0.3983371126228269
            ],
            [
              0.8485134497404436,
              0.3979591836734694
            ],
            [
              0.8499292118924021,
              0.3979591836734694
            ],
            [
              0.8513449740443606,
              0.3979591836734694
            ],
            [
              0.852760736196319,
              0.3979591836734694
            ],
            [
              0.853704577630958,
              0.39720332577475437
            ],
            [
              0.8551203397829165,
              0.39720332577475437
            ],
            [
              0.856536101934875,
              0.39720332577475437
            ],
            [
              0.8579518640868334,
              0.39720332577475437
            ],
            [
              0.8593676262387919,
              0.39720332577475437
            ],
            [
              0.8607833883907503,
              0.39720332577475437
            ],
            [
              0.8621991505427088,
              0.39720332577475437
            ],
            [
              0.8631429919773478,
              0.3979591836734694
            ],
            [
              0.8645587541293063,
              0.3979591836734694
            ],
            [
              0.8659745162812648,
              0.3979591836734694
            ],
            [
              0.8669183577159038,
              0.3987150415721844
            ],
            [
              0.8683341198678622,
              0.3987150415721844
            ],
            [
              0.8692779613025012,
              0.3994708994708995
            ],
            [
              0.8704577630957999,
              0.399848828420257
            ],
            [
              0.8716375648890986,
              0.4002267573696145
            ],
            [
              0.8725814063237376,
              0.40098261526832957
            ],
            [
              0.8737612081170364,
              0.4013605442176871
            ],
            [
              0.8749410099103351,
              0.4017384731670446
            ],
            [
              0.8758848513449741,
              0.40249433106575966
            ],
            [
              0.8770646531382728,
              0.40287226001511717
            ],
            [
              0.8780084945729117,
              0.4036281179138322
            ],
            [
              0.8791882963662104,
              0.4040060468631897
            ],
            [
              0.8801321378008494,
              0.40476190476190477
            ],
            [
              0.8810759792354884,
              0.4055177626606198
            ],
            [
              0.8817838603114677,
              0.40665154950869237
            ],
            [
              0.8815478999528079,
              0.40854119425547997
            ],
            [
              0.8808400188768287,
              0.40967498110355255
            ],
            [
              0.8801321378008494,
              0.4108087679516251
            ],
            [
              0.8787163756488909,
              0.4108087679516251
            ],
            [
              0.877772534214252,
              0.41156462585034015
            ],
            [
              0.8768286927796131,
              0.41232048374905517
            ],
            [
              0.8761208117036338,
              0.41345427059712775
            ],
            [
              0.8751769702689948,
              0.41421012849584277
            ],
            [
              0.8739971684756961,
              0.4145880574452003
            ],
            [
              0.8725814063237376,
              0.4145880574452003
            ],
            [
              0.8716375648890986,
              0.41534391534391535
            ],
            [
              0.8704577630957999,
              0.41572184429327286
            ],
            [
              0.8692779613025012,
              0.41609977324263037
            ],
            [
              0.8683341198678622,
              0.41685563114134544
            ],
            [
              0.8671543180745634,
              0.41723356009070295
            ],
            [
              0.8664464369985843,
              0.41836734693877553
            ],
            [
              0.8650306748466258,
              0.41836734693877553
            ],
            [
              0.8640868334119868,
              0.41912320483749055
            ],
            [
              0.8626710712600283,
              0.41912320483749055
            ],
            [
              0.8612553091080698,
              0.41912320483749055
            ],
            [
              0.8598395469561114,
              0.41912320483749055
            ],
            [
              0.8584237848041529,
              0.41912320483749055
            ],
            [
              0.8570080226521944,
              0.41912320483749055
            ],
            [
              0.855592260500236,
              0.41912320483749055
            ],
            [
              0.8541764983482775,
              0.41912320483749055
            ],
            [
              0.852760736196319,
              0.41912320483749055
            ],
            [
              0.8515809344030203,
              0.41874527588813304
            ],
            [
              0.8504011326097216,
              0.41836734693877553
            ],
            [
              0.8489853704577631,
              0.41836734693877553
            ],
            [
              0.8480415290231241,
              0.41912320483749055
            ],
            [
              0.8466257668711656,
              0.41912320483749055
            ],
            [
              0.8452100047192072,
              0.41912320483749055
            ],
            [
              0.8437942425672487,
              0.41912320483749055
            ],
            [
              0.8423784804152902,
              0.41912320483749055
            ],
            [
              0.8409627182633318,
              0.41912320483749055
            ],
            [
              0.8395469561113733,
              0.41912320483749055
            ],
            [
              0.8381311939594148,
              0.41912320483749055
            ],
            [
              0.8367154318074563,
              0.41912320483749055
            ],
            [
              0.8352996696554978,
              0.41912320483749055
            ],
            [
              0.8338839075035394,
              0.41912320483749055
            ],
            [
              0.832468145351581,
              0.41912320483749055
            ],
            [
              0.8310523831996225,
              0.41912320483749055
            ],
            [
              0.829636621047664,
              0.41912320483749055
            ],
            [
              0.8282208588957055,
              0.41912320483749055
            ],
            [
              0.826805096743747,
              0.41912320483749055
            ],
            [
              0.8253893345917885,
              0.41912320483749055
            ],
            [
              0.8239735724398302,
              0.41912320483749055
            ],
            [
              0.8235016517225107,
              0.41987906273620557
            ]
          ]
        ]
      },
      "properties": {
        "segment_id": 32,
        "area": 2627,
        "bbox": [
          1737.0,
          526.0,
          131.0,
          29.0
        ],
        "iou": 0.8966077566146851,
        "stability": 0.9517446160316467,
        "auto_generated": true,
        "model": "segment_anything"
      }
    },
    {
      "type": "Feature",
      "geometry": {
        "type": "Polygon",
        "coordinates": [
          [
            [
              0.7781972628598396,
              0.23771730914588057
            ],
            [
              0.7772534214252006,
              0.23771730914588057
            ],
            [
              0.7763095799905616,
              0.23771730914588057
            ],
            [
              0.7753657385559226,
              0.23771730914588057
            ],
            [
              0.7744218971212836,
              0.23771730914588057
            ],
            [
              0.7734780556866446,
              0.23771730914588057
            ],
            [
              0.7725342142520056,
              0.23771730914588057
            ],
            [
              0.7720622935346861,
              0.23696145124716553
            ],
            [
              0.7711184521000471,
              0.23696145124716553
            ],
            [
              0.7701746106654083,
              0.23696145124716553
            ],
            [
              0.7697026899480888,
              0.23620559334845048
            ],
            [
              0.7687588485134498,
              0.23620559334845048
            ],
            [
              0.7682869277961303,
              0.23544973544973544
            ],
            [
              0.7673430863614913,
              0.23544973544973544
            ],
            [
              0.7668711656441718,
              0.23469387755102042
            ],
            [
              0.7659273242095328,
              0.23469387755102042
            ],
            [
              0.7654554034922133,
              0.23393801965230537
            ],
            [
              0.7647475224162341,
              0.23356009070294784
            ],
            [
              0.7640396413402548,
              0.23318216175359033
            ],
            [
              0.7630957999056158,
              0.23318216175359033
            ],
            [
              0.7626238791882963,
              0.23242630385487528
            ],
            [
              0.7619159981123171,
              0.23204837490551777
            ],
            [
              0.761208117036338,
              0.23167044595616024
            ],
            [
              0.7607361963190185,
              0.2309145880574452
            ],
            [
              0.7597923548843795,
              0.2309145880574452
            ],
            [
              0.75932043416706,
              0.23015873015873015
            ],
            [
              0.758376592732421,
              0.23015873015873015
            ],
            [
              0.7579046720151015,
              0.22940287226001513
            ],
            [
              0.7569608305804625,
              0.22940287226001513
            ],
            [
              0.756488909863143,
              0.22864701436130008
            ],
            [
              0.7557810287871638,
              0.22826908541194255
            ],
            [
              0.7562529495044833,
              0.2275132275132275
            ],
            [
              0.756488909863143,
              0.22637944066515495
            ],
            [
              0.7569608305804625,
              0.2256235827664399
            ],
            [
              0.7579046720151015,
              0.2256235827664399
            ],
            [
              0.7586125530910807,
              0.2252456538170824
            ],
            [
              0.75932043416706,
              0.22486772486772486
            ],
            [
              0.760264275601699,
              0.22486772486772486
            ],
            [
              0.761208117036338,
              0.22486772486772486
            ],
            [
              0.7621519584709768,
              0.22486772486772486
            ],
            [
              0.7630957999056158,
              0.22486772486772486
            ],
            [
              0.7640396413402548,
              0.22486772486772486
            ],
            [
              0.7649834827748938,
              0.22486772486772486
            ],
            [
              0.7654554034922133,
              0.2256235827664399
            ],
            [
              0.7663992449268523,
              0.2256235827664399
            ],
            [
              0.7671071260028315,
              0.2252456538170824
            ],
            [
              0.7678150070788108,
              0.22486772486772486
            ],
            [
              0.7687588485134498,
              0.22486772486772486
            ],
            [
              0.7697026899480888,
              0.22486772486772486
            ],
            [
              0.7706465313827277,
              0.22486772486772486
            ],
            [
              0.771354412458707,
              0.22448979591836735
            ],
            [
              0.7720622935346861,
              0.22411186696900984
            ],
            [
              0.7730061349693251,
              0.22411186696900984
            ],
            [
              0.7737140160453044,
              0.2237339380196523
            ],
            [
              0.7744218971212836,
              0.2233560090702948
            ],
            [
              0.7748938178386031,
              0.22260015117157975
            ],
            [
              0.7756016989145823,
              0.2222222222222222
            ],
            [
              0.7763095799905616,
              0.2218442932728647
            ],
            [
              0.7770174610665408,
              0.2214663643235072
            ],
            [
              0.7777253421425201,
              0.22108843537414966
            ],
            [
              0.7781972628598396,
              0.2203325774754346
            ],
            [
              0.7791411042944786,
              0.2203325774754346
            ],
            [
              0.7800849457291175,
              0.2203325774754346
            ],
            [
              0.7807928268050968,
              0.22071050642479215
            ],
            [
              0.781500707881076,
              0.22108843537414966
            ],
            [
              0.7819726285983954,
              0.2218442932728647
            ],
            [
              0.7829164700330344,
              0.2218442932728647
            ],
            [
              0.7833883907503539,
              0.22260015117157975
            ],
            [
              0.7843322321849929,
              0.22260015117157975
            ],
            [
              0.7848041529023124,
              0.2233560090702948
            ],
            [
              0.7855120339782916,
              0.2237339380196523
            ],
            [
              0.7859839546956111,
              0.22448979591836735
            ],
            [
              0.7866918357715904,
              0.22486772486772486
            ],
            [
              0.7871637564889099,
              0.2256235827664399
            ],
            [
              0.7878716375648891,
              0.22600151171579744
            ],
            [
              0.7883435582822086,
              0.22675736961451248
            ],
            [
              0.7890514393581878,
              0.22713529856387
            ],
            [
              0.7895233600755073,
              0.22789115646258504
            ],
            [
              0.7904672015101463,
              0.22789115646258504
            ],
            [
              0.7909391222274658,
              0.22864701436130008
            ],
            [
              0.7918829636621048,
              0.22864701436130008
            ],
            [
              0.7928268050967437,
              0.22864701436130008
            ],
            [
              0.7937706465313827,
              0.22864701436130008
            ],
            [
              0.7944785276073619,
              0.22826908541194255
            ],
            [
              0.7951864086833412,
              0.22789115646258504
            ],
            [
              0.7958942897593204,
              0.22826908541194255
            ],
            [
              0.7966021708352997,
              0.22864701436130008
            ],
            [
              0.7975460122699386,
              0.22864701436130008
            ],
            [
              0.7984898537045776,
              0.22864701436130008
            ],
            [
              0.7989617744218971,
              0.22789115646258504
            ],
            [
              0.7996696554978764,
              0.22826908541194255
            ],
            [
              0.8003775365738556,
              0.22864701436130008
            ],
            [
              0.8010854176498349,
              0.2290249433106576
            ],
            [
              0.8003775365738556,
              0.22940287226001513
            ],
            [
              0.7999056158565361,
              0.23015873015873015
            ],
            [
              0.7989617744218971,
              0.23015873015873015
            ],
            [
              0.7980179329872581,
              0.23015873015873015
            ],
            [
              0.7970740915526192,
              0.23015873015873015
            ],
            [
              0.7966021708352997,
              0.2309145880574452
            ],
            [
              0.7956583294006607,
              0.2309145880574452
            ],
            [
              0.7951864086833412,
              0.23167044595616024
            ],
            [
              0.7942425672487022,
              0.23167044595616024
            ],
            [
              0.7932987258140632,
              0.23167044595616024
            ],
            [
              0.7923548843794243,
              0.23167044595616024
            ],
            [
              0.7914110429447853,
              0.23167044595616024
            ],
            [
              0.7904672015101463,
              0.23167044595616024
            ],
            [
              0.7899952807928268,
              0.23242630385487528
            ],
            [
              0.7890514393581878,
              0.23242630385487528
            ],
            [
              0.7885795186408683,
              0.23318216175359033
            ],
            [
              0.7876356772062294,
              0.23318216175359033
            ],
            [
              0.7871637564889099,
              0.23393801965230537
            ],
            [
              0.7862199150542709,
              0.23393801965230537
            ],
            [
              0.7857479943369514,
              0.23469387755102042
            ],
            [
              0.7848041529023124,
              0.23469387755102042
            ],
            [
              0.7843322321849929,
              0.23544973544973544
            ],
            [
              0.7833883907503539,
              0.23544973544973544
            ],
            [
              0.7829164700330344,
              0.23620559334845048
            ],
            [
              0.7819726285983954,
              0.23620559334845048
            ],
            [
              0.7810287871637565,
              0.23620559334845048
            ],
            [
              0.780556866446437,
              0.23696145124716553
            ],
            [
              0.779613025011798,
              0.23696145124716553
            ],
            [
              0.7786691835771591,
              0.23696145124716553
            ],
            [
              0.7781972628598396,
              0.23771730914588057
            ]
          ]
        ]
      },
      "properties": {
        "segment_id": 33,
        "area": 1093,
        "bbox": [
          1602.0,
          292.0,
          95.0,
          22.0
        ],
        "iou": 0.8826114535331726,
        "stability": 0.9398230314254761,
        "auto_generated": true,
        "model": "segment_anything"
      }
    },
    {
      "type": "Feature",
      "geometry": {
        "type": "Polygon",
        "coordinates": [
          [
            [
              0.7173194903256253,
              0.2739984882842026
            ],
            [
              0.7168475696083058,
              0.2739984882842026
            ],
            [
              0.7163756488909863,
              0.2739984882842026
            ],
            [
              0.7159037281736669,
              0.2739984882842026
            ],
            [
              0.7154318074563474,
              0.2739984882842026
            ],
            [
              0.7149598867390279,
              0.2739984882842026
            ],
            [
              0.7144879660217084,
              0.2739984882842026
            ],
            [
              0.7140160453043889,
              0.2739984882842026
            ],
            [
              0.7135441245870694,
              0.2739984882842026
            ],
            [
              0.7130722038697499,
              0.2739984882842026
            ],
            [
              0.7128362435110901,
              0.273620559334845
            ],
            [
              0.7126002831524304,
              0.2732426303854875
            ],
            [
              0.7121283624351109,
              0.2732426303854875
            ],
            [
              0.7118924020764511,
              0.27286470143613
            ],
            [
              0.7116564417177914,
              0.2724867724867725
            ],
            [
              0.7114204813591317,
              0.272108843537415
            ],
            [
              0.7114204813591317,
              0.2713529856386999
            ],
            [
              0.7114204813591317,
              0.2705971277399849
            ],
            [
              0.7116564417177914,
              0.27021919879062734
            ],
            [
              0.7118924020764511,
              0.2698412698412698
            ],
            [
              0.7121283624351109,
              0.2694633408919123
            ],
            [
              0.7123643227937706,
              0.2690854119425548
            ],
            [
              0.7126002831524304,
              0.2687074829931973
            ],
            [
              0.7130722038697499,
              0.2687074829931973
            ],
            [
              0.7135441245870694,
              0.2687074829931973
            ],
            [
              0.7140160453043889,
              0.2687074829931973
            ],
            [
              0.7144879660217084,
              0.2687074829931973
            ],
            [
              0.7149598867390279,
              0.2687074829931973
            ],
            [
              0.7154318074563474,
              0.2687074829931973
            ],
            [
              0.7156677678150071,
              0.26832955404383974
            ],
            [
              0.7159037281736669,
              0.2679516250944822
            ],
            [
              0.7163756488909863,
              0.2679516250944822
            ],
            [
              0.7168475696083058,
              0.2679516250944822
            ],
            [
              0.7173194903256253,
              0.2679516250944822
            ],
            [
              0.7175554506842851,
              0.26832955404383974
            ],
            [
              0.7177914110429447,
              0.2687074829931973
            ],
            [
              0.7182633317602642,
              0.2687074829931973
            ],
            [
              0.7187352524775837,
              0.2687074829931973
            ],
            [
              0.7189712128362435,
              0.2690854119425548
            ],
            [
              0.7192071731949032,
              0.2694633408919123
            ],
            [
              0.719443133553563,
              0.2698412698412698
            ],
            [
              0.719443133553563,
              0.2705971277399849
            ],
            [
              0.719443133553563,
              0.2713529856386999
            ],
            [
              0.7192071731949032,
              0.2717309145880574
            ],
            [
              0.7189712128362435,
              0.272108843537415
            ],
            [
              0.7187352524775837,
              0.2724867724867725
            ],
            [
              0.718499292118924,
              0.27286470143613
            ],
            [
              0.7182633317602642,
              0.2732426303854875
            ],
            [
              0.7177914110429447,
              0.2732426303854875
            ],
            [
              0.7175554506842851,
              0.273620559334845
            ],
            [
              0.7173194903256253,
              0.2739984882842026
            ],
            [
              0.7173194903256253,
              0.2739984882842026
            ]
          ]
        ]
      },
      "properties": {
        "segment_id": 34,
        "area": 108,
        "bbox": [
          1508.0,
          355.0,
          16.0,
          7.0
        ],
        "iou": 0.872500479221344,
        "stability": 0.9816513657569885,
        "auto_generated": true,
        "model": "segment_anything"
      }
    },
    {
      "type": "Feature",
      "geometry": {
        "type": "Polygon",
        "coordinates": [
          [
            [
              0.45162812647475226,
              0.609599395313681
            ],
            [
              0.45115620575743276,
              0.609599395313681
            ],
            [
              0.45068428504011326,
              0.609599395313681
            ],
            [
              0.45021236432279377,
              0.609599395313681
            ],
            [
              0.44974044360547427,
              0.609599395313681
            ],
            [
              0.4492685228881548,
              0.609599395313681
            ],
            [
              0.4487966021708353,
              0.609599395313681
            ],
            [
              0.44856064181217553,
              0.6092214663643235
            ],
            [
              0.4483246814535158,
              0.608843537414966
            ],
            [
              0.44785276073619634,
              0.608843537414966
            ],
            [
              0.4476168003775366,
              0.6084656084656085
            ],
            [
              0.4476168003775366,
              0.6077097505668935
            ],
            [
              0.44785276073619634,
              0.6073318216175358
            ],
            [
              0.4480887210948561,
              0.6069538926681783
            ],
            [
              0.4483246814535158,
              0.6065759637188208
            ],
            [
              0.44856064181217553,
              0.6061980347694633
            ],
            [
              0.4487966021708353,
              0.6058201058201058
            ],
            [
              0.449032562529495,
              0.6054421768707483
            ],
            [
              0.4492685228881548,
              0.6050642479213908
            ],
            [
              0.4495044832468145,
              0.6046863189720333
            ],
            [
              0.44974044360547427,
              0.6043083900226758
            ],
            [
              0.449976403964134,
              0.6039304610733183
            ],
            [
              0.45021236432279377,
              0.6035525321239606
            ],
            [
              0.45068428504011326,
              0.6035525321239606
            ],
            [
              0.450920245398773,
              0.6031746031746031
            ],
            [
              0.45115620575743276,
              0.6027966742252456
            ],
            [
              0.45162812647475226,
              0.6027966742252456
            ],
            [
              0.45210004719207175,
              0.6027966742252456
            ],
            [
              0.4523360075507315,
              0.6024187452758881
            ],
            [
              0.45257196790939125,
              0.6020408163265306
            ],
            [
              0.4530438886267107,
              0.6020408163265306
            ],
            [
              0.45327984898537044,
              0.6016628873771731
            ],
            [
              0.4535158093440302,
              0.6012849584278156
            ],
            [
              0.4539877300613497,
              0.6012849584278156
            ],
            [
              0.4544596507786692,
              0.6012849584278156
            ],
            [
              0.4546956111373289,
              0.6009070294784581
            ],
            [
              0.4549315714959887,
              0.6005291005291006
            ],
            [
              0.45540349221330817,
              0.6005291005291006
            ],
            [
              0.45587541293062767,
              0.6005291005291006
            ],
            [
              0.45634733364794716,
              0.6005291005291006
            ],
            [
              0.45681925436526666,
              0.6005291005291006
            ],
            [
              0.4572911750825861,
              0.6005291005291006
            ],
            [
              0.4577630957999056,
              0.6005291005291006
            ],
            [
              0.45799905615856534,
              0.6009070294784581
            ],
            [
              0.4582350165172251,
              0.6012849584278156
            ],
            [
              0.4587069372345446,
              0.6012849584278156
            ],
            [
              0.4591788579518641,
              0.6012849584278156
            ],
            [
              0.4596507786691836,
              0.6012849584278156
            ],
            [
              0.4601226993865031,
              0.6012849584278156
            ],
            [
              0.46059462010382257,
              0.6012849584278156
            ],
            [
              0.46106654082114207,
              0.6012849584278156
            ],
            [
              0.4613025011798018,
              0.6016628873771731
            ],
            [
              0.4613025011798018,
              0.6024187452758881
            ],
            [
              0.46106654082114207,
              0.6027966742252456
            ],
            [
              0.4608305804624823,
              0.6031746031746031
            ],
            [
              0.4608305804624823,
              0.6039304610733183
            ],
            [
              0.46059462010382257,
              0.6043083900226758
            ],
            [
              0.4603586597451628,
              0.6046863189720333
            ],
            [
              0.4601226993865031,
              0.6050642479213908
            ],
            [
              0.4598867390278433,
              0.6054421768707483
            ],
            [
              0.4596507786691836,
              0.6058201058201058
            ],
            [
              0.4591788579518641,
              0.6058201058201058
            ],
            [
              0.4587069372345446,
              0.6058201058201058
            ],
            [
              0.45847097687588484,
              0.6061980347694633
            ],
            [
              0.4582350165172251,
              0.6065759637188208
            ],
            [
              0.4577630957999056,
              0.6065759637188208
            ],
            [
              0.4572911750825861,
              0.6065759637188208
            ],
            [
              0.4570552147239264,
              0.6069538926681783
            ],
            [
              0.45681925436526666,
              0.6073318216175358
            ],
            [
              0.45634733364794716,
              0.6073318216175358
            ],
            [
              0.4561113732892874,
              0.6077097505668935
            ],
            [
              0.45587541293062767,
              0.608087679516251
            ],
            [
              0.45540349221330817,
              0.608087679516251
            ],
            [
              0.4549315714959887,
              0.608087679516251
            ],
            [
              0.4546956111373289,
              0.6084656084656085
            ],
            [
              0.4544596507786692,
              0.608843537414966
            ],
            [
              0.4539877300613497,
              0.608843537414966
            ],
            [
              0.4535158093440302,
              0.608843537414966
            ],
            [
              0.4530438886267107,
              0.608843537414966
            ],
            [
              0.45257196790939125,
              0.608843537414966
            ],
            [
              0.45210004719207175,
              0.608843537414966
            ],
            [
              0.451864086833412,
              0.6092214663643235
            ],
            [
              0.45162812647475226,
              0.609599395313681
            ],
            [
              0.45162812647475226,
              0.609599395313681
            ]
          ]
        ]
      },
      "properties": {
        "segment_id": 35,
        "area": 213,
        "bbox": [
          949.0,
          795.0,
          28.0,
          11.0
        ],
        "iou": 0.8678188323974609,
        "stability": 0.9674418568611145,
        "auto_generated": true,
        "model": "segment_anything"
      }
    },
    {
      "type": "Feature",
      "geometry": {
        "type": "Polygon",
        "coordinates": [
          [
            [
              0.8390750353940538,
              0.23469387755102042
            ],
            [
              0.8386031146767343,
              0.23469387755102042
            ],
            [
              0.8381311939594148,
              0.23469387755102042
            ],
            [
              0.8376592732420953,
              0.23469387755102042
            ],
            [
              0.8371873525247758,
              0.23469387755102042
            ],
            [
              0.8367154318074563,
              0.23469387755102042
            ],
            [
              0.8362435110901368,
              0.23469387755102042
            ],
            [
              0.8357715903728173,
              0.23469387755102042
            ],
            [
              0.8352996696554978,
              0.23469387755102042
            ],
            [
              0.8348277489381783,
              0.23469387755102042
            ],
            [
              0.8343558282208589,
              0.23469387755102042
            ],
            [
              0.8341198678621992,
              0.23431594860166288
            ],
            [
              0.8338839075035394,
              0.23393801965230537
            ],
            [
              0.8334119867862199,
              0.23393801965230537
            ],
            [
              0.8329400660689005,
              0.23393801965230537
            ],
            [
              0.8327041057102407,
              0.23356009070294784
            ],
            [
              0.832468145351581,
              0.23318216175359033
            ],
            [
              0.8319962246342615,
              0.23318216175359033
            ],
            [
              0.831524303916942,
              0.23318216175359033
            ],
            [
              0.8310523831996225,
              0.23318216175359033
            ],
            [
              0.8308164228409627,
              0.2328042328042328
            ],
            [
              0.830580462482303,
              0.23242630385487528
            ],
            [
              0.8301085417649835,
              0.23242630385487528
            ],
            [
              0.829636621047664,
              0.23242630385487528
            ],
            [
              0.8291647003303445,
              0.23242630385487528
            ],
            [
              0.8289287399716847,
              0.23204837490551777
            ],
            [
              0.828692779613025,
              0.23167044595616024
            ],
            [
              0.8282208588957055,
              0.23167044595616024
            ],
            [
              0.827748938178386,
              0.23167044595616024
            ],
            [
              0.8275129778197263,
              0.23129251700680273
            ],
            [
              0.8272770174610665,
              0.2309145880574452
            ],
            [
              0.826805096743747,
              0.2309145880574452
            ],
            [
              0.8263331760264275,
              0.2309145880574452
            ],
            [
              0.8260972156677678,
              0.23053665910808768
            ],
            [
              0.825861255309108,
              0.23015873015873015
            ],
            [
              0.8253893345917885,
              0.23015873015873015
            ],
            [
              0.8251533742331288,
              0.22978080120937264
            ],
            [
              0.824917413874469,
              0.22940287226001513
            ],
            [
              0.8244454931571495,
              0.22940287226001513
            ],
            [
              0.8239735724398302,
              0.22940287226001513
            ],
            [
              0.8235016517225107,
              0.22940287226001513
            ],
            [
              0.8232656913638509,
              0.2290249433106576
            ],
            [
              0.8230297310051912,
              0.22864701436130008
            ],
            [
              0.8225578102878717,
              0.22864701436130008
            ],
            [
              0.8220858895705522,
              0.22864701436130008
            ],
            [
              0.8218499292118924,
              0.22826908541194255
            ],
            [
              0.8216139688532327,
              0.22789115646258504
            ],
            [
              0.8211420481359132,
              0.22789115646258504
            ],
            [
              0.8209060877772534,
              0.2275132275132275
            ],
            [
              0.8206701274185937,
              0.22713529856387
            ],
            [
              0.8201982067012742,
              0.22713529856387
            ],
            [
              0.8197262859839547,
              0.22713529856387
            ],
            [
              0.819490325625295,
              0.22675736961451248
            ],
            [
              0.8192543652666352,
              0.22637944066515495
            ],
            [
              0.8190184049079755,
              0.22600151171579744
            ],
            [
              0.8190184049079755,
              0.2252456538170824
            ],
            [
              0.8192543652666352,
              0.22486772486772486
            ],
            [
              0.8197262859839547,
              0.22486772486772486
            ],
            [
              0.8199622463426144,
              0.22448979591836735
            ],
            [
              0.8201982067012742,
              0.22411186696900984
            ],
            [
              0.8206701274185937,
              0.22411186696900984
            ],
            [
              0.8209060877772534,
              0.2237339380196523
            ],
            [
              0.8211420481359132,
              0.2233560090702948
            ],
            [
              0.8216139688532327,
              0.2233560090702948
            ],
            [
              0.8220858895705522,
              0.2233560090702948
            ],
            [
              0.8223218499292119,
              0.22297808012093726
            ],
            [
              0.8225578102878717,
              0.22260015117157975
            ],
            [
              0.8230297310051912,
              0.22260015117157975
            ],
            [
              0.8235016517225107,
              0.22260015117157975
            ],
            [
              0.8239735724398302,
              0.22260015117157975
            ],
            [
              0.8242095327984899,
              0.2222222222222222
            ],
            [
              0.8244454931571495,
              0.2218442932728647
            ],
            [
              0.824917413874469,
              0.2218442932728647
            ],
            [
              0.8253893345917885,
              0.2218442932728647
            ],
            [
              0.8256252949504483,
              0.2214663643235072
            ],
            [
              0.825861255309108,
              0.22108843537414966
            ],
            [
              0.8263331760264275,
              0.22108843537414966
            ],
            [
              0.826805096743747,
              0.22108843537414966
            ],
            [
              0.8272770174610665,
              0.22108843537414966
            ],
            [
              0.8275129778197263,
              0.22071050642479215
            ],
            [
              0.827748938178386,
              0.2203325774754346
            ],
            [
              0.8279848985370458,
              0.22071050642479215
            ],
            [
              0.8282208588957055,
              0.22108843537414966
            ],
            [
              0.828692779613025,
              0.22108843537414966
            ],
            [
              0.8291647003303445,
              0.22108843537414966
            ],
            [
              0.8294006606890042,
              0.2214663643235072
            ],
            [
              0.829636621047664,
              0.2218442932728647
            ],
            [
              0.8301085417649835,
              0.2218442932728647
            ],
            [
              0.830580462482303,
              0.2218442932728647
            ],
            [
              0.8310523831996225,
              0.2218442932728647
            ],
            [
              0.831524303916942,
              0.2218442932728647
            ],
            [
              0.8317602642756017,
              0.2222222222222222
            ],
            [
              0.8319962246342615,
              0.22260015117157975
            ],
            [
              0.832468145351581,
              0.22260015117157975
            ],
            [
              0.8329400660689005,
              0.22260015117157975
            ],
            [
              0.8331760264275602,
              0.2222222222222222
            ],
            [
              0.8334119867862199,
              0.2218442932728647
            ],
            [
              0.8338839075035394,
              0.2218442932728647
            ],
            [
              0.8343558282208589,
              0.2218442932728647
            ],
            [
              0.8348277489381783,
              0.2218442932728647
            ],
            [
              0.8352996696554978,
              0.2218442932728647
            ],
            [
              0.8357715903728173,
              0.2218442932728647
            ],
            [
              0.8362435110901368,
              0.2218442932728647
            ],
            [
              0.8367154318074563,
              0.2218442932728647
            ],
            [
              0.8371873525247758,
              0.2218442932728647
            ],
            [
              0.8376592732420953,
              0.2218442932728647
            ],
            [
              0.8381311939594148,
              0.2218442932728647
            ],
            [
              0.8383671543180745,
              0.2214663643235072
            ],
            [
              0.8386031146767343,
              0.22108843537414966
            ],
            [
              0.8390750353940538,
              0.22108843537414966
            ],
            [
              0.8395469561113733,
              0.22108843537414966
            ],
            [
              0.8400188768286928,
              0.22108843537414966
            ],
            [
              0.8404907975460123,
              0.22108843537414966
            ],
            [
              0.8409627182633318,
              0.22108843537414966
            ],
            [
              0.8414346389806513,
              0.22108843537414966
            ],
            [
              0.8419065596979708,
              0.22108843537414966
            ],
            [
              0.8423784804152902,
              0.22108843537414966
            ],
            [
              0.8428504011326097,
              0.22108843537414966
            ],
            [
              0.8433223218499292,
              0.22108843537414966
            ],
            [
              0.8437942425672487,
              0.22108843537414966
            ],
            [
              0.8440302029259085,
              0.2214663643235072
            ],
            [
              0.8442661632845682,
              0.2218442932728647
            ],
            [
              0.8447380840018877,
              0.2218442932728647
            ],
            [
              0.8452100047192072,
              0.2218442932728647
            ],
            [
              0.8456819254365266,
              0.2218442932728647
            ],
            [
              0.8461538461538461,
              0.2218442932728647
            ],
            [
              0.8466257668711656,
              0.2218442932728647
            ],
            [
              0.8468617272298253,
              0.2222222222222222
            ],
            [
              0.8470976875884851,
              0.22260015117157975
            ],
            [
              0.8475696083058046,
              0.22260015117157975
            ],
            [
              0.8480415290231241,
              0.22260015117157975
            ],
            [
              0.8485134497404436,
              0.22260015117157975
            ],
            [
              0.8487494100991033,
              0.22297808012093726
            ],
            [
              0.8489853704577631,
              0.2233560090702948
            ],
            [
              0.8494572911750826,
              0.2233560090702948
            ],
            [
              0.8499292118924021,
              0.2233560090702948
            ],
            [
              0.8504011326097216,
              0.2233560090702948
            ],
            [
              0.8506370929683813,
              0.2237339380196523
            ],
            [
              0.8508730533270411,
              0.22411186696900984
            ],
            [
              0.8513449740443606,
              0.22411186696900984
            ],
            [
              0.85181689476168,
              0.22411186696900984
            ],
            [
              0.8520528551203398,
              0.22448979591836735
            ],
            [
              0.85181689476168,
              0.22486772486772486
            ],
            [
              0.8515809344030203,
              0.2252456538170824
            ],
            [
              0.8513449740443606,
              0.2256235827664399
            ],
            [
              0.8508730533270411,
              0.2256235827664399
            ],
            [
              0.8504011326097216,
              0.2256235827664399
            ],
            [
              0.8499292118924021,
              0.2256235827664399
            ],
            [
              0.8496932515337423,
              0.22600151171579744
            ],
            [
              0.8494572911750826,
              0.22637944066515495
            ],
            [
              0.8489853704577631,
              0.22637944066515495
            ],
            [
              0.8487494100991033,
              0.22675736961451248
            ],
            [
              0.8485134497404436,
              0.22713529856387
            ],
            [
              0.8482774893817838,
              0.2275132275132275
            ],
            [
              0.8480415290231241,
              0.22789115646258504
            ],
            [
              0.8478055686644643,
              0.22826908541194255
            ],
            [
              0.8478055686644643,
              0.2290249433106576
            ],
            [
              0.8475696083058046,
              0.22940287226001513
            ],
            [
              0.8473336479471448,
              0.22978080120937264
            ],
            [
              0.8470976875884851,
              0.23015873015873015
            ],
            [
              0.8468617272298253,
              0.23053665910808768
            ],
            [
              0.8466257668711656,
              0.2309145880574452
            ],
            [
              0.846389806512506,
              0.23129251700680273
            ],
            [
              0.8461538461538461,
              0.23167044595616024
            ],
            [
              0.8456819254365266,
              0.23167044595616024
            ],
            [
              0.8452100047192072,
              0.23167044595616024
            ],
            [
              0.8449740443605475,
              0.23204837490551777
            ],
            [
              0.8447380840018877,
              0.23242630385487528
            ],
            [
              0.8442661632845682,
              0.23242630385487528
            ],
            [
              0.8437942425672487,
              0.23242630385487528
            ],
            [
              0.8433223218499292,
              0.23242630385487528
            ],
            [
              0.8430863614912695,
              0.2328042328042328
            ],
            [
              0.8428504011326097,
              0.23318216175359033
            ],
            [
              0.8423784804152902,
              0.23318216175359033
            ],
            [
              0.8419065596979708,
              0.23318216175359033
            ],
            [
              0.8414346389806513,
              0.23318216175359033
            ],
            [
              0.8411986786219915,
              0.23356009070294784
            ],
            [
              0.8409627182633318,
              0.23393801965230537
            ],
            [
              0.8404907975460123,
              0.23393801965230537
            ],
            [
              0.8400188768286928,
              0.23393801965230537
            ],
            [
              0.8395469561113733,
              0.23393801965230537
            ],
            [
              0.8393109957527135,
              0.23431594860166288
            ],
            [
              0.8390750353940538,
              0.23469387755102042
            ],
            [
              0.8390750353940538,
              0.23469387755102042
            ]
          ]
        ]
      },
      "properties": {
        "segment_id": 36,
        "area": 834,
        "bbox": [
          1736.0,
          292.0,
          69.0,
          18.0
        ],
        "iou": 0.863896369934082,
        "stability": 0.9498249888420105,
        "auto_generated": true,
        "model": "segment_anything"
      }
    },
    {
      "type": "Feature",
      "geometry": {
        "type": "Polygon",
        "coordinates": [
          [
            [
              0.9995280792826805,
              0.8340891912320484
            ],
            [
              0.9983482774893818,
              0.8337112622826909
            ],
            [
              0.9976403964134025,
              0.8325774754346182
            ],
            [
              0.9966965549787635,
              0.8318216175359032
            ],
            [
              0.996224634261444,
              0.8303099017384732
            ],
            [
              0.9955167531854648,
              0.8291761148904006
            ],
            [
              0.9948088721094857,
              0.828042328042328
            ],
            [
              0.9941009910335064,
              0.8269085411942555
            ],
            [
              0.9931571495988674,
              0.8261526832955405
            ],
            [
              0.9924492685228882,
              0.8250188964474678
            ],
            [
              0.9917413874469089,
              0.8238851095993953
            ],
            [
              0.9910335063709297,
              0.8227513227513228
            ],
            [
              0.9903256252949505,
              0.8216175359032502
            ],
            [
              0.9896177442189712,
              0.8204837490551776
            ],
            [
              0.9886739027843322,
              0.8197278911564626
            ],
            [
              0.987966021708353,
              0.81859410430839
            ],
            [
              0.9872581406323737,
              0.8174603174603174
            ],
            [
              0.9865502595563945,
              0.8163265306122449
            ],
            [
              0.986078338839075,
              0.8148148148148148
            ],
            [
              0.9856064181217555,
              0.8133030990173847
            ],
            [
              0.985134497404436,
              0.8117913832199547
            ],
            [
              0.9844266163284568,
              0.8106575963718821
            ],
            [
              0.9837187352524775,
              0.8095238095238095
            ],
            [
              0.983246814535158,
              0.8080120937263794
            ],
            [
              0.9825389334591789,
              0.8068783068783069
            ],
            [
              0.9820670127418594,
              0.8053665910808768
            ],
            [
              0.9813591316658802,
              0.8042328042328042
            ],
            [
              0.9808872109485607,
              0.8027210884353742
            ],
            [
              0.9804152902312412,
              0.8012093726379441
            ],
            [
              0.9797074091552619,
              0.8000755857898715
            ],
            [
              0.9792354884379424,
              0.7985638699924414
            ],
            [
              0.9785276073619632,
              0.7974300831443688
            ],
            [
              0.9780556866446437,
              0.7959183673469388
            ],
            [
              0.9775837659273242,
              0.7944066515495087
            ],
            [
              0.976875884851345,
              0.7932728647014361
            ],
            [
              0.9764039641340255,
              0.7917611489040061
            ],
            [
              0.975932043416706,
              0.7902494331065759
            ],
            [
              0.9756960830580462,
              0.7883597883597884
            ],
            [
              0.9752241623407267,
              0.7868480725623582
            ],
            [
              0.9752241623407267,
              0.7845804988662132
            ],
            [
              0.9752241623407267,
              0.782312925170068
            ],
            [
              0.9752241623407267,
              0.780045351473923
            ],
            [
              0.9756960830580462,
              0.7785336356764928
            ],
            [
              0.9754601226993865,
              0.7766439909297053
            ],
            [
              0.9754601226993865,
              0.7751322751322751
            ],
            [
              0.9756960830580462,
              0.7732426303854876
            ],
            [
              0.9756960830580462,
              0.7709750566893424
            ],
            [
              0.975932043416706,
              0.7690854119425548
            ],
            [
              0.9761680037753657,
              0.7671957671957672
            ],
            [
              0.9761680037753657,
              0.764928193499622
            ],
            [
              0.9764039641340255,
              0.7630385487528345
            ],
            [
              0.9766399244926852,
              0.7611489040060468
            ],
            [
              0.976875884851345,
              0.7592592592592593
            ],
            [
              0.9771118452100047,
              0.7573696145124716
            ],
            [
              0.9775837659273242,
              0.7558578987150416
            ],
            [
              0.9782916470033034,
              0.754724111866969
            ],
            [
              0.9787635677206229,
              0.7532123960695389
            ],
            [
              0.9794714487966022,
              0.7520786092214664
            ],
            [
              0.9801793298725814,
              0.7509448223733938
            ],
            [
              0.9811231713072204,
              0.7501889644746788
            ],
            [
              0.9818310523831997,
              0.7490551776266062
            ],
            [
              0.9823029731005191,
              0.7475434618291761
            ],
            [
              0.9827748938178386,
              0.746031746031746
            ],
            [
              0.9827748938178386,
              0.7437641723356009
            ],
            [
              0.9823029731005191,
              0.7422524565381708
            ],
            [
              0.9823029731005191,
              0.7399848828420257
            ],
            [
              0.9823029731005191,
              0.7377173091458806
            ],
            [
              0.9827748938178386,
              0.7362055933484505
            ],
            [
              0.9830108541764984,
              0.7343159486016629
            ],
            [
              0.983246814535158,
              0.7324263038548753
            ],
            [
              0.9837187352524775,
              0.7309145880574452
            ],
            [
              0.9837187352524775,
              0.7286470143613001
            ],
            [
              0.983246814535158,
              0.72713529856387
            ],
            [
              0.9827748938178386,
              0.7256235827664399
            ],
            [
              0.9823029731005191,
              0.7241118669690099
            ],
            [
              0.9815950920245399,
              0.7229780801209372
            ],
            [
              0.9806512505899009,
              0.7222222222222222
            ],
            [
              0.9799433695139217,
              0.7210884353741497
            ],
            [
              0.9792354884379424,
              0.719954648526077
            ],
            [
              0.9785276073619632,
              0.7188208616780045
            ],
            [
              0.9780556866446437,
              0.7173091458805745
            ],
            [
              0.9775837659273242,
              0.7157974300831443
            ],
            [
              0.9775837659273242,
              0.7135298563869993
            ],
            [
              0.9780556866446437,
              0.7120181405895691
            ],
            [
              0.9785276073619632,
              0.7105064247921391
            ],
            [
              0.9792354884379424,
              0.7093726379440665
            ],
            [
              0.9801793298725814,
              0.7086167800453514
            ],
            [
              0.9815950920245399,
              0.7086167800453514
            ],
            [
              0.9825389334591789,
              0.7078609221466364
            ],
            [
              0.9837187352524775,
              0.7074829931972789
            ],
            [
              0.9848985370457763,
              0.7071050642479214
            ],
            [
              0.9863142991977348,
              0.7071050642479214
            ],
            [
              0.9872581406323737,
              0.7063492063492064
            ],
            [
              0.9886739027843322,
              0.7063492063492064
            ],
            [
              0.9896177442189712,
              0.7055933484504913
            ],
            [
              0.9910335063709297,
              0.7055933484504913
            ],
            [
              0.9924492685228882,
              0.7055933484504913
            ],
            [
              0.9938650306748467,
              0.7055933484504913
            ],
            [
              0.9952807928268051,
              0.7055933484504913
            ],
            [
              0.996224634261444,
              0.7063492063492064
            ],
            [
              0.9974044360547428,
              0.7067271352985639
            ],
            [
              0.9985842378480415,
              0.7071050642479214
            ],
            [
              0.9995280792826805,
              0.8340891912320484
            ]
          ]
        ]
      },
      "properties": {
        "segment_id": 37,
        "area": 6601,
        "bbox": [
          2067.0,
          934.0,
          51.0,
          169.0
        ],
        "iou": 0.959154486656189,
        "stability": 0.9809509515762329,
        "auto_generated": true,
        "model": "segment_anything"
      }
    },
    {
      "type": "Feature",
      "geometry": {
        "type": "Polygon",
        "coordinates": [
          [
            [
              0.4771118452100047,
              0.6609977324263039
            ],
            [
              0.4714487966021708,
              0.6594860166288737
            ],
            [
              0.465785747994337,
              0.6594860166288737
            ],
            [
              0.4601226993865031,
              0.6594860166288737
            ],
            [
              0.4544596507786692,
              0.6579743008314437
            ],
            [
              0.449032562529495,
              0.656084656084656
            ],
            [
              0.44360547428032093,
              0.6541950113378685
            ],
            [
              0.4400660689004247,
              0.6492819349962207
            ],
            [
              0.44266163284568194,
              0.6428571428571429
            ],
            [
              0.4483246814535158,
              0.6413454270597128
            ],
            [
              0.4535158093440302,
              0.6390778533635676
            ],
            [
              0.4591788579518641,
              0.6375661375661376
            ],
            [
              0.463898065125059,
              0.6345427059712774
            ],
            [
              0.4700330344502124,
              0.6337868480725624
            ],
            [
              0.4761680037753657,
              0.6330309901738473
            ],
            [
              0.4818310523831996,
              0.6315192743764172
            ],
            [
              0.48773006134969327,
              0.6303854875283447
            ],
            [
              0.4926852288815479,
              0.627739984882842
            ],
            [
              0.49787635677206227,
              0.6254724111866969
            ],
            [
              0.5035394053798962,
              0.6239606953892668
            ],
            [
              0.50920245398773,
              0.6224489795918368
            ],
            [
              0.5143935818782445,
              0.6201814058956916
            ],
            [
              0.5200566304860783,
              0.6186696900982616
            ],
            [
              0.5257196790939123,
              0.6171579743008314
            ],
            [
              0.5318546484190656,
              0.6164021164021164
            ],
            [
              0.5384615384615384,
              0.6164021164021164
            ],
            [
              0.5431807456347334,
              0.6133786848072562
            ],
            [
              0.5476639924492686,
              0.6099773242630385
            ],
            [
              0.5535630014157622,
              0.608843537414966
            ],
            [
              0.559226050023596,
              0.6073318216175358
            ],
            [
              0.5639452571967909,
              0.6043083900226758
            ],
            [
              0.5674846625766872,
              0.5993953136810279
            ],
            [
              0.569372345445965,
              0.5918367346938775
            ],
            [
              0.5670127418593677,
              0.5850340136054422
            ],
            [
              0.570316186880604,
              0.5797430083144369
            ],
            [
              0.573147711184521,
              0.5736961451247166
            ],
            [
              0.5766871165644172,
              0.5687830687830688
            ],
            [
              0.5806984426616328,
              0.564625850340136
            ],
            [
              0.5844738084001888,
              0.5600907029478458
            ],
            [
              0.5887210948560642,
              0.5563114134542706
            ],
            [
              0.5929683813119396,
              0.5525321239606954
            ],
            [
              0.5965077866918358,
              0.5476190476190477
            ],
            [
              0.5988673902784333,
              0.5408163265306123
            ],
            [
              0.6014629542236904,
              0.5343915343915344
            ],
            [
              0.6038225578102878,
              0.527588813303099
            ],
            [
              0.6061821613968853,
              0.5207860922146637
            ],
            [
              0.6106654082114205,
              0.517384731670446
            ],
            [
              0.6160924964605946,
              0.5162509448223734
            ],
            [
              0.6208117036337896,
              0.5192743764172335
            ],
            [
              0.6262387918829636,
              0.5211640211640212
            ],
            [
              0.6319018404907976,
              0.5226757369614512
            ],
            [
              0.6361491269466729,
              0.5264550264550265
            ],
            [
              0.6392166116092497,
              0.5321239606953893
            ],
            [
              0.6427560169891459,
              0.5370370370370371
            ],
            [
              0.645351580934403,
              0.5434618291761149
            ],
            [
              0.6441717791411042,
              0.5521541950113379
            ],
            [
              0.6401604530438886,
              0.5563114134542706
            ],
            [
              0.6380368098159509,
              0.5634920634920635
            ],
            [
              0.6328456819254366,
              0.5657596371882087
            ],
            [
              0.6285983954695611,
              0.5695389266817839
            ],
            [
              0.6236432279377064,
              0.5721844293272865
            ],
            [
              0.6201038225578103,
              0.5770975056689343
            ],
            [
              0.6149126946672959,
              0.5793650793650794
            ],
            [
              0.6104294478527608,
              0.5827664399092971
            ],
            [
              0.6075979235488438,
              0.5888133030990174
            ],
            [
              0.6104294478527608,
              0.5948601662887377
            ],
            [
              0.6142048135913166,
              0.5993953136810279
            ],
            [
              0.6182161396885323,
              0.6035525321239606
            ],
            [
              0.6248230297310052,
              0.6035525321239606
            ],
            [
              0.6304860783388391,
              0.6035525321239606
            ],
            [
              0.6347333647947145,
              0.6073318216175358
            ],
            [
              0.6349693251533742,
              0.6175359032501889
            ],
            [
              0.6354412458706937,
              0.6258503401360545
            ],
            [
              0.6323737612081171,
              0.6315192743764172
            ],
            [
              0.6267107126002831,
              0.6315192743764172
            ],
            [
              0.6205757432751298,
              0.6307634164777022
            ],
            [
              0.6139688532326569,
              0.6307634164777022
            ],
            [
              0.6078338839075036,
              0.6300075585789872
            ],
            [
              0.6021708352996696,
              0.628495842781557
            ],
            [
              0.5955639452571968,
              0.628495842781557
            ],
            [
              0.5908447380840018,
              0.6315192743764172
            ],
            [
              0.5854176498348278,
              0.6334089191232048
            ],
            [
              0.5795186408683342,
              0.6345427059712774
            ],
            [
              0.5743275129778197,
              0.6368102796674225
            ],
            [
              0.570316186880604,
              0.6409674981103552
            ],
            [
              0.5665408211420482,
              0.6455026455026455
            ],
            [
              0.561113732892874,
              0.6473922902494331
            ],
            [
              0.5554506842850401,
              0.6489040060468632
            ],
            [
              0.5497876356772062,
              0.6504157218442933
            ],
            [
              0.5441245870693724,
              0.6489040060468632
            ],
            [
              0.5389334591788579,
              0.6466364323507181
            ],
            [
              0.5332704105710241,
              0.6481481481481481
            ],
            [
              0.5290231241151486,
              0.6519274376417233
            ],
            [
              0.5247758376592733,
              0.6557067271352985
            ],
            [
              0.5200566304860783,
              0.6587301587301587
            ],
            [
              0.513921661160925,
              0.6594860166288737
            ],
            [
              0.5077866918357716,
              0.6602418745275889
            ],
            [
              0.5021236432279377,
              0.6587301587301587
            ],
            [
              0.49646059462010383,
              0.6572184429327287
            ],
            [
              0.49079754601226994,
              0.6572184429327287
            ],
            [
              0.48560641812175553,
              0.6579743008314437
            ],
            [
              0.47994336951392164,
              0.6594860166288737
            ],
            [
              0.4771118452100047,
              0.6609977324263039
            ]
          ]
        ]
      },
      "properties": {
        "segment_id": 38,
        "area": 26971,
        "bbox": [
          933.0,
          683.0,
          434.0,
          191.0
        ],
        "iou": 0.940618634223938,
        "stability": 0.9279040694236755,
        "auto_generated": true,
        "model": "segment_anything"
      }
    },
    {
      "type": "Feature",
      "geometry": {
        "type": "Polygon",
        "coordinates": [
          [
            [
              0.7196790939122227,
              0.7486772486772487
            ],
            [
              0.7192071731949032,
              0.7486772486772487
            ],
            [
              0.7187352524775837,
              0.7486772486772487
            ],
            [
              0.7182633317602642,
              0.7486772486772487
            ],
            [
              0.7177914110429447,
              0.7486772486772487
            ],
            [
              0.7173194903256253,
              0.7486772486772487
            ],
            [
              0.7170835299669656,
              0.7482993197278912
            ],
            [
              0.7168475696083058,
              0.7479213907785336
            ],
            [
              0.7163756488909863,
              0.7479213907785336
            ],
            [
              0.7159037281736669,
              0.7479213907785336
            ],
            [
              0.7154318074563474,
              0.7479213907785336
            ],
            [
              0.7149598867390279,
              0.7479213907785336
            ],
            [
              0.7147239263803681,
              0.7475434618291761
            ],
            [
              0.7144879660217084,
              0.7471655328798186
            ],
            [
              0.7140160453043889,
              0.7471655328798186
            ],
            [
              0.7135441245870694,
              0.7471655328798186
            ],
            [
              0.7133081642284096,
              0.7467876039304611
            ],
            [
              0.7130722038697499,
              0.7464096749811036
            ],
            [
              0.7126002831524304,
              0.7464096749811036
            ],
            [
              0.7121283624351109,
              0.7464096749811036
            ],
            [
              0.7118924020764511,
              0.746031746031746
            ],
            [
              0.7116564417177914,
              0.7456538170823885
            ],
            [
              0.7111845210004719,
              0.7456538170823885
            ],
            [
              0.7109485606418122,
              0.745275888133031
            ],
            [
              0.7107126002831524,
              0.7448979591836735
            ],
            [
              0.7102406795658329,
              0.7448979591836735
            ],
            [
              0.7100047192071732,
              0.7445200302343159
            ],
            [
              0.7097687588485134,
              0.7441421012849584
            ],
            [
              0.7092968381311939,
              0.7441421012849584
            ],
            [
              0.7088249174138744,
              0.7441421012849584
            ],
            [
              0.7085889570552147,
              0.7437641723356009
            ],
            [
              0.7083529966965549,
              0.7433862433862434
            ],
            [
              0.7078810759792354,
              0.7433862433862434
            ],
            [
              0.707409155261916,
              0.7433862433862434
            ],
            [
              0.7069372345445966,
              0.7433862433862434
            ],
            [
              0.7067012741859368,
              0.7430083144368859
            ],
            [
              0.7064653138272771,
              0.7426303854875284
            ],
            [
              0.7059933931099576,
              0.7426303854875284
            ],
            [
              0.7055214723926381,
              0.7426303854875284
            ],
            [
              0.7052855120339783,
              0.7422524565381708
            ],
            [
              0.7050495516753186,
              0.7418745275888133
            ],
            [
              0.7045776309579991,
              0.7418745275888133
            ],
            [
              0.7041057102406796,
              0.7418745275888133
            ],
            [
              0.7036337895233601,
              0.7418745275888133
            ],
            [
              0.7031618688060406,
              0.7418745275888133
            ],
            [
              0.7029259084473808,
              0.7414965986394558
            ],
            [
              0.7026899480887211,
              0.7411186696900982
            ],
            [
              0.7022180273714016,
              0.7411186696900982
            ],
            [
              0.7017461066540821,
              0.7411186696900982
            ],
            [
              0.7012741859367626,
              0.7411186696900982
            ],
            [
              0.7010382255781029,
              0.7407407407407407
            ],
            [
              0.7008022652194431,
              0.7403628117913832
            ],
            [
              0.7003303445021236,
              0.7403628117913832
            ],
            [
              0.7000943841434639,
              0.7399848828420257
            ],
            [
              0.7000943841434639,
              0.7392290249433107
            ],
            [
              0.6998584237848041,
              0.7388510959939532
            ],
            [
              0.6996224634261444,
              0.7384731670445956
            ],
            [
              0.6996224634261444,
              0.7377173091458806
            ],
            [
              0.6993865030674846,
              0.737339380196523
            ],
            [
              0.6991505427088249,
              0.7369614512471655
            ],
            [
              0.6991505427088249,
              0.7362055933484505
            ],
            [
              0.6993865030674846,
              0.735827664399093
            ],
            [
              0.6996224634261444,
              0.7354497354497355
            ],
            [
              0.6996224634261444,
              0.7346938775510204
            ],
            [
              0.6996224634261444,
              0.7339380196523053
            ],
            [
              0.6996224634261444,
              0.7331821617535903
            ],
            [
              0.6998584237848041,
              0.7328042328042328
            ],
            [
              0.7000943841434639,
              0.7324263038548753
            ],
            [
              0.7003303445021236,
              0.7320483749055178
            ],
            [
              0.7005663048607834,
              0.7316704459561603
            ],
            [
              0.7008022652194431,
              0.7312925170068028
            ],
            [
              0.7010382255781029,
              0.7309145880574452
            ],
            [
              0.7012741859367626,
              0.7305366591080876
            ],
            [
              0.7015101462954224,
              0.7301587301587301
            ],
            [
              0.7017461066540821,
              0.7297808012093726
            ],
            [
              0.7022180273714016,
              0.7297808012093726
            ],
            [
              0.7024539877300614,
              0.7294028722600151
            ],
            [
              0.7026899480887211,
              0.7290249433106576
            ],
            [
              0.7031618688060406,
              0.7290249433106576
            ],
            [
              0.7033978291647003,
              0.7286470143613001
            ],
            [
              0.7036337895233601,
              0.7282690854119426
            ],
            [
              0.7041057102406796,
              0.7282690854119426
            ],
            [
              0.7043416705993393,
              0.7278911564625851
            ],
            [
              0.7045776309579991,
              0.7275132275132276
            ],
            [
              0.7050495516753186,
              0.7275132275132276
            ],
            [
              0.7055214723926381,
              0.7275132275132276
            ],
            [
              0.7059933931099576,
              0.7275132275132276
            ],
            [
              0.7064653138272771,
              0.7275132275132276
            ],
            [
              0.7069372345445966,
              0.7275132275132276
            ],
            [
              0.7071731949032563,
              0.72713529856387
            ],
            [
              0.707409155261916,
              0.7267573696145124
            ],
            [
              0.7078810759792354,
              0.7267573696145124
            ],
            [
              0.7083529966965549,
              0.7267573696145124
            ],
            [
              0.7088249174138744,
              0.7267573696145124
            ],
            [
              0.7092968381311939,
              0.7267573696145124
            ],
            [
              0.7097687588485134,
              0.7267573696145124
            ],
            [
              0.7102406795658329,
              0.7267573696145124
            ],
            [
              0.7107126002831524,
              0.7267573696145124
            ],
            [
              0.7111845210004719,
              0.7267573696145124
            ],
            [
              0.7116564417177914,
              0.7267573696145124
            ],
            [
              0.7121283624351109,
              0.7267573696145124
            ],
            [
              0.7126002831524304,
              0.7267573696145124
            ],
            [
              0.7130722038697499,
              0.7267573696145124
            ],
            [
              0.7135441245870694,
              0.7267573696145124
            ],
            [
              0.7140160453043889,
              0.7267573696145124
            ],
            [
              0.7142520056630486,
              0.72713529856387
            ],
            [
              0.7144879660217084,
              0.7275132275132276
            ],
            [
              0.7149598867390279,
              0.7275132275132276
            ],
            [
              0.7154318074563474,
              0.7275132275132276
            ],
            [
              0.7159037281736669,
              0.7275132275132276
            ],
            [
              0.7161396885323266,
              0.72713529856387
            ],
            [
              0.7163756488909863,
              0.7267573696145124
            ],
            [
              0.7166116092496461,
              0.72713529856387
            ],
            [
              0.7168475696083058,
              0.7275132275132276
            ],
            [
              0.7173194903256253,
              0.7275132275132276
            ],
            [
              0.7177914110429447,
              0.7275132275132276
            ],
            [
              0.7182633317602642,
              0.7275132275132276
            ],
            [
              0.7187352524775837,
              0.7275132275132276
            ],
            [
              0.7192071731949032,
              0.7275132275132276
            ],
            [
              0.719443133553563,
              0.7278911564625851
            ],
            [
              0.7196790939122227,
              0.7282690854119426
            ],
            [
              0.7201510146295422,
              0.7282690854119426
            ],
            [
              0.7206229353468617,
              0.7282690854119426
            ],
            [
              0.7208588957055214,
              0.7286470143613001
            ],
            [
              0.7210948560641812,
              0.7290249433106576
            ],
            [
              0.7215667767815007,
              0.7290249433106576
            ],
            [
              0.7220386974988202,
              0.7290249433106576
            ],
            [
              0.7222746578574799,
              0.7294028722600151
            ],
            [
              0.7225106182161397,
              0.7297808012093726
            ],
            [
              0.7229825389334592,
              0.7297808012093726
            ],
            [
              0.7232184992921189,
              0.7301587301587301
            ],
            [
              0.7234544596507787,
              0.7305366591080876
            ],
            [
              0.7239263803680982,
              0.7305366591080876
            ],
            [
              0.7243983010854177,
              0.7305366591080876
            ],
            [
              0.7246342614440774,
              0.7309145880574452
            ],
            [
              0.7248702218027372,
              0.7312925170068028
            ],
            [
              0.7253421425200566,
              0.7312925170068028
            ],
            [
              0.7258140632373761,
              0.7312925170068028
            ],
            [
              0.7262859839546956,
              0.7312925170068028
            ],
            [
              0.7265219443133554,
              0.7316704459561603
            ],
            [
              0.7267579046720151,
              0.7320483749055178
            ],
            [
              0.7272298253893346,
              0.7320483749055178
            ],
            [
              0.7277017461066541,
              0.7320483749055178
            ],
            [
              0.7281736668239736,
              0.7320483749055178
            ],
            [
              0.728645587541293,
              0.7320483749055178
            ],
            [
              0.7288815478999529,
              0.7324263038548753
            ],
            [
              0.7291175082586125,
              0.7328042328042328
            ],
            [
              0.7293534686172723,
              0.7331821617535903
            ],
            [
              0.7293534686172723,
              0.7339380196523053
            ],
            [
              0.729589428975932,
              0.7343159486016629
            ],
            [
              0.7298253893345917,
              0.7346938775510204
            ],
            [
              0.7298253893345917,
              0.7354497354497355
            ],
            [
              0.7300613496932515,
              0.735827664399093
            ],
            [
              0.7302973100519112,
              0.7362055933484505
            ],
            [
              0.730533270410571,
              0.736583522297808
            ],
            [
              0.7307692307692307,
              0.7369614512471655
            ],
            [
              0.7307692307692307,
              0.7377173091458806
            ],
            [
              0.7307692307692307,
              0.7384731670445956
            ],
            [
              0.7307692307692307,
              0.7392290249433107
            ],
            [
              0.730533270410571,
              0.7396069538926682
            ],
            [
              0.7302973100519112,
              0.7399848828420257
            ],
            [
              0.7302973100519112,
              0.7407407407407407
            ],
            [
              0.7300613496932515,
              0.7411186696900982
            ],
            [
              0.7298253893345917,
              0.7414965986394558
            ],
            [
              0.729589428975932,
              0.7418745275888133
            ],
            [
              0.7293534686172723,
              0.7422524565381708
            ],
            [
              0.7291175082586125,
              0.7426303854875284
            ],
            [
              0.728645587541293,
              0.7426303854875284
            ],
            [
              0.7284096271826334,
              0.7430083144368859
            ],
            [
              0.7281736668239736,
              0.7433862433862434
            ],
            [
              0.7277017461066541,
              0.7433862433862434
            ],
            [
              0.7274657857479944,
              0.7437641723356009
            ],
            [
              0.7272298253893346,
              0.7441421012849584
            ],
            [
              0.7267579046720151,
              0.7441421012849584
            ],
            [
              0.7265219443133554,
              0.7445200302343159
            ],
            [
              0.7262859839546956,
              0.7448979591836735
            ],
            [
              0.7258140632373761,
              0.7448979591836735
            ],
            [
              0.7255781028787164,
              0.745275888133031
            ],
            [
              0.7253421425200566,
              0.7456538170823885
            ],
            [
              0.7248702218027372,
              0.7456538170823885
            ],
            [
              0.7246342614440774,
              0.746031746031746
            ],
            [
              0.7243983010854177,
              0.7464096749811036
            ],
            [
              0.7239263803680982,
              0.7464096749811036
            ],
            [
              0.7236904200094384,
              0.7467876039304611
            ],
            [
              0.7234544596507787,
              0.7471655328798186
            ],
            [
              0.7229825389334592,
              0.7471655328798186
            ],
            [
              0.7225106182161397,
              0.7471655328798186
            ],
            [
              0.7222746578574799,
              0.7475434618291761
            ],
            [
              0.7220386974988202,
              0.7479213907785336
            ],
            [
              0.7215667767815007,
              0.7479213907785336
            ],
            [
              0.7210948560641812,
              0.7479213907785336
            ],
            [
              0.7206229353468617,
              0.7479213907785336
            ],
            [
              0.7201510146295422,
              0.7479213907785336
            ],
            [
              0.7199150542708825,
              0.7482993197278912
            ],
            [
              0.7196790939122227,
              0.7486772486772487
            ],
            [
              0.7196790939122227,
              0.7486772486772487
            ]
          ]
        ]
      },
      "properties": {
        "segment_id": 39,
        "area": 1380,
        "bbox": [
          1482.0,
          962.0,
          66.0,
          28.0
        ],
        "iou": 0.9354599714279175,
        "stability": 0.9707351922988892,
        "auto_generated": true,
        "model": "segment_anything"
      }
    },
    {
      "type": "Feature",
      "geometry": {
        "type": "Polygon",
        "coordinates": [
          [
            [
              0.5625294950448325,
              0.7517006802721088
            ],
            [
              0.5615856536101935,
              0.7517006802721088
            ],
            [
              0.5606418121755545,
              0.7517006802721088
            ],
            [
              0.5596979707409155,
              0.7517006802721088
            ],
            [
              0.5587541293062765,
              0.7517006802721088
            ],
            [
              0.5578102878716376,
              0.7517006802721088
            ],
            [
              0.5573383671543181,
              0.7509448223733938
            ],
            [
              0.5563945257196791,
              0.7509448223733938
            ],
            [
              0.5554506842850401,
              0.7509448223733938
            ],
            [
              0.5547428032090609,
              0.7505668934240363
            ],
            [
              0.5540349221330817,
              0.7501889644746788
            ],
            [
              0.5530910806984427,
              0.7501889644746788
            ],
            [
              0.5521472392638037,
              0.7501889644746788
            ],
            [
              0.5512033978291647,
              0.7501889644746788
            ],
            [
              0.5504955167531854,
              0.7498110355253212
            ],
            [
              0.5497876356772062,
              0.7494331065759637
            ],
            [
              0.5488437942425672,
              0.7494331065759637
            ],
            [
              0.5483718735252477,
              0.7486772486772487
            ],
            [
              0.5474280320906088,
              0.7486772486772487
            ],
            [
              0.5467201510146296,
              0.7482993197278912
            ],
            [
              0.5460122699386503,
              0.7479213907785336
            ],
            [
              0.5450684285040113,
              0.7479213907785336
            ],
            [
              0.5441245870693724,
              0.7479213907785336
            ],
            [
              0.5431807456347334,
              0.7479213907785336
            ],
            [
              0.5422369042000944,
              0.7479213907785336
            ],
            [
              0.5417649834827749,
              0.7471655328798186
            ],
            [
              0.5408211420481359,
              0.7471655328798186
            ],
            [
              0.5398773006134969,
              0.7471655328798186
            ],
            [
              0.5394053798961774,
              0.7464096749811036
            ],
            [
              0.5384615384615384,
              0.7464096749811036
            ],
            [
              0.5375176970268994,
              0.7464096749811036
            ],
            [
              0.5365738555922605,
              0.7464096749811036
            ],
            [
              0.5356300141576216,
              0.7464096749811036
            ],
            [
              0.5349221330816423,
              0.746031746031746
            ],
            [
              0.5342142520056631,
              0.7456538170823885
            ],
            [
              0.5332704105710241,
              0.7456538170823885
            ],
            [
              0.5323265691363851,
              0.7456538170823885
            ],
            [
              0.5316186880604058,
              0.745275888133031
            ],
            [
              0.5309108069844266,
              0.7448979591836735
            ],
            [
              0.5304388862671071,
              0.7441421012849584
            ],
            [
              0.5297310051911279,
              0.7437641723356009
            ],
            [
              0.5290231241151486,
              0.7433862433862434
            ],
            [
              0.5285512033978291,
              0.7426303854875284
            ],
            [
              0.5276073619631901,
              0.7426303854875284
            ],
            [
              0.5271354412458706,
              0.7418745275888133
            ],
            [
              0.5266635205285513,
              0.7411186696900982
            ],
            [
              0.5261915998112318,
              0.7403628117913832
            ],
            [
              0.5254837187352525,
              0.7399848828420257
            ],
            [
              0.5247758376592733,
              0.7396069538926682
            ],
            [
              0.5243039169419538,
              0.7388510959939532
            ],
            [
              0.5233600755073148,
              0.7388510959939532
            ],
            [
              0.5228881547899953,
              0.7380952380952381
            ],
            [
              0.5219443133553563,
              0.7380952380952381
            ],
            [
              0.5212364322793771,
              0.7377173091458806
            ],
            [
              0.5205285512033978,
              0.737339380196523
            ],
            [
              0.5198206701274186,
              0.7369614512471655
            ],
            [
              0.5193487494100991,
              0.7362055933484505
            ],
            [
              0.5195847097687588,
              0.735071806500378
            ],
            [
              0.5198206701274186,
              0.7339380196523053
            ],
            [
              0.5202925908447381,
              0.7331821617535903
            ],
            [
              0.5210004719207173,
              0.7328042328042328
            ],
            [
              0.5217083529966966,
              0.7324263038548753
            ],
            [
              0.5224162340726758,
              0.7320483749055178
            ],
            [
              0.523124115148655,
              0.7316704459561603
            ],
            [
              0.5238319962246343,
              0.7312925170068028
            ],
            [
              0.5243039169419538,
              0.7305366591080876
            ],
            [
              0.5247758376592733,
              0.7297808012093726
            ],
            [
              0.5252477583765928,
              0.7290249433106576
            ],
            [
              0.525955639452572,
              0.7286470143613001
            ],
            [
              0.5266635205285513,
              0.7282690854119426
            ],
            [
              0.5271354412458706,
              0.7275132275132276
            ],
            [
              0.5280792826805096,
              0.7275132275132276
            ],
            [
              0.5285512033978291,
              0.7267573696145124
            ],
            [
              0.5294950448324681,
              0.7267573696145124
            ],
            [
              0.5304388862671071,
              0.7267573696145124
            ],
            [
              0.5313827277017461,
              0.7267573696145124
            ],
            [
              0.5318546484190656,
              0.7275132275132276
            ],
            [
              0.5327984898537046,
              0.7275132275132276
            ],
            [
              0.5337423312883436,
              0.7275132275132276
            ],
            [
              0.5346861727229826,
              0.7275132275132276
            ],
            [
              0.5351580934403021,
              0.7282690854119426
            ],
            [
              0.536101934874941,
              0.7282690854119426
            ],
            [
              0.53704577630958,
              0.7282690854119426
            ],
            [
              0.5379896177442189,
              0.7282690854119426
            ],
            [
              0.5384615384615384,
              0.7290249433106576
            ],
            [
              0.5394053798961774,
              0.7290249433106576
            ],
            [
              0.5398773006134969,
              0.7297808012093726
            ],
            [
              0.5403492213308164,
              0.7305366591080876
            ],
            [
              0.5410571024067956,
              0.7309145880574452
            ],
            [
              0.5415290231241151,
              0.7316704459561603
            ],
            [
              0.5422369042000944,
              0.7320483749055178
            ],
            [
              0.5427088249174139,
              0.7328042328042328
            ],
            [
              0.5434167059933931,
              0.7331821617535903
            ],
            [
              0.5441245870693724,
              0.7335600907029478
            ],
            [
              0.5445965077866919,
              0.7343159486016629
            ],
            [
              0.5453043888626711,
              0.7346938775510204
            ],
            [
              0.5460122699386503,
              0.735071806500378
            ],
            [
              0.5469561113732893,
              0.735071806500378
            ],
            [
              0.5474280320906088,
              0.735827664399093
            ],
            [
              0.5483718735252477,
              0.735827664399093
            ],
            [
              0.549079754601227,
              0.7362055933484505
            ],
            [
              0.5497876356772062,
              0.736583522297808
            ],
            [
              0.5504955167531854,
              0.7369614512471655
            ],
            [
              0.5512033978291647,
              0.737339380196523
            ],
            [
              0.5521472392638037,
              0.737339380196523
            ],
            [
              0.5528551203397829,
              0.7377173091458806
            ],
            [
              0.5535630014157622,
              0.7380952380952381
            ],
            [
              0.5542708824917414,
              0.7384731670445956
            ],
            [
              0.5549787635677206,
              0.7388510959939532
            ],
            [
              0.5559226050023596,
              0.7388510959939532
            ],
            [
              0.5563945257196791,
              0.7396069538926682
            ],
            [
              0.5573383671543181,
              0.7396069538926682
            ],
            [
              0.5578102878716376,
              0.7403628117913832
            ],
            [
              0.5587541293062765,
              0.7403628117913832
            ],
            [
              0.559226050023596,
              0.7411186696900982
            ],
            [
              0.560169891458235,
              0.7411186696900982
            ],
            [
              0.5606418121755545,
              0.7418745275888133
            ],
            [
              0.5613496932515337,
              0.7422524565381708
            ],
            [
              0.5618216139688532,
              0.7430083144368859
            ],
            [
              0.5622935346861727,
              0.7437641723356009
            ],
            [
              0.5627654554034922,
              0.7445200302343159
            ],
            [
              0.5632373761208117,
              0.745275888133031
            ],
            [
              0.5634733364794714,
              0.7464096749811036
            ],
            [
              0.5639452571967909,
              0.7471655328798186
            ],
            [
              0.5641812175554507,
              0.7482993197278912
            ],
            [
              0.5641812175554507,
              0.7498110355253212
            ],
            [
              0.5637092968381312,
              0.7505668934240363
            ],
            [
              0.563001415762152,
              0.7509448223733938
            ],
            [
              0.5625294950448325,
              0.7517006802721088
            ]
          ]
        ]
      },
      "properties": {
        "segment_id": 40,
        "area": 1616,
        "bbox": [
          1101.0,
          962.0,
          94.0,
          32.0
        ],
        "iou": 0.916689395904541,
        "stability": 0.9634591937065125,
        "auto_generated": true,
        "model": "segment_anything"
      }
    },
    {
      "type": "Feature",
      "geometry": {
        "type": "Polygon",
        "coordinates": [
          [
            [
              0.6682397357243983,
              0.7033257747543462
            ],
            [
              0.6672958942897593,
              0.7033257747543462
            ],
            [
              0.6663520528551203,
              0.7033257747543462
            ],
            [
              0.6654082114204813,
              0.7033257747543462
            ],
            [
              0.6644643699858424,
              0.7033257747543462
            ],
            [
              0.6635205285512034,
              0.7033257747543462
            ],
            [
              0.6625766871165644,
              0.7033257747543462
            ],
            [
              0.6618688060405852,
              0.7029478458049887
            ],
            [
              0.661160924964606,
              0.7025699168556312
            ],
            [
              0.6604530438886267,
              0.7021919879062736
            ],
            [
              0.6597451628126475,
              0.7018140589569161
            ],
            [
              0.659273242095328,
              0.701058201058201
            ],
            [
              0.658329400660689,
              0.701058201058201
            ],
            [
              0.6578574799433695,
              0.700302343159486
            ],
            [
              0.6569136385087305,
              0.700302343159486
            ],
            [
              0.656441717791411,
              0.699546485260771
            ],
            [
              0.655497876356772,
              0.699546485260771
            ],
            [
              0.6550259556394525,
              0.6987906273620559
            ],
            [
              0.6543180745634734,
              0.6984126984126984
            ],
            [
              0.653610193487494,
              0.6980347694633409
            ],
            [
              0.6531382727701747,
              0.6972789115646258
            ],
            [
              0.6524303916941954,
              0.6969009826152683
            ],
            [
              0.6517225106182162,
              0.6965230536659108
            ],
            [
              0.6510146295422369,
              0.6961451247165533
            ],
            [
              0.6503067484662577,
              0.6957671957671958
            ],
            [
              0.6495988673902784,
              0.6953892668178382
            ],
            [
              0.6488909863142992,
              0.6950113378684807
            ],
            [
              0.64818310523832,
              0.6946334089191232
            ],
            [
              0.6474752241623407,
              0.6942554799697657
            ],
            [
              0.6467673430863615,
              0.6938775510204082
            ],
            [
              0.6460594620103822,
              0.6934996220710506
            ],
            [
              0.6455875412930627,
              0.6927437641723356
            ],
            [
              0.6448796602170835,
              0.6923658352229781
            ],
            [
              0.6441717791411042,
              0.6919879062736206
            ],
            [
              0.6436998584237849,
              0.6912320483749055
            ],
            [
              0.6427560169891459,
              0.6912320483749055
            ],
            [
              0.6420481359131666,
              0.690854119425548
            ],
            [
              0.6413402548371874,
              0.6904761904761905
            ],
            [
              0.6403964134025484,
              0.6904761904761905
            ],
            [
              0.6399244926852289,
              0.6897203325774754
            ],
            [
              0.6392166116092497,
              0.6893424036281179
            ],
            [
              0.6385087305332704,
              0.6889644746787604
            ],
            [
              0.6378008494572912,
              0.6885865457294029
            ],
            [
              0.6370929683813119,
              0.6882086167800453
            ],
            [
              0.6366210476639924,
              0.6874527588813303
            ],
            [
              0.6366210476639924,
              0.6866969009826153
            ],
            [
              0.6370929683813119,
              0.6859410430839002
            ],
            [
              0.6375648890986314,
              0.6851851851851852
            ],
            [
              0.6380368098159509,
              0.6844293272864701
            ],
            [
              0.6387446908919302,
              0.6840513983371126
            ],
            [
              0.6394525719679094,
              0.6836734693877551
            ],
            [
              0.6401604530438886,
              0.6832955404383976
            ],
            [
              0.6408683341198679,
              0.6829176114890401
            ],
            [
              0.6415762151958471,
              0.6825396825396826
            ],
            [
              0.6422840962718264,
              0.682161753590325
            ],
            [
              0.6432279377064654,
              0.682161753590325
            ],
            [
              0.6436998584237849,
              0.68140589569161
            ],
            [
              0.6446436998584237,
              0.68140589569161
            ],
            [
              0.6455875412930627,
              0.68140589569161
            ],
            [
              0.646295422369042,
              0.6810279667422524
            ],
            [
              0.6470033034450212,
              0.6806500377928949
            ],
            [
              0.6479471448796602,
              0.6806500377928949
            ],
            [
              0.6488909863142992,
              0.6806500377928949
            ],
            [
              0.6498348277489382,
              0.6806500377928949
            ],
            [
              0.6505427088249174,
              0.6810279667422524
            ],
            [
              0.6512505899008967,
              0.68140589569161
            ],
            [
              0.6517225106182162,
              0.682161753590325
            ],
            [
              0.6526663520528552,
              0.682161753590325
            ],
            [
              0.6531382727701747,
              0.6829176114890401
            ],
            [
              0.6540821142048135,
              0.6829176114890401
            ],
            [
              0.654554034922133,
              0.6836734693877551
            ],
            [
              0.6552619159981123,
              0.6840513983371126
            ],
            [
              0.6559697970740915,
              0.6844293272864701
            ],
            [
              0.6566776781500708,
              0.6848072562358276
            ],
            [
              0.65738555922605,
              0.6851851851851852
            ],
            [
              0.658329400660689,
              0.6851851851851852
            ],
            [
              0.6590372817366682,
              0.6855631141345427
            ],
            [
              0.6597451628126475,
              0.6859410430839002
            ],
            [
              0.6604530438886267,
              0.6863189720332578
            ],
            [
              0.661160924964606,
              0.6866969009826153
            ],
            [
              0.6616328456819255,
              0.6874527588813303
            ],
            [
              0.662104766399245,
              0.6882086167800453
            ],
            [
              0.6625766871165644,
              0.6889644746787604
            ],
            [
              0.6632845681925437,
              0.6893424036281179
            ],
            [
              0.6639924492685229,
              0.6897203325774754
            ],
            [
              0.6647003303445022,
              0.690098261526833
            ],
            [
              0.6654082114204813,
              0.6904761904761905
            ],
            [
              0.6658801321378008,
              0.6912320483749055
            ],
            [
              0.6668239735724398,
              0.6912320483749055
            ],
            [
              0.6672958942897593,
              0.6919879062736206
            ],
            [
              0.667531854648419,
              0.6931216931216931
            ],
            [
              0.6682397357243983,
              0.6934996220710506
            ],
            [
              0.6687116564417178,
              0.6942554799697657
            ],
            [
              0.6691835771590373,
              0.6950113378684807
            ],
            [
              0.6701274185936763,
              0.6950113378684807
            ],
            [
              0.6705993393109958,
              0.6957671957671958
            ],
            [
              0.671307220386975,
              0.6961451247165533
            ],
            [
              0.6720151014629542,
              0.6965230536659108
            ],
            [
              0.6724870221802737,
              0.6972789115646258
            ],
            [
              0.6729589428975932,
              0.6980347694633409
            ],
            [
              0.673194903256253,
              0.6991685563114135
            ],
            [
              0.6727229825389335,
              0.6999244142101285
            ],
            [
              0.672251061821614,
              0.7006802721088435
            ],
            [
              0.6717791411042945,
              0.7014361300075586
            ],
            [
              0.671307220386975,
              0.7021919879062736
            ],
            [
              0.6705993393109958,
              0.7025699168556312
            ],
            [
              0.6696554978763568,
              0.7025699168556312
            ],
            [
              0.6687116564417178,
              0.7025699168556312
            ],
            [
              0.6682397357243983,
              0.7033257747543462
            ]
          ]
        ]
      },
      "properties": {
        "segment_id": 41,
        "area": 1170,
        "bbox": [
          1349.0,
          901.0,
          77.0,
          29.0
        ],
        "iou": 0.9085555076599121,
        "stability": 0.9655751585960388,
        "auto_generated": true,
        "model": "segment_anything"
      }
    },
    {
      "type": "Feature",
      "geometry": {
        "type": "Polygon",
        "coordinates": [
          [
            [
              0.7159037281736669,
              0.7743764172335601
            ],
            [
              0.7154318074563474,
              0.7743764172335601
            ],
            [
              0.7149598867390279,
              0.7743764172335601
            ],
            [
              0.7144879660217084,
              0.7743764172335601
            ],
            [
              0.7140160453043889,
              0.7743764172335601
            ],
            [
              0.7135441245870694,
              0.7743764172335601
            ],
            [
              0.7130722038697499,
              0.7743764172335601
            ],
            [
              0.7126002831524304,
              0.7743764172335601
            ],
            [
              0.7123643227937706,
              0.7739984882842026
            ],
            [
              0.7121283624351109,
              0.7736205593348451
            ],
            [
              0.7116564417177914,
              0.7736205593348451
            ],
            [
              0.7114204813591317,
              0.7732426303854876
            ],
            [
              0.7114204813591317,
              0.7724867724867724
            ],
            [
              0.7111845210004719,
              0.7721088435374149
            ],
            [
              0.7109485606418122,
              0.7717309145880574
            ],
            [
              0.7109485606418122,
              0.7709750566893424
            ],
            [
              0.7109485606418122,
              0.7702191987906274
            ],
            [
              0.7111845210004719,
              0.7698412698412699
            ],
            [
              0.7114204813591317,
              0.7694633408919124
            ],
            [
              0.7114204813591317,
              0.7687074829931972
            ],
            [
              0.7116564417177914,
              0.7683295540438397
            ],
            [
              0.7121283624351109,
              0.7683295540438397
            ],
            [
              0.7123643227937706,
              0.7679516250944822
            ],
            [
              0.7126002831524304,
              0.7675736961451247
            ],
            [
              0.7130722038697499,
              0.7675736961451247
            ],
            [
              0.7135441245870694,
              0.7675736961451247
            ],
            [
              0.7140160453043889,
              0.7675736961451247
            ],
            [
              0.7144879660217084,
              0.7675736961451247
            ],
            [
              0.7149598867390279,
              0.7675736961451247
            ],
            [
              0.7154318074563474,
              0.7675736961451247
            ],
            [
              0.7159037281736669,
              0.7675736961451247
            ],
            [
              0.7163756488909863,
              0.7675736961451247
            ],
            [
              0.7168475696083058,
              0.7675736961451247
            ],
            [
              0.7173194903256253,
              0.7675736961451247
            ],
            [
              0.7175554506842851,
              0.7679516250944822
            ],
            [
              0.7177914110429447,
              0.7683295540438397
            ],
            [
              0.7182633317602642,
              0.7683295540438397
            ],
            [
              0.718499292118924,
              0.7687074829931972
            ],
            [
              0.7187352524775837,
              0.7690854119425548
            ],
            [
              0.7189712128362435,
              0.7694633408919124
            ],
            [
              0.7192071731949032,
              0.7698412698412699
            ],
            [
              0.719443133553563,
              0.7702191987906274
            ],
            [
              0.719443133553563,
              0.7709750566893424
            ],
            [
              0.7192071731949032,
              0.7713529856386999
            ],
            [
              0.7189712128362435,
              0.7717309145880574
            ],
            [
              0.7187352524775837,
              0.7721088435374149
            ],
            [
              0.7182633317602642,
              0.7721088435374149
            ],
            [
              0.7180273714016046,
              0.7724867724867724
            ],
            [
              0.7177914110429447,
              0.77286470143613
            ],
            [
              0.7173194903256253,
              0.77286470143613
            ],
            [
              0.7170835299669656,
              0.7732426303854876
            ],
            [
              0.7168475696083058,
              0.7736205593348451
            ],
            [
              0.7163756488909863,
              0.7736205593348451
            ],
            [
              0.7161396885323266,
              0.7739984882842026
            ],
            [
              0.7159037281736669,
              0.7743764172335601
            ],
            [
              0.7159037281736669,
              0.7743764172335601
            ]
          ]
        ]
      },
      "properties": {
        "segment_id": 42,
        "area": 129,
        "bbox": [
          1507.0,
          1016.0,
          17.0,
          8.0
        ],
        "iou": 0.8980748057365417,
        "stability": 0.9846153855323792,
        "auto_generated": true,
        "model": "segment_anything"
      }
    },
    {
      "type": "Feature",
      "geometry": {
        "type": "Polygon",
        "coordinates": [
          [
            [
              0.8338839075035394,
              0.35336356764928195
            ],
            [
              0.8334119867862199,
              0.35336356764928195
            ],
            [
              0.8329400660689005,
              0.35336356764928195
            ],
            [
              0.832468145351581,
              0.35336356764928195
            ],
            [
              0.8319962246342615,
              0.35336356764928195
            ],
            [
              0.831524303916942,
              0.35336356764928195
            ],
            [
              0.8310523831996225,
              0.35336356764928195
            ],
            [
              0.830580462482303,
              0.35336356764928195
            ],
            [
              0.8301085417649835,
              0.35336356764928195
            ],
            [
              0.829636621047664,
              0.35336356764928195
            ],
            [
              0.8291647003303445,
              0.35336356764928195
            ],
            [
              0.828692779613025,
              0.35336356764928195
            ],
            [
              0.8282208588957055,
              0.35336356764928195
            ],
            [
              0.827748938178386,
              0.35336356764928195
            ],
            [
              0.8272770174610665,
              0.35336356764928195
            ],
            [
              0.826805096743747,
              0.35336356764928195
            ],
            [
              0.8263331760264275,
              0.35336356764928195
            ],
            [
              0.825861255309108,
              0.35336356764928195
            ],
            [
              0.8256252949504483,
              0.3529856386999244
            ],
            [
              0.8253893345917885,
              0.3526077097505669
            ],
            [
              0.824917413874469,
              0.3526077097505669
            ],
            [
              0.8244454931571495,
              0.3526077097505669
            ],
            [
              0.8242095327984899,
              0.35222978080120937
            ],
            [
              0.8239735724398302,
              0.35185185185185186
            ],
            [
              0.8235016517225107,
              0.35185185185185186
            ],
            [
              0.8232656913638509,
              0.35147392290249435
            ],
            [
              0.8230297310051912,
              0.3510959939531368
            ],
            [
              0.8227937706465314,
              0.3507180650037793
            ],
            [
              0.8230297310051912,
              0.35034013605442177
            ],
            [
              0.8232656913638509,
              0.34996220710506426
            ],
            [
              0.8235016517225107,
              0.34958427815570675
            ],
            [
              0.8239735724398302,
              0.34958427815570675
            ],
            [
              0.8244454931571495,
              0.34958427815570675
            ],
            [
              0.824917413874469,
              0.34958427815570675
            ],
            [
              0.8253893345917885,
              0.34958427815570675
            ],
            [
              0.8256252949504483,
              0.3492063492063492
            ],
            [
              0.825861255309108,
              0.3488284202569917
            ],
            [
              0.8263331760264275,
              0.3488284202569917
            ],
            [
              0.826805096743747,
              0.3488284202569917
            ],
            [
              0.8272770174610665,
              0.3488284202569917
            ],
            [
              0.827748938178386,
              0.3488284202569917
            ],
            [
              0.8282208588957055,
              0.3488284202569917
            ],
            [
              0.828692779613025,
              0.3488284202569917
            ],
            [
              0.8291647003303445,
              0.3488284202569917
            ],
            [
              0.829636621047664,
              0.3488284202569917
            ],
            [
              0.8301085417649835,
              0.3488284202569917
            ],
            [
              0.830580462482303,
              0.3488284202569917
            ],
            [
              0.8310523831996225,
              0.3488284202569917
            ],
            [
              0.831524303916942,
              0.3488284202569917
            ],
            [
              0.8319962246342615,
              0.3488284202569917
            ],
            [
              0.832468145351581,
              0.3488284202569917
            ],
            [
              0.8329400660689005,
              0.3488284202569917
            ],
            [
              0.8334119867862199,
              0.3488284202569917
            ],
            [
              0.8338839075035394,
              0.3488284202569917
            ],
            [
              0.8341198678621992,
              0.3492063492063492
            ],
            [
              0.8343558282208589,
              0.34958427815570675
            ],
            [
              0.8348277489381783,
              0.34958427815570675
            ],
            [
              0.8352996696554978,
              0.34958427815570675
            ],
            [
              0.8355356300141576,
              0.34996220710506426
            ],
            [
              0.8357715903728173,
              0.35034013605442177
            ],
            [
              0.8360075507314771,
              0.3507180650037793
            ],
            [
              0.8357715903728173,
              0.3510959939531368
            ],
            [
              0.8355356300141576,
              0.35147392290249435
            ],
            [
              0.8352996696554978,
              0.35185185185185186
            ],
            [
              0.8350637092968382,
              0.35222978080120937
            ],
            [
              0.8348277489381783,
              0.3526077097505669
            ],
            [
              0.8343558282208589,
              0.3526077097505669
            ],
            [
              0.8341198678621992,
              0.3529856386999244
            ],
            [
              0.8338839075035394,
              0.35336356764928195
            ],
            [
              0.8338839075035394,
              0.35336356764928195
            ]
          ]
        ]
      },
      "properties": {
        "segment_id": 43,
        "area": 139,
        "bbox": [
          1744.0,
          462.0,
          27.0,
          5.0
        ],
        "iou": 0.8905506134033203,
        "stability": 0.9857142567634583,
        "auto_generated": true,
        "model": "segment_anything"
      }
    },
    {
      "type": "Feature",
      "geometry": {
        "type": "Polygon",
        "coordinates": [
          [
            [
              0.832468145351581,
              0.35411942554799697
            ],
            [
              0.8319962246342615,
              0.35411942554799697
            ],
            [
              0.831524303916942,
              0.35411942554799697
            ],
            [
              0.8310523831996225,
              0.35411942554799697
            ],
            [
              0.830580462482303,
              0.35411942554799697
            ],
            [
              0.8301085417649835,
              0.35411942554799697
            ],
            [
              0.829636621047664,
              0.35411942554799697
            ],
            [
              0.8291647003303445,
              0.35411942554799697
            ],
            [
              0.828692779613025,
              0.35411942554799697
            ],
            [
              0.8282208588957055,
              0.35411942554799697
            ],
            [
              0.827748938178386,
              0.35411942554799697
            ],
            [
              0.8275129778197263,
              0.35374149659863946
            ],
            [
              0.8272770174610665,
              0.35336356764928195
            ],
            [
              0.826805096743747,
              0.35336356764928195
            ],
            [
              0.8263331760264275,
              0.35336356764928195
            ],
            [
              0.825861255309108,
              0.35336356764928195
            ],
            [
              0.8253893345917885,
              0.35336356764928195
            ],
            [
              0.8251533742331288,
              0.3529856386999244
            ],
            [
              0.824917413874469,
              0.3526077097505669
            ],
            [
              0.8244454931571495,
              0.3526077097505669
            ],
            [
              0.8242095327984899,
              0.35222978080120937
            ],
            [
              0.8239735724398302,
              0.35185185185185186
            ],
            [
              0.8235016517225107,
              0.35185185185185186
            ],
            [
              0.8232656913638509,
              0.35147392290249435
            ],
            [
              0.8230297310051912,
              0.3510959939531368
            ],
            [
              0.8225578102878717,
              0.3510959939531368
            ],
            [
              0.8223218499292119,
              0.3507180650037793
            ],
            [
              0.8225578102878717,
              0.35034013605442177
            ],
            [
              0.8230297310051912,
              0.35034013605442177
            ],
            [
              0.8232656913638509,
              0.34996220710506426
            ],
            [
              0.8235016517225107,
              0.34958427815570675
            ],
            [
              0.8239735724398302,
              0.34958427815570675
            ],
            [
              0.8244454931571495,
              0.34958427815570675
            ],
            [
              0.8246814535158093,
              0.3492063492063492
            ],
            [
              0.824917413874469,
              0.3488284202569917
            ],
            [
              0.8253893345917885,
              0.3488284202569917
            ],
            [
              0.825861255309108,
              0.3488284202569917
            ],
            [
              0.8263331760264275,
              0.3488284202569917
            ],
            [
              0.826805096743747,
              0.3488284202569917
            ],
            [
              0.8272770174610665,
              0.3488284202569917
            ],
            [
              0.827748938178386,
              0.3488284202569917
            ],
            [
              0.8282208588957055,
              0.3488284202569917
            ],
            [
              0.8284568192543653,
              0.34845049130763417
            ],
            [
              0.828692779613025,
              0.34807256235827666
            ],
            [
              0.8291647003303445,
              0.34807256235827666
            ],
            [
              0.829636621047664,
              0.34807256235827666
            ],
            [
              0.8301085417649835,
              0.34807256235827666
            ],
            [
              0.830580462482303,
              0.34807256235827666
            ],
            [
              0.8310523831996225,
              0.34807256235827666
            ],
            [
              0.831524303916942,
              0.34807256235827666
            ],
            [
              0.8319962246342615,
              0.34807256235827666
            ],
            [
              0.8322321849929212,
              0.34845049130763417
            ],
            [
              0.832468145351581,
              0.3488284202569917
            ],
            [
              0.8329400660689005,
              0.3488284202569917
            ],
            [
              0.8334119867862199,
              0.3488284202569917
            ],
            [
              0.8338839075035394,
              0.3488284202569917
            ],
            [
              0.8343558282208589,
              0.3488284202569917
            ],
            [
              0.8348277489381783,
              0.3488284202569917
            ],
            [
              0.8350637092968382,
              0.3492063492063492
            ],
            [
              0.8352996696554978,
              0.34958427815570675
            ],
            [
              0.8357715903728173,
              0.34958427815570675
            ],
            [
              0.8360075507314771,
              0.34996220710506426
            ],
            [
              0.8360075507314771,
              0.3507180650037793
            ],
            [
              0.8360075507314771,
              0.35147392290249435
            ],
            [
              0.8357715903728173,
              0.35185185185185186
            ],
            [
              0.8352996696554978,
              0.35185185185185186
            ],
            [
              0.8350637092968382,
              0.35222978080120937
            ],
            [
              0.8348277489381783,
              0.3526077097505669
            ],
            [
              0.8345917885795187,
              0.3529856386999244
            ],
            [
              0.8343558282208589,
              0.35336356764928195
            ],
            [
              0.8338839075035394,
              0.35336356764928195
            ],
            [
              0.8334119867862199,
              0.35336356764928195
            ],
            [
              0.8329400660689005,
              0.35336356764928195
            ],
            [
              0.8327041057102407,
              0.35374149659863946
            ],
            [
              0.832468145351581,
              0.35411942554799697
            ],
            [
              0.832468145351581,
              0.35411942554799697
            ]
          ]
        ]
      },
      "properties": {
        "segment_id": 44,
        "area": 167,
        "bbox": [
          1743.0,
          461.0,
          28.0,
          7.0
        ],
        "iou": 0.8855202794075012,
        "stability": 0.9537572264671326,
        "auto_generated": true,
        "model": "segment_anything"
      }
    },
    {
      "type": "Feature",
      "geometry": {
        "type": "Polygon",
        "coordinates": [
          [
            [
              0.6026427560169891,
              0.7343159486016629
            ],
            [
              0.6016989145823501,
              0.7343159486016629
            ],
            [
              0.6007550731477111,
              0.7343159486016629
            ],
            [
              0.6002831524303917,
              0.7335600907029478
            ],
            [
              0.5993393109957527,
              0.7335600907029478
            ],
            [
              0.5983954695611138,
              0.7335600907029478
            ],
            [
              0.5974516281264748,
              0.7335600907029478
            ],
            [
              0.5965077866918358,
              0.7335600907029478
            ],
            [
              0.5955639452571968,
              0.7335600907029478
            ],
            [
              0.5946201038225578,
              0.7335600907029478
            ],
            [
              0.5941481831052383,
              0.7328042328042328
            ],
            [
              0.5932043416705993,
              0.7328042328042328
            ],
            [
              0.5922605002359603,
              0.7328042328042328
            ],
            [
              0.5913166588013213,
              0.7328042328042328
            ],
            [
              0.5906087777253421,
              0.7324263038548753
            ],
            [
              0.589900896649363,
              0.7320483749055178
            ],
            [
              0.5891930155733837,
              0.7316704459561603
            ],
            [
              0.5884851344974045,
              0.7312925170068028
            ],
            [
              0.588013213780085,
              0.7305366591080876
            ],
            [
              0.5873053327041057,
              0.7301587301587301
            ],
            [
              0.5868334119867862,
              0.7294028722600151
            ],
            [
              0.5863614912694667,
              0.7286470143613001
            ],
            [
              0.586125530910807,
              0.7275132275132276
            ],
            [
              0.5856536101934875,
              0.7267573696145124
            ],
            [
              0.5849457291175083,
              0.7263794406651549
            ],
            [
              0.584237848041529,
              0.7260015117157974
            ],
            [
              0.5837659273242095,
              0.7252456538170824
            ],
            [
              0.5835299669655498,
              0.7241118669690099
            ],
            [
              0.5830580462482303,
              0.7233560090702947
            ],
            [
              0.5828220858895705,
              0.7222222222222222
            ],
            [
              0.582350165172251,
              0.7214663643235072
            ],
            [
              0.5818782444549315,
              0.7207105064247922
            ],
            [
              0.581406323737612,
              0.719954648526077
            ],
            [
              0.5806984426616328,
              0.7195767195767195
            ],
            [
              0.5802265219443133,
              0.7188208616780045
            ],
            [
              0.5799905615856537,
              0.717687074829932
            ],
            [
              0.5797546012269938,
              0.7165532879818595
            ],
            [
              0.5795186408683342,
              0.7154195011337868
            ],
            [
              0.5792826805096744,
              0.7142857142857143
            ],
            [
              0.5788107597923549,
              0.7135298563869993
            ],
            [
              0.5788107597923549,
              0.7120181405895691
            ],
            [
              0.5781028787163757,
              0.7116402116402116
            ],
            [
              0.5776309579990562,
              0.7108843537414966
            ],
            [
              0.5776309579990562,
              0.7101284958427816
            ],
            [
              0.5781028787163757,
              0.7093726379440665
            ],
            [
              0.5790467201510147,
              0.7093726379440665
            ],
            [
              0.5797546012269938,
              0.7097505668934241
            ],
            [
              0.5804624823029731,
              0.7101284958427816
            ],
            [
              0.5809344030202926,
              0.7108843537414966
            ],
            [
              0.5816422840962718,
              0.7112622826908541
            ],
            [
              0.5821142048135913,
              0.7120181405895691
            ],
            [
              0.5828220858895705,
              0.7123960695389266
            ],
            [
              0.5837659273242095,
              0.7123960695389266
            ],
            [
              0.5847097687588485,
              0.7123960695389266
            ],
            [
              0.5856536101934875,
              0.7123960695389266
            ],
            [
              0.5865974516281265,
              0.7123960695389266
            ],
            [
              0.5875412930627655,
              0.7123960695389266
            ],
            [
              0.5882491741387447,
              0.7127739984882842
            ],
            [
              0.588957055214724,
              0.7131519274376418
            ],
            [
              0.589900896649363,
              0.7131519274376418
            ],
            [
              0.5903728173666823,
              0.7139077853363568
            ],
            [
              0.5910806984426616,
              0.7142857142857143
            ],
            [
              0.5915526191599811,
              0.7150415721844293
            ],
            [
              0.5920245398773006,
              0.7157974300831443
            ],
            [
              0.5924964605946201,
              0.7165532879818595
            ],
            [
              0.5932043416705993,
              0.716931216931217
            ],
            [
              0.5936762623879188,
              0.717687074829932
            ],
            [
              0.5941481831052383,
              0.718442932728647
            ],
            [
              0.5948560641812175,
              0.7188208616780045
            ],
            [
              0.5955639452571968,
              0.719198790627362
            ],
            [
              0.5960358659745163,
              0.719954648526077
            ],
            [
              0.5969797074091553,
              0.719954648526077
            ],
            [
              0.5974516281264748,
              0.7207105064247922
            ],
            [
              0.5983954695611138,
              0.7207105064247922
            ],
            [
              0.5993393109957527,
              0.7207105064247922
            ],
            [
              0.5998112317130722,
              0.7214663643235072
            ],
            [
              0.6007550731477111,
              0.7214663643235072
            ],
            [
              0.6016989145823501,
              0.7214663643235072
            ],
            [
              0.6021708352996696,
              0.7222222222222222
            ],
            [
              0.6031146767343086,
              0.7222222222222222
            ],
            [
              0.6035865974516281,
              0.7229780801209372
            ],
            [
              0.6045304388862671,
              0.7229780801209372
            ],
            [
              0.6050023596035866,
              0.7237339380196524
            ],
            [
              0.6059462010382256,
              0.7237339380196524
            ],
            [
              0.6068900424728646,
              0.7237339380196524
            ],
            [
              0.6078338839075036,
              0.7237339380196524
            ],
            [
              0.608305804624823,
              0.7244897959183674
            ],
            [
              0.609249646059462,
              0.7244897959183674
            ],
            [
              0.6097215667767815,
              0.7252456538170824
            ],
            [
              0.6099575271354413,
              0.7263794406651549
            ],
            [
              0.6099575271354413,
              0.7278911564625851
            ],
            [
              0.6097215667767815,
              0.7290249433106576
            ],
            [
              0.609249646059462,
              0.7297808012093726
            ],
            [
              0.6087777253421425,
              0.7305366591080876
            ],
            [
              0.6078338839075036,
              0.7305366591080876
            ],
            [
              0.6073619631901841,
              0.7312925170068028
            ],
            [
              0.6066540821142048,
              0.7316704459561603
            ],
            [
              0.6059462010382256,
              0.7320483749055178
            ],
            [
              0.6054742803209061,
              0.7328042328042328
            ],
            [
              0.6047663992449268,
              0.7331821617535903
            ],
            [
              0.6040585181689476,
              0.7335600907029478
            ],
            [
              0.6031146767343086,
              0.7335600907029478
            ],
            [
              0.6026427560169891,
              0.7343159486016629
            ]
          ]
        ]
      },
      "properties": {
        "segment_id": 45,
        "area": 1092,
        "bbox": [
          1224.0,
          939.0,
          68.0,
          32.0
        ],
        "iou": 0.8853996992111206,
        "stability": 0.9251760840415955,
        "auto_generated": true,
        "model": "segment_anything"
      }
    },
    {
      "type": "Feature",
      "geometry": {
        "type": "Polygon",
        "coordinates": [
          [
            [
              0.5960358659745163,
              0.8839758125472411
            ],
            [
              0.5957999056158565,
              0.8828420256991686
            ],
            [
              0.5957999056158565,
              0.8813303099017384
            ],
            [
              0.5957999056158565,
              0.8798185941043084
            ],
            [
              0.5957999056158565,
              0.8783068783068783
            ],
            [
              0.5957999056158565,
              0.8767951625094482
            ],
            [
              0.595327984898537,
              0.8760393046107332
            ],
            [
              0.5950920245398773,
              0.8749055177626606
            ],
            [
              0.5948560641812175,
              0.873771730914588
            ],
            [
              0.5948560641812175,
              0.872260015117158
            ],
            [
              0.5950920245398773,
              0.8711262282690854
            ],
            [
              0.595327984898537,
              0.8699924414210128
            ],
            [
              0.5955639452571968,
              0.8688586545729403
            ],
            [
              0.5960358659745163,
              0.8681027966742253
            ],
            [
              0.596271826333176,
              0.8669690098261527
            ],
            [
              0.5967437470504955,
              0.8662131519274376
            ],
            [
              0.597215667767815,
              0.8654572940287226
            ],
            [
              0.5979235488437943,
              0.8650793650793651
            ],
            [
              0.5983954695611138,
              0.86432350718065
            ],
            [
              0.599103350637093,
              0.8639455782312925
            ],
            [
              0.5993393109957527,
              0.86281179138322
            ],
            [
              0.5995752713544125,
              0.8616780045351474
            ],
            [
              0.5995752713544125,
              0.8601662887377173
            ],
            [
              0.5995752713544125,
              0.8586545729402872
            ],
            [
              0.5998112317130722,
              0.8575207860922147
            ],
            [
              0.6005191127890515,
              0.8571428571428571
            ],
            [
              0.600991033506371,
              0.8563869992441421
            ],
            [
              0.6016989145823501,
              0.8560090702947846
            ],
            [
              0.6021708352996696,
              0.8552532123960696
            ],
            [
              0.6024067956583294,
              0.854119425547997
            ],
            [
              0.6028787163756489,
              0.8533635676492819
            ],
            [
              0.6035865974516281,
              0.8529856386999244
            ],
            [
              0.6040585181689476,
              0.8522297808012094
            ],
            [
              0.6050023596035866,
              0.8522297808012094
            ],
            [
              0.6059462010382256,
              0.8522297808012094
            ],
            [
              0.6068900424728646,
              0.8522297808012094
            ],
            [
              0.6078338839075036,
              0.8522297808012094
            ],
            [
              0.6085417649834828,
              0.8526077097505669
            ],
            [
              0.609249646059462,
              0.8529856386999244
            ],
            [
              0.6099575271354413,
              0.8533635676492819
            ],
            [
              0.6106654082114205,
              0.8537414965986394
            ],
            [
              0.6113732892873998,
              0.854119425547997
            ],
            [
              0.6118452100047193,
              0.854875283446712
            ],
            [
              0.6123171307220387,
              0.8556311413454271
            ],
            [
              0.6127890514393581,
              0.8563869992441421
            ],
            [
              0.6130250117980179,
              0.8575207860922147
            ],
            [
              0.6132609721566776,
              0.8586545729402872
            ],
            [
              0.6134969325153374,
              0.8597883597883598
            ],
            [
              0.6139688532326569,
              0.8605442176870748
            ],
            [
              0.6144407739499764,
              0.8613000755857899
            ],
            [
              0.6151486550259556,
              0.8616780045351474
            ],
            [
              0.6158565361019349,
              0.8620559334845049
            ],
            [
              0.6163284568192544,
              0.86281179138322
            ],
            [
              0.6172722982538933,
              0.86281179138322
            ],
            [
              0.6177442189712128,
              0.863567649281935
            ],
            [
              0.6186880604058518,
              0.863567649281935
            ],
            [
              0.6196319018404908,
              0.863567649281935
            ],
            [
              0.6201038225578103,
              0.86432350718065
            ],
            [
              0.6210476639924493,
              0.86432350718065
            ],
            [
              0.6219915054270883,
              0.86432350718065
            ],
            [
              0.6224634261444077,
              0.8650793650793651
            ],
            [
              0.6234072675790467,
              0.8650793650793651
            ],
            [
              0.6241151486550259,
              0.8654572940287226
            ],
            [
              0.6248230297310052,
              0.8658352229780801
            ],
            [
              0.6252949504483247,
              0.8665910808767952
            ],
            [
              0.6255309108069844,
              0.8677248677248677
            ],
            [
              0.6255309108069844,
              0.8692365835222978
            ],
            [
              0.6252949504483247,
              0.8703703703703703
            ],
            [
              0.6248230297310052,
              0.8711262282690854
            ],
            [
              0.6245870693723454,
              0.872260015117158
            ],
            [
              0.6241151486550259,
              0.873015873015873
            ],
            [
              0.6236432279377064,
              0.873771730914588
            ],
            [
              0.6229353468617272,
              0.8741496598639455
            ],
            [
              0.6224634261444077,
              0.8749055177626606
            ],
            [
              0.6219915054270883,
              0.8756613756613757
            ],
            [
              0.6210476639924493,
              0.8756613756613757
            ],
            [
              0.6201038225578103,
              0.8756613756613757
            ],
            [
              0.6191599811231713,
              0.8756613756613757
            ],
            [
              0.6182161396885323,
              0.8756613756613757
            ],
            [
              0.6175082586125531,
              0.8752834467120182
            ],
            [
              0.6168003775365739,
              0.8749055177626606
            ],
            [
              0.6163284568192544,
              0.8756613756613757
            ],
            [
              0.6153846153846154,
              0.8756613756613757
            ],
            [
              0.6144407739499764,
              0.8756613756613757
            ],
            [
              0.6134969325153374,
              0.8756613756613757
            ],
            [
              0.6125530910806984,
              0.8756613756613757
            ],
            [
              0.6116092496460594,
              0.8756613756613757
            ],
            [
              0.6106654082114205,
              0.8756613756613757
            ],
            [
              0.610193487494101,
              0.8764172335600907
            ],
            [
              0.609249646059462,
              0.8764172335600907
            ],
            [
              0.608305804624823,
              0.8764172335600907
            ],
            [
              0.6075979235488438,
              0.8767951625094482
            ],
            [
              0.6068900424728646,
              0.8771730914588057
            ],
            [
              0.6061821613968853,
              0.8775510204081632
            ],
            [
              0.6054742803209061,
              0.8779289493575207
            ],
            [
              0.6045304388862671,
              0.8779289493575207
            ],
            [
              0.6035865974516281,
              0.8779289493575207
            ],
            [
              0.6031146767343086,
              0.8786848072562359
            ],
            [
              0.6021708352996696,
              0.8786848072562359
            ],
            [
              0.6014629542236904,
              0.8790627362055934
            ],
            [
              0.6007550731477111,
              0.8794406651549509
            ],
            [
              0.600047192071732,
              0.8798185941043084
            ],
            [
              0.5993393109957527,
              0.8801965230536659
            ],
            [
              0.5988673902784333,
              0.8809523809523809
            ],
            [
              0.598159509202454,
              0.8813303099017384
            ],
            [
              0.5974516281264748,
              0.881708238851096
            ],
            [
              0.5967437470504955,
              0.8820861678004536
            ],
            [
              0.596271826333176,
              0.8828420256991686
            ],
            [
              0.5960358659745163,
              0.8839758125472411
            ]
          ]
        ]
      },
      "properties": {
        "segment_id": 46,
        "area": 1478,
        "bbox": [
          1261.0,
          1128.0,
          64.0,
          42.0
        ],
        "iou": 0.8622175455093384,
        "stability": 0.9516236186027527,
        "auto_generated": true,
        "model": "segment_anything"
      }
    },
    {
      "type": "Feature",
      "geometry": {
        "type": "Polygon",
        "coordinates": [
          [
            [
              0.5955639452571968,
              0.8847316704459561
            ],
            [
              0.595327984898537,
              0.8843537414965986
            ],
            [
              0.5955639452571968,
              0.8839758125472411
            ],
            [
              0.5957999056158565,
              0.8843537414965986
            ],
            [
              0.5955639452571968,
              0.8847316704459561
            ],
            [
              0.5955639452571968,
              0.8847316704459561
            ]
          ]
        ]
      },
      "properties": {
        "segment_id": 46,
        "area": 1478,
        "bbox": [
          1261.0,
          1128.0,
          64.0,
          42.0
        ],
        "iou": 0.8622175455093384,
        "stability": 0.9516236186027527,
        "auto_generated": true,
        "model": "segment_anything"
      }
    },
    {
      "type": "Feature",
      "geometry": {
        "type": "Polygon",
        "coordinates": [
          [
            [
              0.6035865974516281,
              0.7343159486016629
            ],
            [
              0.6031146767343086,
              0.7343159486016629
            ],
            [
              0.6026427560169891,
              0.7343159486016629
            ],
            [
              0.6021708352996696,
              0.7343159486016629
            ],
            [
              0.6016989145823501,
              0.7343159486016629
            ],
            [
              0.6012269938650306,
              0.7343159486016629
            ],
            [
              0.6007550731477111,
              0.7343159486016629
            ],
            [
              0.6002831524303917,
              0.7343159486016629
            ],
            [
              0.5998112317130722,
              0.7343159486016629
            ],
            [
              0.5995752713544125,
              0.7339380196523053
            ],
            [
              0.5993393109957527,
              0.7335600907029478
            ],
            [
              0.5988673902784333,
              0.7335600907029478
            ],
            [
              0.5983954695611138,
              0.7335600907029478
            ],
            [
              0.5979235488437943,
              0.7335600907029478
            ],
            [
              0.5974516281264748,
              0.7335600907029478
            ],
            [
              0.5969797074091553,
              0.7335600907029478
            ],
            [
              0.5965077866918358,
              0.7335600907029478
            ],
            [
              0.5960358659745163,
              0.7335600907029478
            ],
            [
              0.5955639452571968,
              0.7335600907029478
            ],
            [
              0.5950920245398773,
              0.7335600907029478
            ],
            [
              0.5946201038225578,
              0.7335600907029478
            ],
            [
              0.5941481831052383,
              0.7335600907029478
            ],
            [
              0.5939122227465786,
              0.7331821617535903
            ],
            [
              0.5936762623879188,
              0.7328042328042328
            ],
            [
              0.5932043416705993,
              0.7328042328042328
            ],
            [
              0.5927324209532798,
              0.7328042328042328
            ],
            [
              0.5922605002359603,
              0.7328042328042328
            ],
            [
              0.5917885795186408,
              0.7328042328042328
            ],
            [
              0.5913166588013213,
              0.7328042328042328
            ],
            [
              0.5910806984426616,
              0.7324263038548753
            ],
            [
              0.5908447380840018,
              0.7320483749055178
            ],
            [
              0.5903728173666823,
              0.7320483749055178
            ],
            [
              0.589900896649363,
              0.7320483749055178
            ],
            [
              0.5896649362907032,
              0.7316704459561603
            ],
            [
              0.5894289759320435,
              0.7312925170068028
            ],
            [
              0.588957055214724,
              0.7312925170068028
            ],
            [
              0.5884851344974045,
              0.7312925170068028
            ],
            [
              0.5882491741387447,
              0.7309145880574452
            ],
            [
              0.588013213780085,
              0.7305366591080876
            ],
            [
              0.5877772534214252,
              0.7301587301587301
            ],
            [
              0.5875412930627655,
              0.7297808012093726
            ],
            [
              0.587069372345446,
              0.7297808012093726
            ],
            [
              0.5868334119867862,
              0.7294028722600151
            ],
            [
              0.5868334119867862,
              0.7286470143613001
            ],
            [
              0.5868334119867862,
              0.7278911564625851
            ],
            [
              0.587069372345446,
              0.7275132275132276
            ],
            [
              0.5873053327041057,
              0.72713529856387
            ],
            [
              0.5873053327041057,
              0.7263794406651549
            ],
            [
              0.5873053327041057,
              0.7256235827664399
            ],
            [
              0.5875412930627655,
              0.7252456538170824
            ],
            [
              0.5877772534214252,
              0.7248677248677249
            ],
            [
              0.588013213780085,
              0.7244897959183674
            ],
            [
              0.5882491741387447,
              0.7241118669690099
            ],
            [
              0.5884851344974045,
              0.7237339380196524
            ],
            [
              0.5887210948560642,
              0.7233560090702947
            ],
            [
              0.588957055214724,
              0.7229780801209372
            ],
            [
              0.5894289759320435,
              0.7229780801209372
            ],
            [
              0.5896649362907032,
              0.7226001511715797
            ],
            [
              0.589900896649363,
              0.7222222222222222
            ],
            [
              0.5903728173666823,
              0.7222222222222222
            ],
            [
              0.5908447380840018,
              0.7222222222222222
            ],
            [
              0.5913166588013213,
              0.7222222222222222
            ],
            [
              0.5917885795186408,
              0.7222222222222222
            ],
            [
              0.5922605002359603,
              0.7222222222222222
            ],
            [
              0.5927324209532798,
              0.7222222222222222
            ],
            [
              0.5932043416705993,
              0.7222222222222222
            ],
            [
              0.5936762623879188,
              0.7222222222222222
            ],
            [
              0.5941481831052383,
              0.7222222222222222
            ],
            [
              0.5943841434638981,
              0.7218442932728647
            ],
            [
              0.5946201038225578,
              0.7214663643235072
            ],
            [
              0.5950920245398773,
              0.7214663643235072
            ],
            [
              0.5955639452571968,
              0.7214663643235072
            ],
            [
              0.5960358659745163,
              0.7214663643235072
            ],
            [
              0.5965077866918358,
              0.7214663643235072
            ],
            [
              0.5969797074091553,
              0.7214663643235072
            ],
            [
              0.5974516281264748,
              0.7214663643235072
            ],
            [
              0.5979235488437943,
              0.7214663643235072
            ],
            [
              0.5983954695611138,
              0.7214663643235072
            ],
            [
              0.5988673902784333,
              0.7214663643235072
            ],
            [
              0.5993393109957527,
              0.7214663643235072
            ],
            [
              0.5995752713544125,
              0.7218442932728647
            ],
            [
              0.5998112317130722,
              0.7222222222222222
            ],
            [
              0.6002831524303917,
              0.7222222222222222
            ],
            [
              0.6007550731477111,
              0.7222222222222222
            ],
            [
              0.6012269938650306,
              0.7222222222222222
            ],
            [
              0.6014629542236904,
              0.7226001511715797
            ],
            [
              0.6016989145823501,
              0.7229780801209372
            ],
            [
              0.6021708352996696,
              0.7229780801209372
            ],
            [
              0.6026427560169891,
              0.7229780801209372
            ],
            [
              0.6028787163756489,
              0.7233560090702947
            ],
            [
              0.6031146767343086,
              0.7237339380196524
            ],
            [
              0.6035865974516281,
              0.7237339380196524
            ],
            [
              0.6040585181689476,
              0.7237339380196524
            ],
            [
              0.6042944785276073,
              0.7241118669690099
            ],
            [
              0.6045304388862671,
              0.7244897959183674
            ],
            [
              0.6050023596035866,
              0.7244897959183674
            ],
            [
              0.6054742803209061,
              0.7244897959183674
            ],
            [
              0.6059462010382256,
              0.7244897959183674
            ],
            [
              0.6064181217555451,
              0.7244897959183674
            ],
            [
              0.6068900424728646,
              0.7244897959183674
            ],
            [
              0.6073619631901841,
              0.7244897959183674
            ],
            [
              0.6078338839075036,
              0.7244897959183674
            ],
            [
              0.608305804624823,
              0.7244897959183674
            ],
            [
              0.6087777253421425,
              0.7244897959183674
            ],
            [
              0.6090136857008023,
              0.7248677248677249
            ],
            [
              0.609249646059462,
              0.7252456538170824
            ],
            [
              0.6097215667767815,
              0.7252456538170824
            ],
            [
              0.6099575271354413,
              0.7256235827664399
            ],
            [
              0.6099575271354413,
              0.7263794406651549
            ],
            [
              0.610193487494101,
              0.7267573696145124
            ],
            [
              0.6104294478527608,
              0.72713529856387
            ],
            [
              0.6104294478527608,
              0.7278911564625851
            ],
            [
              0.6104294478527608,
              0.7286470143613001
            ],
            [
              0.610193487494101,
              0.7290249433106576
            ],
            [
              0.6099575271354413,
              0.7294028722600151
            ],
            [
              0.6097215667767815,
              0.7297808012093726
            ],
            [
              0.609249646059462,
              0.7297808012093726
            ],
            [
              0.6090136857008023,
              0.7301587301587301
            ],
            [
              0.6087777253421425,
              0.7305366591080876
            ],
            [
              0.608305804624823,
              0.7305366591080876
            ],
            [
              0.6078338839075036,
              0.7305366591080876
            ],
            [
              0.6075979235488438,
              0.7309145880574452
            ],
            [
              0.6073619631901841,
              0.7312925170068028
            ],
            [
              0.6068900424728646,
              0.7312925170068028
            ],
            [
              0.6066540821142048,
              0.7316704459561603
            ],
            [
              0.6064181217555451,
              0.7320483749055178
            ],
            [
              0.6061821613968853,
              0.7324263038548753
            ],
            [
              0.6059462010382256,
              0.7328042328042328
            ],
            [
              0.6054742803209061,
              0.7328042328042328
            ],
            [
              0.6052383199622463,
              0.7331821617535903
            ],
            [
              0.6050023596035866,
              0.7335600907029478
            ],
            [
              0.6045304388862671,
              0.7335600907029478
            ],
            [
              0.6040585181689476,
              0.7335600907029478
            ],
            [
              0.6038225578102878,
              0.7339380196523053
            ],
            [
              0.6035865974516281,
              0.7343159486016629
            ],
            [
              0.6035865974516281,
              0.7343159486016629
            ]
          ]
        ]
      },
      "properties": {
        "segment_id": 47,
        "area": 626,
        "bbox": [
          1244.0,
          955.0,
          49.0,
          16.0
        ],
        "iou": 0.8607585430145264,
        "stability": 0.965354323387146,
        "auto_generated": true,
        "model": "segment_anything"
      }
    },
    {
      "type": "Feature",
      "geometry": {
        "type": "Polygon",
        "coordinates": [
          [
            [
              0.0,
              0.001889644746787604
            ],
            [
              0.009438414346389807,
              0.0026455026455026454
            ],
            [
              0.019348749410099102,
              0.0026455026455026454
            ],
            [
              0.0292590844738084,
              0.0026455026455026454
            ],
            [
              0.039169419537517694,
              0.0026455026455026454
            ],
            [
              0.049079754601226995,
              0.0026455026455026454
            ],
            [
              0.05899008966493629,
              0.0026455026455026454
            ],
            [
              0.06890042472864559,
              0.0026455026455026454
            ],
            [
              0.07881075979235488,
              0.0026455026455026454
            ],
            [
              0.08872109485606418,
              0.0026455026455026454
            ],
            [
              0.09863142991977347,
              0.0026455026455026454
            ],
            [
              0.10759792354884379,
              0.0026455026455026454
            ],
            [
              0.1170363378952336,
              0.003401360544217687
            ],
            [
              0.1264747522416234,
              0.0026455026455026454
            ],
            [
              0.1363850873053327,
              0.0026455026455026454
            ],
            [
              0.146295422369042,
              0.0026455026455026454
            ],
            [
              0.1562057574327513,
              0.0026455026455026454
            ],
            [
              0.1661160924964606,
              0.0026455026455026454
            ],
            [
              0.1760264275601699,
              0.0026455026455026454
            ],
            [
              0.18593676262387918,
              0.0026455026455026454
            ],
            [
              0.19584709768758848,
              0.0026455026455026454
            ],
            [
              0.2052855120339783,
              0.003401360544217687
            ],
            [
              0.2147239263803681,
              0.0026455026455026454
            ],
            [
              0.2246342614440774,
              0.0026455026455026454
            ],
            [
              0.2345445965077867,
              0.0026455026455026454
            ],
            [
              0.24445493157149598,
              0.0026455026455026454
            ],
            [
              0.2543652666352053,
              0.0026455026455026454
            ],
            [
              0.26427560169891456,
              0.0026455026455026454
            ],
            [
              0.27418593676262387,
              0.0026455026455026454
            ],
            [
              0.2840962718263332,
              0.0026455026455026454
            ],
            [
              0.2940066068900425,
              0.0026455026455026454
            ],
            [
              0.3039169419537518,
              0.0026455026455026454
            ],
            [
              0.31382727701746105,
              0.0026455026455026454
            ],
            [
              0.32373761208117036,
              0.0026455026455026454
            ],
            [
              0.33364794714487966,
              0.0026455026455026454
            ],
            [
              0.34355828220858897,
              0.0026455026455026454
            ],
            [
              0.3534686172722983,
              0.0026455026455026454
            ],
            [
              0.36337895233600753,
              0.0026455026455026454
            ],
            [
              0.37328928739971684,
              0.0026455026455026454
            ],
            [
              0.38319962246342615,
              0.0026455026455026454
            ],
            [
              0.39310995752713546,
              0.0026455026455026454
            ],
            [
              0.40302029259084476,
              0.0026455026455026454
            ],
            [
              0.412930627654554,
              0.0026455026455026454
            ],
            [
              0.4228409627182633,
              0.0026455026455026454
            ],
            [
              0.43275129778197263,
              0.0026455026455026454
            ],
            [
              0.44266163284568194,
              0.0026455026455026454
            ],
            [
              0.45257196790939125,
              0.0026455026455026454
            ],
            [
              0.4624823029731005,
              0.0026455026455026454
            ],
            [
              0.4719207173194903,
              0.003401360544217687
            ],
            [
              0.4813591316658801,
              0.0026455026455026454
            ],
            [
              0.49126946672958943,
              0.0026455026455026454
            ],
            [
              0.500943841434639,
              0.0030234315948601664
            ],
            [
              0.510146295422369,
              0.0026455026455026454
            ],
            [
              0.5195847097687588,
              0.003401360544217687
            ],
            [
              0.5290231241151486,
              0.0026455026455026454
            ],
            [
              0.5379896177442189,
              0.0026455026455026454
            ],
            [
              0.5464841906559698,
              0.003401360544217687
            ],
            [
              0.5563945257196791,
              0.003401360544217687
            ],
            [
              0.5653610193487494,
              0.003401360544217687
            ],
            [
              0.5747994336951392,
              0.0026455026455026454
            ],
            [
              0.5837659273242095,
              0.0026455026455026454
            ],
            [
              0.5936762623879188,
              0.0026455026455026454
            ],
            [
              0.6026427560169891,
              0.0026455026455026454
            ],
            [
              0.6125530910806984,
              0.0026455026455026454
            ],
            [
              0.6224634261444077,
              0.0026455026455026454
            ],
            [
              0.6323737612081171,
              0.0026455026455026454
            ],
            [
              0.6422840962718264,
              0.0026455026455026454
            ],
            [
              0.6521944313355357,
              0.0026455026455026454
            ],
            [
              0.662104766399245,
              0.0026455026455026454
            ],
            [
              0.6710712600283153,
              0.0026455026455026454
            ],
            [
              0.6809815950920245,
              0.0026455026455026454
            ],
            [
              0.6908919301557338,
              0.0026455026455026454
            ],
            [
              0.7008022652194431,
              0.0026455026455026454
            ],
            [
              0.7107126002831524,
              0.0026455026455026454
            ],
            [
              0.7206229353468617,
              0.0026455026455026454
            ],
            [
              0.7300613496932515,
              0.003401360544217687
            ],
            [
              0.7394997640396413,
              0.0026455026455026454
            ],
            [
              0.7489381783860312,
              0.003401360544217687
            ],
            [
              0.758376592732421,
              0.0026455026455026454
            ],
            [
              0.7682869277961303,
              0.0026455026455026454
            ],
            [
              0.7777253421425201,
              0.003401360544217687
            ],
            [
              0.7873997168475696,
              0.0030234315948601664
            ],
            [
              0.7966021708352997,
              0.003401360544217687
            ],
            [
              0.80556866446437,
              0.003401360544217687
            ],
            [
              0.8154789995280792,
              0.003401360544217687
            ],
            [
              0.8253893345917885,
              0.003401360544217687
            ],
            [
              0.8352996696554978,
              0.003401360544217687
            ],
            [
              0.8452100047192072,
              0.003401360544217687
            ],
            [
              0.854648419065597,
              0.0026455026455026454
            ],
            [
              0.8640868334119868,
              0.003401360544217687
            ],
            [
              0.8730533270410571,
              0.003401360544217687
            ],
            [
              0.8829636621047664,
              0.003401360544217687
            ],
            [
              0.8919301557338367,
              0.003401360544217687
            ],
            [
              0.9013685700802265,
              0.0026455026455026454
            ],
            [
              0.9112789051439358,
              0.0026455026455026454
            ],
            [
              0.9211892402076451,
              0.0026455026455026454
            ],
            [
              0.9310995752713545,
              0.0026455026455026454
            ],
            [
              0.9410099103350638,
              0.0026455026455026454
            ],
            [
              0.9504483246814536,
              0.001889644746787604
            ],
            [
              0.9598867390278433,
              0.0026455026455026454
            ],
            [
              0.9688532326569136,
              0.0026455026455026454
            ],
            [
              0.9782916470033034,
              0.001889644746787604
            ],
            [
              0.9877300613496932,
              0.0026455026455026454
            ],
            [
              0.0,
              0.001889644746787604
            ]
          ]
        ]
      },
      "properties": {
        "segment_id": 48,
        "area": 606681,
        "bbox": [
          0.0,
          0.0,
          2118.0,
          309.0
        ],
        "iou": 1.0189050436019897,
        "stability": 0.9787075519561768,
        "auto_generated": true,
        "model": "segment_anything"
      }
    },
    {
      "type": "Feature",
      "geometry": {
        "type": "Polygon",
        "coordinates": [
          [
            [
              0.9995280792826805,
              0.21428571428571427
            ],
            [
              0.9886739027843322,
              0.21428571428571427
            ],
            [
              0.9782916470033034,
              0.21504157218442932
            ],
            [
              0.9683813119395942,
              0.21504157218442932
            ],
            [
              0.9579990561585654,
              0.21428571428571427
            ],
            [
              0.9476168003775366,
              0.21352985638699926
            ],
            [
              0.9391222274657858,
              0.20975056689342403
            ],
            [
              0.9310995752713545,
              0.20975056689342403
            ],
            [
              0.9211892402076451,
              0.20823885109599397
            ],
            [
              0.9112789051439358,
              0.20823885109599397
            ],
            [
              0.9013685700802265,
              0.20975056689342403
            ],
            [
              0.8928739971684757,
              0.21201814058956917
            ],
            [
              0.8834355828220859,
              0.21428571428571427
            ],
            [
              0.8737612081170364,
              0.2146636432350718
            ],
            [
              0.8643227937706466,
              0.21390778533635676
            ],
            [
              0.8551203397829165,
              0.21504157218442932
            ],
            [
              0.8452100047192072,
              0.21504157218442932
            ],
            [
              0.8352996696554978,
              0.2165532879818594
            ],
            [
              0.8253893345917885,
              0.2180650037792895
            ],
            [
              0.8173666823973572,
              0.22260015117157975
            ],
            [
              0.8079282680509674,
              0.2233560090702948
            ],
            [
              0.7980179329872581,
              0.22486772486772486
            ],
            [
              0.7892873997168476,
              0.22297808012093726
            ],
            [
              0.781500707881076,
              0.2180650037792895
            ],
            [
              0.7730061349693251,
              0.2203325774754346
            ],
            [
              0.7630957999056158,
              0.2218442932728647
            ],
            [
              0.7531854648419065,
              0.2218442932728647
            ],
            [
              0.7446908919301557,
              0.2180650037792895
            ],
            [
              0.7357243983010854,
              0.2180650037792895
            ],
            [
              0.7253421425200566,
              0.21730914588057446
            ],
            [
              0.7149598867390279,
              0.2180650037792895
            ],
            [
              0.7055214723926381,
              0.21579743008314436
            ],
            [
              0.6965549787635678,
              0.21579743008314436
            ],
            [
              0.6866446436998584,
              0.21579743008314436
            ],
            [
              0.6762623879188296,
              0.21504157218442932
            ],
            [
              0.6658801321378008,
              0.21579743008314436
            ],
            [
              0.6559697970740915,
              0.21579743008314436
            ],
            [
              0.6460594620103822,
              0.21428571428571427
            ],
            [
              0.6366210476639924,
              0.21352985638699926
            ],
            [
              0.6262387918829636,
              0.2127739984882842
            ],
            [
              0.6163284568192544,
              0.21126228269085412
            ],
            [
              0.6054742803209061,
              0.21126228269085412
            ],
            [
              0.5960358659745163,
              0.21352985638699926
            ],
            [
              0.586125530910807,
              0.21504157218442932
            ],
            [
              0.5776309579990562,
              0.21882086167800455
            ],
            [
              0.5686644643699859,
              0.21730914588057446
            ],
            [
              0.5596979707409155,
              0.21428571428571427
            ],
            [
              0.5502595563945257,
              0.2165532879818594
            ],
            [
              0.5417649834827749,
              0.2203325774754346
            ],
            [
              0.5327984898537046,
              0.21730914588057446
            ],
            [
              0.5228881547899953,
              0.21579743008314436
            ],
            [
              0.5125058990089665,
              0.2165532879818594
            ],
            [
              0.5021236432279377,
              0.21579743008314436
            ],
            [
              0.4922133081642284,
              0.21428571428571427
            ],
            [
              0.4827748938178386,
              0.21201814058956917
            ],
            [
              0.4723926380368098,
              0.2127739984882842
            ],
            [
              0.462010382255781,
              0.21201814058956917
            ],
            [
              0.45162812647475226,
              0.2127739984882842
            ],
            [
              0.44171779141104295,
              0.21428571428571427
            ],
            [
              0.43180745634733364,
              0.21579743008314436
            ],
            [
              0.42142520056630484,
              0.2165532879818594
            ],
            [
              0.4110429447852761,
              0.21579743008314436
            ],
            [
              0.4006606890042473,
              0.21504157218442932
            ],
            [
              0.3902784332232185,
              0.21428571428571427
            ],
            [
              0.37989617744218973,
              0.21352985638699926
            ],
            [
              0.3695139216611609,
              0.2127739984882842
            ],
            [
              0.3596035865974516,
              0.21428571428571427
            ],
            [
              0.3492213308164228,
              0.21504157218442932
            ],
            [
              0.33978291647003306,
              0.21730914588057446
            ],
            [
              0.33034450212364325,
              0.21957671957671956
            ],
            [
              0.32137800849457293,
              0.21957671957671956
            ],
            [
              0.3124115148655026,
              0.2165532879818594
            ],
            [
              0.3034450212364323,
              0.2180650037792895
            ],
            [
              0.2949504483246815,
              0.21579743008314436
            ],
            [
              0.28598395469561116,
              0.21882086167800455
            ],
            [
              0.27725342142520054,
              0.2222222222222222
            ],
            [
              0.26663520528551204,
              0.22260015117157975
            ],
            [
              0.25578102878716374,
              0.22260015117157975
            ],
            [
              0.24539877300613497,
              0.2233560090702948
            ],
            [
              0.23596035865974516,
              0.22108843537414966
            ],
            [
              0.22557810287871638,
              0.2203325774754346
            ],
            [
              0.21708352996696556,
              0.22108843537414966
            ],
            [
              0.20717319490325625,
              0.22260015117157975
            ],
            [
              0.19773478055686644,
              0.2233560090702948
            ],
            [
              0.1880604058518169,
              0.2237339380196523
            ],
            [
              0.17838603114676735,
              0.2256235827664399
            ],
            [
              0.16894761680037754,
              0.22789115646258504
            ],
            [
              0.15950920245398773,
              0.23015873015873015
            ],
            [
              0.14959886739027844,
              0.23167044595616024
            ],
            [
              0.13921661160924964,
              0.23242630385487528
            ],
            [
              0.12836243511090137,
              0.23242630385487528
            ],
            [
              0.11798017932987258,
              0.23167044595616024
            ],
            [
              0.10759792354884379,
              0.23242630385487528
            ],
            [
              0.0976875884851345,
              0.23393801965230537
            ],
            [
              0.0873053327041057,
              0.23318216175359033
            ],
            [
              0.07739499764039641,
              0.23318216175359033
            ],
            [
              0.06748466257668712,
              0.23318216175359033
            ],
            [
              0.05710240679565833,
              0.23242630385487528
            ],
            [
              0.04672015101462954,
              0.23167044595616024
            ],
            [
              0.037753657385559226,
              0.23167044595616024
            ],
            [
              0.02878716375648891,
              0.22864701436130008
            ],
            [
              0.019348749410099102,
              0.2309145880574452
            ],
            [
              0.009438414346389807,
              0.2309145880574452
            ],
            [
              0.9995280792826805,
              0.21428571428571427
            ]
          ]
        ]
      },
      "properties": {
        "segment_id": 48,
        "area": 606681,
        "bbox": [
          0.0,
          0.0,
          2118.0,
          309.0
        ],
        "iou": 1.0189050436019897,
        "stability": 0.9787075519561768,
        "auto_generated": true,
        "model": "segment_anything"
      }
    },
    {
      "type": "Feature",
      "geometry": {
        "type": "Polygon",
        "coordinates": [
          [
            [
              0.45068428504011326,
              0.7139077853363568
            ],
            [
              0.44974044360547427,
              0.7139077853363568
            ],
            [
              0.4487966021708353,
              0.7139077853363568
            ],
            [
              0.44785276073619634,
              0.7139077853363568
            ],
            [
              0.44690891930155735,
              0.7139077853363568
            ],
            [
              0.44596507786691836,
              0.7139077853363568
            ],
            [
              0.44549315714959886,
              0.7131519274376418
            ],
            [
              0.44454931571495987,
              0.7131519274376418
            ],
            [
              0.44360547428032093,
              0.7131519274376418
            ],
            [
              0.4428975932043417,
              0.7127739984882842
            ],
            [
              0.44218971212836244,
              0.7123960695389266
            ],
            [
              0.44171779141104295,
              0.7116402116402116
            ],
            [
              0.44077394997640396,
              0.7116402116402116
            ],
            [
              0.44030202925908446,
              0.7108843537414966
            ],
            [
              0.43983010854176496,
              0.7101284958427816
            ],
            [
              0.4391222274657858,
              0.7097505668934241
            ],
            [
              0.43841434638980653,
              0.7093726379440665
            ],
            [
              0.4377064653138273,
              0.708994708994709
            ],
            [
              0.43699858423784804,
              0.7086167800453514
            ],
            [
              0.4362907031618688,
              0.7082388510959939
            ],
            [
              0.43558282208588955,
              0.7078609221466364
            ],
            [
              0.4348749410099103,
              0.7074829931972789
            ],
            [
              0.4341670599339311,
              0.7071050642479214
            ],
            [
              0.4334591788579519,
              0.7067271352985639
            ],
            [
              0.43275129778197263,
              0.7063492063492064
            ],
            [
              0.43227937706465314,
              0.7055933484504913
            ],
            [
              0.43133553563001414,
              0.7055933484504913
            ],
            [
              0.4306276545540349,
              0.7052154195011338
            ],
            [
              0.4299197734780557,
              0.7048374905517762
            ],
            [
              0.4294478527607362,
              0.7040816326530612
            ],
            [
              0.42921189240207647,
              0.7029478458049887
            ],
            [
              0.4299197734780557,
              0.7025699168556312
            ],
            [
              0.4306276545540349,
              0.7021919879062736
            ],
            [
              0.43133553563001414,
              0.7018140589569161
            ],
            [
              0.43180745634733364,
              0.701058201058201
            ],
            [
              0.43275129778197263,
              0.701058201058201
            ],
            [
              0.4334591788579519,
              0.7006802721088435
            ],
            [
              0.4341670599339311,
              0.700302343159486
            ],
            [
              0.43511090136857006,
              0.700302343159486
            ],
            [
              0.43558282208588955,
              0.699546485260771
            ],
            [
              0.4362907031618688,
              0.6991685563114135
            ],
            [
              0.43699858423784804,
              0.6987906273620559
            ],
            [
              0.4377064653138273,
              0.6984126984126984
            ],
            [
              0.43841434638980653,
              0.6980347694633409
            ],
            [
              0.4391222274657858,
              0.6976568405139834
            ],
            [
              0.43983010854176496,
              0.6972789115646258
            ],
            [
              0.4405379896177442,
              0.6969009826152683
            ],
            [
              0.44124587069372345,
              0.6965230536659108
            ],
            [
              0.44218971212836244,
              0.6965230536659108
            ],
            [
              0.44266163284568194,
              0.6957671957671958
            ],
            [
              0.44360547428032093,
              0.6957671957671958
            ],
            [
              0.4440773949976404,
              0.6950113378684807
            ],
            [
              0.44502123643227937,
              0.6950113378684807
            ],
            [
              0.44549315714959886,
              0.6942554799697657
            ],
            [
              0.44643699858423785,
              0.6942554799697657
            ],
            [
              0.44690891930155735,
              0.6934996220710506
            ],
            [
              0.44785276073619634,
              0.6934996220710506
            ],
            [
              0.44856064181217553,
              0.6931216931216931
            ],
            [
              0.4492685228881548,
              0.6927437641723356
            ],
            [
              0.45021236432279377,
              0.6927437641723356
            ],
            [
              0.45068428504011326,
              0.6919879062736206
            ],
            [
              0.45162812647475226,
              0.6919879062736206
            ],
            [
              0.45257196790939125,
              0.6919879062736206
            ],
            [
              0.4535158093440302,
              0.6919879062736206
            ],
            [
              0.4544596507786692,
              0.6919879062736206
            ],
            [
              0.45540349221330817,
              0.6919879062736206
            ],
            [
              0.45634733364794716,
              0.6919879062736206
            ],
            [
              0.4572911750825861,
              0.6919879062736206
            ],
            [
              0.4577630957999056,
              0.6912320483749055
            ],
            [
              0.4587069372345446,
              0.6912320483749055
            ],
            [
              0.4596507786691836,
              0.6912320483749055
            ],
            [
              0.46059462010382257,
              0.6912320483749055
            ],
            [
              0.46153846153846156,
              0.6912320483749055
            ],
            [
              0.4624823029731005,
              0.6912320483749055
            ],
            [
              0.46295422369042,
              0.6919879062736206
            ],
            [
              0.463898065125059,
              0.6919879062736206
            ],
            [
              0.4643699858423785,
              0.6927437641723356
            ],
            [
              0.4653138272770175,
              0.6927437641723356
            ],
            [
              0.465785747994337,
              0.6934996220710506
            ],
            [
              0.46649362907031616,
              0.6938775510204082
            ],
            [
              0.4672015101462954,
              0.6942554799697657
            ],
            [
              0.4676734308636149,
              0.6950113378684807
            ],
            [
              0.4681453515809344,
              0.6957671957671958
            ],
            [
              0.46885323265691364,
              0.6961451247165533
            ],
            [
              0.4695611137328929,
              0.6965230536659108
            ],
            [
              0.4700330344502124,
              0.6972789115646258
            ],
            [
              0.4705049551675319,
              0.6980347694633409
            ],
            [
              0.4709768758848513,
              0.6987906273620559
            ],
            [
              0.47121283624351107,
              0.6999244142101285
            ],
            [
              0.47121283624351107,
              0.7014361300075586
            ],
            [
              0.4714487966021708,
              0.7025699168556312
            ],
            [
              0.4714487966021708,
              0.7033257747543462
            ],
            [
              0.4707409155261916,
              0.7037037037037037
            ],
            [
              0.47026899480887213,
              0.7044595616024187
            ],
            [
              0.4695611137328929,
              0.7048374905517762
            ],
            [
              0.46885323265691364,
              0.7052154195011338
            ],
            [
              0.4681453515809344,
              0.7055933484504913
            ],
            [
              0.46743747050495515,
              0.7059712773998488
            ],
            [
              0.46696554978763566,
              0.7067271352985639
            ],
            [
              0.4662576687116564,
              0.7071050642479214
            ],
            [
              0.465785747994337,
              0.7078609221466364
            ],
            [
              0.464841906559698,
              0.7078609221466364
            ],
            [
              0.4643699858423785,
              0.7086167800453514
            ],
            [
              0.4634261444077395,
              0.7086167800453514
            ],
            [
              0.4624823029731005,
              0.7086167800453514
            ],
            [
              0.462010382255781,
              0.7093726379440665
            ],
            [
              0.46106654082114207,
              0.7093726379440665
            ],
            [
              0.46059462010382257,
              0.7101284958427816
            ],
            [
              0.4596507786691836,
              0.7101284958427816
            ],
            [
              0.45894289759320434,
              0.7105064247921391
            ],
            [
              0.4582350165172251,
              0.7108843537414966
            ],
            [
              0.4572911750825861,
              0.7108843537414966
            ],
            [
              0.45681925436526666,
              0.7116402116402116
            ],
            [
              0.45587541293062767,
              0.7116402116402116
            ],
            [
              0.45540349221330817,
              0.7123960695389266
            ],
            [
              0.4544596507786692,
              0.7123960695389266
            ],
            [
              0.4539877300613497,
              0.7131519274376418
            ],
            [
              0.4530438886267107,
              0.7131519274376418
            ],
            [
              0.45210004719207175,
              0.7131519274376418
            ],
            [
              0.45115620575743276,
              0.7131519274376418
            ],
            [
              0.45068428504011326,
              0.7139077853363568
            ]
          ]
        ]
      },
      "properties": {
        "segment_id": 49,
        "area": 1723,
        "bbox": [
          910.0,
          915.0,
          89.0,
          29.0
        ],
        "iou": 0.9072345495223999,
        "stability": 0.9679999947547913,
        "auto_generated": true,
        "model": "segment_anything"
      }
    },
    {
      "type": "Feature",
      "geometry": {
        "type": "Polygon",
        "coordinates": [
          [
            [
              0.6531382727701747,
              0.843915343915344
            ],
            [
              0.6521944313355357,
              0.843915343915344
            ],
            [
              0.6512505899008967,
              0.843915343915344
            ],
            [
              0.6503067484662577,
              0.843915343915344
            ],
            [
              0.6493629070316187,
              0.843915343915344
            ],
            [
              0.6486550259556394,
              0.8435374149659864
            ],
            [
              0.6479471448796602,
              0.8431594860166288
            ],
            [
              0.6470033034450212,
              0.8431594860166288
            ],
            [
              0.6465313827277017,
              0.8424036281179138
            ],
            [
              0.6455875412930627,
              0.8424036281179138
            ],
            [
              0.6448796602170835,
              0.8420256991685563
            ],
            [
              0.6441717791411042,
              0.8416477702191988
            ],
            [
              0.6432279377064654,
              0.8416477702191988
            ],
            [
              0.6427560169891459,
              0.8408919123204838
            ],
            [
              0.6418121755545069,
              0.8408919123204838
            ],
            [
              0.6411042944785276,
              0.8405139833711263
            ],
            [
              0.6403964134025484,
              0.8401360544217688
            ],
            [
              0.6396885323265691,
              0.8397581254724111
            ],
            [
              0.6389806512505899,
              0.8393801965230536
            ],
            [
              0.6382727701746107,
              0.8390022675736961
            ],
            [
              0.6375648890986314,
              0.8386243386243386
            ],
            [
              0.6370929683813119,
              0.8378684807256236
            ],
            [
              0.6361491269466729,
              0.8378684807256236
            ],
            [
              0.6356772062293534,
              0.8371126228269086
            ],
            [
              0.6347333647947145,
              0.8371126228269086
            ],
            [
              0.634261444077395,
              0.8363567649281936
            ],
            [
              0.6335535630014157,
              0.8359788359788359
            ],
            [
              0.6328456819254366,
              0.8356009070294784
            ],
            [
              0.6323737612081171,
              0.8348450491307634
            ],
            [
              0.6319018404907976,
              0.8340891912320484
            ],
            [
              0.6316658801321378,
              0.8329554043839759
            ],
            [
              0.6316658801321378,
              0.8314436885865457
            ],
            [
              0.6316658801321378,
              0.8299319727891157
            ],
            [
              0.6321378008494573,
              0.8291761148904006
            ],
            [
              0.6323737612081171,
              0.828042328042328
            ],
            [
              0.6328456819254366,
              0.827286470143613
            ],
            [
              0.6335535630014157,
              0.8269085411942555
            ],
            [
              0.6340254837187352,
              0.8261526832955405
            ],
            [
              0.6344974044360547,
              0.8253968253968254
            ],
            [
              0.6349693251533742,
              0.8246409674981103
            ],
            [
              0.6356772062293534,
              0.8242630385487528
            ],
            [
              0.6363850873053327,
              0.8238851095993953
            ],
            [
              0.6370929683813119,
              0.8235071806500378
            ],
            [
              0.6380368098159509,
              0.8235071806500378
            ],
            [
              0.6385087305332704,
              0.8227513227513228
            ],
            [
              0.6394525719679094,
              0.8227513227513228
            ],
            [
              0.6401604530438886,
              0.8223733938019653
            ],
            [
              0.6408683341198679,
              0.8219954648526077
            ],
            [
              0.6415762151958471,
              0.8216175359032502
            ],
            [
              0.6422840962718264,
              0.8212396069538926
            ],
            [
              0.6429919773478056,
              0.8208616780045351
            ],
            [
              0.6436998584237849,
              0.8204837490551776
            ],
            [
              0.6446436998584237,
              0.8204837490551776
            ],
            [
              0.6451156205757432,
              0.8197278911564626
            ],
            [
              0.6460594620103822,
              0.8197278911564626
            ],
            [
              0.6465313827277017,
              0.8189720332577476
            ],
            [
              0.6474752241623407,
              0.8189720332577476
            ],
            [
              0.6479471448796602,
              0.8197278911564626
            ],
            [
              0.6488909863142992,
              0.8197278911564626
            ],
            [
              0.6493629070316187,
              0.8204837490551776
            ],
            [
              0.6503067484662577,
              0.8204837490551776
            ],
            [
              0.6507786691835772,
              0.8212396069538926
            ],
            [
              0.6517225106182162,
              0.8212396069538926
            ],
            [
              0.6521944313355357,
              0.8219954648526077
            ],
            [
              0.6531382727701747,
              0.8219954648526077
            ],
            [
              0.6538461538461539,
              0.8223733938019653
            ],
            [
              0.654554034922133,
              0.8227513227513228
            ],
            [
              0.655497876356772,
              0.8227513227513228
            ],
            [
              0.656441717791411,
              0.8227513227513228
            ],
            [
              0.6569136385087305,
              0.8235071806500378
            ],
            [
              0.6578574799433695,
              0.8235071806500378
            ],
            [
              0.6588013213780085,
              0.8235071806500378
            ],
            [
              0.6597451628126475,
              0.8235071806500378
            ],
            [
              0.660217083529967,
              0.8242630385487528
            ],
            [
              0.661160924964606,
              0.8242630385487528
            ],
            [
              0.6618688060405852,
              0.8246409674981103
            ],
            [
              0.6625766871165644,
              0.8250188964474678
            ],
            [
              0.6630486078338839,
              0.825774754346183
            ],
            [
              0.6635205285512034,
              0.826530612244898
            ],
            [
              0.6639924492685229,
              0.827286470143613
            ],
            [
              0.6644643699858424,
              0.828042328042328
            ],
            [
              0.6647003303445022,
              0.8291761148904006
            ],
            [
              0.6644643699858424,
              0.8303099017384732
            ],
            [
              0.6639924492685229,
              0.8310657596371882
            ],
            [
              0.6635205285512034,
              0.8318216175359032
            ],
            [
              0.6630486078338839,
              0.8325774754346182
            ],
            [
              0.6625766871165644,
              0.8333333333333334
            ],
            [
              0.662104766399245,
              0.8340891912320484
            ],
            [
              0.6616328456819255,
              0.8348450491307634
            ],
            [
              0.6606890042472865,
              0.8348450491307634
            ],
            [
              0.6599811231713072,
              0.8352229780801209
            ],
            [
              0.659273242095328,
              0.8356009070294784
            ],
            [
              0.6588013213780085,
              0.8363567649281936
            ],
            [
              0.6580934403020292,
              0.8367346938775511
            ],
            [
              0.6576215195847098,
              0.8374905517762661
            ],
            [
              0.6569136385087305,
              0.8378684807256236
            ],
            [
              0.656441717791411,
              0.8386243386243386
            ],
            [
              0.6562057574327513,
              0.8397581254724111
            ],
            [
              0.6557338367154318,
              0.8405139833711263
            ],
            [
              0.6552619159981123,
              0.8412698412698413
            ],
            [
              0.6547899952807928,
              0.8420256991685563
            ],
            [
              0.6543180745634734,
              0.8427815570672713
            ],
            [
              0.653610193487494,
              0.8431594860166288
            ],
            [
              0.6531382727701747,
              0.843915343915344
            ]
          ]
        ]
      },
      "properties": {
        "segment_id": 50,
        "area": 1510,
        "bbox": [
          1339.0,
          1084.0,
          69.0,
          32.0
        ],
        "iou": 0.9052916765213013,
        "stability": 0.9707412123680115,
        "auto_generated": true,
        "model": "segment_anything"
      }
    },
    {
      "type": "Feature",
      "geometry": {
        "type": "Polygon",
        "coordinates": [
          [
            [
              0.5011798017932987,
              0.7532123960695389
            ],
            [
              0.5007078810759792,
              0.7532123960695389
            ],
            [
              0.5002359603586597,
              0.7532123960695389
            ],
            [
              0.49976403964134025,
              0.7532123960695389
            ],
            [
              0.49929211892402076,
              0.7532123960695389
            ],
            [
              0.49882019820670126,
              0.7532123960695389
            ],
            [
              0.49834827748938176,
              0.7532123960695389
            ],
            [
              0.49787635677206227,
              0.7532123960695389
            ],
            [
              0.4974044360547428,
              0.7532123960695389
            ],
            [
              0.49693251533742333,
              0.7532123960695389
            ],
            [
              0.4966965549787636,
              0.7528344671201814
            ],
            [
              0.49646059462010383,
              0.7524565381708239
            ],
            [
              0.49598867390278434,
              0.7524565381708239
            ],
            [
              0.49551675318546484,
              0.7524565381708239
            ],
            [
              0.49504483246814535,
              0.7524565381708239
            ],
            [
              0.49457291175082585,
              0.7524565381708239
            ],
            [
              0.49410099103350635,
              0.7524565381708239
            ],
            [
              0.49362907031618686,
              0.7524565381708239
            ],
            [
              0.4933931099575271,
              0.7520786092214664
            ],
            [
              0.4931571495988674,
              0.7517006802721088
            ],
            [
              0.4926852288815479,
              0.7517006802721088
            ],
            [
              0.4922133081642284,
              0.7517006802721088
            ],
            [
              0.4919773478055687,
              0.7513227513227513
            ],
            [
              0.49174138744690893,
              0.7509448223733938
            ],
            [
              0.49126946672958943,
              0.7509448223733938
            ],
            [
              0.49079754601226994,
              0.7509448223733938
            ],
            [
              0.4905615856536102,
              0.7505668934240363
            ],
            [
              0.49032562529495044,
              0.7501889644746788
            ],
            [
              0.48985370457763094,
              0.7501889644746788
            ],
            [
              0.48938178386031145,
              0.7501889644746788
            ],
            [
              0.48890986314299195,
              0.7501889644746788
            ],
            [
              0.4884379424256725,
              0.7501889644746788
            ],
            [
              0.48820198206701276,
              0.7498110355253212
            ],
            [
              0.487966021708353,
              0.7494331065759637
            ],
            [
              0.4874941009910335,
              0.7494331065759637
            ],
            [
              0.487022180273714,
              0.7494331065759637
            ],
            [
              0.4865502595563945,
              0.7494331065759637
            ],
            [
              0.4863142991977348,
              0.7490551776266062
            ],
            [
              0.48607833883907503,
              0.7486772486772487
            ],
            [
              0.48560641812175553,
              0.7486772486772487
            ],
            [
              0.4853704577630958,
              0.7482993197278912
            ],
            [
              0.48513449740443604,
              0.7479213907785336
            ],
            [
              0.48466257668711654,
              0.7479213907785336
            ],
            [
              0.4844266163284568,
              0.7475434618291761
            ],
            [
              0.4841906559697971,
              0.7471655328798186
            ],
            [
              0.48395469561113735,
              0.7467876039304611
            ],
            [
              0.4837187352524776,
              0.7464096749811036
            ],
            [
              0.4832468145351581,
              0.7464096749811036
            ],
            [
              0.48301085417649836,
              0.746031746031746
            ],
            [
              0.4827748938178386,
              0.7456538170823885
            ],
            [
              0.4823029731005191,
              0.7456538170823885
            ],
            [
              0.4818310523831996,
              0.7456538170823885
            ],
            [
              0.4813591316658801,
              0.7456538170823885
            ],
            [
              0.4811231713072204,
              0.745275888133031
            ],
            [
              0.48088721094856063,
              0.7448979591836735
            ],
            [
              0.48041529023124113,
              0.7448979591836735
            ],
            [
              0.4801793298725814,
              0.7445200302343159
            ],
            [
              0.47994336951392164,
              0.7441421012849584
            ],
            [
              0.4794714487966022,
              0.7441421012849584
            ],
            [
              0.47923548843794245,
              0.7437641723356009
            ],
            [
              0.47923548843794245,
              0.7430083144368859
            ],
            [
              0.4789995280792827,
              0.7426303854875284
            ],
            [
              0.47876356772062295,
              0.7422524565381708
            ],
            [
              0.47876356772062295,
              0.7414965986394558
            ],
            [
              0.4789995280792827,
              0.7411186696900982
            ],
            [
              0.47923548843794245,
              0.7407407407407407
            ],
            [
              0.47923548843794245,
              0.7399848828420257
            ],
            [
              0.4794714487966022,
              0.7396069538926682
            ],
            [
              0.47970740915526194,
              0.7392290249433107
            ],
            [
              0.47994336951392164,
              0.7388510959939532
            ],
            [
              0.4801793298725814,
              0.7384731670445956
            ],
            [
              0.48041529023124113,
              0.7380952380952381
            ],
            [
              0.48088721094856063,
              0.7380952380952381
            ],
            [
              0.4811231713072204,
              0.7377173091458806
            ],
            [
              0.4813591316658801,
              0.737339380196523
            ],
            [
              0.4818310523831996,
              0.737339380196523
            ],
            [
              0.48206701274185937,
              0.7369614512471655
            ],
            [
              0.4823029731005191,
              0.736583522297808
            ],
            [
              0.4827748938178386,
              0.736583522297808
            ],
            [
              0.48301085417649836,
              0.7362055933484505
            ],
            [
              0.4832468145351581,
              0.735827664399093
            ],
            [
              0.48348277489381786,
              0.7354497354497355
            ],
            [
              0.4837187352524776,
              0.735071806500378
            ],
            [
              0.48395469561113735,
              0.7346938775510204
            ],
            [
              0.4841906559697971,
              0.7343159486016629
            ],
            [
              0.48466257668711654,
              0.7343159486016629
            ],
            [
              0.4848985370457763,
              0.7339380196523053
            ],
            [
              0.48513449740443604,
              0.7335600907029478
            ],
            [
              0.4853704577630958,
              0.7331821617535903
            ],
            [
              0.48560641812175553,
              0.7328042328042328
            ],
            [
              0.48607833883907503,
              0.7328042328042328
            ],
            [
              0.4863142991977348,
              0.7324263038548753
            ],
            [
              0.4865502595563945,
              0.7320483749055178
            ],
            [
              0.487022180273714,
              0.7320483749055178
            ],
            [
              0.4874941009910335,
              0.7320483749055178
            ],
            [
              0.487966021708353,
              0.7320483749055178
            ],
            [
              0.48820198206701276,
              0.7316704459561603
            ],
            [
              0.4884379424256725,
              0.7312925170068028
            ],
            [
              0.48890986314299195,
              0.7312925170068028
            ],
            [
              0.48938178386031145,
              0.7312925170068028
            ],
            [
              0.48985370457763094,
              0.7312925170068028
            ],
            [
              0.49032562529495044,
              0.7312925170068028
            ],
            [
              0.49079754601226994,
              0.7312925170068028
            ],
            [
              0.4910335063709297,
              0.7316704459561603
            ],
            [
              0.49126946672958943,
              0.7320483749055178
            ],
            [
              0.49174138744690893,
              0.7320483749055178
            ],
            [
              0.4922133081642284,
              0.7320483749055178
            ],
            [
              0.4926852288815479,
              0.7320483749055178
            ],
            [
              0.4931571495988674,
              0.7320483749055178
            ],
            [
              0.4933931099575271,
              0.7324263038548753
            ],
            [
              0.49362907031618686,
              0.7328042328042328
            ],
            [
              0.49410099103350635,
              0.7328042328042328
            ],
            [
              0.49457291175082585,
              0.7328042328042328
            ],
            [
              0.49504483246814535,
              0.7328042328042328
            ],
            [
              0.4952807928268051,
              0.7331821617535903
            ],
            [
              0.49551675318546484,
              0.7335600907029478
            ],
            [
              0.49598867390278434,
              0.7335600907029478
            ],
            [
              0.4962246342614441,
              0.7339380196523053
            ],
            [
              0.49646059462010383,
              0.7343159486016629
            ],
            [
              0.49693251533742333,
              0.7343159486016629
            ],
            [
              0.4974044360547428,
              0.7343159486016629
            ],
            [
              0.4976403964134026,
              0.7346938775510204
            ],
            [
              0.49787635677206227,
              0.735071806500378
            ],
            [
              0.49834827748938176,
              0.735071806500378
            ],
            [
              0.4985842378480415,
              0.7354497354497355
            ],
            [
              0.49882019820670126,
              0.735827664399093
            ],
            [
              0.49929211892402076,
              0.735827664399093
            ],
            [
              0.49976403964134025,
              0.735827664399093
            ],
            [
              0.5,
              0.7362055933484505
            ],
            [
              0.5002359603586597,
              0.736583522297808
            ],
            [
              0.5007078810759792,
              0.736583522297808
            ],
            [
              0.500943841434639,
              0.7369614512471655
            ],
            [
              0.5011798017932987,
              0.737339380196523
            ],
            [
              0.5016517225106182,
              0.737339380196523
            ],
            [
              0.5021236432279377,
              0.737339380196523
            ],
            [
              0.5023596035865975,
              0.7377173091458806
            ],
            [
              0.5025955639452572,
              0.7380952380952381
            ],
            [
              0.5030674846625767,
              0.7380952380952381
            ],
            [
              0.5033034450212365,
              0.7384731670445956
            ],
            [
              0.5035394053798962,
              0.7388510959939532
            ],
            [
              0.5040113260972157,
              0.7388510959939532
            ],
            [
              0.5042472864558755,
              0.7392290249433107
            ],
            [
              0.5044832468145352,
              0.7396069538926682
            ],
            [
              0.5049551675318547,
              0.7396069538926682
            ],
            [
              0.5051911278905143,
              0.7399848828420257
            ],
            [
              0.5054270882491742,
              0.7403628117913832
            ],
            [
              0.5058990089664936,
              0.7403628117913832
            ],
            [
              0.5061349693251533,
              0.7407407407407407
            ],
            [
              0.5063709296838131,
              0.7411186696900982
            ],
            [
              0.5068428504011326,
              0.7411186696900982
            ],
            [
              0.5070788107597923,
              0.7414965986394558
            ],
            [
              0.5073147711184521,
              0.7418745275888133
            ],
            [
              0.5077866918357716,
              0.7418745275888133
            ],
            [
              0.5080226521944313,
              0.7422524565381708
            ],
            [
              0.5082586125530911,
              0.7426303854875284
            ],
            [
              0.5084945729117508,
              0.7430083144368859
            ],
            [
              0.5087305332704106,
              0.7433862433862434
            ],
            [
              0.5089664936290703,
              0.7437641723356009
            ],
            [
              0.50920245398773,
              0.7441421012849584
            ],
            [
              0.5094384143463898,
              0.7445200302343159
            ],
            [
              0.5096743747050495,
              0.7448979591836735
            ],
            [
              0.510146295422369,
              0.7448979591836735
            ],
            [
              0.5103822557810288,
              0.745275888133031
            ],
            [
              0.5106182161396885,
              0.7456538170823885
            ],
            [
              0.5108541764983483,
              0.746031746031746
            ],
            [
              0.511090136857008,
              0.7464096749811036
            ],
            [
              0.5113260972156678,
              0.7467876039304611
            ],
            [
              0.511090136857008,
              0.7471655328798186
            ],
            [
              0.5108541764983483,
              0.7475434618291761
            ],
            [
              0.5108541764983483,
              0.7482993197278912
            ],
            [
              0.5106182161396885,
              0.7486772486772487
            ],
            [
              0.5103822557810288,
              0.7490551776266062
            ],
            [
              0.510146295422369,
              0.7494331065759637
            ],
            [
              0.5096743747050495,
              0.7494331065759637
            ],
            [
              0.5094384143463898,
              0.7498110355253212
            ],
            [
              0.50920245398773,
              0.7501889644746788
            ],
            [
              0.5087305332704106,
              0.7501889644746788
            ],
            [
              0.5082586125530911,
              0.7501889644746788
            ],
            [
              0.5080226521944313,
              0.7505668934240363
            ],
            [
              0.5077866918357716,
              0.7509448223733938
            ],
            [
              0.5073147711184521,
              0.7509448223733938
            ],
            [
              0.5068428504011326,
              0.7509448223733938
            ],
            [
              0.5063709296838131,
              0.7509448223733938
            ],
            [
              0.5061349693251533,
              0.7513227513227513
            ],
            [
              0.5058990089664936,
              0.7517006802721088
            ],
            [
              0.5054270882491742,
              0.7517006802721088
            ],
            [
              0.5049551675318547,
              0.7517006802721088
            ],
            [
              0.5044832468145352,
              0.7517006802721088
            ],
            [
              0.5040113260972157,
              0.7517006802721088
            ],
            [
              0.503775365738556,
              0.7520786092214664
            ],
            [
              0.5035394053798962,
              0.7524565381708239
            ],
            [
              0.5030674846625767,
              0.7524565381708239
            ],
            [
              0.5025955639452572,
              0.7524565381708239
            ],
            [
              0.5021236432279377,
              0.7524565381708239
            ],
            [
              0.5016517225106182,
              0.7524565381708239
            ],
            [
              0.5014157621519585,
              0.7528344671201814
            ],
            [
              0.5011798017932987,
              0.7532123960695389
            ],
            [
              0.5011798017932987,
              0.7532123960695389
            ]
          ]
        ]
      },
      "properties": {
        "segment_id": 51,
        "area": 1254,
        "bbox": [
          1015.0,
          968.0,
          68.0,
          28.0
        ],
        "iou": 0.8962308168411255,
        "stability": 0.9593432545661926,
        "auto_generated": true,
        "model": "segment_anything"
      }
    },
    {
      "type": "Feature",
      "geometry": {
        "type": "Polygon",
        "coordinates": [
          [
            [
              0.30910806984426614,
              0.590702947845805
            ],
            [
              0.3081642284096272,
              0.590702947845805
            ],
            [
              0.3072203869749882,
              0.590702947845805
            ],
            [
              0.3062765455403492,
              0.590702947845805
            ],
            [
              0.30533270410571023,
              0.590702947845805
            ],
            [
              0.30438886267107124,
              0.590702947845805
            ],
            [
              0.3034450212364323,
              0.590702947845805
            ],
            [
              0.3025011798017933,
              0.590702947845805
            ],
            [
              0.3020292590844738,
              0.58994708994709
            ],
            [
              0.3010854176498348,
              0.58994708994709
            ],
            [
              0.3001415762151958,
              0.58994708994709
            ],
            [
              0.2991977347805569,
              0.58994708994709
            ],
            [
              0.2982538933459179,
              0.58994708994709
            ],
            [
              0.2977819726285984,
              0.5891912320483749
            ],
            [
              0.2968381311939594,
              0.5891912320483749
            ],
            [
              0.2958942897593204,
              0.5891912320483749
            ],
            [
              0.2949504483246815,
              0.5891912320483749
            ],
            [
              0.2940066068900425,
              0.5891912320483749
            ],
            [
              0.293534686172723,
              0.5884353741496599
            ],
            [
              0.292590844738084,
              0.5884353741496599
            ],
            [
              0.291647003303445,
              0.5884353741496599
            ],
            [
              0.290703161868806,
              0.5884353741496599
            ],
            [
              0.2897593204341671,
              0.5884353741496599
            ],
            [
              0.28905143935818783,
              0.5880574452003023
            ],
            [
              0.2883435582822086,
              0.5876795162509448
            ],
            [
              0.2873997168475696,
              0.5876795162509448
            ],
            [
              0.2864558754129306,
              0.5876795162509448
            ],
            [
              0.28551203397829167,
              0.5876795162509448
            ],
            [
              0.2845681925436527,
              0.5876795162509448
            ],
            [
              0.2840962718263332,
              0.5869236583522298
            ],
            [
              0.2831524303916942,
              0.5869236583522298
            ],
            [
              0.2822085889570552,
              0.5869236583522298
            ],
            [
              0.281500707881076,
              0.5865457294028723
            ],
            [
              0.28079282680509676,
              0.5861678004535147
            ],
            [
              0.27984898537045777,
              0.5861678004535147
            ],
            [
              0.2793770646531383,
              0.5854119425547997
            ],
            [
              0.2784332232184993,
              0.5854119425547997
            ],
            [
              0.2774893817838603,
              0.5854119425547997
            ],
            [
              0.27654554034922135,
              0.5854119425547997
            ],
            [
              0.27560169891458236,
              0.5854119425547997
            ],
            [
              0.27512977819726286,
              0.5846560846560847
            ],
            [
              0.2744218971212836,
              0.5842781557067271
            ],
            [
              0.2744218971212836,
              0.5827664399092971
            ],
            [
              0.2744218971212836,
              0.581254724111867
            ],
            [
              0.2744218971212836,
              0.5797430083144369
            ],
            [
              0.2748938178386031,
              0.5789871504157218
            ],
            [
              0.27512977819726286,
              0.5778533635676493
            ],
            [
              0.27560169891458236,
              0.5770975056689343
            ],
            [
              0.27607361963190186,
              0.5763416477702192
            ],
            [
              0.2767815007078811,
              0.5759637188208617
            ],
            [
              0.2774893817838603,
              0.5755857898715041
            ],
            [
              0.2779613025011798,
              0.5748299319727891
            ],
            [
              0.2789051439358188,
              0.5748299319727891
            ],
            [
              0.27984898537045777,
              0.5748299319727891
            ],
            [
              0.28079282680509676,
              0.5748299319727891
            ],
            [
              0.281500707881076,
              0.5744520030234316
            ],
            [
              0.2822085889570552,
              0.5740740740740741
            ],
            [
              0.2831524303916942,
              0.5740740740740741
            ],
            [
              0.2840962718263332,
              0.5740740740740741
            ],
            [
              0.28504011326097217,
              0.5740740740740741
            ],
            [
              0.28598395469561116,
              0.5740740740740741
            ],
            [
              0.2864558754129306,
              0.573318216175359
            ],
            [
              0.2873997168475696,
              0.573318216175359
            ],
            [
              0.2883435582822086,
              0.573318216175359
            ],
            [
              0.2892873997168476,
              0.573318216175359
            ],
            [
              0.2902312411514866,
              0.573318216175359
            ],
            [
              0.2911750825861255,
              0.573318216175359
            ],
            [
              0.2921189240207645,
              0.573318216175359
            ],
            [
              0.29282680509674375,
              0.5736961451247166
            ],
            [
              0.293534686172723,
              0.5740740740740741
            ],
            [
              0.294478527607362,
              0.5740740740740741
            ],
            [
              0.2954223690420009,
              0.5740740740740741
            ],
            [
              0.29613025011798016,
              0.5744520030234316
            ],
            [
              0.2968381311939594,
              0.5748299319727891
            ],
            [
              0.2977819726285984,
              0.5748299319727891
            ],
            [
              0.2987258140632374,
              0.5748299319727891
            ],
            [
              0.2991977347805569,
              0.5755857898715041
            ],
            [
              0.3001415762151958,
              0.5755857898715041
            ],
            [
              0.3010854176498348,
              0.5755857898715041
            ],
            [
              0.3020292590844738,
              0.5755857898715041
            ],
            [
              0.3029731005191128,
              0.5755857898715041
            ],
            [
              0.3034450212364323,
              0.5763416477702192
            ],
            [
              0.30438886267107124,
              0.5763416477702192
            ],
            [
              0.30533270410571023,
              0.5763416477702192
            ],
            [
              0.3060405851816895,
              0.5767195767195767
            ],
            [
              0.3067484662576687,
              0.5770975056689343
            ],
            [
              0.3076923076923077,
              0.5770975056689343
            ],
            [
              0.30863614912694665,
              0.5770975056689343
            ],
            [
              0.30910806984426614,
              0.5778533635676493
            ],
            [
              0.31005191127890513,
              0.5778533635676493
            ],
            [
              0.3109957527135441,
              0.5778533635676493
            ],
            [
              0.3119395941481831,
              0.5778533635676493
            ],
            [
              0.3128834355828221,
              0.5778533635676493
            ],
            [
              0.31382727701746105,
              0.5778533635676493
            ],
            [
              0.31477111845210004,
              0.5778533635676493
            ],
            [
              0.31571495988673903,
              0.5778533635676493
            ],
            [
              0.316658801321378,
              0.5778533635676493
            ],
            [
              0.31760264275601696,
              0.5778533635676493
            ],
            [
              0.31854648419065595,
              0.5778533635676493
            ],
            [
              0.3187824445493157,
              0.5789871504157218
            ],
            [
              0.3187824445493157,
              0.5804988662131519
            ],
            [
              0.3183105238319962,
              0.581254724111867
            ],
            [
              0.31807456347333646,
              0.5823885109599395
            ],
            [
              0.3178386031146767,
              0.5835222978080121
            ],
            [
              0.31760264275601696,
              0.5846560846560847
            ],
            [
              0.3171307220386975,
              0.5854119425547997
            ],
            [
              0.316658801321378,
              0.5861678004535147
            ],
            [
              0.31618688060405853,
              0.5869236583522298
            ],
            [
              0.3154789995280793,
              0.5873015873015873
            ],
            [
              0.31477111845210004,
              0.5876795162509448
            ],
            [
              0.31429919773478054,
              0.5884353741496599
            ],
            [
              0.3135913166588013,
              0.5888133030990174
            ],
            [
              0.3128834355828221,
              0.5891912320483749
            ],
            [
              0.31217555450684287,
              0.5895691609977324
            ],
            [
              0.3114676734308636,
              0.58994708994709
            ],
            [
              0.31052383199622463,
              0.58994708994709
            ],
            [
              0.30957999056158564,
              0.58994708994709
            ],
            [
              0.30910806984426614,
              0.590702947845805
            ]
          ]
        ]
      },
      "properties": {
        "segment_id": 52,
        "area": 1566,
        "bbox": [
          582.0,
          759.0,
          93.0,
          22.0
        ],
        "iou": 0.8926940560340881,
        "stability": 0.9672544002532959,
        "auto_generated": true,
        "model": "segment_anything"
      }
    },
    {
      "type": "Feature",
      "geometry": {
        "type": "Polygon",
        "coordinates": [
          [
            [
              0.9995280792826805,
              0.4402872260015117
            ],
            [
              0.9985842378480415,
              0.4402872260015117
            ],
            [
              0.9978763567720623,
              0.4399092970521542
            ],
            [
              0.997168475696083,
              0.4395313681027967
            ],
            [
              0.9964605946201038,
              0.43915343915343913
            ],
            [
              0.9957527135441245,
              0.4387755102040816
            ],
            [
              0.9952807928268051,
              0.4380196523053666
            ],
            [
              0.9943369513921662,
              0.4380196523053666
            ],
            [
              0.9938650306748467,
              0.43726379440665153
            ],
            [
              0.9931571495988674,
              0.436885865457294
            ],
            [
              0.9924492685228882,
              0.4365079365079365
            ],
            [
              0.9919773478055687,
              0.4357520786092215
            ],
            [
              0.9912694667295894,
              0.43537414965986393
            ],
            [
              0.9905615856536102,
              0.4349962207105064
            ],
            [
              0.9900896649362907,
              0.4342403628117914
            ],
            [
              0.9893817838603115,
              0.43386243386243384
            ],
            [
              0.9886739027843322,
              0.43348450491307633
            ],
            [
              0.987966021708353,
              0.4331065759637188
            ],
            [
              0.9872581406323737,
              0.4327286470143613
            ],
            [
              0.9863142991977348,
              0.4327286470143613
            ],
            [
              0.9856064181217555,
              0.4323507180650038
            ],
            [
              0.9848985370457763,
              0.43197278911564624
            ],
            [
              0.9839546956111374,
              0.43197278911564624
            ],
            [
              0.9830108541764984,
              0.43197278911564624
            ],
            [
              0.9820670127418594,
              0.43197278911564624
            ],
            [
              0.9813591316658802,
              0.43159486016628873
            ],
            [
              0.9806512505899009,
              0.4312169312169312
            ],
            [
              0.9797074091552619,
              0.4312169312169312
            ],
            [
              0.9787635677206229,
              0.4312169312169312
            ],
            [
              0.9778197262859839,
              0.4312169312169312
            ],
            [
              0.9771118452100047,
              0.4308390022675737
            ],
            [
              0.9764039641340255,
              0.4304610733182162
            ],
            [
              0.9756960830580462,
              0.43008314436885864
            ],
            [
              0.974988201982067,
              0.42970521541950113
            ],
            [
              0.9742803209060877,
              0.4293272864701436
            ],
            [
              0.9735724398301085,
              0.4289493575207861
            ],
            [
              0.973100519112789,
              0.42819349962207104
            ],
            [
              0.9721566776781501,
              0.42819349962207104
            ],
            [
              0.9719207173194904,
              0.4270597127739985
            ],
            [
              0.9719207173194904,
              0.4255479969765684
            ],
            [
              0.9719207173194904,
              0.42403628117913833
            ],
            [
              0.9716847569608306,
              0.42290249433106575
            ],
            [
              0.9712128362435111,
              0.42214663643235073
            ],
            [
              0.9702689948088721,
              0.42214663643235073
            ],
            [
              0.9697970740915526,
              0.42139077853363566
            ],
            [
              0.9688532326569136,
              0.42139077853363566
            ],
            [
              0.9683813119395942,
              0.42063492063492064
            ],
            [
              0.9674374705049552,
              0.42063492063492064
            ],
            [
              0.9669655497876357,
              0.41987906273620557
            ],
            [
              0.9664936290703162,
              0.41912320483749055
            ],
            [
              0.9657857479943369,
              0.41874527588813304
            ],
            [
              0.9653138272770174,
              0.41798941798941797
            ],
            [
              0.9648419065596979,
              0.41723356009070295
            ],
            [
              0.9643699858423784,
              0.41647770219198793
            ],
            [
              0.963898065125059,
              0.41572184429327286
            ],
            [
              0.9636621047663992,
              0.4145880574452003
            ],
            [
              0.9634261444077395,
              0.41345427059712775
            ],
            [
              0.96295422369042,
              0.4126984126984127
            ],
            [
              0.9624823029731006,
              0.41194255479969766
            ],
            [
              0.9620103822557811,
              0.41118669690098264
            ],
            [
              0.9615384615384616,
              0.41043083900226757
            ],
            [
              0.9617744218971213,
              0.409297052154195
            ],
            [
              0.9622463426144408,
              0.40854119425547997
            ],
            [
              0.96295422369042,
              0.40816326530612246
            ],
            [
              0.9636621047663992,
              0.40778533635676495
            ],
            [
              0.9641340254837187,
              0.4070294784580499
            ],
            [
              0.9648419065596979,
              0.40665154950869237
            ],
            [
              0.9653138272770174,
              0.40589569160997735
            ],
            [
              0.9657857479943369,
              0.4051398337112623
            ],
            [
              0.9660217083529967,
              0.4040060468631897
            ],
            [
              0.9667295894289759,
              0.4036281179138322
            ],
            [
              0.9672015101462954,
              0.40287226001511717
            ],
            [
              0.9679093912222747,
              0.40249433106575966
            ],
            [
              0.9688532326569136,
              0.40249433106575966
            ],
            [
              0.9693251533742331,
              0.4017384731670446
            ],
            [
              0.9700330344502124,
              0.4013605442176871
            ],
            [
              0.9707409155261916,
              0.40098261526832957
            ],
            [
              0.9712128362435111,
              0.4002267573696145
            ],
            [
              0.9716847569608306,
              0.3994708994708995
            ],
            [
              0.9721566776781501,
              0.3987150415721844
            ],
            [
              0.9728645587541294,
              0.3983371126228269
            ],
            [
              0.9735724398301085,
              0.3979591836734694
            ],
            [
              0.974044360547428,
              0.39720332577475437
            ],
            [
              0.9747522416234072,
              0.3968253968253968
            ],
            [
              0.9752241623407267,
              0.3960695389266818
            ],
            [
              0.9756960830580462,
              0.39531368102796677
            ],
            [
              0.9764039641340255,
              0.3949357520786092
            ],
            [
              0.976875884851345,
              0.3941798941798942
            ],
            [
              0.9778197262859839,
              0.3941798941798942
            ],
            [
              0.9782916470033034,
              0.3934240362811791
            ],
            [
              0.9789995280792827,
              0.3930461073318216
            ],
            [
              0.9797074091552619,
              0.3926681783824641
            ],
            [
              0.9801793298725814,
              0.3919123204837491
            ],
            [
              0.9808872109485607,
              0.3915343915343915
            ],
            [
              0.9815950920245399,
              0.391156462585034
            ],
            [
              0.9820670127418594,
              0.390400604686319
            ],
            [
              0.9830108541764984,
              0.390400604686319
            ],
            [
              0.9834827748938179,
              0.3896447467876039
            ],
            [
              0.984190655969797,
              0.3892668178382464
            ],
            [
              0.9848985370457763,
              0.3888888888888889
            ],
            [
              0.9856064181217555,
              0.3885109599395314
            ],
            [
              0.9863142991977348,
              0.3881330309901738
            ],
            [
              0.9872581406323737,
              0.3881330309901738
            ],
            [
              0.9877300613496932,
              0.3888888888888889
            ],
            [
              0.9886739027843322,
              0.3888888888888889
            ],
            [
              0.9896177442189712,
              0.3888888888888889
            ],
            [
              0.9903256252949505,
              0.3892668178382464
            ],
            [
              0.9910335063709297,
              0.3896447467876039
            ],
            [
              0.9917413874469089,
              0.3900226757369615
            ],
            [
              0.9924492685228882,
              0.390400604686319
            ],
            [
              0.9931571495988674,
              0.3907785336356765
            ],
            [
              0.9938650306748467,
              0.391156462585034
            ],
            [
              0.9948088721094857,
              0.391156462585034
            ],
            [
              0.9952807928268051,
              0.3919123204837491
            ],
            [
              0.996224634261444,
              0.3919123204837491
            ],
            [
              0.9969325153374233,
              0.3922902494331066
            ],
            [
              0.9976403964134025,
              0.3926681783824641
            ],
            [
              0.9985842378480415,
              0.3926681783824641
            ],
            [
              0.9995280792826805,
              0.3926681783824641
            ],
            [
              0.9995280792826805,
              0.4402872260015117
            ]
          ]
        ]
      },
      "properties": {
        "segment_id": 53,
        "area": 3669,
        "bbox": [
          2038.0,
          514.0,
          80.0,
          68.0
        ],
        "iou": 0.8867315053939819,
        "stability": 0.9351778626441956,
        "auto_generated": true,
        "model": "segment_anything"
      }
    },
    {
      "type": "Feature",
      "geometry": {
        "type": "Polygon",
        "coordinates": [
          [
            [
              0.4209532798489854,
              0.5823885109599395
            ],
            [
              0.4204813591316659,
              0.5823885109599395
            ],
            [
              0.4200094384143464,
              0.5823885109599395
            ],
            [
              0.4195375176970269,
              0.5823885109599395
            ],
            [
              0.4190655969797074,
              0.5823885109599395
            ],
            [
              0.4185936762623879,
              0.5823885109599395
            ],
            [
              0.4181217555450684,
              0.5823885109599395
            ],
            [
              0.4176498348277489,
              0.5823885109599395
            ],
            [
              0.4171779141104294,
              0.5823885109599395
            ],
            [
              0.41670599339310993,
              0.5823885109599395
            ],
            [
              0.4162340726757905,
              0.5823885109599395
            ],
            [
              0.415762151958471,
              0.5823885109599395
            ],
            [
              0.4152902312411515,
              0.5823885109599395
            ],
            [
              0.414818310523832,
              0.5823885109599395
            ],
            [
              0.4143463898065125,
              0.5823885109599395
            ],
            [
              0.413874469089193,
              0.5823885109599395
            ],
            [
              0.4134025483718735,
              0.5823885109599395
            ],
            [
              0.412930627654554,
              0.5823885109599395
            ],
            [
              0.4124587069372345,
              0.5823885109599395
            ],
            [
              0.4119867862199151,
              0.5823885109599395
            ],
            [
              0.41175082586125533,
              0.582010582010582
            ],
            [
              0.4115148655025956,
              0.5816326530612245
            ],
            [
              0.4110429447852761,
              0.5816326530612245
            ],
            [
              0.4105710240679566,
              0.5816326530612245
            ],
            [
              0.4100991033506371,
              0.5816326530612245
            ],
            [
              0.4096271826333176,
              0.5816326530612245
            ],
            [
              0.4091552619159981,
              0.5816326530612245
            ],
            [
              0.4086833411986786,
              0.5816326530612245
            ],
            [
              0.40844738084001886,
              0.581254724111867
            ],
            [
              0.4082114204813591,
              0.5808767951625095
            ],
            [
              0.4077394997640396,
              0.5808767951625095
            ],
            [
              0.4075035394053799,
              0.5804988662131519
            ],
            [
              0.4072675790467202,
              0.5801209372637944
            ],
            [
              0.4067956583294007,
              0.5801209372637944
            ],
            [
              0.40655969797074093,
              0.5797430083144369
            ],
            [
              0.4063237376120812,
              0.5793650793650794
            ],
            [
              0.40608777725342143,
              0.5789871504157218
            ],
            [
              0.40608777725342143,
              0.5782312925170068
            ],
            [
              0.40608777725342143,
              0.5774754346182918
            ],
            [
              0.40608777725342143,
              0.5767195767195767
            ],
            [
              0.4063237376120812,
              0.5763416477702192
            ],
            [
              0.40655969797074093,
              0.5759637188208617
            ],
            [
              0.4067956583294007,
              0.5755857898715041
            ],
            [
              0.4070316186880604,
              0.5752078609221466
            ],
            [
              0.4072675790467202,
              0.5748299319727891
            ],
            [
              0.4077394997640396,
              0.5748299319727891
            ],
            [
              0.40797546012269936,
              0.5744520030234316
            ],
            [
              0.4082114204813591,
              0.5740740740740741
            ],
            [
              0.4086833411986786,
              0.5740740740740741
            ],
            [
              0.4091552619159981,
              0.5740740740740741
            ],
            [
              0.4096271826333176,
              0.5740740740740741
            ],
            [
              0.40986314299197735,
              0.5736961451247166
            ],
            [
              0.4100991033506371,
              0.573318216175359
            ],
            [
              0.4105710240679566,
              0.573318216175359
            ],
            [
              0.4110429447852761,
              0.573318216175359
            ],
            [
              0.4115148655025956,
              0.573318216175359
            ],
            [
              0.4119867862199151,
              0.573318216175359
            ],
            [
              0.4124587069372345,
              0.573318216175359
            ],
            [
              0.412930627654554,
              0.573318216175359
            ],
            [
              0.4134025483718735,
              0.573318216175359
            ],
            [
              0.413874469089193,
              0.573318216175359
            ],
            [
              0.4143463898065125,
              0.573318216175359
            ],
            [
              0.414818310523832,
              0.573318216175359
            ],
            [
              0.41505427088249175,
              0.5729402872260015
            ],
            [
              0.4152902312411515,
              0.572562358276644
            ],
            [
              0.415762151958471,
              0.572562358276644
            ],
            [
              0.4162340726757905,
              0.572562358276644
            ],
            [
              0.41670599339310993,
              0.572562358276644
            ],
            [
              0.4171779141104294,
              0.572562358276644
            ],
            [
              0.4176498348277489,
              0.572562358276644
            ],
            [
              0.4181217555450684,
              0.572562358276644
            ],
            [
              0.4185936762623879,
              0.572562358276644
            ],
            [
              0.4190655969797074,
              0.572562358276644
            ],
            [
              0.4195375176970269,
              0.572562358276644
            ],
            [
              0.4200094384143464,
              0.572562358276644
            ],
            [
              0.4204813591316659,
              0.572562358276644
            ],
            [
              0.4209532798489854,
              0.572562358276644
            ],
            [
              0.42142520056630484,
              0.572562358276644
            ],
            [
              0.42189712128362433,
              0.572562358276644
            ],
            [
              0.4221330816422841,
              0.5721844293272865
            ],
            [
              0.42236904200094383,
              0.5718065003779289
            ],
            [
              0.4228409627182633,
              0.5718065003779289
            ],
            [
              0.4233128834355828,
              0.5718065003779289
            ],
            [
              0.4237848041529023,
              0.5718065003779289
            ],
            [
              0.4242567248702218,
              0.5718065003779289
            ],
            [
              0.4247286455875413,
              0.5718065003779289
            ],
            [
              0.4252005663048608,
              0.5718065003779289
            ],
            [
              0.4256724870221803,
              0.5718065003779289
            ],
            [
              0.42614440773949974,
              0.5718065003779289
            ],
            [
              0.42661632845681924,
              0.5718065003779289
            ],
            [
              0.42708824917413873,
              0.5718065003779289
            ],
            [
              0.42756016989145823,
              0.5718065003779289
            ],
            [
              0.427796130250118,
              0.5721844293272865
            ],
            [
              0.4280320906087777,
              0.572562358276644
            ],
            [
              0.4285040113260972,
              0.572562358276644
            ],
            [
              0.42873997168475697,
              0.5729402872260015
            ],
            [
              0.42873997168475697,
              0.5736961451247166
            ],
            [
              0.42873997168475697,
              0.5744520030234316
            ],
            [
              0.42873997168475697,
              0.5752078609221466
            ],
            [
              0.42873997168475697,
              0.5759637188208617
            ],
            [
              0.42873997168475697,
              0.5767195767195767
            ],
            [
              0.42873997168475697,
              0.5774754346182918
            ],
            [
              0.4285040113260972,
              0.5778533635676493
            ],
            [
              0.4282680509674375,
              0.5782312925170068
            ],
            [
              0.4280320906087777,
              0.5786092214663643
            ],
            [
              0.42756016989145823,
              0.5786092214663643
            ],
            [
              0.42708824917413873,
              0.5786092214663643
            ],
            [
              0.426852288815479,
              0.5789871504157218
            ],
            [
              0.42661632845681924,
              0.5793650793650794
            ],
            [
              0.42614440773949974,
              0.5793650793650794
            ],
            [
              0.42590844738084,
              0.5797430083144369
            ],
            [
              0.4256724870221803,
              0.5801209372637944
            ],
            [
              0.4252005663048608,
              0.5801209372637944
            ],
            [
              0.4247286455875413,
              0.5801209372637944
            ],
            [
              0.42449268522888156,
              0.5804988662131519
            ],
            [
              0.4242567248702218,
              0.5808767951625095
            ],
            [
              0.4237848041529023,
              0.5808767951625095
            ],
            [
              0.4233128834355828,
              0.5808767951625095
            ],
            [
              0.4230769230769231,
              0.581254724111867
            ],
            [
              0.4228409627182633,
              0.5816326530612245
            ],
            [
              0.42236904200094383,
              0.5816326530612245
            ],
            [
              0.42189712128362433,
              0.5816326530612245
            ],
            [
              0.42142520056630484,
              0.5816326530612245
            ],
            [
              0.4211892402076451,
              0.582010582010582
            ],
            [
              0.4209532798489854,
              0.5823885109599395
            ],
            [
              0.4209532798489854,
              0.5823885109599395
            ]
          ]
        ]
      },
      "properties": {
        "segment_id": 54,
        "area": 533,
        "bbox": [
          861.0,
          757.0,
          47.0,
          13.0
        ],
        "iou": 0.8834083080291748,
        "stability": 0.975970447063446,
        "auto_generated": true,
        "model": "segment_anything"
      }
    },
    {
      "type": "Feature",
      "geometry": {
        "type": "Polygon",
        "coordinates": [
          [
            [
              0.294478527607362,
              0.37377173091458804
            ],
            [
              0.2940066068900425,
              0.37377173091458804
            ],
            [
              0.293534686172723,
              0.37377173091458804
            ],
            [
              0.2930627654554035,
              0.37377173091458804
            ],
            [
              0.292590844738084,
              0.37377173091458804
            ],
            [
              0.2921189240207645,
              0.37377173091458804
            ],
            [
              0.291647003303445,
              0.37377173091458804
            ],
            [
              0.2911750825861255,
              0.37377173091458804
            ],
            [
              0.290703161868806,
              0.37377173091458804
            ],
            [
              0.2902312411514866,
              0.37377173091458804
            ],
            [
              0.2897593204341671,
              0.37377173091458804
            ],
            [
              0.2892873997168476,
              0.37377173091458804
            ],
            [
              0.2888154789995281,
              0.37377173091458804
            ],
            [
              0.2883435582822086,
              0.37377173091458804
            ],
            [
              0.2878716375648891,
              0.37377173091458804
            ],
            [
              0.2873997168475696,
              0.37377173091458804
            ],
            [
              0.2869277961302501,
              0.37377173091458804
            ],
            [
              0.28669183577159035,
              0.37339380196523053
            ],
            [
              0.2864558754129306,
              0.373015873015873
            ],
            [
              0.28598395469561116,
              0.373015873015873
            ],
            [
              0.28551203397829167,
              0.373015873015873
            ],
            [
              0.28504011326097217,
              0.373015873015873
            ],
            [
              0.2845681925436527,
              0.373015873015873
            ],
            [
              0.2840962718263332,
              0.373015873015873
            ],
            [
              0.2836243511090137,
              0.373015873015873
            ],
            [
              0.2831524303916942,
              0.373015873015873
            ],
            [
              0.2826805096743747,
              0.373015873015873
            ],
            [
              0.2822085889570552,
              0.373015873015873
            ],
            [
              0.2817366682397357,
              0.373015873015873
            ],
            [
              0.28126474752241626,
              0.373015873015873
            ],
            [
              0.28079282680509676,
              0.373015873015873
            ],
            [
              0.28032090608777727,
              0.373015873015873
            ],
            [
              0.2800849457291175,
              0.3726379440665155
            ],
            [
              0.27984898537045777,
              0.37226001511715795
            ],
            [
              0.2793770646531383,
              0.37226001511715795
            ],
            [
              0.2789051439358188,
              0.37226001511715795
            ],
            [
              0.2784332232184993,
              0.37226001511715795
            ],
            [
              0.2779613025011798,
              0.37226001511715795
            ],
            [
              0.27772534214252004,
              0.37188208616780044
            ],
            [
              0.2774893817838603,
              0.37150415721844293
            ],
            [
              0.27701746106654085,
              0.37150415721844293
            ],
            [
              0.27654554034922135,
              0.37150415721844293
            ],
            [
              0.2763095799905616,
              0.3711262282690854
            ],
            [
              0.2763095799905616,
              0.37037037037037035
            ],
            [
              0.27607361963190186,
              0.36999244142101284
            ],
            [
              0.2758376592732421,
              0.36961451247165533
            ],
            [
              0.27560169891458236,
              0.3692365835222978
            ],
            [
              0.2753657385559226,
              0.3688586545729403
            ],
            [
              0.27512977819726286,
              0.36848072562358275
            ],
            [
              0.2748938178386031,
              0.36810279667422524
            ],
            [
              0.2748938178386031,
              0.3673469387755102
            ],
            [
              0.27465785747994337,
              0.36696900982615266
            ],
            [
              0.2744218971212836,
              0.36659108087679515
            ],
            [
              0.27465785747994337,
              0.36621315192743764
            ],
            [
              0.2748938178386031,
              0.36583522297808013
            ],
            [
              0.27512977819726286,
              0.3654572940287226
            ],
            [
              0.27560169891458236,
              0.3654572940287226
            ],
            [
              0.2758376592732421,
              0.36507936507936506
            ],
            [
              0.27607361963190186,
              0.36470143613000755
            ],
            [
              0.27654554034922135,
              0.36470143613000755
            ],
            [
              0.27701746106654085,
              0.36470143613000755
            ],
            [
              0.2774893817838603,
              0.36470143613000755
            ],
            [
              0.2779613025011798,
              0.36470143613000755
            ],
            [
              0.2784332232184993,
              0.36470143613000755
            ],
            [
              0.2789051439358188,
              0.36470143613000755
            ],
            [
              0.2791411042944785,
              0.36432350718065004
            ],
            [
              0.2793770646531383,
              0.36394557823129253
            ],
            [
              0.27984898537045777,
              0.36394557823129253
            ],
            [
              0.28032090608777727,
              0.36394557823129253
            ],
            [
              0.28079282680509676,
              0.36394557823129253
            ],
            [
              0.28126474752241626,
              0.36394557823129253
            ],
            [
              0.2817366682397357,
              0.36394557823129253
            ],
            [
              0.2822085889570552,
              0.36394557823129253
            ],
            [
              0.28244454931571494,
              0.363567649281935
            ],
            [
              0.2826805096743747,
              0.36318972033257746
            ],
            [
              0.2831524303916942,
              0.36318972033257746
            ],
            [
              0.2836243511090137,
              0.36318972033257746
            ],
            [
              0.2840962718263332,
              0.36318972033257746
            ],
            [
              0.2845681925436527,
              0.36318972033257746
            ],
            [
              0.2848041529023124,
              0.36281179138321995
            ],
            [
              0.28504011326097217,
              0.36243386243386244
            ],
            [
              0.28551203397829167,
              0.36243386243386244
            ],
            [
              0.28598395469561116,
              0.36243386243386244
            ],
            [
              0.2864558754129306,
              0.36243386243386244
            ],
            [
              0.28669183577159035,
              0.36205593348450493
            ],
            [
              0.2869277961302501,
              0.36167800453514737
            ],
            [
              0.2873997168475696,
              0.36167800453514737
            ],
            [
              0.2878716375648891,
              0.36167800453514737
            ],
            [
              0.2883435582822086,
              0.36167800453514737
            ],
            [
              0.2888154789995281,
              0.36167800453514737
            ],
            [
              0.2892873997168476,
              0.36167800453514737
            ],
            [
              0.2897593204341671,
              0.36167800453514737
            ],
            [
              0.2902312411514866,
              0.36167800453514737
            ],
            [
              0.290703161868806,
              0.36167800453514737
            ],
            [
              0.2911750825861255,
              0.36167800453514737
            ],
            [
              0.291647003303445,
              0.36167800453514737
            ],
            [
              0.2921189240207645,
              0.36167800453514737
            ],
            [
              0.292590844738084,
              0.36167800453514737
            ],
            [
              0.2930627654554035,
              0.36167800453514737
            ],
            [
              0.293534686172723,
              0.36167800453514737
            ],
            [
              0.2940066068900425,
              0.36167800453514737
            ],
            [
              0.294478527607362,
              0.36167800453514737
            ],
            [
              0.2949504483246815,
              0.36167800453514737
            ],
            [
              0.2954223690420009,
              0.36167800453514737
            ],
            [
              0.2958942897593204,
              0.36167800453514737
            ],
            [
              0.2963662104766399,
              0.36167800453514737
            ],
            [
              0.2968381311939594,
              0.36167800453514737
            ],
            [
              0.2973100519112789,
              0.36167800453514737
            ],
            [
              0.2977819726285984,
              0.36167800453514737
            ],
            [
              0.29801793298725815,
              0.36205593348450493
            ],
            [
              0.2982538933459179,
              0.36243386243386244
            ],
            [
              0.2987258140632374,
              0.36243386243386244
            ],
            [
              0.2991977347805569,
              0.36243386243386244
            ],
            [
              0.29966965549787633,
              0.36243386243386244
            ],
            [
              0.3001415762151958,
              0.36243386243386244
            ],
            [
              0.3006134969325153,
              0.36243386243386244
            ],
            [
              0.30084945729117507,
              0.36281179138321995
            ],
            [
              0.3010854176498348,
              0.36318972033257746
            ],
            [
              0.3015573383671543,
              0.36318972033257746
            ],
            [
              0.3020292590844738,
              0.36318972033257746
            ],
            [
              0.3025011798017933,
              0.36318972033257746
            ],
            [
              0.3029731005191128,
              0.36318972033257746
            ],
            [
              0.3034450212364323,
              0.36318972033257746
            ],
            [
              0.3039169419537518,
              0.36318972033257746
            ],
            [
              0.30438886267107124,
              0.36318972033257746
            ],
            [
              0.304624823029731,
              0.363567649281935
            ],
            [
              0.30486078338839073,
              0.36394557823129253
            ],
            [
              0.30533270410571023,
              0.36394557823129253
            ],
            [
              0.3058046248230297,
              0.36394557823129253
            ],
            [
              0.3062765455403492,
              0.36394557823129253
            ],
            [
              0.3067484662576687,
              0.36394557823129253
            ],
            [
              0.3072203869749882,
              0.36394557823129253
            ],
            [
              0.30745634733364796,
              0.36432350718065004
            ],
            [
              0.3076923076923077,
              0.36470143613000755
            ],
            [
              0.3081642284096272,
              0.36470143613000755
            ],
            [
              0.30840018876828695,
              0.36507936507936506
            ],
            [
              0.30863614912694665,
              0.3654572940287226
            ],
            [
              0.3088721094856064,
              0.36583522297808013
            ],
            [
              0.30910806984426614,
              0.36621315192743764
            ],
            [
              0.30957999056158564,
              0.36621315192743764
            ],
            [
              0.3098159509202454,
              0.36659108087679515
            ],
            [
              0.30957999056158564,
              0.36696900982615266
            ],
            [
              0.3093440302029259,
              0.3673469387755102
            ],
            [
              0.3093440302029259,
              0.36810279667422524
            ],
            [
              0.30910806984426614,
              0.36848072562358275
            ],
            [
              0.3088721094856064,
              0.3688586545729403
            ],
            [
              0.30863614912694665,
              0.3692365835222978
            ],
            [
              0.3081642284096272,
              0.3692365835222978
            ],
            [
              0.30792826805096746,
              0.36961451247165533
            ],
            [
              0.3076923076923077,
              0.36999244142101284
            ],
            [
              0.3072203869749882,
              0.36999244142101284
            ],
            [
              0.3067484662576687,
              0.36999244142101284
            ],
            [
              0.3062765455403492,
              0.36999244142101284
            ],
            [
              0.3058046248230297,
              0.36999244142101284
            ],
            [
              0.30556866446437,
              0.37037037037037035
            ],
            [
              0.30533270410571023,
              0.3707482993197279
            ],
            [
              0.30486078338839073,
              0.3707482993197279
            ],
            [
              0.30438886267107124,
              0.3707482993197279
            ],
            [
              0.3039169419537518,
              0.3707482993197279
            ],
            [
              0.30368098159509205,
              0.3711262282690854
            ],
            [
              0.3034450212364323,
              0.37150415721844293
            ],
            [
              0.3029731005191128,
              0.37150415721844293
            ],
            [
              0.3025011798017933,
              0.37150415721844293
            ],
            [
              0.3020292590844738,
              0.37150415721844293
            ],
            [
              0.3015573383671543,
              0.37150415721844293
            ],
            [
              0.3010854176498348,
              0.37150415721844293
            ],
            [
              0.3006134969325153,
              0.37150415721844293
            ],
            [
              0.3003775365738556,
              0.37188208616780044
            ],
            [
              0.3001415762151958,
              0.37226001511715795
            ],
            [
              0.29966965549787633,
              0.37226001511715795
            ],
            [
              0.2991977347805569,
              0.37226001511715795
            ],
            [
              0.2987258140632374,
              0.37226001511715795
            ],
            [
              0.2982538933459179,
              0.37226001511715795
            ],
            [
              0.2977819726285984,
              0.37226001511715795
            ],
            [
              0.29754601226993865,
              0.3726379440665155
            ],
            [
              0.2973100519112789,
              0.373015873015873
            ],
            [
              0.2968381311939594,
              0.373015873015873
            ],
            [
              0.2963662104766399,
              0.373015873015873
            ],
            [
              0.2958942897593204,
              0.373015873015873
            ],
            [
              0.2954223690420009,
              0.373015873015873
            ],
            [
              0.2949504483246815,
              0.373015873015873
            ],
            [
              0.29471448796602173,
              0.37339380196523053
            ],
            [
              0.294478527607362,
              0.37377173091458804
            ],
            [
              0.294478527607362,
              0.37377173091458804
            ]
          ]
        ]
      },
      "properties": {
        "segment_id": 55,
        "area": 888,
        "bbox": [
          582.0,
          479.0,
          74.0,
          15.0
        ],
        "iou": 0.8796535730361938,
        "stability": 0.9590708017349243,
        "auto_generated": true,
        "model": "segment_anything"
      }
    },
    {
      "type": "Feature",
      "geometry": {
        "type": "Polygon",
        "coordinates": [
          [
            [
              0.07031618688060406,
              0.735071806500378
            ],
            [
              0.06748466257668712,
              0.735071806500378
            ],
            [
              0.06465313827277018,
              0.735071806500378
            ],
            [
              0.06229353468617272,
              0.7343159486016629
            ],
            [
              0.060641812175554505,
              0.7324263038548753
            ],
            [
              0.060405851816894764,
              0.7290249433106576
            ],
            [
              0.06182161396885323,
              0.7267573696145124
            ],
            [
              0.06370929683813119,
              0.7252456538170824
            ],
            [
              0.06559697970740916,
              0.7237339380196524
            ],
            [
              0.06748466257668712,
              0.7222222222222222
            ],
            [
              0.06937234544596507,
              0.7207105064247922
            ],
            [
              0.0710240679565833,
              0.7188208616780045
            ],
            [
              0.0726757904672015,
              0.716931216931217
            ],
            [
              0.07385559226050023,
              0.7142857142857143
            ],
            [
              0.07409155261915998,
              0.7108843537414966
            ],
            [
              0.07173194903256253,
              0.7101284958427816
            ],
            [
              0.06984426616328457,
              0.7101284958427816
            ],
            [
              0.06748466257668712,
              0.7093726379440665
            ],
            [
              0.06465313827277018,
              0.7093726379440665
            ],
            [
              0.06205757432751298,
              0.7097505668934241
            ],
            [
              0.05946201038225578,
              0.7101284958427816
            ],
            [
              0.056630486078338836,
              0.7101284958427816
            ],
            [
              0.053798961774421894,
              0.7101284958427816
            ],
            [
              0.0512033978291647,
              0.7097505668934241
            ],
            [
              0.049079754601226995,
              0.7086167800453514
            ],
            [
              0.04766399244926852,
              0.7063492063492064
            ],
            [
              0.04624823029731005,
              0.7040816326530612
            ],
            [
              0.046012269938650305,
              0.6999244142101285
            ],
            [
              0.046012269938650305,
              0.6953892668178382
            ],
            [
              0.046484190655969794,
              0.691609977324263
            ],
            [
              0.04837187352524776,
              0.690098261526833
            ],
            [
              0.05049551675318546,
              0.6889644746787604
            ],
            [
              0.052855120339782916,
              0.6882086167800453
            ],
            [
              0.05568664464369986,
              0.6882086167800453
            ],
            [
              0.0585181689476168,
              0.6882086167800453
            ],
            [
              0.06134969325153374,
              0.6882086167800453
            ],
            [
              0.06370929683813119,
              0.6889644746787604
            ],
            [
              0.06606890042472864,
              0.6897203325774754
            ],
            [
              0.06890042472864559,
              0.6897203325774754
            ],
            [
              0.07126002831524304,
              0.6904761904761905
            ],
            [
              0.0736196319018405,
              0.6912320483749055
            ],
            [
              0.07645115620575743,
              0.6912320483749055
            ],
            [
              0.07833883907503539,
              0.6897203325774754
            ],
            [
              0.08069844266163284,
              0.6889644746787604
            ],
            [
              0.0830580462482303,
              0.6882086167800453
            ],
            [
              0.08588957055214724,
              0.6882086167800453
            ],
            [
              0.0882491741387447,
              0.6889644746787604
            ],
            [
              0.09060877772534215,
              0.6897203325774754
            ],
            [
              0.09273242095327985,
              0.690854119425548
            ],
            [
              0.09485606418121756,
              0.6919879062736206
            ],
            [
              0.09674374705049552,
              0.6934996220710506
            ],
            [
              0.09815950920245399,
              0.6957671957671958
            ],
            [
              0.0998112317130722,
              0.6969009826152683
            ],
            [
              0.10099103350637093,
              0.6942554799697657
            ],
            [
              0.1028787163756489,
              0.6927437641723356
            ],
            [
              0.1050023596035866,
              0.6938775510204082
            ],
            [
              0.1071260028315243,
              0.6950113378684807
            ],
            [
              0.10854176498348278,
              0.6972789115646258
            ],
            [
              0.10995752713544124,
              0.699546485260771
            ],
            [
              0.11184521000471921,
              0.701058201058201
            ],
            [
              0.11420481359131666,
              0.7018140589569161
            ],
            [
              0.11609249646059462,
              0.7018140589569161
            ],
            [
              0.11798017932987258,
              0.700302343159486
            ],
            [
              0.11939594148183105,
              0.6980347694633409
            ],
            [
              0.1217555450684285,
              0.6972789115646258
            ],
            [
              0.12364322793770646,
              0.6972789115646258
            ],
            [
              0.12600283152430392,
              0.6980347694633409
            ],
            [
              0.12812647475224162,
              0.6984126984126984
            ],
            [
              0.13072203869749882,
              0.6980347694633409
            ],
            [
              0.13260972156677678,
              0.699546485260771
            ],
            [
              0.13449740443605473,
              0.701058201058201
            ],
            [
              0.13732892873997168,
              0.701058201058201
            ],
            [
              0.13968853232656914,
              0.7018140589569161
            ],
            [
              0.14134025483718735,
              0.7037037037037037
            ],
            [
              0.14016045304388863,
              0.7063492063492064
            ],
            [
              0.13827277017461068,
              0.7078609221466364
            ],
            [
              0.13544124587069373,
              0.7078609221466364
            ],
            [
              0.13355356300141577,
              0.7093726379440665
            ],
            [
              0.1316658801321378,
              0.7108843537414966
            ],
            [
              0.12977819726285983,
              0.7123960695389266
            ],
            [
              0.12789051439358187,
              0.7139077853363568
            ],
            [
              0.12576687116564417,
              0.7150415721844293
            ],
            [
              0.12364322793770646,
              0.7161753590325018
            ],
            [
              0.12151958470976876,
              0.7173091458805745
            ],
            [
              0.11939594148183105,
              0.718442932728647
            ],
            [
              0.1170363378952336,
              0.719198790627362
            ],
            [
              0.11514865502595564,
              0.7207105064247922
            ],
            [
              0.11302501179801794,
              0.7218442932728647
            ],
            [
              0.11090136857008023,
              0.7229780801209372
            ],
            [
              0.10854176498348278,
              0.7237339380196524
            ],
            [
              0.10618216139688533,
              0.7244897959183674
            ],
            [
              0.10382255781028787,
              0.7252456538170824
            ],
            [
              0.10146295422369042,
              0.7260015117157974
            ],
            [
              0.09910335063709297,
              0.7267573696145124
            ],
            [
              0.09674374705049552,
              0.7275132275132276
            ],
            [
              0.09438414346389806,
              0.7282690854119426
            ],
            [
              0.09202453987730061,
              0.7290249433106576
            ],
            [
              0.08942897593204342,
              0.7294028722600151
            ],
            [
              0.08683341198678622,
              0.7297808012093726
            ],
            [
              0.08447380840018877,
              0.7305366591080876
            ],
            [
              0.08211420481359132,
              0.7312925170068028
            ],
            [
              0.07975460122699386,
              0.7320483749055178
            ],
            [
              0.07739499764039641,
              0.7328042328042328
            ],
            [
              0.07503539405379896,
              0.7335600907029478
            ],
            [
              0.0726757904672015,
              0.7343159486016629
            ],
            [
              0.07031618688060406,
              0.735071806500378
            ]
          ]
        ]
      },
      "properties": {
        "segment_id": 56,
        "area": 7073,
        "bbox": [
          98.0,
          911.0,
          201.0,
          61.0
        ],
        "iou": 0.8621162176132202,
        "stability": 0.9338628053665161,
        "auto_generated": true,
        "model": "segment_anything"
      }
    },
    {
      "type": "Feature",
      "geometry": {
        "type": "Polygon",
        "coordinates": [
          [
            [
              0.6427560169891459,
              0.42592592592592593
            ],
            [
              0.6422840962718264,
              0.42592592592592593
            ],
            [
              0.6418121755545069,
              0.42592592592592593
            ],
            [
              0.6413402548371874,
              0.42592592592592593
            ],
            [
              0.6408683341198679,
              0.42592592592592593
            ],
            [
              0.6403964134025484,
              0.42592592592592593
            ],
            [
              0.6399244926852289,
              0.42592592592592593
            ],
            [
              0.6394525719679094,
              0.42592592592592593
            ],
            [
              0.6389806512505899,
              0.42592592592592593
            ],
            [
              0.6385087305332704,
              0.42592592592592593
            ],
            [
              0.6380368098159509,
              0.42592592592592593
            ],
            [
              0.6375648890986314,
              0.42592592592592593
            ],
            [
              0.6370929683813119,
              0.42592592592592593
            ],
            [
              0.6366210476639924,
              0.42592592592592593
            ],
            [
              0.6361491269466729,
              0.42592592592592593
            ],
            [
              0.6356772062293534,
              0.42592592592592593
            ],
            [
              0.6352052855120339,
              0.42592592592592593
            ],
            [
              0.6347333647947145,
              0.42592592592592593
            ],
            [
              0.634261444077395,
              0.42592592592592593
            ],
            [
              0.6337895233600755,
              0.42592592592592593
            ],
            [
              0.633317602642756,
              0.42592592592592593
            ],
            [
              0.6328456819254366,
              0.42592592592592593
            ],
            [
              0.6326097215667768,
              0.4255479969765684
            ],
            [
              0.6323737612081171,
              0.42517006802721086
            ],
            [
              0.6319018404907976,
              0.42517006802721086
            ],
            [
              0.6314299197734781,
              0.42517006802721086
            ],
            [
              0.6309579990561586,
              0.42517006802721086
            ],
            [
              0.6304860783388391,
              0.42517006802721086
            ],
            [
              0.6300141576215196,
              0.42517006802721086
            ],
            [
              0.6295422369042001,
              0.42517006802721086
            ],
            [
              0.6290703161868806,
              0.42517006802721086
            ],
            [
              0.6285983954695611,
              0.42517006802721086
            ],
            [
              0.6281264747522416,
              0.42517006802721086
            ],
            [
              0.6276545540349221,
              0.42517006802721086
            ],
            [
              0.6274185936762624,
              0.42479213907785335
            ],
            [
              0.6271826333176026,
              0.42441421012849584
            ],
            [
              0.6267107126002831,
              0.42441421012849584
            ],
            [
              0.6262387918829636,
              0.42441421012849584
            ],
            [
              0.6257668711656442,
              0.42441421012849584
            ],
            [
              0.6252949504483247,
              0.42441421012849584
            ],
            [
              0.6248230297310052,
              0.42441421012849584
            ],
            [
              0.6243511090136857,
              0.42441421012849584
            ],
            [
              0.6238791882963662,
              0.42441421012849584
            ],
            [
              0.6234072675790467,
              0.42441421012849584
            ],
            [
              0.6229353468617272,
              0.42441421012849584
            ],
            [
              0.6224634261444077,
              0.42441421012849584
            ],
            [
              0.6219915054270883,
              0.42441421012849584
            ],
            [
              0.6217555450684285,
              0.42403628117913833
            ],
            [
              0.6215195847097688,
              0.4236583522297808
            ],
            [
              0.6210476639924493,
              0.4236583522297808
            ],
            [
              0.6205757432751298,
              0.4236583522297808
            ],
            [
              0.6201038225578103,
              0.4236583522297808
            ],
            [
              0.6196319018404908,
              0.4236583522297808
            ],
            [
              0.6191599811231713,
              0.4236583522297808
            ],
            [
              0.6186880604058518,
              0.4236583522297808
            ],
            [
              0.6182161396885323,
              0.4236583522297808
            ],
            [
              0.6177442189712128,
              0.4236583522297808
            ],
            [
              0.6172722982538933,
              0.4236583522297808
            ],
            [
              0.6168003775365739,
              0.4236583522297808
            ],
            [
              0.6165644171779141,
              0.42328042328042326
            ],
            [
              0.6163284568192544,
              0.42290249433106575
            ],
            [
              0.6158565361019349,
              0.42290249433106575
            ],
            [
              0.6153846153846154,
              0.42290249433106575
            ],
            [
              0.6149126946672959,
              0.42290249433106575
            ],
            [
              0.6144407739499764,
              0.42290249433106575
            ],
            [
              0.6139688532326569,
              0.42290249433106575
            ],
            [
              0.6134969325153374,
              0.42290249433106575
            ],
            [
              0.6130250117980179,
              0.42290249433106575
            ],
            [
              0.6125530910806984,
              0.42290249433106575
            ],
            [
              0.612081170363379,
              0.42290249433106575
            ],
            [
              0.6116092496460594,
              0.42290249433106575
            ],
            [
              0.6113732892873998,
              0.42252456538170824
            ],
            [
              0.61113732892874,
              0.42214663643235073
            ],
            [
              0.6106654082114205,
              0.42214663643235073
            ],
            [
              0.610193487494101,
              0.42214663643235073
            ],
            [
              0.6097215667767815,
              0.42214663643235073
            ],
            [
              0.6094856064181218,
              0.4217687074829932
            ],
            [
              0.609249646059462,
              0.42139077853363566
            ],
            [
              0.6090136857008023,
              0.42101284958427815
            ],
            [
              0.609249646059462,
              0.42063492063492064
            ],
            [
              0.6094856064181218,
              0.42025699168556313
            ],
            [
              0.6094856064181218,
              0.41950113378684806
            ],
            [
              0.6097215667767815,
              0.41912320483749055
            ],
            [
              0.6099575271354413,
              0.41874527588813304
            ],
            [
              0.610193487494101,
              0.41836734693877553
            ],
            [
              0.6106654082114205,
              0.41836734693877553
            ],
            [
              0.6109013685700803,
              0.41798941798941797
            ],
            [
              0.61113732892874,
              0.41761148904006046
            ],
            [
              0.6116092496460594,
              0.41761148904006046
            ],
            [
              0.612081170363379,
              0.41761148904006046
            ],
            [
              0.6125530910806984,
              0.41761148904006046
            ],
            [
              0.6130250117980179,
              0.41761148904006046
            ],
            [
              0.6132609721566776,
              0.41723356009070295
            ],
            [
              0.6134969325153374,
              0.41685563114134544
            ],
            [
              0.6139688532326569,
              0.41685563114134544
            ],
            [
              0.6144407739499764,
              0.41685563114134544
            ],
            [
              0.6149126946672959,
              0.41685563114134544
            ],
            [
              0.6153846153846154,
              0.41685563114134544
            ],
            [
              0.6158565361019349,
              0.41685563114134544
            ],
            [
              0.6163284568192544,
              0.41685563114134544
            ],
            [
              0.6168003775365739,
              0.41685563114134544
            ],
            [
              0.6172722982538933,
              0.41685563114134544
            ],
            [
              0.6177442189712128,
              0.41685563114134544
            ],
            [
              0.6182161396885323,
              0.41685563114134544
            ],
            [
              0.6184521000471921,
              0.41723356009070295
            ],
            [
              0.6186880604058518,
              0.41761148904006046
            ],
            [
              0.6191599811231713,
              0.41761148904006046
            ],
            [
              0.6196319018404908,
              0.41761148904006046
            ],
            [
              0.6201038225578103,
              0.41761148904006046
            ],
            [
              0.6205757432751298,
              0.41761148904006046
            ],
            [
              0.6210476639924493,
              0.41761148904006046
            ],
            [
              0.6215195847097688,
              0.41761148904006046
            ],
            [
              0.6219915054270883,
              0.41761148904006046
            ],
            [
              0.6224634261444077,
              0.41761148904006046
            ],
            [
              0.6229353468617272,
              0.41761148904006046
            ],
            [
              0.6234072675790467,
              0.41761148904006046
            ],
            [
              0.6238791882963662,
              0.41761148904006046
            ],
            [
              0.6243511090136857,
              0.41761148904006046
            ],
            [
              0.6248230297310052,
              0.41761148904006046
            ],
            [
              0.6252949504483247,
              0.41761148904006046
            ],
            [
              0.6257668711656442,
              0.41761148904006046
            ],
            [
              0.6262387918829636,
              0.41761148904006046
            ],
            [
              0.6267107126002831,
              0.41761148904006046
            ],
            [
              0.6271826333176026,
              0.41761148904006046
            ],
            [
              0.6276545540349221,
              0.41761148904006046
            ],
            [
              0.6278905143935819,
              0.41798941798941797
            ],
            [
              0.6281264747522416,
              0.41836734693877553
            ],
            [
              0.6285983954695611,
              0.41836734693877553
            ],
            [
              0.6290703161868806,
              0.41836734693877553
            ],
            [
              0.6295422369042001,
              0.41836734693877553
            ],
            [
              0.6300141576215196,
              0.41836734693877553
            ],
            [
              0.6304860783388391,
              0.41836734693877553
            ],
            [
              0.6309579990561586,
              0.41836734693877553
            ],
            [
              0.6314299197734781,
              0.41836734693877553
            ],
            [
              0.6319018404907976,
              0.41836734693877553
            ],
            [
              0.6323737612081171,
              0.41836734693877553
            ],
            [
              0.6328456819254366,
              0.41836734693877553
            ],
            [
              0.633317602642756,
              0.41836734693877553
            ],
            [
              0.6337895233600755,
              0.41836734693877553
            ],
            [
              0.634261444077395,
              0.41836734693877553
            ],
            [
              0.6347333647947145,
              0.41836734693877553
            ],
            [
              0.6349693251533742,
              0.41874527588813304
            ],
            [
              0.6352052855120339,
              0.41912320483749055
            ],
            [
              0.6356772062293534,
              0.41912320483749055
            ],
            [
              0.6361491269466729,
              0.41912320483749055
            ],
            [
              0.6366210476639924,
              0.41912320483749055
            ],
            [
              0.6370929683813119,
              0.41912320483749055
            ],
            [
              0.6375648890986314,
              0.41912320483749055
            ],
            [
              0.6380368098159509,
              0.41912320483749055
            ],
            [
              0.6385087305332704,
              0.41912320483749055
            ],
            [
              0.6389806512505899,
              0.41912320483749055
            ],
            [
              0.6394525719679094,
              0.41912320483749055
            ],
            [
              0.6399244926852289,
              0.41912320483749055
            ],
            [
              0.6401604530438886,
              0.41950113378684806
            ],
            [
              0.6403964134025484,
              0.41987906273620557
            ],
            [
              0.6408683341198679,
              0.41987906273620557
            ],
            [
              0.6413402548371874,
              0.41987906273620557
            ],
            [
              0.6418121755545069,
              0.41987906273620557
            ],
            [
              0.6422840962718264,
              0.41987906273620557
            ],
            [
              0.6427560169891459,
              0.41987906273620557
            ],
            [
              0.6432279377064654,
              0.41987906273620557
            ],
            [
              0.6436998584237849,
              0.41987906273620557
            ],
            [
              0.6439358187824445,
              0.42025699168556313
            ],
            [
              0.6441717791411042,
              0.42063492063492064
            ],
            [
              0.6446436998584237,
              0.42063492063492064
            ],
            [
              0.6451156205757432,
              0.42063492063492064
            ],
            [
              0.6455875412930627,
              0.42063492063492064
            ],
            [
              0.6458235016517225,
              0.42101284958427815
            ],
            [
              0.6460594620103822,
              0.42139077853363566
            ],
            [
              0.6465313827277017,
              0.42139077853363566
            ],
            [
              0.6470033034450212,
              0.42139077853363566
            ],
            [
              0.647239263803681,
              0.4217687074829932
            ],
            [
              0.6474752241623407,
              0.42214663643235073
            ],
            [
              0.6477111845210005,
              0.42252456538170824
            ],
            [
              0.6474752241623407,
              0.42290249433106575
            ],
            [
              0.647239263803681,
              0.42328042328042326
            ],
            [
              0.6470033034450212,
              0.4236583522297808
            ],
            [
              0.6465313827277017,
              0.4236583522297808
            ],
            [
              0.646295422369042,
              0.42403628117913833
            ],
            [
              0.6460594620103822,
              0.42441421012849584
            ],
            [
              0.6455875412930627,
              0.42441421012849584
            ],
            [
              0.6451156205757432,
              0.42441421012849584
            ],
            [
              0.6448796602170835,
              0.42479213907785335
            ],
            [
              0.6446436998584237,
              0.42517006802721086
            ],
            [
              0.6441717791411042,
              0.42517006802721086
            ],
            [
              0.6436998584237849,
              0.42517006802721086
            ],
            [
              0.6432279377064654,
              0.42517006802721086
            ],
            [
              0.6429919773478056,
              0.4255479969765684
            ],
            [
              0.6427560169891459,
              0.42592592592592593
            ],
            [
              0.6427560169891459,
              0.42592592592592593
            ]
          ]
        ]
      },
      "properties": {
        "segment_id": 57,
        "area": 649,
        "bbox": [
          1291.0,
          552.0,
          81.0,
          11.0
        ],
        "iou": 0.8603121638298035,
        "stability": 0.9356287717819214,
        "auto_generated": true,
        "model": "segment_anything"
      }
    },
    {
      "type": "Feature",
      "geometry": {
        "type": "Polygon",
        "coordinates": [
          [
            [
              0.0,
              0.42139077853363566
            ],
            [
              0.0009438414346389807,
              0.42063492063492064
            ],
            [
              0.0016517225106182161,
              0.41950113378684806
            ],
            [
              0.0025955639452571967,
              0.41874527588813304
            ],
            [
              0.0035394053798961773,
              0.41798941798941797
            ],
            [
              0.004719207173194903,
              0.41761148904006046
            ],
            [
              0.005663048607833884,
              0.41685563114134544
            ],
            [
              0.0070788107597923545,
              0.41685563114134544
            ],
            [
              0.008022652194431336,
              0.41609977324263037
            ],
            [
              0.009438414346389807,
              0.41609977324263037
            ],
            [
              0.010854176498348278,
              0.41609977324263037
            ],
            [
              0.012033978291647004,
              0.41572184429327286
            ],
            [
              0.013213780084945729,
              0.41534391534391535
            ],
            [
              0.014157621519584709,
              0.4145880574452003
            ],
            [
              0.015337423312883436,
              0.41421012849584277
            ],
            [
              0.01651722510618216,
              0.41383219954648526
            ],
            [
              0.01793298725814063,
              0.41383219954648526
            ],
            [
              0.018876828692779613,
              0.41307634164777024
            ],
            [
              0.020292590844738084,
              0.41307634164777024
            ],
            [
              0.021236432279377066,
              0.41232048374905517
            ],
            [
              0.022652194431335537,
              0.41232048374905517
            ],
            [
              0.023596035865974516,
              0.41156462585034015
            ],
            [
              0.024539877300613498,
              0.4108087679516251
            ],
            [
              0.02595563945257197,
              0.4108087679516251
            ],
            [
              0.027135441245870695,
              0.41043083900226757
            ],
            [
              0.028315243039169418,
              0.41005291005291006
            ],
            [
              0.0292590844738084,
              0.409297052154195
            ],
            [
              0.03067484662576687,
              0.409297052154195
            ],
            [
              0.031854648419065594,
              0.4089191232048375
            ],
            [
              0.03303445021236432,
              0.40854119425547997
            ],
            [
              0.033978291647003306,
              0.40778533635676495
            ],
            [
              0.03539405379896177,
              0.40778533635676495
            ],
            [
              0.03680981595092025,
              0.40778533635676495
            ],
            [
              0.037989617744218974,
              0.4074074074074074
            ],
            [
              0.039169419537517694,
              0.4070294784580499
            ],
            [
              0.04058518168947617,
              0.4070294784580499
            ],
            [
              0.042000943841434636,
              0.4070294784580499
            ],
            [
              0.04341670599339311,
              0.4070294784580499
            ],
            [
              0.04483246814535158,
              0.4070294784580499
            ],
            [
              0.045776309579990564,
              0.40778533635676495
            ],
            [
              0.04719207173194903,
              0.40778533635676495
            ],
            [
              0.048607833883907506,
              0.40778533635676495
            ],
            [
              0.049551675318546484,
              0.40854119425547997
            ],
            [
              0.05096743747050495,
              0.40854119425547997
            ],
            [
              0.052383199622463426,
              0.40854119425547997
            ],
            [
              0.05356300141576215,
              0.4089191232048375
            ],
            [
              0.05474280320906088,
              0.409297052154195
            ],
            [
              0.05615856536101935,
              0.409297052154195
            ],
            [
              0.05710240679565833,
              0.41005291005291006
            ],
            [
              0.0585181689476168,
              0.41005291005291006
            ],
            [
              0.05946201038225578,
              0.4108087679516251
            ],
            [
              0.06087777253421425,
              0.4108087679516251
            ],
            [
              0.06229353468617272,
              0.4108087679516251
            ],
            [
              0.06370929683813119,
              0.4108087679516251
            ],
            [
              0.06512505899008966,
              0.4108087679516251
            ],
            [
              0.06630486078338839,
              0.41118669690098264
            ],
            [
              0.06748466257668712,
              0.41156462585034015
            ],
            [
              0.06890042472864559,
              0.41156462585034015
            ],
            [
              0.07008022652194432,
              0.41194255479969766
            ],
            [
              0.0710240679565833,
              0.4126984126984127
            ],
            [
              0.07173194903256253,
              0.41383219954648526
            ],
            [
              0.07291175082586125,
              0.41345427059712775
            ],
            [
              0.07338367154318075,
              0.41194255479969766
            ],
            [
              0.07409155261915998,
              0.4108087679516251
            ],
            [
              0.07479943369513922,
              0.41194255479969766
            ],
            [
              0.07479943369513922,
              0.41421012849584277
            ],
            [
              0.07432751297781973,
              0.41572184429327286
            ],
            [
              0.0736196319018405,
              0.41685563114134544
            ],
            [
              0.073147711184521,
              0.41836734693877553
            ],
            [
              0.07220386974988202,
              0.41912320483749055
            ],
            [
              0.07126002831524304,
              0.41987906273620557
            ],
            [
              0.07031618688060406,
              0.42063492063492064
            ],
            [
              0.06937234544596507,
              0.42139077853363566
            ],
            [
              0.06795658329400661,
              0.42139077853363566
            ],
            [
              0.06701274185936762,
              0.42214663643235073
            ],
            [
              0.06606890042472864,
              0.42290249433106575
            ],
            [
              0.06512505899008966,
              0.4236583522297808
            ],
            [
              0.06418121755545068,
              0.42441421012849584
            ],
            [
              0.0632373761208117,
              0.42517006802721086
            ],
            [
              0.06229353468617272,
              0.42592592592592593
            ],
            [
              0.06087777253421425,
              0.42592592592592593
            ],
            [
              0.05946201038225578,
              0.42592592592592593
            ],
            [
              0.05804624823029731,
              0.42592592592592593
            ],
            [
              0.056866446436998584,
              0.42630385487528344
            ],
            [
              0.056394525719679095,
              0.42781557067271353
            ],
            [
              0.05545068428504012,
              0.42857142857142855
            ],
            [
              0.05427088249174139,
              0.4289493575207861
            ],
            [
              0.053327041057102405,
              0.42970521541950113
            ],
            [
              0.05191127890514394,
              0.42970521541950113
            ],
            [
              0.05049551675318546,
              0.42970521541950113
            ],
            [
              0.049551675318546484,
              0.4304610733182162
            ],
            [
              0.049315714959886736,
              0.4323507180650038
            ],
            [
              0.049551675318546484,
              0.43348450491307633
            ],
            [
              0.04837187352524776,
              0.43386243386243384
            ],
            [
              0.04719207173194903,
              0.4342403628117914
            ],
            [
              0.045776309579990564,
              0.4342403628117914
            ],
            [
              0.04459650778669184,
              0.4346182917611489
            ],
            [
              0.04341670599339311,
              0.4349962207105064
            ],
            [
              0.04247286455875413,
              0.4357520786092215
            ],
            [
              0.04152902312411515,
              0.4365079365079365
            ],
            [
              0.04058518168947617,
              0.43726379440665153
            ],
            [
              0.039169419537517694,
              0.43726379440665153
            ],
            [
              0.037753657385559226,
              0.43726379440665153
            ],
            [
              0.03633789523360075,
              0.43726379440665153
            ],
            [
              0.03539405379896177,
              0.4380196523053666
            ],
            [
              0.033978291647003306,
              0.4380196523053666
            ],
            [
              0.03279848985370458,
              0.4383975812547241
            ],
            [
              0.03161868806040585,
              0.4387755102040816
            ],
            [
              0.030202925908447382,
              0.4387755102040816
            ],
            [
              0.02878716375648891,
              0.4387755102040816
            ],
            [
              0.02784332232184993,
              0.4395313681027967
            ],
            [
              0.026899480887210947,
              0.4402872260015117
            ],
            [
              0.025483718735252476,
              0.4402872260015117
            ],
            [
              0.02406795658329401,
              0.4402872260015117
            ],
            [
              0.023124115148655026,
              0.4410430839002268
            ],
            [
              0.021708352996696555,
              0.4410430839002268
            ],
            [
              0.020764511562057573,
              0.4402872260015117
            ],
            [
              0.019348749410099102,
              0.4402872260015117
            ],
            [
              0.01793298725814063,
              0.4402872260015117
            ],
            [
              0.01651722510618216,
              0.4402872260015117
            ],
            [
              0.015101462954223691,
              0.4402872260015117
            ],
            [
              0.01368570080226522,
              0.4402872260015117
            ],
            [
              0.012741859367626238,
              0.4410430839002268
            ],
            [
              0.011326097215667769,
              0.4410430839002268
            ],
            [
              0.010382255781028787,
              0.4417989417989418
            ],
            [
              0.008966493629070316,
              0.4417989417989418
            ],
            [
              0.008022652194431336,
              0.4425547996976568
            ],
            [
              0.0066068900424728644,
              0.4425547996976568
            ],
            [
              0.005663048607833884,
              0.4417989417989418
            ],
            [
              0.004483246814535158,
              0.4414210128495843
            ],
            [
              0.0033034450212364322,
              0.4410430839002268
            ],
            [
              0.0018876828692779614,
              0.4410430839002268
            ],
            [
              0.00047192071731949034,
              0.4410430839002268
            ],
            [
              0.0,
              0.42139077853363566
            ]
          ]
        ]
      },
      "properties": {
        "segment_id": 58,
        "area": 4785,
        "bbox": [
          0.0,
          539.0,
          158.0,
          46.0
        ],
        "iou": 0.9008681774139404,
        "stability": 0.9248346090316772,
        "auto_generated": true,
        "model": "segment_anything"
      }
    },
    {
      "type": "Feature",
      "geometry": {
        "type": "Polygon",
        "coordinates": [
          [
            [
              0.21189240207645116,
              0.6768707482993197
            ],
            [
              0.2052855120339783,
              0.6761148904006047
            ],
            [
              0.2000943841434639,
              0.6730914588057445
            ],
            [
              0.1949032562529495,
              0.6700680272108843
            ],
            [
              0.18971212836243512,
              0.6670445956160241
            ],
            [
              0.18475696083058046,
              0.6636432350718064
            ],
            [
              0.17885795186408684,
              0.6617535903250189
            ],
            [
              0.17272298253893345,
              0.6602418745275889
            ],
            [
              0.16753185464841908,
              0.6572184429327287
            ],
            [
              0.16234072675790467,
              0.6541950113378685
            ],
            [
              0.158329400660689,
              0.6492819349962207
            ],
            [
              0.16210476639924493,
              0.6439909297052154
            ],
            [
              0.15809344030202926,
              0.6421012849584278
            ],
            [
              0.15243039169419537,
              0.6443688586545729
            ],
            [
              0.14605946201038225,
              0.6432350718065004
            ],
            [
              0.1420481359131666,
              0.6383219954648526
            ],
            [
              0.1363850873053327,
              0.6375661375661376
            ],
            [
              0.13025011798017933,
              0.6360544217687075
            ],
            [
              0.12364322793770646,
              0.6352985638699924
            ],
            [
              0.11892402076451156,
              0.6315192743764172
            ],
            [
              0.11514865502595564,
              0.626228269085412
            ],
            [
              0.10854176498348278,
              0.6254724111866969
            ],
            [
              0.1028787163756489,
              0.6232048374905518
            ],
            [
              0.09886739027843322,
              0.618291761148904
            ],
            [
              0.09957527135441246,
              0.6118669690098262
            ],
            [
              0.09296838131193959,
              0.6126228269085412
            ],
            [
              0.08636149126946673,
              0.6133786848072562
            ],
            [
              0.0804624823029731,
              0.6114890400604687
            ],
            [
              0.07503539405379896,
              0.608843537414966
            ],
            [
              0.07008022652194432,
              0.6054421768707483
            ],
            [
              0.06418121755545068,
              0.6035525321239606
            ],
            [
              0.05828220858895705,
              0.6016628873771731
            ],
            [
              0.05521472392638037,
              0.5952380952380952
            ],
            [
              0.049551675318546484,
              0.5929705215419501
            ],
            [
              0.04436054742803209,
              0.58994708994709
            ],
            [
              0.038697498820198205,
              0.5876795162509448
            ],
            [
              0.03303445021236432,
              0.5854119425547997
            ],
            [
              0.026663520528551202,
              0.5842781557067271
            ],
            [
              0.02005663048607834,
              0.5835222978080121
            ],
            [
              0.018168947616800376,
              0.5752078609221466
            ],
            [
              0.017461066540821142,
              0.5687830687830688
            ],
            [
              0.02336007550731477,
              0.5668934240362812
            ],
            [
              0.0292590844738084,
              0.5650037792894935
            ],
            [
              0.03539405379896177,
              0.5634920634920635
            ],
            [
              0.04105710240679566,
              0.5612244897959183
            ],
            [
              0.04672015101462954,
              0.5589569160997733
            ],
            [
              0.052855120339782916,
              0.5589569160997733
            ],
            [
              0.05946201038225578,
              0.5597127739984883
            ],
            [
              0.06559697970740916,
              0.5582010582010583
            ],
            [
              0.07220386974988202,
              0.5574452003023431
            ],
            [
              0.07881075979235488,
              0.5582010582010583
            ],
            [
              0.08541764983482775,
              0.5589569160997733
            ],
            [
              0.09202453987730061,
              0.5597127739984883
            ],
            [
              0.09792354884379424,
              0.5616024187452758
            ],
            [
              0.10382255781028787,
              0.5634920634920635
            ],
            [
              0.10995752713544124,
              0.5650037792894935
            ],
            [
              0.11562057574327513,
              0.5672713529856387
            ],
            [
              0.12199150542708825,
              0.5661375661375662
            ],
            [
              0.12789051439358187,
              0.5657596371882087
            ],
            [
              0.134261444077395,
              0.5668934240362812
            ],
            [
              0.14063237376120813,
              0.5680272108843537
            ],
            [
              0.147239263803681,
              0.5687830687830688
            ],
            [
              0.15384615384615385,
              0.5680272108843537
            ],
            [
              0.16068900424728647,
              0.5684051398337112
            ],
            [
              0.16658801321378008,
              0.5687830687830688
            ],
            [
              0.17272298253893345,
              0.5687830687830688
            ],
            [
              0.17885795186408684,
              0.5687830687830688
            ],
            [
              0.18003775365738556,
              0.5782312925170068
            ],
            [
              0.17626238791882964,
              0.582010582010582
            ],
            [
              0.1734308636149127,
              0.5888133030990174
            ],
            [
              0.17885795186408684,
              0.59145880574452
            ],
            [
              0.1854648419065597,
              0.592214663643235
            ],
            [
              0.19207173194903257,
              0.5929705215419501
            ],
            [
              0.19867862199150543,
              0.5937263794406652
            ],
            [
              0.2052855120339783,
              0.5944822373393802
            ],
            [
              0.21189240207645116,
              0.5952380952380952
            ],
            [
              0.21849929211892402,
              0.5959939531368103
            ],
            [
              0.2246342614440774,
              0.5975056689342404
            ],
            [
              0.23076923076923078,
              0.5990173847316704
            ],
            [
              0.23737612081170364,
              0.5997732426303855
            ],
            [
              0.24445493157149598,
              0.5997732426303855
            ],
            [
              0.25011798017932985,
              0.6020408163265306
            ],
            [
              0.25625294950448324,
              0.6035525321239606
            ],
            [
              0.26285983954695613,
              0.6043083900226758
            ],
            [
              0.26899480887210947,
              0.6058201058201058
            ],
            [
              0.27560169891458236,
              0.6065759637188208
            ],
            [
              0.2817366682397357,
              0.608087679516251
            ],
            [
              0.2878716375648891,
              0.609599395313681
            ],
            [
              0.292590844738084,
              0.6133786848072562
            ],
            [
              0.29660217083529966,
              0.618291761148904
            ],
            [
              0.291647003303445,
              0.6216931216931217
            ],
            [
              0.2864558754129306,
              0.6247165532879818
            ],
            [
              0.28126474752241626,
              0.627739984882842
            ],
            [
              0.2763095799905616,
              0.6311413454270597
            ],
            [
              0.27135441245870695,
              0.6345427059712774
            ],
            [
              0.26616328456819255,
              0.6375661375661376
            ],
            [
              0.26097215667767815,
              0.6405895691609977
            ],
            [
              0.25530910806984425,
              0.6428571428571429
            ],
            [
              0.25011798017932985,
              0.645880574452003
            ],
            [
              0.24469089193015572,
              0.6485260770975056
            ],
            [
              0.23949976403964135,
              0.6515495086923658
            ],
            [
              0.2345445965077867,
              0.6549508692365835
            ],
            [
              0.2293534686172723,
              0.6579743008314437
            ],
            [
              0.22439830108541764,
              0.6613756613756614
            ],
            [
              0.219443133553563,
              0.6647770219198791
            ],
            [
              0.21566776781500707,
              0.6700680272108843
            ],
            [
              0.21236432279377065,
              0.6761148904006047
            ],
            [
              0.21189240207645116,
              0.6768707482993197
            ]
          ]
        ]
      },
      "properties": {
        "segment_id": 59,
        "area": 41685,
        "bbox": [
          35.0,
          738.0,
          593.0,
          157.0
        ],
        "iou": 0.9260079860687256,
        "stability": 0.928332507610321,
        "auto_generated": true,
        "model": "segment_anything"
      }
    },
    {
      "type": "Feature",
      "geometry": {
        "type": "Polygon",
        "coordinates": [
          [
            [
              0.06512505899008966,
              0.48034769463340893
            ],
            [
              0.06276545540349221,
              0.47959183673469385
            ],
            [
              0.059933931099575274,
              0.47959183673469385
            ],
            [
              0.05710240679565833,
              0.47959183673469385
            ],
            [
              0.05474280320906088,
              0.47883597883597884
            ],
            [
              0.052383199622463426,
              0.4780801209372638
            ],
            [
              0.05002359603586597,
              0.47732426303854875
            ],
            [
              0.04766399244926852,
              0.47656840513983373
            ],
            [
              0.045304388862671074,
              0.47581254724111866
            ],
            [
              0.04318074563473336,
              0.47467876039304613
            ],
            [
              0.04105710240679566,
              0.47354497354497355
            ],
            [
              0.039169419537517694,
              0.47203325774754346
            ],
            [
              0.03728173666823974,
              0.47052154195011336
            ],
            [
              0.03539405379896177,
              0.4690098261526833
            ],
            [
              0.03350637092968381,
              0.46749811035525324
            ],
            [
              0.031854648419065594,
              0.4656084656084656
            ],
            [
              0.03067484662576687,
              0.46296296296296297
            ],
            [
              0.029966965549787637,
              0.4595616024187453
            ],
            [
              0.029495044832468145,
              0.4557823129251701
            ],
            [
              0.03067484662576687,
              0.4531368102796674
            ],
            [
              0.03232656913638509,
              0.4512471655328798
            ],
            [
              0.033978291647003306,
              0.4493575207860922
            ],
            [
              0.03563001415762152,
              0.4474678760393046
            ],
            [
              0.03728173666823974,
              0.445578231292517
            ],
            [
              0.03940537989617744,
              0.4444444444444444
            ],
            [
              0.04105710240679566,
              0.4425547996976568
            ],
            [
              0.04294478527607362,
              0.4410430839002268
            ],
            [
              0.04483246814535158,
              0.4395313681027967
            ],
            [
              0.04672015101462954,
              0.4380196523053666
            ],
            [
              0.04884379424256725,
              0.436885865457294
            ],
            [
              0.05073147711184521,
              0.43537414965986393
            ],
            [
              0.052619159981123174,
              0.43386243386243384
            ],
            [
              0.05450684285040113,
              0.4323507180650038
            ],
            [
              0.056630486078338836,
              0.4312169312169312
            ],
            [
              0.0585181689476168,
              0.42970521541950113
            ],
            [
              0.060405851816894764,
              0.42819349962207104
            ],
            [
              0.06252949504483246,
              0.4270597127739985
            ],
            [
              0.06465313827277018,
              0.42592592592592593
            ],
            [
              0.06701274185936762,
              0.42517006802721086
            ],
            [
              0.06890042472864559,
              0.4236583522297808
            ],
            [
              0.0710240679565833,
              0.42252456538170824
            ],
            [
              0.07291175082586125,
              0.42101284958427815
            ],
            [
              0.07503539405379896,
              0.41987906273620557
            ],
            [
              0.07692307692307693,
              0.41836734693877553
            ],
            [
              0.07881075979235488,
              0.41685563114134544
            ],
            [
              0.08093440302029259,
              0.41572184429327286
            ],
            [
              0.0830580462482303,
              0.4145880574452003
            ],
            [
              0.08494572911750826,
              0.41307634164777024
            ],
            [
              0.0873053327041057,
              0.41232048374905517
            ],
            [
              0.08919301557338367,
              0.4108087679516251
            ],
            [
              0.09131665880132138,
              0.40967498110355255
            ],
            [
              0.09320434167059934,
              0.40816326530612246
            ],
            [
              0.09532798489853704,
              0.4070294784580499
            ],
            [
              0.0976875884851345,
              0.40627362055933486
            ],
            [
              0.0998112317130722,
              0.4051398337112623
            ],
            [
              0.10217083529966965,
              0.40438397581254726
            ],
            [
              0.10429447852760736,
              0.4032501889644747
            ],
            [
              0.10641812175554508,
              0.4021164021164021
            ],
            [
              0.10830580462482303,
              0.40060468631897206
            ],
            [
              0.10995752713544124,
              0.3987150415721844
            ],
            [
              0.1123171307220387,
              0.3979591836734694
            ],
            [
              0.11467673430863615,
              0.3987150415721844
            ],
            [
              0.11514865502595564,
              0.4002267573696145
            ],
            [
              0.11326097215667767,
              0.4017384731670446
            ],
            [
              0.11137328928739972,
              0.4032501889644747
            ],
            [
              0.10948560641812176,
              0.40476190476190477
            ],
            [
              0.1071260028315243,
              0.4055177626606198
            ],
            [
              0.10523831996224635,
              0.4070294784580499
            ],
            [
              0.10311467673430863,
              0.40816326530612246
            ],
            [
              0.10099103350637093,
              0.409297052154195
            ],
            [
              0.09910335063709297,
              0.4108087679516251
            ],
            [
              0.09697970740915526,
              0.41194255479969766
            ],
            [
              0.09485606418121756,
              0.41307634164777024
            ],
            [
              0.09296838131193959,
              0.4145880574452003
            ],
            [
              0.09060877772534215,
              0.41534391534391535
            ],
            [
              0.08872109485606418,
              0.41685563114134544
            ],
            [
              0.08636149126946673,
              0.41761148904006046
            ],
            [
              0.08447380840018877,
              0.41912320483749055
            ],
            [
              0.08258612553091081,
              0.42063492063492064
            ],
            [
              0.08069844266163284,
              0.42214663643235073
            ],
            [
              0.07833883907503539,
              0.42290249433106575
            ],
            [
              0.07645115620575743,
              0.42441421012849584
            ],
            [
              0.07456347333647947,
              0.42592592592592593
            ],
            [
              0.07243983010854177,
              0.4270597127739985
            ],
            [
              0.07031618688060406,
              0.42819349962207104
            ],
            [
              0.0684285040113261,
              0.42970521541950113
            ],
            [
              0.06654082114204814,
              0.4312169312169312
            ],
            [
              0.06418121755545068,
              0.43197278911564624
            ],
            [
              0.06229353468617272,
              0.43348450491307633
            ],
            [
              0.060405851816894764,
              0.4349962207105064
            ],
            [
              0.0585181689476168,
              0.4365079365079365
            ],
            [
              0.056630486078338836,
              0.4380196523053666
            ],
            [
              0.05474280320906088,
              0.4395313681027967
            ],
            [
              0.053091080698442664,
              0.4414210128495843
            ],
            [
              0.0512033978291647,
              0.4429327286470144
            ],
            [
              0.049551675318546484,
              0.444822373393802
            ],
            [
              0.04789995280792827,
              0.4467120181405896
            ],
            [
              0.046012269938650305,
              0.4482237339380197
            ],
            [
              0.04436054742803209,
              0.4501133786848073
            ],
            [
              0.04270882491741387,
              0.4520030234315949
            ],
            [
              0.041293062765455406,
              0.45427059712774
            ],
            [
              0.04034922133081642,
              0.45729402872260017
            ],
            [
              0.04034922133081642,
              0.4603174603174603
            ],
            [
              0.041293062765455406,
              0.4633408919123205
            ],
            [
              0.04270882491741387,
              0.4656084656084656
            ],
            [
              0.04412458706937235,
              0.46787603930461075
            ],
            [
              0.046012269938650305,
              0.46938775510204084
            ],
            [
              0.04766399244926852,
              0.47127739984882844
            ],
            [
              0.049551675318546484,
              0.47278911564625853
            ],
            [
              0.05191127890514394,
              0.47354497354497355
            ],
            [
              0.05427088249174139,
              0.47430083144368856
            ],
            [
              0.05615856536101935,
              0.47581254724111866
            ],
            [
              0.05804624823029731,
              0.47732426303854875
            ],
            [
              0.060405851816894764,
              0.4780801209372638
            ],
            [
              0.06276545540349221,
              0.47883597883597884
            ],
            [
              0.06536101934874941,
              0.47921390778533635
            ],
            [
              0.06512505899008966,
              0.48034769463340893
            ]
          ]
        ]
      },
      "properties": {
        "segment_id": 60,
        "area": 2215,
        "bbox": [
          63.0,
          527.0,
          182.0,
          108.0
        ],
        "iou": 0.8997281789779663,
        "stability": 0.9245442748069763,
        "auto_generated": true,
        "model": "segment_anything"
      }
    },
    {
      "type": "Feature",
      "geometry": {
        "type": "Polygon",
        "coordinates": [
          [
            [
              0.5884851344974045,
              0.8673469387755102
            ],
            [
              0.588013213780085,
              0.8673469387755102
            ],
            [
              0.5875412930627655,
              0.8673469387755102
            ],
            [
              0.587069372345446,
              0.8673469387755102
            ],
            [
              0.5865974516281265,
              0.8673469387755102
            ],
            [
              0.586125530910807,
              0.8673469387755102
            ],
            [
              0.5856536101934875,
              0.8673469387755102
            ],
            [
              0.585181689476168,
              0.8673469387755102
            ],
            [
              0.5847097687588485,
              0.8673469387755102
            ],
            [
              0.584237848041529,
              0.8673469387755102
            ],
            [
              0.5840018876828693,
              0.8669690098261527
            ],
            [
              0.5837659273242095,
              0.8665910808767952
            ],
            [
              0.58329400660689,
              0.8665910808767952
            ],
            [
              0.5828220858895705,
              0.8665910808767952
            ],
            [
              0.5825861255309108,
              0.8662131519274376
            ],
            [
              0.582350165172251,
              0.8658352229780801
            ],
            [
              0.5818782444549315,
              0.8658352229780801
            ],
            [
              0.5816422840962718,
              0.8654572940287226
            ],
            [
              0.581406323737612,
              0.8650793650793651
            ],
            [
              0.5809344030202926,
              0.8650793650793651
            ],
            [
              0.5806984426616328,
              0.8647014361300076
            ],
            [
              0.5804624823029731,
              0.86432350718065
            ],
            [
              0.5802265219443133,
              0.8639455782312925
            ],
            [
              0.5799905615856537,
              0.863567649281935
            ],
            [
              0.5795186408683342,
              0.863567649281935
            ],
            [
              0.5792826805096744,
              0.8631897203325775
            ],
            [
              0.5790467201510147,
              0.86281179138322
            ],
            [
              0.5788107597923549,
              0.8624338624338624
            ],
            [
              0.5788107597923549,
              0.8616780045351474
            ],
            [
              0.5788107597923549,
              0.8609221466364324
            ],
            [
              0.5788107597923549,
              0.8601662887377173
            ],
            [
              0.5790467201510147,
              0.8597883597883598
            ],
            [
              0.5795186408683342,
              0.8597883597883598
            ],
            [
              0.5799905615856537,
              0.8597883597883598
            ],
            [
              0.5802265219443133,
              0.8594104308390023
            ],
            [
              0.5804624823029731,
              0.8590325018896448
            ],
            [
              0.5809344030202926,
              0.8590325018896448
            ],
            [
              0.581406323737612,
              0.8590325018896448
            ],
            [
              0.5818782444549315,
              0.8590325018896448
            ],
            [
              0.582350165172251,
              0.8590325018896448
            ],
            [
              0.5825861255309108,
              0.8586545729402872
            ],
            [
              0.5828220858895705,
              0.8582766439909297
            ],
            [
              0.58329400660689,
              0.8582766439909297
            ],
            [
              0.5835299669655498,
              0.8578987150415722
            ],
            [
              0.5837659273242095,
              0.8575207860922147
            ],
            [
              0.584237848041529,
              0.8575207860922147
            ],
            [
              0.5844738084001888,
              0.8571428571428571
            ],
            [
              0.5847097687588485,
              0.8567649281934996
            ],
            [
              0.5849457291175083,
              0.8563869992441421
            ],
            [
              0.585181689476168,
              0.8560090702947846
            ],
            [
              0.5854176498348278,
              0.8556311413454271
            ],
            [
              0.5854176498348278,
              0.854875283446712
            ],
            [
              0.5856536101934875,
              0.8544973544973545
            ],
            [
              0.5858895705521472,
              0.854119425547997
            ],
            [
              0.586125530910807,
              0.8537414965986394
            ],
            [
              0.5865974516281265,
              0.8537414965986394
            ],
            [
              0.5868334119867862,
              0.8533635676492819
            ],
            [
              0.587069372345446,
              0.8529856386999244
            ],
            [
              0.5875412930627655,
              0.8529856386999244
            ],
            [
              0.5877772534214252,
              0.8526077097505669
            ],
            [
              0.588013213780085,
              0.8522297808012094
            ],
            [
              0.5884851344974045,
              0.8522297808012094
            ],
            [
              0.5887210948560642,
              0.8518518518518519
            ],
            [
              0.588957055214724,
              0.8514739229024944
            ],
            [
              0.5894289759320435,
              0.8514739229024944
            ],
            [
              0.5896649362907032,
              0.8510959939531368
            ],
            [
              0.589900896649363,
              0.8507180650037793
            ],
            [
              0.5901368570080227,
              0.8503401360544217
            ],
            [
              0.5903728173666823,
              0.8499622071050642
            ],
            [
              0.5908447380840018,
              0.8499622071050642
            ],
            [
              0.5910806984426616,
              0.8495842781557067
            ],
            [
              0.5913166588013213,
              0.8492063492063492
            ],
            [
              0.5917885795186408,
              0.8492063492063492
            ],
            [
              0.5922605002359603,
              0.8492063492063492
            ],
            [
              0.5927324209532798,
              0.8492063492063492
            ],
            [
              0.5932043416705993,
              0.8492063492063492
            ],
            [
              0.5936762623879188,
              0.8492063492063492
            ],
            [
              0.5941481831052383,
              0.8492063492063492
            ],
            [
              0.5943841434638981,
              0.8495842781557067
            ],
            [
              0.5946201038225578,
              0.8499622071050642
            ],
            [
              0.5950920245398773,
              0.8499622071050642
            ],
            [
              0.595327984898537,
              0.8503401360544217
            ],
            [
              0.595327984898537,
              0.8510959939531368
            ],
            [
              0.595327984898537,
              0.8518518518518519
            ],
            [
              0.595327984898537,
              0.8526077097505669
            ],
            [
              0.595327984898537,
              0.8533635676492819
            ],
            [
              0.595327984898537,
              0.854119425547997
            ],
            [
              0.5950920245398773,
              0.8544973544973545
            ],
            [
              0.5948560641812175,
              0.854875283446712
            ],
            [
              0.5948560641812175,
              0.8556311413454271
            ],
            [
              0.5948560641812175,
              0.8563869992441421
            ],
            [
              0.5946201038225578,
              0.8567649281934996
            ],
            [
              0.5943841434638981,
              0.8571428571428571
            ],
            [
              0.5943841434638981,
              0.8578987150415722
            ],
            [
              0.5943841434638981,
              0.8586545729402872
            ],
            [
              0.5941481831052383,
              0.8590325018896448
            ],
            [
              0.5939122227465786,
              0.8594104308390023
            ],
            [
              0.5936762623879188,
              0.8597883597883598
            ],
            [
              0.5934403020292591,
              0.8601662887377173
            ],
            [
              0.5932043416705993,
              0.8605442176870748
            ],
            [
              0.5929683813119396,
              0.8609221466364324
            ],
            [
              0.5927324209532798,
              0.8613000755857899
            ],
            [
              0.5922605002359603,
              0.8613000755857899
            ],
            [
              0.5920245398773006,
              0.8616780045351474
            ],
            [
              0.5920245398773006,
              0.8624338624338624
            ],
            [
              0.5917885795186408,
              0.86281179138322
            ],
            [
              0.5915526191599811,
              0.8631897203325775
            ],
            [
              0.5913166588013213,
              0.863567649281935
            ],
            [
              0.5910806984426616,
              0.8639455782312925
            ],
            [
              0.5910806984426616,
              0.8647014361300076
            ],
            [
              0.5908447380840018,
              0.8650793650793651
            ],
            [
              0.5906087777253421,
              0.8654572940287226
            ],
            [
              0.5903728173666823,
              0.8658352229780801
            ],
            [
              0.589900896649363,
              0.8658352229780801
            ],
            [
              0.5896649362907032,
              0.8662131519274376
            ],
            [
              0.5894289759320435,
              0.8665910808767952
            ],
            [
              0.588957055214724,
              0.8665910808767952
            ],
            [
              0.5887210948560642,
              0.8669690098261527
            ],
            [
              0.5884851344974045,
              0.8673469387755102
            ],
            [
              0.5884851344974045,
              0.8673469387755102
            ]
          ]
        ]
      },
      "properties": {
        "segment_id": 61,
        "area": 489,
        "bbox": [
          1227.0,
          1124.0,
          34.0,
          23.0
        ],
        "iou": 0.8812147378921509,
        "stability": 0.9544554352760315,
        "auto_generated": true,
        "model": "segment_anything"
      }
    },
    {
      "type": "Feature",
      "geometry": {
        "type": "Polygon",
        "coordinates": [
          [
            [
              0.930627654554035,
              0.626228269085412
            ],
            [
              0.929683813119396,
              0.626228269085412
            ],
            [
              0.928739971684757,
              0.626228269085412
            ],
            [
              0.927796130250118,
              0.626228269085412
            ],
            [
              0.926852288815479,
              0.626228269085412
            ],
            [
              0.92590844738084,
              0.626228269085412
            ],
            [
              0.924964605946201,
              0.626228269085412
            ],
            [
              0.924020764511562,
              0.626228269085412
            ],
            [
              0.9230769230769231,
              0.626228269085412
            ],
            [
              0.9226050023596036,
              0.6254724111866969
            ],
            [
              0.9216611609249646,
              0.6254724111866969
            ],
            [
              0.9209532798489853,
              0.6250944822373394
            ],
            [
              0.9202453987730062,
              0.6247165532879818
            ],
            [
              0.9193015573383672,
              0.6247165532879818
            ],
            [
              0.9183577159037282,
              0.6247165532879818
            ],
            [
              0.9174138744690892,
              0.6247165532879818
            ],
            [
              0.9164700330344502,
              0.6247165532879818
            ],
            [
              0.9159981123171307,
              0.6239606953892668
            ],
            [
              0.9150542708824917,
              0.6239606953892668
            ],
            [
              0.9141104294478528,
              0.6239606953892668
            ],
            [
              0.9131665880132138,
              0.6239606953892668
            ],
            [
              0.9122227465785748,
              0.6239606953892668
            ],
            [
              0.9112789051439358,
              0.6239606953892668
            ],
            [
              0.9105710240679565,
              0.6235827664399093
            ],
            [
              0.9098631429919773,
              0.6232048374905518
            ],
            [
              0.9089193015573384,
              0.6232048374905518
            ],
            [
              0.9082114204813592,
              0.6228269085411943
            ],
            [
              0.9075035394053799,
              0.6224489795918368
            ],
            [
              0.9070316186880604,
              0.6216931216931217
            ],
            [
              0.9063237376120812,
              0.6213151927437641
            ],
            [
              0.9058518168947617,
              0.6205593348450491
            ],
            [
              0.9053798961774422,
              0.6198034769463341
            ],
            [
              0.9049079754601227,
              0.6190476190476191
            ],
            [
              0.9044360547428032,
              0.618291761148904
            ],
            [
              0.9039641340254837,
              0.6175359032501889
            ],
            [
              0.9032562529495045,
              0.6171579743008314
            ],
            [
              0.9030202925908447,
              0.6160241874527589
            ],
            [
              0.9032562529495045,
              0.6148904006046864
            ],
            [
              0.903728173666824,
              0.6141345427059712
            ],
            [
              0.9042000943841435,
              0.6133786848072562
            ],
            [
              0.9049079754601227,
              0.6137566137566137
            ],
            [
              0.9056158565361019,
              0.6141345427059712
            ],
            [
              0.9065596979707409,
              0.6141345427059712
            ],
            [
              0.9070316186880604,
              0.6133786848072562
            ],
            [
              0.9079754601226994,
              0.6133786848072562
            ],
            [
              0.9084473808400189,
              0.6126228269085412
            ],
            [
              0.9086833411986787,
              0.6114890400604687
            ],
            [
              0.9082114204813592,
              0.6107331821617535
            ],
            [
              0.9077394997640397,
              0.6099773242630385
            ],
            [
              0.9075035394053799,
              0.608843537414966
            ],
            [
              0.9070316186880604,
              0.608087679516251
            ],
            [
              0.9065596979707409,
              0.6073318216175358
            ],
            [
              0.9060877772534214,
              0.6065759637188208
            ],
            [
              0.9053798961774422,
              0.6061980347694633
            ],
            [
              0.9051439358187825,
              0.6050642479213908
            ],
            [
              0.904672015101463,
              0.6043083900226758
            ],
            [
              0.9042000943841435,
              0.6035525321239606
            ],
            [
              0.903728173666824,
              0.6027966742252456
            ],
            [
              0.9034922133081642,
              0.6016628873771731
            ],
            [
              0.9030202925908447,
              0.6009070294784581
            ],
            [
              0.9030202925908447,
              0.5993953136810279
            ],
            [
              0.9030202925908447,
              0.5978835978835979
            ],
            [
              0.9034922133081642,
              0.5971277399848829
            ],
            [
              0.9042000943841435,
              0.5967498110355253
            ],
            [
              0.9051439358187825,
              0.5967498110355253
            ],
            [
              0.9060877772534214,
              0.5967498110355253
            ],
            [
              0.9070316186880604,
              0.5967498110355253
            ],
            [
              0.9079754601226994,
              0.5967498110355253
            ],
            [
              0.9089193015573384,
              0.5967498110355253
            ],
            [
              0.9098631429919773,
              0.5967498110355253
            ],
            [
              0.9108069844266163,
              0.5967498110355253
            ],
            [
              0.9115148655025955,
              0.5971277399848829
            ],
            [
              0.9122227465785748,
              0.5975056689342404
            ],
            [
              0.9131665880132138,
              0.5975056689342404
            ],
            [
              0.9141104294478528,
              0.5975056689342404
            ],
            [
              0.9150542708824917,
              0.5975056689342404
            ],
            [
              0.9159981123171307,
              0.5975056689342404
            ],
            [
              0.9164700330344502,
              0.5982615268329554
            ],
            [
              0.9169419537517697,
              0.5990173847316704
            ],
            [
              0.917649834827749,
              0.5993953136810279
            ],
            [
              0.9181217555450685,
              0.5993953136810279
            ],
            [
              0.918593676262388,
              0.5986394557823129
            ],
            [
              0.9193015573383672,
              0.5982615268329554
            ],
            [
              0.9197734780556867,
              0.5975056689342404
            ],
            [
              0.9207173194903256,
              0.5975056689342404
            ],
            [
              0.9216611609249646,
              0.5975056689342404
            ],
            [
              0.9226050023596036,
              0.5975056689342404
            ],
            [
              0.9235488437942425,
              0.5975056689342404
            ],
            [
              0.924020764511562,
              0.5967498110355253
            ],
            [
              0.9247286455875413,
              0.5963718820861678
            ],
            [
              0.9254365266635205,
              0.5959939531368103
            ],
            [
              0.92590844738084,
              0.5952380952380952
            ],
            [
              0.9263803680981595,
              0.5944822373393802
            ],
            [
              0.926852288815479,
              0.5937263794406652
            ],
            [
              0.9273242095327985,
              0.5929705215419501
            ],
            [
              0.927796130250118,
              0.592214663643235
            ],
            [
              0.928739971684757,
              0.592214663643235
            ],
            [
              0.929683813119396,
              0.592214663643235
            ],
            [
              0.930627654554035,
              0.592214663643235
            ],
            [
              0.931571495988674,
              0.592214663643235
            ],
            [
              0.9325153374233128,
              0.592214663643235
            ],
            [
              0.9334591788579518,
              0.592214663643235
            ],
            [
              0.9344030202925908,
              0.592214663643235
            ],
            [
              0.9348749410099103,
              0.5929705215419501
            ],
            [
              0.9358187824445493,
              0.5929705215419501
            ],
            [
              0.9362907031618688,
              0.5937263794406652
            ],
            [
              0.9372345445965078,
              0.5937263794406652
            ],
            [
              0.9377064653138273,
              0.5944822373393802
            ],
            [
              0.9381783860311468,
              0.5952380952380952
            ],
            [
              0.9386503067484663,
              0.5959939531368103
            ],
            [
              0.938886267107126,
              0.5971277399848829
            ],
            [
              0.9393581878244455,
              0.5978835978835979
            ],
            [
              0.939830108541765,
              0.5986394557823129
            ],
            [
              0.9400660689004248,
              0.5997732426303855
            ],
            [
              0.9403020292590845,
              0.6009070294784581
            ],
            [
              0.9403020292590845,
              0.6024187452758881
            ],
            [
              0.9403020292590845,
              0.6039304610733183
            ],
            [
              0.939830108541765,
              0.6046863189720333
            ],
            [
              0.9395941481831053,
              0.6058201058201058
            ],
            [
              0.9393581878244455,
              0.6069538926681783
            ],
            [
              0.938886267107126,
              0.6077097505668935
            ],
            [
              0.938886267107126,
              0.6092214663643235
            ],
            [
              0.938886267107126,
              0.6107331821617535
            ],
            [
              0.9386503067484663,
              0.6118669690098262
            ],
            [
              0.9384143463898065,
              0.6130007558578987
            ],
            [
              0.9381783860311468,
              0.6141345427059712
            ],
            [
              0.937942425672487,
              0.6152683295540439
            ],
            [
              0.9377064653138273,
              0.6164021164021164
            ],
            [
              0.9374705049551675,
              0.6175359032501889
            ],
            [
              0.9372345445965078,
              0.6186696900982616
            ],
            [
              0.936998584237848,
              0.6198034769463341
            ],
            [
              0.9367626238791883,
              0.6209372637944066
            ],
            [
              0.9362907031618688,
              0.6216931216931217
            ],
            [
              0.9358187824445493,
              0.6224489795918368
            ],
            [
              0.9351109013685701,
              0.6228269085411943
            ],
            [
              0.9344030202925908,
              0.6232048374905518
            ],
            [
              0.9336951392166116,
              0.6235827664399093
            ],
            [
              0.9332232184992921,
              0.6243386243386243
            ],
            [
              0.9325153374233128,
              0.6247165532879818
            ],
            [
              0.9320434167059934,
              0.6254724111866969
            ],
            [
              0.9310995752713545,
              0.6254724111866969
            ],
            [
              0.930627654554035,
              0.626228269085412
            ]
          ]
        ]
      },
      "properties": {
        "segment_id": 62,
        "area": 2701,
        "bbox": [
          1914.0,
          784.0,
          78.0,
          44.0
        ],
        "iou": 0.9111393690109253,
        "stability": 0.9376811385154724,
        "auto_generated": true,
        "model": "segment_anything"
      }
    },
    {
      "type": "Feature",
      "geometry": {
        "type": "Polygon",
        "coordinates": [
          [
            [
              0.9575271354412459,
              0.5241874527588813
            ],
            [
              0.9537517697026899,
              0.5234315948601663
            ],
            [
              0.9497404436054743,
              0.5230536659108088
            ],
            [
              0.9457291175082586,
              0.5226757369614512
            ],
            [
              0.9424256724870221,
              0.5226757369614512
            ],
            [
              0.9391222274657858,
              0.5211640211640212
            ],
            [
              0.9353468617272298,
              0.5204081632653061
            ],
            [
              0.931571495988674,
              0.5196523053665911
            ],
            [
              0.927796130250118,
              0.518896447467876
            ],
            [
              0.9242567248702218,
              0.5177626606198035
            ],
            [
              0.9202453987730062,
              0.517384731670446
            ],
            [
              0.9164700330344502,
              0.516628873771731
            ],
            [
              0.9126946672958943,
              0.5158730158730159
            ],
            [
              0.9089193015573384,
              0.5151171579743008
            ],
            [
              0.9051439358187825,
              0.5143613000755858
            ],
            [
              0.9013685700802265,
              0.5136054421768708
            ],
            [
              0.8975932043416706,
              0.5128495842781557
            ],
            [
              0.8938178386031147,
              0.5120937263794406
            ],
            [
              0.8902784332232185,
              0.5109599395313681
            ],
            [
              0.8867390278433224,
              0.5098261526832956
            ],
            [
              0.8829636621047664,
              0.5090702947845805
            ],
            [
              0.8791882963662104,
              0.5083144368858654
            ],
            [
              0.8751769702689948,
              0.5079365079365079
            ],
            [
              0.8718735252477584,
              0.5064247921390779
            ],
            [
              0.8716375648890986,
              0.5022675736961452
            ],
            [
              0.8742331288343558,
              0.4996220710506425
            ],
            [
              0.8737612081170364,
              0.4950869236583522
            ],
            [
              0.8702218027371401,
              0.4939531368102797
            ],
            [
              0.8664464369985843,
              0.4931972789115646
            ],
            [
              0.8626710712600283,
              0.4924414210128496
            ],
            [
              0.8588957055214724,
              0.4916855631141345
            ],
            [
              0.8551203397829165,
              0.4909297052154195
            ],
            [
              0.8513449740443606,
              0.49017384731670444
            ],
            [
              0.8475696083058046,
              0.4894179894179894
            ],
            [
              0.8437942425672487,
              0.4886621315192744
            ],
            [
              0.8400188768286928,
              0.4879062736205593
            ],
            [
              0.8362435110901368,
              0.4871504157218443
            ],
            [
              0.832468145351581,
              0.48639455782312924
            ],
            [
              0.8291647003303445,
              0.48488284202569915
            ],
            [
              0.8253893345917885,
              0.48412698412698413
            ],
            [
              0.8216139688532327,
              0.4833711262282691
            ],
            [
              0.8178386031146767,
              0.48261526832955404
            ],
            [
              0.8140632373761209,
              0.481859410430839
            ],
            [
              0.8102878716375649,
              0.48110355253212395
            ],
            [
              0.8065125058990089,
              0.48034769463340893
            ],
            [
              0.8025011798017933,
              0.4799697656840514
            ],
            [
              0.7989617744218971,
              0.47883597883597884
            ],
            [
              0.7951864086833412,
              0.4780801209372638
            ],
            [
              0.7921189240207646,
              0.47619047619047616
            ],
            [
              0.7947144879660217,
              0.47354497354497355
            ],
            [
              0.7963662104766399,
              0.46938775510204084
            ],
            [
              0.7994336951392166,
              0.46749811035525324
            ],
            [
              0.8032090608777726,
              0.46674225245653816
            ],
            [
              0.8065125058990089,
              0.4652305366591081
            ],
            [
              0.8102878716375649,
              0.46447467876039306
            ],
            [
              0.813827277017461,
              0.4633408919123205
            ],
            [
              0.8168947616800377,
              0.4614512471655329
            ],
            [
              0.8197262859839547,
              0.45918367346938777
            ],
            [
              0.8235016517225107,
              0.4584278155706727
            ],
            [
              0.827748938178386,
              0.4584278155706727
            ],
            [
              0.8310523831996225,
              0.4599395313681028
            ],
            [
              0.8348277489381783,
              0.46069538926681786
            ],
            [
              0.8386031146767343,
              0.4614512471655329
            ],
            [
              0.8414346389806513,
              0.463718820861678
            ],
            [
              0.8452100047192072,
              0.46447467876039306
            ],
            [
              0.8480415290231241,
              0.46674225245653816
            ],
            [
              0.8508730533270411,
              0.46749811035525324
            ],
            [
              0.8541764983482775,
              0.4690098261526833
            ],
            [
              0.8579518640868334,
              0.46976568405139835
            ],
            [
              0.8617272298253893,
              0.47052154195011336
            ],
            [
              0.8655025955639453,
              0.47127739984882844
            ],
            [
              0.8697498820198206,
              0.47127739984882844
            ],
            [
              0.8730533270410571,
              0.47278911564625853
            ],
            [
              0.8768286927796131,
              0.47354497354497355
            ],
            [
              0.8806040585181689,
              0.47430083144368856
            ],
            [
              0.8843794242567249,
              0.47505668934240364
            ],
            [
              0.8881547899952807,
              0.47581254724111866
            ],
            [
              0.8924020764511562,
              0.47581254724111866
            ],
            [
              0.8957055214723927,
              0.47732426303854875
            ],
            [
              0.8994808872109485,
              0.4780801209372638
            ],
            [
              0.902784332232185,
              0.47959183673469385
            ],
            [
              0.9058518168947617,
              0.48148148148148145
            ],
            [
              0.9093912222746579,
              0.48110355253212395
            ],
            [
              0.9131665880132138,
              0.481859410430839
            ],
            [
              0.9169419537517697,
              0.48261526832955404
            ],
            [
              0.9207173194903256,
              0.481859410430839
            ],
            [
              0.9237848041529023,
              0.4837490551776266
            ],
            [
              0.9273242095327985,
              0.48488284202569915
            ],
            [
              0.9301557338367155,
              0.4871504157218443
            ],
            [
              0.9334591788579518,
              0.4886621315192744
            ],
            [
              0.9367626238791883,
              0.49017384731670444
            ],
            [
              0.9405379896177443,
              0.4909297052154195
            ],
            [
              0.9438414346389806,
              0.4924414210128496
            ],
            [
              0.9476168003775366,
              0.4931972789115646
            ],
            [
              0.9511562057574328,
              0.4943310657596372
            ],
            [
              0.9539877300613497,
              0.4965986394557823
            ],
            [
              0.9572911750825861,
              0.4981103552532124
            ],
            [
              0.9610665408211421,
              0.4988662131519274
            ],
            [
              0.963898065125059,
              0.5011337868480725
            ],
            [
              0.9669655497876357,
              0.5030234315948602
            ],
            [
              0.9700330344502124,
              0.5049130763416477
            ],
            [
              0.9723926380368099,
              0.5079365079365079
            ],
            [
              0.9742803209060877,
              0.5117157974300831
            ],
            [
              0.9716847569608306,
              0.5143613000755858
            ],
            [
              0.9683813119395942,
              0.5158730158730159
            ],
            [
              0.9650778669183577,
              0.517384731670446
            ],
            [
              0.9627182633317602,
              0.5204081632653061
            ],
            [
              0.9603586597451628,
              0.5234315948601663
            ],
            [
              0.9575271354412459,
              0.5241874527588813
            ]
          ]
        ]
      },
      "properties": {
        "segment_id": 63,
        "area": 13124,
        "bbox": [
          1679.0,
          607.0,
          386.0,
          86.0
        ],
        "iou": 0.9057937860488892,
        "stability": 0.9357210993766785,
        "auto_generated": true,
        "model": "segment_anything"
      }
    },
    {
      "type": "Feature",
      "geometry": {
        "type": "Polygon",
        "coordinates": [
          [
            [
              0.9745162812647475,
              0.5128495842781557
            ],
            [
              0.9742803209060877,
              0.5124716553287982
            ],
            [
              0.9745162812647475,
              0.5120937263794406
            ],
            [
              0.9747522416234072,
              0.5124716553287982
            ],
            [
              0.9745162812647475,
              0.5128495842781557
            ],
            [
              0.9745162812647475,
              0.5128495842781557
            ]
          ]
        ]
      },
      "properties": {
        "segment_id": 63,
        "area": 13124,
        "bbox": [
          1679.0,
          607.0,
          386.0,
          86.0
        ],
        "iou": 0.9057937860488892,
        "stability": 0.9357210993766785,
        "auto_generated": true,
        "model": "segment_anything"
      }
    },
    {
      "type": "Feature",
      "geometry": {
        "type": "Polygon",
        "coordinates": [
          [
            [
              0.7524775837659273,
              0.999244142101285
            ],
            [
              0.7503539405379896,
              0.9988662131519275
            ],
            [
              0.7501179801793298,
              0.9969765684051398
            ],
            [
              0.7510618216139688,
              0.9947089947089947
            ],
            [
              0.752713544124587,
              0.9935752078609221
            ],
            [
              0.754601226993865,
              0.9928193499622071
            ],
            [
              0.756488909863143,
              0.9920634920634921
            ],
            [
              0.7581406323737612,
              0.9909297052154195
            ],
            [
              0.7597923548843795,
              0.9897959183673469
            ],
            [
              0.7619159981123171,
              0.9894179894179894
            ],
            [
              0.7640396413402548,
              0.9890400604686319
            ],
            [
              0.7659273242095328,
              0.9882842025699169
            ],
            [
              0.767579046720151,
              0.9871504157218443
            ],
            [
              0.7692307692307693,
              0.9860166288737717
            ],
            [
              0.7711184521000471,
              0.9852607709750567
            ],
            [
              0.7730061349693251,
              0.9845049130763417
            ],
            [
              0.7748938178386031,
              0.9837490551776266
            ],
            [
              0.7770174610665408,
              0.983371126228269
            ],
            [
              0.7791411042944786,
              0.9829931972789115
            ],
            [
              0.7810287871637565,
              0.9822373393801965
            ],
            [
              0.7829164700330344,
              0.9814814814814815
            ],
            [
              0.7848041529023124,
              0.9807256235827665
            ],
            [
              0.7864558754129306,
              0.9795918367346939
            ],
            [
              0.7883435582822086,
              0.9788359788359788
            ],
            [
              0.7904672015101463,
              0.9784580498866213
            ],
            [
              0.792590844738084,
              0.9780801209372638
            ],
            [
              0.7947144879660217,
              0.9777021919879063
            ],
            [
              0.7968381311939594,
              0.9773242630385488
            ],
            [
              0.7989617744218971,
              0.9769463340891912
            ],
            [
              0.8013213780084946,
              0.9769463340891912
            ],
            [
              0.803680981595092,
              0.9769463340891912
            ],
            [
              0.8058046248230297,
              0.9765684051398337
            ],
            [
              0.8079282680509674,
              0.9761904761904762
            ],
            [
              0.8100519112789052,
              0.9758125472411187
            ],
            [
              0.8121755545068429,
              0.9754346182917611
            ],
            [
              0.8140632373761209,
              0.9746787603930461
            ],
            [
              0.8164228409627182,
              0.9746787603930461
            ],
            [
              0.8183105238319962,
              0.9739229024943311
            ],
            [
              0.8201982067012742,
              0.973167044595616
            ],
            [
              0.8225578102878717,
              0.973167044595616
            ],
            [
              0.8244454931571495,
              0.972411186696901
            ],
            [
              0.826805096743747,
              0.972411186696901
            ],
            [
              0.8291647003303445,
              0.972411186696901
            ],
            [
              0.831524303916942,
              0.972411186696901
            ],
            [
              0.8338839075035394,
              0.972411186696901
            ],
            [
              0.8357715903728173,
              0.971655328798186
            ],
            [
              0.8381311939594148,
              0.971655328798186
            ],
            [
              0.8400188768286928,
              0.9708994708994709
            ],
            [
              0.8421425200566305,
              0.9705215419501134
            ],
            [
              0.8442661632845682,
              0.9701436130007559
            ],
            [
              0.8466257668711656,
              0.9701436130007559
            ],
            [
              0.8485134497404436,
              0.9693877551020408
            ],
            [
              0.8508730533270411,
              0.9693877551020408
            ],
            [
              0.8532326569136385,
              0.9693877551020408
            ],
            [
              0.855592260500236,
              0.9693877551020408
            ],
            [
              0.8579518640868334,
              0.9693877551020408
            ],
            [
              0.8603114676734309,
              0.9693877551020408
            ],
            [
              0.8626710712600283,
              0.9693877551020408
            ],
            [
              0.8650306748466258,
              0.9693877551020408
            ],
            [
              0.8673902784332232,
              0.9693877551020408
            ],
            [
              0.8697498820198206,
              0.9693877551020408
            ],
            [
              0.8716375648890986,
              0.9686318972033258
            ],
            [
              0.8737612081170364,
              0.9682539682539683
            ],
            [
              0.8758848513449741,
              0.9678760393046107
            ],
            [
              0.8782444549315715,
              0.9678760393046107
            ],
            [
              0.8806040585181689,
              0.9678760393046107
            ],
            [
              0.8829636621047664,
              0.9678760393046107
            ],
            [
              0.8853232656913639,
              0.9678760393046107
            ],
            [
              0.8872109485606419,
              0.9671201814058957
            ],
            [
              0.8890986314299197,
              0.9678760393046107
            ],
            [
              0.8914582350165172,
              0.9678760393046107
            ],
            [
              0.8938178386031147,
              0.9678760393046107
            ],
            [
              0.8957055214723927,
              0.9686318972033258
            ],
            [
              0.89806512505899,
              0.9686318972033258
            ],
            [
              0.899952807928268,
              0.9693877551020408
            ],
            [
              0.9023124115148655,
              0.9693877551020408
            ],
            [
              0.9044360547428032,
              0.9697656840513983
            ],
            [
              0.9065596979707409,
              0.9701436130007559
            ],
            [
              0.9084473808400189,
              0.9708994708994709
            ],
            [
              0.9103350637092968,
              0.971655328798186
            ],
            [
              0.9122227465785748,
              0.972411186696901
            ],
            [
              0.9141104294478528,
              0.973167044595616
            ],
            [
              0.9159981123171307,
              0.9739229024943311
            ],
            [
              0.9183577159037282,
              0.9739229024943311
            ],
            [
              0.9202453987730062,
              0.9746787603930461
            ],
            [
              0.9221330816422841,
              0.9754346182917611
            ],
            [
              0.924020764511562,
              0.9761904761904762
            ],
            [
              0.92590844738084,
              0.9769463340891912
            ],
            [
              0.927796130250118,
              0.9777021919879063
            ],
            [
              0.929683813119396,
              0.9784580498866213
            ],
            [
              0.9310995752713545,
              0.9799697656840514
            ],
            [
              0.9329872581406323,
              0.9807256235827665
            ],
            [
              0.9346389806512506,
              0.981859410430839
            ],
            [
              0.9360547428032091,
              0.983371126228269
            ],
            [
              0.9377064653138273,
              0.9845049130763417
            ],
            [
              0.9395941481831053,
              0.9852607709750567
            ],
            [
              0.9412458706937235,
              0.9863945578231292
            ],
            [
              0.9428975932043416,
              0.9875283446712018
            ],
            [
              0.9445493157149599,
              0.9886621315192744
            ],
            [
              0.9462010382255781,
              0.9897959183673469
            ],
            [
              0.9478527607361963,
              0.9909297052154195
            ],
            [
              0.9492685228881548,
              0.9924414210128496
            ],
            [
              0.950920245398773,
              0.9935752078609221
            ],
            [
              0.9525719679093912,
              0.9947089947089947
            ],
            [
              0.9523360075507314,
              0.9981103552532123
            ],
            [
              0.7524775837659273,
              0.999244142101285
            ]
          ]
        ]
      },
      "properties": {
        "segment_id": 64,
        "area": 13185,
        "bbox": [
          1589.0,
          1280.0,
          429.0,
          42.0
        ],
        "iou": 0.9684308767318726,
        "stability": 0.9755178689956665,
        "auto_generated": true,
        "model": "segment_anything"
      }
    },
    {
      "type": "Feature",
      "geometry": {
        "type": "Polygon",
        "coordinates": [
          [
            [
              0.7515337423312883,
              0.999244142101285
            ],
            [
              0.7496460594620104,
              0.9977324263038548
            ],
            [
              0.7503539405379896,
              0.9943310657596371
            ],
            [
              0.7524775837659273,
              0.9931972789115646
            ],
            [
              0.754601226993865,
              0.9920634920634921
            ],
            [
              0.7567248702218028,
              0.9909297052154195
            ],
            [
              0.7588485134497405,
              0.9897959183673469
            ],
            [
              0.761208117036338,
              0.9890400604686319
            ],
            [
              0.7635677206229353,
              0.9882842025699169
            ],
            [
              0.7659273242095328,
              0.9875283446712018
            ],
            [
              0.7680509674374705,
              0.9863945578231292
            ],
            [
              0.7701746106654083,
              0.9852607709750567
            ],
            [
              0.7725342142520056,
              0.9845049130763417
            ],
            [
              0.7748938178386031,
              0.9837490551776266
            ],
            [
              0.7772534214252006,
              0.9829931972789115
            ],
            [
              0.779613025011798,
              0.9822373393801965
            ],
            [
              0.7817366682397358,
              0.981103552532124
            ],
            [
              0.7838603114676734,
              0.9799697656840514
            ],
            [
              0.7862199150542709,
              0.9792139077853363
            ],
            [
              0.7885795186408683,
              0.9784580498866213
            ],
            [
              0.7909391222274658,
              0.9777021919879063
            ],
            [
              0.7937706465313827,
              0.9777021919879063
            ],
            [
              0.7961302501179802,
              0.9769463340891912
            ],
            [
              0.7989617744218971,
              0.9769463340891912
            ],
            [
              0.8017932987258141,
              0.9769463340891912
            ],
            [
              0.8041529023124115,
              0.9761904761904762
            ],
            [
              0.8069844266163284,
              0.9761904761904762
            ],
            [
              0.8093440302029259,
              0.9754346182917611
            ],
            [
              0.8117036337895234,
              0.9746787603930461
            ],
            [
              0.8142991977347805,
              0.9743008314436886
            ],
            [
              0.8168947616800377,
              0.9739229024943311
            ],
            [
              0.8192543652666352,
              0.973167044595616
            ],
            [
              0.8216139688532327,
              0.972411186696901
            ],
            [
              0.8244454931571495,
              0.972411186696901
            ],
            [
              0.8272770174610665,
              0.972411186696901
            ],
            [
              0.8301085417649835,
              0.972411186696901
            ],
            [
              0.832468145351581,
              0.971655328798186
            ],
            [
              0.8352996696554978,
              0.971655328798186
            ],
            [
              0.8376592732420953,
              0.9708994708994709
            ],
            [
              0.8404907975460123,
              0.9708994708994709
            ],
            [
              0.8428504011326097,
              0.9701436130007559
            ],
            [
              0.8452100047192072,
              0.9693877551020408
            ],
            [
              0.8480415290231241,
              0.9693877551020408
            ],
            [
              0.8508730533270411,
              0.9693877551020408
            ],
            [
              0.853704577630958,
              0.9693877551020408
            ],
            [
              0.856536101934875,
              0.9693877551020408
            ],
            [
              0.8588957055214724,
              0.9686318972033258
            ],
            [
              0.8617272298253893,
              0.9686318972033258
            ],
            [
              0.8645587541293063,
              0.9686318972033258
            ],
            [
              0.8673902784332232,
              0.9686318972033258
            ],
            [
              0.8702218027371401,
              0.9686318972033258
            ],
            [
              0.8725814063237376,
              0.9678760393046107
            ],
            [
              0.8749410099103351,
              0.9671201814058957
            ],
            [
              0.877772534214252,
              0.9671201814058957
            ],
            [
              0.8806040585181689,
              0.9671201814058957
            ],
            [
              0.8834355828220859,
              0.9671201814058957
            ],
            [
              0.8862671071260029,
              0.9671201814058957
            ],
            [
              0.8890986314299197,
              0.9671201814058957
            ],
            [
              0.8919301557338367,
              0.9671201814058957
            ],
            [
              0.8942897593204342,
              0.9678760393046107
            ],
            [
              0.8968853232656914,
              0.9682539682539683
            ],
            [
              0.8994808872109485,
              0.9686318972033258
            ],
            [
              0.901840490797546,
              0.9693877551020408
            ],
            [
              0.904672015101463,
              0.9693877551020408
            ],
            [
              0.9070316186880604,
              0.9701436130007559
            ],
            [
              0.9093912222746579,
              0.9708994708994709
            ],
            [
              0.9117508258612553,
              0.971655328798186
            ],
            [
              0.9141104294478528,
              0.972411186696901
            ],
            [
              0.9164700330344502,
              0.973167044595616
            ],
            [
              0.9190655969797074,
              0.9735449735449735
            ],
            [
              0.9216611609249646,
              0.9739229024943311
            ],
            [
              0.924020764511562,
              0.9746787603930461
            ],
            [
              0.9261444077394998,
              0.9750566893424036
            ],
            [
              0.9252005663048608,
              0.9720332577475435
            ],
            [
              0.926852288815479,
              0.9701436130007559
            ],
            [
              0.9280320906087777,
              0.9674981103552532
            ],
            [
              0.9294478527607362,
              0.9652305366591081
            ],
            [
              0.931571495988674,
              0.9640967498110355
            ],
            [
              0.9334591788579518,
              0.9625850340136054
            ],
            [
              0.9351109013685701,
              0.9606953892668179
            ],
            [
              0.9372345445965078,
              0.9595616024187453
            ],
            [
              0.9400660689004248,
              0.9595616024187453
            ],
            [
              0.9421897121283624,
              0.9606953892668179
            ],
            [
              0.9438414346389806,
              0.9625850340136054
            ],
            [
              0.9457291175082586,
              0.9640967498110355
            ],
            [
              0.9473808400188768,
              0.9659863945578231
            ],
            [
              0.9487966021708353,
              0.9682539682539683
            ],
            [
              0.9506842850401133,
              0.9697656840513983
            ],
            [
              0.9525719679093912,
              0.9712773998488284
            ],
            [
              0.9544596507786692,
              0.9727891156462585
            ],
            [
              0.9563473336479471,
              0.9743008314436886
            ],
            [
              0.9579990561585654,
              0.9761904761904762
            ],
            [
              0.9596507786691836,
              0.9780801209372638
            ],
            [
              0.9615384615384616,
              0.9795918367346939
            ],
            [
              0.9634261444077395,
              0.981103552532124
            ],
            [
              0.9655497876356772,
              0.9822373393801965
            ],
            [
              0.9672015101462954,
              0.9841269841269841
            ],
            [
              0.9688532326569136,
              0.9860166288737717
            ],
            [
              0.9707409155261916,
              0.9875283446712018
            ],
            [
              0.9726285983954696,
              0.9890400604686319
            ],
            [
              0.974988201982067,
              0.9897959183673469
            ],
            [
              0.9766399244926852,
              0.9916855631141346
            ],
            [
              0.9780556866446437,
              0.9939531368102796
            ],
            [
              0.9794714487966022,
              0.9962207105064248
            ],
            [
              0.9792354884379424,
              0.9988662131519275
            ],
            [
              0.7515337423312883,
              0.999244142101285
            ]
          ]
        ]
      },
      "properties": {
        "segment_id": 65,
        "area": 16488,
        "bbox": [
          1589.0,
          1270.0,
          529.0,
          52.0
        ],
        "iou": 0.9233863949775696,
        "stability": 0.9512472152709961,
        "auto_generated": true,
        "model": "segment_anything"
      }
    },
    {
      "type": "Feature",
      "geometry": {
        "type": "Polygon",
        "coordinates": [
          [
            [
              0.9926852288815479,
              0.999244142101285
            ],
            [
              0.9924492685228882,
              0.9988662131519275
            ],
            [
              0.9919773478055687,
              0.9988662131519275
            ],
            [
              0.9915054270882492,
              0.9988662131519275
            ],
            [
              0.9912694667295894,
              0.99848828420257
            ],
            [
              0.9910335063709297,
              0.9981103552532123
            ],
            [
              0.9905615856536102,
              0.9981103552532123
            ],
            [
              0.9900896649362907,
              0.9981103552532123
            ],
            [
              0.9896177442189712,
              0.9981103552532123
            ],
            [
              0.9893817838603115,
              0.9977324263038548
            ],
            [
              0.9891458235016517,
              0.9973544973544973
            ],
            [
              0.9886739027843322,
              0.9973544973544973
            ],
            [
              0.9882019820670127,
              0.9973544973544973
            ],
            [
              0.9877300613496932,
              0.9973544973544973
            ],
            [
              0.9872581406323737,
              0.9973544973544973
            ],
            [
              0.9867862199150542,
              0.9973544973544973
            ],
            [
              0.9863142991977348,
              0.9973544973544973
            ],
            [
              0.986078338839075,
              0.9969765684051398
            ],
            [
              0.9858423784804153,
              0.9965986394557823
            ],
            [
              0.9856064181217555,
              0.9962207105064248
            ],
            [
              0.9856064181217555,
              0.9954648526077098
            ],
            [
              0.9856064181217555,
              0.9947089947089947
            ],
            [
              0.9858423784804153,
              0.9943310657596371
            ],
            [
              0.986078338839075,
              0.9939531368102796
            ],
            [
              0.9863142991977348,
              0.9935752078609221
            ],
            [
              0.9865502595563945,
              0.9931972789115646
            ],
            [
              0.9867862199150542,
              0.9928193499622071
            ],
            [
              0.9872581406323737,
              0.9928193499622071
            ],
            [
              0.9877300613496932,
              0.9928193499622071
            ],
            [
              0.9882019820670127,
              0.9928193499622071
            ],
            [
              0.9886739027843322,
              0.9928193499622071
            ],
            [
              0.9891458235016517,
              0.9928193499622071
            ],
            [
              0.9896177442189712,
              0.9928193499622071
            ],
            [
              0.9900896649362907,
              0.9928193499622071
            ],
            [
              0.9905615856536102,
              0.9928193499622071
            ],
            [
              0.9910335063709297,
              0.9928193499622071
            ],
            [
              0.9915054270882492,
              0.9928193499622071
            ],
            [
              0.9919773478055687,
              0.9928193499622071
            ],
            [
              0.9924492685228882,
              0.9928193499622071
            ],
            [
              0.9926852288815479,
              0.9924414210128496
            ],
            [
              0.9929211892402077,
              0.9920634920634921
            ],
            [
              0.9933931099575272,
              0.9920634920634921
            ],
            [
              0.9938650306748467,
              0.9920634920634921
            ],
            [
              0.9943369513921662,
              0.9920634920634921
            ],
            [
              0.9948088721094857,
              0.9920634920634921
            ],
            [
              0.9952807928268051,
              0.9920634920634921
            ],
            [
              0.9957527135441245,
              0.9920634920634921
            ],
            [
              0.996224634261444,
              0.9920634920634921
            ],
            [
              0.9966965549787635,
              0.9920634920634921
            ],
            [
              0.9969325153374233,
              0.9924414210128496
            ],
            [
              0.997168475696083,
              0.9928193499622071
            ],
            [
              0.9976403964134025,
              0.9928193499622071
            ],
            [
              0.9978763567720623,
              0.9931972789115646
            ],
            [
              0.998112317130722,
              0.9935752078609221
            ],
            [
              0.9983482774893818,
              0.9939531368102796
            ],
            [
              0.9985842378480415,
              0.9943310657596371
            ],
            [
              0.999056158565361,
              0.9943310657596371
            ],
            [
              0.9995280792826805,
              0.9943310657596371
            ],
            [
              0.9926852288815479,
              0.999244142101285
            ]
          ]
        ]
      },
      "properties": {
        "segment_id": 65,
        "area": 16488,
        "bbox": [
          1589.0,
          1270.0,
          529.0,
          52.0
        ],
        "iou": 0.9233863949775696,
        "stability": 0.9512472152709961,
        "auto_generated": true,
        "model": "segment_anything"
      }
    },
    {
      "type": "Feature",
      "geometry": {
        "type": "Polygon",
        "coordinates": [
          [
            [
              0.0,
              0.9134542705971277
            ],
            [
              0.015101462954223691,
              0.9142101284958428
            ],
            [
              0.029966965549787637,
              0.9115646258503401
            ],
            [
              0.042000943841434636,
              0.9043839758125473
            ],
            [
              0.053798961774421894,
              0.8968253968253969
            ],
            [
              0.06654082114204814,
              0.8907785336356765
            ],
            [
              0.07692307692307693,
              0.8809523809523809
            ],
            [
              0.08754129306276545,
              0.871504157218443
            ],
            [
              0.09886739027843322,
              0.8631897203325775
            ],
            [
              0.11184521000471921,
              0.8575207860922147
            ],
            [
              0.12576687116564417,
              0.8533635676492819
            ],
            [
              0.14016045304388863,
              0.8499622071050642
            ],
            [
              0.1536101934874941,
              0.8450491307634165
            ],
            [
              0.16517225106182162,
              0.8371126228269086
            ],
            [
              0.1781500707881076,
              0.8314436885865457
            ],
            [
              0.18947616800377537,
              0.8231292517006803
            ],
            [
              0.20080226521944314,
              0.8148148148148148
            ],
            [
              0.21189240207645116,
              0.8061224489795918
            ],
            [
              0.22605002359603588,
              0.8023431594860166
            ],
            [
              0.24162340726757905,
              0.8038548752834467
            ],
            [
              0.2569608305804625,
              0.8057445200302343
            ],
            [
              0.27229825389334594,
              0.8076341647770219
            ],
            [
              0.2878716375648891,
              0.809145880574452
            ],
            [
              0.30226521944313356,
              0.8125472411186697
            ],
            [
              0.316658801321378,
              0.8159486016628874
            ],
            [
              0.3312883435582822,
              0.8189720332577476
            ],
            [
              0.3454459650778669,
              0.8227513227513228
            ],
            [
              0.3591316658801321,
              0.827286470143613
            ],
            [
              0.37328928739971684,
              0.8310657596371882
            ],
            [
              0.38744690891930156,
              0.8348450491307634
            ],
            [
              0.4011326097215668,
              0.8393801965230536
            ],
            [
              0.414818310523832,
              0.843915343915344
            ],
            [
              0.4294478527607362,
              0.8469387755102041
            ],
            [
              0.44266163284568194,
              0.8522297808012094
            ],
            [
              0.45681925436526666,
              0.8560090702947846
            ],
            [
              0.4705049551675319,
              0.8605442176870748
            ],
            [
              0.4823029731005191,
              0.8681027966742253
            ],
            [
              0.49362907031618686,
              0.8764172335600907
            ],
            [
              0.5073147711184521,
              0.8809523809523809
            ],
            [
              0.5210004719207173,
              0.8854875283446711
            ],
            [
              0.5337423312883436,
              0.8915343915343915
            ],
            [
              0.5467201510146296,
              0.8972033257747544
            ],
            [
              0.5573383671543181,
              0.9066515495086923
            ],
            [
              0.5700802265219443,
              0.9126984126984127
            ],
            [
              0.5828220858895705,
              0.918745275888133
            ],
            [
              0.5969797074091553,
              0.9225245653817082
            ],
            [
              0.6130250117980179,
              0.9232804232804233
            ],
            [
              0.6278905143935819,
              0.9206349206349206
            ],
            [
              0.6406323737612081,
              0.9145880574452003
            ],
            [
              0.6543180745634734,
              0.91005291005291
            ],
            [
              0.6661160924964606,
              0.9024943310657596
            ],
            [
              0.6776781500707881,
              0.8945578231292517
            ],
            [
              0.6882963662104766,
              0.8851095993953136
            ],
            [
              0.6979707409155262,
              0.8741496598639455
            ],
            [
              0.7095327984898537,
              0.8662131519274376
            ],
            [
              0.7215667767815007,
              0.8590325018896448
            ],
            [
              0.7331288343558282,
              0.8510959939531368
            ],
            [
              0.7321849929211892,
              0.8352229780801209
            ],
            [
              0.7225106182161397,
              0.8242630385487528
            ],
            [
              0.7102406795658329,
              0.8174603174603174
            ],
            [
              0.6970268994808873,
              0.8121693121693122
            ],
            [
              0.686172722982539,
              0.8030990173847317
            ],
            [
              0.6727229825389335,
              0.799697656840514
            ],
            [
              0.6637564889098632,
              0.7876039304610734
            ],
            [
              0.6739027843322322,
              0.7804232804232805
            ],
            [
              0.6894761680037753,
              0.7804232804232805
            ],
            [
              0.7029259084473808,
              0.7755102040816326
            ],
            [
              0.7123643227937706,
              0.7724867724867724
            ],
            [
              0.7126002831524304,
              0.7645502645502645
            ],
            [
              0.6979707409155262,
              0.7615268329554044
            ],
            [
              0.6880604058518169,
              0.7509448223733938
            ],
            [
              0.6748466257668712,
              0.7456538170823885
            ],
            [
              0.672251061821614,
              0.7294028722600151
            ],
            [
              0.683341198678622,
              0.7207105064247922
            ],
            [
              0.6970268994808873,
              0.7207105064247922
            ],
            [
              0.6967909391222274,
              0.7354497354497355
            ],
            [
              0.7069372345445966,
              0.7456538170823885
            ],
            [
              0.7173194903256253,
              0.7524565381708239
            ],
            [
              0.728645587541293,
              0.7441421012849584
            ],
            [
              0.7336007550731477,
              0.72713529856387
            ],
            [
              0.7326569136385087,
              0.7067271352985639
            ],
            [
              0.7366682397357244,
              0.6927437641723356
            ],
            [
              0.7489381783860312,
              0.6859410430839002
            ],
            [
              0.7626238791882963,
              0.68140589569161
            ],
            [
              0.7758376592732421,
              0.6761148904006047
            ],
            [
              0.7855120339782916,
              0.6651549508692366
            ],
            [
              0.7942425672487022,
              0.6526832955404384
            ],
            [
              0.8041529023124115,
              0.6421012849584278
            ],
            [
              0.8178386031146767,
              0.6375661375661376
            ],
            [
              0.830580462482303,
              0.6315192743764172
            ],
            [
              0.844502123643228,
              0.6273620559334845
            ],
            [
              0.8588957055214724,
              0.626984126984127
            ],
            [
              0.8749410099103351,
              0.627739984882842
            ],
            [
              0.8905143935818782,
              0.626228269085412
            ],
            [
              0.904672015101463,
              0.6224489795918368
            ],
            [
              0.9197734780556867,
              0.6247165532879818
            ],
            [
              0.9353468617272298,
              0.6232048374905518
            ],
            [
              0.939830108541765,
              0.6039304610733183
            ],
            [
              0.9513921661160925,
              0.5959939531368103
            ],
            [
              0.9664936290703162,
              0.5967498110355253
            ],
            [
              0.9811231713072204,
              0.5967498110355253
            ],
            [
              0.9945729117508258,
              0.600151171579743
            ],
            [
              0.0,
              0.9134542705971277
            ]
          ]
        ]
      },
      "properties": {
        "segment_id": 66,
        "area": 535061,
        "bbox": [
          0.0,
          789.0,
          2118.0,
          530.0
        ],
        "iou": 0.9937364459037781,
        "stability": 0.9501327872276306,
        "auto_generated": true,
        "model": "segment_anything"
      }
    },
    {
      "type": "Feature",
      "geometry": {
        "type": "Polygon",
        "coordinates": [
          [
            [
              0.9995280792826805,
              0.6708238851095994
            ],
            [
              0.999056158565361,
              0.6708238851095994
            ],
            [
              0.9985842378480415,
              0.6708238851095994
            ],
            [
              0.9983482774893818,
              0.671201814058957
            ],
            [
              0.998112317130722,
              0.6715797430083145
            ],
            [
              0.9976403964134025,
              0.6715797430083145
            ],
            [
              0.997168475696083,
              0.6715797430083145
            ],
            [
              0.9969325153374233,
              0.671957671957672
            ],
            [
              0.9966965549787635,
              0.6723356009070295
            ],
            [
              0.9964605946201038,
              0.672713529856387
            ],
            [
              0.9964605946201038,
              0.673469387755102
            ],
            [
              0.9964605946201038,
              0.674225245653817
            ],
            [
              0.9964605946201038,
              0.6749811035525322
            ],
            [
              0.9964605946201038,
              0.6757369614512472
            ],
            [
              0.9966965549787635,
              0.6761148904006047
            ],
            [
              0.9969325153374233,
              0.6764928193499622
            ],
            [
              0.9969325153374233,
              0.6772486772486772
            ],
            [
              0.9969325153374233,
              0.6780045351473923
            ],
            [
              0.9969325153374233,
              0.6787603930461074
            ],
            [
              0.9969325153374233,
              0.6795162509448224
            ],
            [
              0.9969325153374233,
              0.6802721088435374
            ],
            [
              0.9969325153374233,
              0.6810279667422524
            ],
            [
              0.9966965549787635,
              0.68140589569161
            ],
            [
              0.9964605946201038,
              0.6817838246409675
            ],
            [
              0.9964605946201038,
              0.6825396825396826
            ],
            [
              0.996224634261444,
              0.6829176114890401
            ],
            [
              0.9959886739027843,
              0.6832955404383976
            ],
            [
              0.9959886739027843,
              0.6840513983371126
            ],
            [
              0.9957527135441245,
              0.6844293272864701
            ],
            [
              0.9955167531854648,
              0.6848072562358276
            ],
            [
              0.9955167531854648,
              0.6855631141345427
            ],
            [
              0.9955167531854648,
              0.6863189720332578
            ],
            [
              0.9957527135441245,
              0.6866969009826153
            ],
            [
              0.996224634261444,
              0.6866969009826153
            ],
            [
              0.9964605946201038,
              0.6870748299319728
            ],
            [
              0.9966965549787635,
              0.6874527588813303
            ],
            [
              0.997168475696083,
              0.6874527588813303
            ],
            [
              0.9976403964134025,
              0.6874527588813303
            ],
            [
              0.9978763567720623,
              0.6878306878306878
            ],
            [
              0.998112317130722,
              0.6882086167800453
            ],
            [
              0.9985842378480415,
              0.6882086167800453
            ],
            [
              0.999056158565361,
              0.6882086167800453
            ],
            [
              0.9995280792826805,
              0.6882086167800453
            ],
            [
              0.9995280792826805,
              0.6708238851095994
            ]
          ]
        ]
      },
      "properties": {
        "segment_id": 66,
        "area": 535061,
        "bbox": [
          0.0,
          789.0,
          2118.0,
          530.0
        ],
        "iou": 0.9937364459037781,
        "stability": 0.9501327872276306,
        "auto_generated": true,
        "model": "segment_anything"
      }
    },
    {
      "type": "Feature",
      "geometry": {
        "type": "Polygon",
        "coordinates": [
          [
            [
              0.7718263331760264,
              0.6946334089191232
            ],
            [
              0.7720622935346861,
              0.6942554799697657
            ],
            [
              0.7725342142520056,
              0.6942554799697657
            ],
            [
              0.7727701746106654,
              0.6938775510204082
            ],
            [
              0.7730061349693251,
              0.6934996220710506
            ],
            [
              0.7732420953279849,
              0.6931216931216931
            ],
            [
              0.7734780556866446,
              0.6927437641723356
            ],
            [
              0.7739499764039641,
              0.6927437641723356
            ],
            [
              0.7741859367626239,
              0.6923658352229781
            ],
            [
              0.7741859367626239,
              0.691609977324263
            ],
            [
              0.7739499764039641,
              0.6912320483749055
            ],
            [
              0.7737140160453044,
              0.690854119425548
            ],
            [
              0.7734780556866446,
              0.6904761904761905
            ],
            [
              0.7730061349693251,
              0.6904761904761905
            ],
            [
              0.7727701746106654,
              0.690098261526833
            ],
            [
              0.7725342142520056,
              0.6897203325774754
            ],
            [
              0.7720622935346861,
              0.6897203325774754
            ],
            [
              0.7718263331760264,
              0.6893424036281179
            ],
            [
              0.7715903728173666,
              0.6889644746787604
            ],
            [
              0.7711184521000471,
              0.6889644746787604
            ],
            [
              0.7706465313827277,
              0.6889644746787604
            ],
            [
              0.7701746106654083,
              0.6889644746787604
            ],
            [
              0.7697026899480888,
              0.6889644746787604
            ],
            [
              0.7692307692307693,
              0.6889644746787604
            ],
            [
              0.7687588485134498,
              0.6889644746787604
            ],
            [
              0.7682869277961303,
              0.6889644746787604
            ],
            [
              0.7678150070788108,
              0.6889644746787604
            ],
            [
              0.767579046720151,
              0.6893424036281179
            ],
            [
              0.7673430863614913,
              0.6897203325774754
            ],
            [
              0.7668711656441718,
              0.6897203325774754
            ],
            [
              0.766635205285512,
              0.690098261526833
            ],
            [
              0.7663992449268523,
              0.6904761904761905
            ],
            [
              0.7661632845681925,
              0.690854119425548
            ],
            [
              0.7661632845681925,
              0.691609977324263
            ],
            [
              0.7663992449268523,
              0.6919879062736206
            ],
            [
              0.766635205285512,
              0.6923658352229781
            ],
            [
              0.766635205285512,
              0.6931216931216931
            ],
            [
              0.7668711656441718,
              0.6934996220710506
            ],
            [
              0.7673430863614913,
              0.6934996220710506
            ],
            [
              0.767579046720151,
              0.6938775510204082
            ],
            [
              0.7678150070788108,
              0.6942554799697657
            ],
            [
              0.7682869277961303,
              0.6942554799697657
            ],
            [
              0.7687588485134498,
              0.6942554799697657
            ],
            [
              0.7689948088721095,
              0.6946334089191232
            ],
            [
              0.7692307692307693,
              0.6950113378684807
            ],
            [
              0.7697026899480888,
              0.6950113378684807
            ],
            [
              0.7701746106654083,
              0.6950113378684807
            ],
            [
              0.7706465313827277,
              0.6950113378684807
            ],
            [
              0.7711184521000471,
              0.6950113378684807
            ],
            [
              0.7715903728173666,
              0.6950113378684807
            ],
            [
              0.7718263331760264,
              0.6946334089191232
            ],
            [
              0.7718263331760264,
              0.6946334089191232
            ]
          ]
        ]
      },
      "properties": {
        "segment_id": 66,
        "area": 535061,
        "bbox": [
          0.0,
          789.0,
          2118.0,
          530.0
        ],
        "iou": 0.9937364459037781,
        "stability": 0.9501327872276306,
        "auto_generated": true,
        "model": "segment_anything"
      }
    },
    {
      "type": "Feature",
      "geometry": {
        "type": "Polygon",
        "coordinates": [
          [
            [
              0.9995280792826805,
              0.6987906273620559
            ],
            [
              0.998112317130722,
              0.6987906273620559
            ],
            [
              0.997168475696083,
              0.6980347694633409
            ],
            [
              0.9959886739027843,
              0.6976568405139834
            ],
            [
              0.9950448324681453,
              0.6969009826152683
            ],
            [
              0.9945729117508258,
              0.6953892668178382
            ],
            [
              0.9941009910335064,
              0.6946334089191232
            ],
            [
              0.9933931099575272,
              0.6957671957671958
            ],
            [
              0.9929211892402077,
              0.6972789115646258
            ],
            [
              0.9919773478055687,
              0.6980347694633409
            ],
            [
              0.9910335063709297,
              0.6987906273620559
            ],
            [
              0.9900896649362907,
              0.699546485260771
            ],
            [
              0.9891458235016517,
              0.700302343159486
            ],
            [
              0.9884379424256725,
              0.7014361300075586
            ],
            [
              0.9874941009910335,
              0.7021919879062736
            ],
            [
              0.9863142991977348,
              0.7025699168556312
            ],
            [
              0.9853704577630958,
              0.7033257747543462
            ],
            [
              0.9839546956111374,
              0.7033257747543462
            ],
            [
              0.9825389334591789,
              0.7033257747543462
            ],
            [
              0.9815950920245399,
              0.7040816326530612
            ],
            [
              0.9806512505899009,
              0.7048374905517762
            ],
            [
              0.9799433695139217,
              0.7059712773998488
            ],
            [
              0.9792354884379424,
              0.7071050642479214
            ],
            [
              0.9785276073619632,
              0.7082388510959939
            ],
            [
              0.9778197262859839,
              0.7093726379440665
            ],
            [
              0.9771118452100047,
              0.7105064247921391
            ],
            [
              0.9766399244926852,
              0.7120181405895691
            ],
            [
              0.9761680037753657,
              0.7135298563869993
            ],
            [
              0.9756960830580462,
              0.7150415721844293
            ],
            [
              0.9752241623407267,
              0.7165532879818595
            ],
            [
              0.9756960830580462,
              0.7180650037792895
            ],
            [
              0.975932043416706,
              0.719954648526077
            ],
            [
              0.9761680037753657,
              0.7218442932728647
            ],
            [
              0.9766399244926852,
              0.7233560090702947
            ],
            [
              0.9771118452100047,
              0.7248677248677249
            ],
            [
              0.9775837659273242,
              0.7263794406651549
            ],
            [
              0.9778197262859839,
              0.7282690854119426
            ],
            [
              0.9780556866446437,
              0.7301587301587301
            ],
            [
              0.9780556866446437,
              0.7324263038548753
            ],
            [
              0.9780556866446437,
              0.7346938775510204
            ],
            [
              0.9780556866446437,
              0.7369614512471655
            ],
            [
              0.9775837659273242,
              0.7384731670445956
            ],
            [
              0.9775837659273242,
              0.7407407407407407
            ],
            [
              0.9771118452100047,
              0.7422524565381708
            ],
            [
              0.9771118452100047,
              0.7445200302343159
            ],
            [
              0.976875884851345,
              0.7464096749811036
            ],
            [
              0.9766399244926852,
              0.7482993197278912
            ],
            [
              0.9766399244926852,
              0.7505668934240363
            ],
            [
              0.9766399244926852,
              0.7528344671201814
            ],
            [
              0.9764039641340255,
              0.754724111866969
            ],
            [
              0.9761680037753657,
              0.7566137566137566
            ],
            [
              0.9761680037753657,
              0.7588813303099018
            ],
            [
              0.9756960830580462,
              0.7603930461073318
            ],
            [
              0.9754601226993865,
              0.7622826908541194
            ],
            [
              0.9752241623407267,
              0.764172335600907
            ],
            [
              0.9747522416234072,
              0.7656840513983371
            ],
            [
              0.9742803209060877,
              0.7671957671957672
            ],
            [
              0.9742803209060877,
              0.7694633408919124
            ],
            [
              0.9742803209060877,
              0.7717309145880574
            ],
            [
              0.9738084001887682,
              0.7732426303854876
            ],
            [
              0.9738084001887682,
              0.7755102040816326
            ],
            [
              0.9733364794714487,
              0.7770219198790628
            ],
            [
              0.9733364794714487,
              0.7792894935752078
            ],
            [
              0.9733364794714487,
              0.781557067271353
            ],
            [
              0.9735724398301085,
              0.7834467120181405
            ],
            [
              0.9738084001887682,
              0.7853363567649282
            ],
            [
              0.9742803209060877,
              0.7868480725623582
            ],
            [
              0.9747522416234072,
              0.7883597883597884
            ],
            [
              0.9752241623407267,
              0.7898715041572184
            ],
            [
              0.9756960830580462,
              0.7913832199546486
            ],
            [
              0.975932043416706,
              0.7932728647014361
            ],
            [
              0.9761680037753657,
              0.7951625094482238
            ],
            [
              0.9766399244926852,
              0.7966742252456538
            ],
            [
              0.9771118452100047,
              0.7981859410430839
            ],
            [
              0.9775837659273242,
              0.799697656840514
            ],
            [
              0.9780556866446437,
              0.8012093726379441
            ],
            [
              0.9785276073619632,
              0.8027210884353742
            ],
            [
              0.9789995280792827,
              0.8042328042328042
            ],
            [
              0.9794714487966022,
              0.8057445200302343
            ],
            [
              0.9801793298725814,
              0.8068783068783069
            ],
            [
              0.9808872109485607,
              0.8080120937263794
            ],
            [
              0.9813591316658802,
              0.8095238095238095
            ],
            [
              0.9820670127418594,
              0.8106575963718821
            ],
            [
              0.9827748938178386,
              0.8117913832199547
            ],
            [
              0.9834827748938179,
              0.8129251700680272
            ],
            [
              0.984190655969797,
              0.8140589569160998
            ],
            [
              0.9846625766871165,
              0.8155706727135299
            ],
            [
              0.985134497404436,
              0.8170823885109599
            ],
            [
              0.9856064181217555,
              0.81859410430839
            ],
            [
              0.9863142991977348,
              0.8197278911564626
            ],
            [
              0.987022180273714,
              0.8208616780045351
            ],
            [
              0.9877300613496932,
              0.8219954648526077
            ],
            [
              0.9884379424256725,
              0.8231292517006803
            ],
            [
              0.9891458235016517,
              0.8242630385487528
            ],
            [
              0.989853704577631,
              0.8253968253968254
            ],
            [
              0.9903256252949505,
              0.8269085411942555
            ],
            [
              0.99079754601227,
              0.8284202569916855
            ],
            [
              0.9915054270882492,
              0.8295540438397582
            ],
            [
              0.9922133081642284,
              0.8306878306878307
            ],
            [
              0.9929211892402077,
              0.8318216175359032
            ],
            [
              0.9938650306748467,
              0.8325774754346182
            ],
            [
              0.9945729117508258,
              0.8337112622826909
            ],
            [
              0.9952807928268051,
              0.8348450491307634
            ],
            [
              0.996224634261444,
              0.8356009070294784
            ],
            [
              0.997168475696083,
              0.8363567649281936
            ],
            [
              0.9983482774893818,
              0.8367346938775511
            ],
            [
              0.9995280792826805,
              0.8371126228269086
            ],
            [
              0.9995280792826805,
              0.6987906273620559
            ]
          ]
        ]
      },
      "properties": {
        "segment_id": 66,
        "area": 535061,
        "bbox": [
          0.0,
          789.0,
          2118.0,
          530.0
        ],
        "iou": 0.9937364459037781,
        "stability": 0.9501327872276306,
        "auto_generated": true,
        "model": "segment_anything"
      }
    },
    {
      "type": "Feature",
      "geometry": {
        "type": "Polygon",
        "coordinates": [
          [
            [
              0.7859839546956111,
              0.7671957671957672
            ],
            [
              0.7862199150542709,
              0.7668178382464097
            ],
            [
              0.7864558754129306,
              0.7664399092970522
            ],
            [
              0.7866918357715904,
              0.7660619803476947
            ],
            [
              0.7869277961302501,
              0.7656840513983371
            ],
            [
              0.7866918357715904,
              0.7653061224489796
            ],
            [
              0.7864558754129306,
              0.764928193499622
            ],
            [
              0.7862199150542709,
              0.7645502645502645
            ],
            [
              0.7859839546956111,
              0.764172335600907
            ],
            [
              0.7857479943369514,
              0.7637944066515495
            ],
            [
              0.7855120339782916,
              0.763416477702192
            ],
            [
              0.7852760736196319,
              0.7630385487528345
            ],
            [
              0.7848041529023124,
              0.7630385487528345
            ],
            [
              0.7845681925436526,
              0.762660619803477
            ],
            [
              0.7843322321849929,
              0.7622826908541194
            ],
            [
              0.7838603114676734,
              0.7622826908541194
            ],
            [
              0.7836243511090137,
              0.7619047619047619
            ],
            [
              0.7833883907503539,
              0.7615268329554044
            ],
            [
              0.7829164700330344,
              0.7615268329554044
            ],
            [
              0.7824445493157149,
              0.7615268329554044
            ],
            [
              0.7822085889570553,
              0.7611489040060468
            ],
            [
              0.7819726285983954,
              0.7607709750566893
            ],
            [
              0.781500707881076,
              0.7607709750566893
            ],
            [
              0.7810287871637565,
              0.7607709750566893
            ],
            [
              0.780556866446437,
              0.7607709750566893
            ],
            [
              0.7803209060877773,
              0.7603930461073318
            ],
            [
              0.7800849457291175,
              0.7600151171579743
            ],
            [
              0.779613025011798,
              0.7600151171579743
            ],
            [
              0.7793770646531383,
              0.7596371882086168
            ],
            [
              0.7791411042944786,
              0.7592592592592593
            ],
            [
              0.7786691835771591,
              0.7592592592592593
            ],
            [
              0.7781972628598396,
              0.7592592592592593
            ],
            [
              0.7779613025011798,
              0.7596371882086168
            ],
            [
              0.7779613025011798,
              0.7603930461073318
            ],
            [
              0.7779613025011798,
              0.7611489040060468
            ],
            [
              0.7781972628598396,
              0.7615268329554044
            ],
            [
              0.7786691835771591,
              0.7615268329554044
            ],
            [
              0.7789051439358188,
              0.7619047619047619
            ],
            [
              0.7791411042944786,
              0.7622826908541194
            ],
            [
              0.7793770646531383,
              0.762660619803477
            ],
            [
              0.779613025011798,
              0.7630385487528345
            ],
            [
              0.7798489853704578,
              0.763416477702192
            ],
            [
              0.7798489853704578,
              0.764172335600907
            ],
            [
              0.7798489853704578,
              0.764928193499622
            ],
            [
              0.7798489853704578,
              0.7656840513983371
            ],
            [
              0.7800849457291175,
              0.7660619803476947
            ],
            [
              0.7803209060877773,
              0.7664399092970522
            ],
            [
              0.780556866446437,
              0.7668178382464097
            ],
            [
              0.7810287871637565,
              0.7668178382464097
            ],
            [
              0.7812647475224163,
              0.7671957671957672
            ],
            [
              0.781500707881076,
              0.7675736961451247
            ],
            [
              0.7819726285983954,
              0.7675736961451247
            ],
            [
              0.7824445493157149,
              0.7675736961451247
            ],
            [
              0.7829164700330344,
              0.7675736961451247
            ],
            [
              0.7833883907503539,
              0.7675736961451247
            ],
            [
              0.7838603114676734,
              0.7675736961451247
            ],
            [
              0.7843322321849929,
              0.7675736961451247
            ],
            [
              0.7848041529023124,
              0.7675736961451247
            ],
            [
              0.7852760736196319,
              0.7675736961451247
            ],
            [
              0.7857479943369514,
              0.7675736961451247
            ],
            [
              0.7859839546956111,
              0.7671957671957672
            ],
            [
              0.7859839546956111,
              0.7671957671957672
            ]
          ]
        ]
      },
      "properties": {
        "segment_id": 66,
        "area": 535061,
        "bbox": [
          0.0,
          789.0,
          2118.0,
          530.0
        ],
        "iou": 0.9937364459037781,
        "stability": 0.9501327872276306,
        "auto_generated": true,
        "model": "segment_anything"
      }
    },
    {
      "type": "Feature",
      "geometry": {
        "type": "Polygon",
        "coordinates": [
          [
            [
              0.9995280792826805,
              0.9890400604686319
            ],
            [
              0.9903256252949505,
              0.9871504157218443
            ],
            [
              0.9830108541764984,
              0.9913076341647771
            ],
            [
              0.975932043416706,
              0.9875283446712018
            ],
            [
              0.9688532326569136,
              0.9822373393801965
            ],
            [
              0.9613025011798018,
              0.9777021919879063
            ],
            [
              0.9544596507786692,
              0.9720332577475435
            ],
            [
              0.9476168003775366,
              0.9663643235071806
            ],
            [
              0.9419537517697026,
              0.9588057445200302
            ],
            [
              0.9344030202925908,
              0.9633408919123205
            ],
            [
              0.9285040113260972,
              0.9705215419501134
            ],
            [
              0.9223690420009438,
              0.9735449735449735
            ],
            [
              0.9136385087305333,
              0.9708994708994709
            ],
            [
              0.9049079754601227,
              0.9682539682539683
            ],
            [
              0.8957055214723927,
              0.9663643235071806
            ],
            [
              0.8860311467673431,
              0.9659863945578231
            ],
            [
              0.8763567720622936,
              0.9656084656084656
            ],
            [
              0.8669183577159038,
              0.9671201814058957
            ],
            [
              0.8570080226521944,
              0.9678760393046107
            ],
            [
              0.8478055686644643,
              0.9682539682539683
            ],
            [
              0.8386031146767343,
              0.9701436130007559
            ],
            [
              0.828692779613025,
              0.9708994708994709
            ],
            [
              0.8192543652666352,
              0.972411186696901
            ],
            [
              0.8102878716375649,
              0.973167044595616
            ],
            [
              0.8013213780084946,
              0.9754346182917611
            ],
            [
              0.7916470033034451,
              0.9765684051398337
            ],
            [
              0.7829164700330344,
              0.9792139077853363
            ],
            [
              0.7748938178386031,
              0.9829931972789115
            ],
            [
              0.7663992449268523,
              0.9860166288737717
            ],
            [
              0.7579046720151015,
              0.9890400604686319
            ],
            [
              0.7498820198206702,
              0.9928193499622071
            ],
            [
              0.7418593676262388,
              0.9965986394557823
            ],
            [
              0.7319490325625295,
              0.9973544973544973
            ],
            [
              0.7215667767815007,
              0.9973544973544973
            ],
            [
              0.7111845210004719,
              0.9973544973544973
            ],
            [
              0.7008022652194431,
              0.9973544973544973
            ],
            [
              0.6904200094384143,
              0.9973544973544973
            ],
            [
              0.6800377536573856,
              0.9973544973544973
            ],
            [
              0.6696554978763568,
              0.9973544973544973
            ],
            [
              0.659273242095328,
              0.9973544973544973
            ],
            [
              0.6495988673902784,
              0.9969765684051398
            ],
            [
              0.6399244926852289,
              0.9965986394557823
            ],
            [
              0.6300141576215196,
              0.9973544973544973
            ],
            [
              0.6201038225578103,
              0.9965986394557823
            ],
            [
              0.6106654082114205,
              0.9965986394557823
            ],
            [
              0.6002831524303917,
              0.9965986394557823
            ],
            [
              0.589900896649363,
              0.9965986394557823
            ],
            [
              0.5795186408683342,
              0.9965986394557823
            ],
            [
              0.5691363850873054,
              0.9965986394557823
            ],
            [
              0.5587541293062765,
              0.9965986394557823
            ],
            [
              0.5483718735252477,
              0.9965986394557823
            ],
            [
              0.5379896177442189,
              0.9965986394557823
            ],
            [
              0.5276073619631901,
              0.9965986394557823
            ],
            [
              0.5172251061821614,
              0.9965986394557823
            ],
            [
              0.5068428504011326,
              0.9965986394557823
            ],
            [
              0.49646059462010383,
              0.9965986394557823
            ],
            [
              0.48607833883907503,
              0.9965986394557823
            ],
            [
              0.4756960830580462,
              0.9965986394557823
            ],
            [
              0.4653138272770175,
              0.9965986394557823
            ],
            [
              0.4549315714959887,
              0.9965986394557823
            ],
            [
              0.44454931571495987,
              0.9965986394557823
            ],
            [
              0.4341670599339311,
              0.9965986394557823
            ],
            [
              0.4237848041529023,
              0.9965986394557823
            ],
            [
              0.4134025483718735,
              0.9965986394557823
            ],
            [
              0.40302029259084476,
              0.9965986394557823
            ],
            [
              0.39263803680981596,
              0.9965986394557823
            ],
            [
              0.38225578102878716,
              0.9965986394557823
            ],
            [
              0.37281736668239734,
              0.9965986394557823
            ],
            [
              0.3631429919773478,
              0.9969765684051398
            ],
            [
              0.3529966965549788,
              0.9965986394557823
            ],
            [
              0.34355828220858897,
              0.9965986394557823
            ],
            [
              0.33364794714487966,
              0.9973544973544973
            ],
            [
              0.32373761208117036,
              0.9965986394557823
            ],
            [
              0.31335535630014155,
              0.9965986394557823
            ],
            [
              0.3029731005191128,
              0.9965986394557823
            ],
            [
              0.292590844738084,
              0.9965986394557823
            ],
            [
              0.2822085889570552,
              0.9965986394557823
            ],
            [
              0.27182633317602645,
              0.9965986394557823
            ],
            [
              0.26144407739499764,
              0.9965986394557823
            ],
            [
              0.25106182161396884,
              0.9965986394557823
            ],
            [
              0.24067956583294006,
              0.9965986394557823
            ],
            [
              0.23029731005191129,
              0.9965986394557823
            ],
            [
              0.21991505427088248,
              0.9965986394557823
            ],
            [
              0.2095327984898537,
              0.9965986394557823
            ],
            [
              0.19915054270882493,
              0.9965986394557823
            ],
            [
              0.18876828692779613,
              0.9965986394557823
            ],
            [
              0.17838603114676735,
              0.9965986394557823
            ],
            [
              0.16847569608305804,
              0.9958427815570673
            ],
            [
              0.15856536101934876,
              0.9965986394557823
            ],
            [
              0.14818310523831996,
              0.9965986394557823
            ],
            [
              0.13827277017461068,
              0.9958427815570673
            ],
            [
              0.12836243511090137,
              0.9965986394557823
            ],
            [
              0.11892402076451156,
              0.9965986394557823
            ],
            [
              0.10854176498348278,
              0.9965986394557823
            ],
            [
              0.09815950920245399,
              0.9965986394557823
            ],
            [
              0.0877772534214252,
              0.9965986394557823
            ],
            [
              0.07739499764039641,
              0.9965986394557823
            ],
            [
              0.06701274185936762,
              0.9965986394557823
            ],
            [
              0.056630486078338836,
              0.9965986394557823
            ],
            [
              0.04719207173194903,
              0.9965986394557823
            ],
            [
              0.03728173666823974,
              0.9973544973544973
            ],
            [
              0.02737140160453044,
              0.9965986394557823
            ],
            [
              0.016989145823501653,
              0.9965986394557823
            ],
            [
              0.00684285040113261,
              0.9969765684051398
            ],
            [
              0.9995280792826805,
              0.9890400604686319
            ]
          ]
        ]
      },
      "properties": {
        "segment_id": 66,
        "area": 535061,
        "bbox": [
          0.0,
          789.0,
          2118.0,
          530.0
        ],
        "iou": 0.9937364459037781,
        "stability": 0.9501327872276306,
        "auto_generated": true,
        "model": "segment_anything"
      }
    }
  ],
  "metadata": {
    "model": "segment_anything",
    "num_segments": 67
  }
}