{
  "type": "FeatureCollection",
  "features": [
    {
      "type": "Feature",
      "geometry": {
        "type": "Polygon",
        "coordinates": [
          [
            [
              0.5211591536338547,
              0.6004901960784313
            ],
            [
              0.5183992640294388,
              0.6004901960784313
            ],
            [
              0.515639374425023,
              0.6004901960784313
            ],
            [
              0.5128794848206072,
              0.6004901960784313
            ],
            [
              0.5101195952161913,
              0.6004901960784313
            ],
            [
              0.5073597056117756,
              0.6004901960784313
            ],
            [
              0.5045998160073597,
              0.6004901960784313
            ],
            [
              0.5018399264029438,
              0.6004901960784313
            ],
            [
              0.4990800367985281,
              0.6004901960784313
            ],
            [
              0.49678012879484823,
              0.5995098039215686
            ],
            [
              0.49471021159153633,
              0.5980392156862745
            ],
            [
              0.4924103035878565,
              0.5970588235294118
            ],
            [
              0.4898804047838086,
              0.5965686274509804
            ],
            [
              0.48758049678012877,
              0.5975490196078431
            ],
            [
              0.48482060717571296,
              0.5975490196078431
            ],
            [
              0.48206071757129715,
              0.5975490196078431
            ],
            [
              0.4797608095676173,
              0.5965686274509804
            ],
            [
              0.47746090156393745,
              0.5955882352941176
            ],
            [
              0.47470101195952163,
              0.5955882352941176
            ],
            [
              0.4724011039558418,
              0.5946078431372549
            ],
            [
              0.4696412143514259,
              0.5946078431372549
            ],
            [
              0.46734130634774607,
              0.5936274509803922
            ],
            [
              0.4650413983440662,
              0.5926470588235294
            ],
            [
              0.46274149034038636,
              0.5916666666666667
            ],
            [
              0.4609015639374425,
              0.5897058823529412
            ],
            [
              0.45814167433302666,
              0.5897058823529412
            ],
            [
              0.4560717571297148,
              0.5882352941176471
            ],
            [
              0.45354185832566696,
              0.5877450980392157
            ],
            [
              0.4512419503219871,
              0.586764705882353
            ],
            [
              0.4484820607175713,
              0.586764705882353
            ],
            [
              0.44618215271389144,
              0.5857843137254902
            ],
            [
              0.4438822447102116,
              0.5848039215686275
            ],
            [
              0.44158233670653174,
              0.5838235294117647
            ],
            [
              0.4395124195032199,
              0.5823529411764706
            ],
            [
              0.4408923643054278,
              0.5794117647058824
            ],
            [
              0.4422723091076357,
              0.5764705882352941
            ],
            [
              0.4438822447102116,
              0.5740196078431372
            ],
            [
              0.4457221711131555,
              0.5720588235294117
            ],
            [
              0.44802207911683534,
              0.571078431372549
            ],
            [
              0.4503219871205152,
              0.5700980392156862
            ],
            [
              0.45262189512419504,
              0.5691176470588235
            ],
            [
              0.4549218031278749,
              0.5681372549019608
            ],
            [
              0.4576816927322907,
              0.5681372549019608
            ],
            [
              0.45998160073597055,
              0.567156862745098
            ],
            [
              0.4625114995400184,
              0.5666666666666667
            ],
            [
              0.4650413983440662,
              0.5661764705882353
            ],
            [
              0.46734130634774607,
              0.5651960784313725
            ],
            [
              0.4696412143514259,
              0.5642156862745098
            ],
            [
              0.4724011039558418,
              0.5642156862745098
            ],
            [
              0.4751609935602576,
              0.5642156862745098
            ],
            [
              0.4779208831646734,
              0.5642156862745098
            ],
            [
              0.48022079116835326,
              0.5632352941176471
            ],
            [
              0.48298068077276907,
              0.5632352941176471
            ],
            [
              0.48574057037718493,
              0.5632352941176471
            ],
            [
              0.4880404783808648,
              0.5622549019607843
            ],
            [
              0.49034038638454464,
              0.5612745098039216
            ],
            [
              0.4926402943882245,
              0.5602941176470588
            ],
            [
              0.49494020239190434,
              0.5593137254901961
            ],
            [
              0.49770009199632015,
              0.5593137254901961
            ],
            [
              0.500459981600736,
              0.5593137254901961
            ],
            [
              0.5025298988040479,
              0.557843137254902
            ],
            [
              0.5036798528058878,
              0.5544117647058824
            ],
            [
              0.5050597976080957,
              0.5514705882352942
            ],
            [
              0.5073597056117756,
              0.5504901960784314
            ],
            [
              0.5096596136154554,
              0.5495098039215687
            ],
            [
              0.5119595216191353,
              0.5485294117647059
            ],
            [
              0.514719411223551,
              0.5485294117647059
            ],
            [
              0.5167893284268629,
              0.5470588235294118
            ],
            [
              0.5167893284268629,
              0.5431372549019607
            ],
            [
              0.515639374425023,
              0.5397058823529411
            ],
            [
              0.516099356025759,
              0.5357843137254902
            ],
            [
              0.5177092916283349,
              0.5333333333333333
            ],
            [
              0.5202391904323828,
              0.532843137254902
            ],
            [
              0.5229990800367985,
              0.532843137254902
            ],
            [
              0.5252989880404784,
              0.5318627450980392
            ],
            [
              0.5280588776448942,
              0.5318627450980392
            ],
            [
              0.53081876724931,
              0.5318627450980392
            ],
            [
              0.5335786568537259,
              0.5318627450980392
            ],
            [
              0.5363385464581417,
              0.5318627450980392
            ],
            [
              0.5386384544618216,
              0.5308823529411765
            ],
            [
              0.5413983440662373,
              0.5308823529411765
            ],
            [
              0.5441582336706532,
              0.5308823529411765
            ],
            [
              0.546918123275069,
              0.5308823529411765
            ],
            [
              0.5482980680772769,
              0.5338235294117647
            ],
            [
              0.5496780128794848,
              0.5367647058823529
            ],
            [
              0.5510579576816927,
              0.5397058823529411
            ],
            [
              0.5524379024839007,
              0.5426470588235294
            ],
            [
              0.5533578656853726,
              0.5465686274509803
            ],
            [
              0.5533578656853726,
              0.5495098039215687
            ],
            [
              0.5510579576816927,
              0.5504901960784314
            ],
            [
              0.5487580496780129,
              0.5514705882352942
            ],
            [
              0.546918123275069,
              0.5534313725490196
            ],
            [
              0.545768169273229,
              0.5568627450980392
            ],
            [
              0.546228150873965,
              0.5617647058823529
            ],
            [
              0.546688132474701,
              0.5666666666666667
            ],
            [
              0.546688132474701,
              0.5725490196078431
            ],
            [
              0.5455381784728611,
              0.5759803921568627
            ],
            [
              0.5432382704691813,
              0.5769607843137254
            ],
            [
              0.5411683532658693,
              0.5784313725490197
            ],
            [
              0.5393284268629255,
              0.5803921568627451
            ],
            [
              0.5379484820607175,
              0.5833333333333334
            ],
            [
              0.5367985280588776,
              0.586764705882353
            ],
            [
              0.5354185832566697,
              0.5897058823529412
            ],
            [
              0.5338086476540939,
              0.592156862745098
            ],
            [
              0.5319687212511499,
              0.5941176470588235
            ],
            [
              0.5301287948482061,
              0.596078431372549
            ],
            [
              0.5280588776448942,
              0.5975490196078431
            ],
            [
              0.5257589696412144,
              0.5985294117647059
            ],
            [
              0.5234590616375345,
              0.5995098039215686
            ],
            [
              0.5211591536338547,
              0.6004901960784313
            ]
          ]
        ]
      },
      "properties": {
        "segment_id": 0,
        "area": 9541,
        "bbox": [
          956.0,
          542.0,
          248.0,
          70.0
        ],
        "iou": 0.9513824582099915,
        "stability": 0.9715346693992615,
        "auto_generated": true,
        "model": "segment_anything"
      }
    },
    {
      "type": "Feature",
      "geometry": {
        "type": "Polygon",
        "coordinates": [
          [
            [
              0.2842686292548298,
              0.471078431372549
            ],
            [
              0.28196872125114997,
              0.471078431372549
            ],
            [
              0.2801287948482061,
              0.47009803921568627
            ],
            [
              0.2778288868445262,
              0.47009803921568627
            ],
            [
              0.2755289788408464,
              0.47009803921568627
            ],
            [
              0.2732290708371665,
              0.47009803921568627
            ],
            [
              0.27092916283348667,
              0.47009803921568627
            ],
            [
              0.2690892364305428,
              0.46911764705882353
            ],
            [
              0.2672493100275989,
              0.4681372549019608
            ],
            [
              0.265409383624655,
              0.46715686274509804
            ],
            [
              0.26333946642134315,
              0.4666666666666667
            ],
            [
              0.2612695492180313,
              0.4661764705882353
            ],
            [
              0.25896964121435145,
              0.4661764705882353
            ],
            [
              0.25712971481140756,
              0.46519607843137256
            ],
            [
              0.2548298068077277,
              0.46519607843137256
            ],
            [
              0.25252989880404786,
              0.46519607843137256
            ],
            [
              0.25068997240110397,
              0.4642156862745098
            ],
            [
              0.2486200551977921,
              0.46372549019607845
            ],
            [
              0.24655013799448022,
              0.4632352941176471
            ],
            [
              0.24471021159153633,
              0.46225490196078434
            ],
            [
              0.24241030358785648,
              0.46225490196078434
            ],
            [
              0.24011039558417663,
              0.46225490196078434
            ],
            [
              0.23781048758049678,
              0.46225490196078434
            ],
            [
              0.23551057957681693,
              0.46225490196078434
            ],
            [
              0.23321067157313707,
              0.46225490196078434
            ],
            [
              0.23091076356945722,
              0.46225490196078434
            ],
            [
              0.22861085556577737,
              0.46225490196078434
            ],
            [
              0.22677092916283348,
              0.4612745098039216
            ],
            [
              0.22447102115915363,
              0.4612745098039216
            ],
            [
              0.22217111315547378,
              0.4612745098039216
            ],
            [
              0.21987120515179392,
              0.4612745098039216
            ],
            [
              0.21757129714811407,
              0.4612745098039216
            ],
            [
              0.21527138914443422,
              0.4612745098039216
            ],
            [
              0.21297148114075437,
              0.4612745098039216
            ],
            [
              0.21136154553817849,
              0.4598039215686274
            ],
            [
              0.21021159153633856,
              0.4573529411764706
            ],
            [
              0.2095216191352346,
              0.453921568627451
            ],
            [
              0.2109015639374425,
              0.4519607843137255
            ],
            [
              0.21297148114075437,
              0.4514705882352941
            ],
            [
              0.21481140754369826,
              0.4504901960784314
            ],
            [
              0.21711131554737811,
              0.4504901960784314
            ],
            [
              0.21849126034958602,
              0.4504901960784314
            ],
            [
              0.2205611775528979,
              0.45
            ],
            [
              0.22217111315547378,
              0.4485294117647059
            ],
            [
              0.2237810487580497,
              0.4470588235294118
            ],
            [
              0.2251609935602576,
              0.44509803921568625
            ],
            [
              0.22677092916283348,
              0.44362745098039214
            ],
            [
              0.22861085556577737,
              0.4426470588235294
            ],
            [
              0.23091076356945722,
              0.4426470588235294
            ],
            [
              0.23321067157313707,
              0.4426470588235294
            ],
            [
              0.23551057957681693,
              0.4426470588235294
            ],
            [
              0.23781048758049678,
              0.4426470588235294
            ],
            [
              0.24011039558417663,
              0.4426470588235294
            ],
            [
              0.24241030358785648,
              0.4426470588235294
            ],
            [
              0.24425022999080037,
              0.44166666666666665
            ],
            [
              0.24655013799448022,
              0.44166666666666665
            ],
            [
              0.24885004599816007,
              0.44166666666666665
            ],
            [
              0.2511499540018399,
              0.44166666666666665
            ],
            [
              0.2529898804047838,
              0.4426470588235294
            ],
            [
              0.25505979760809566,
              0.442156862745098
            ],
            [
              0.25712971481140756,
              0.44166666666666665
            ],
            [
              0.25873965041398345,
              0.44019607843137254
            ],
            [
              0.26034958601655933,
              0.4387254901960784
            ],
            [
              0.2621895124195032,
              0.4377450980392157
            ],
            [
              0.2640294388224471,
              0.43676470588235294
            ],
            [
              0.265869365225391,
              0.4357843137254902
            ],
            [
              0.26793928242870285,
              0.43529411764705883
            ],
            [
              0.2700091996320147,
              0.43480392156862746
            ],
            [
              0.27230910763569455,
              0.43480392156862746
            ],
            [
              0.27414903403863844,
              0.4357843137254902
            ],
            [
              0.2764489420423183,
              0.4357843137254902
            ],
            [
              0.2782888684452622,
              0.43676470588235294
            ],
            [
              0.2801287948482061,
              0.4377450980392157
            ],
            [
              0.28196872125114997,
              0.4387254901960784
            ],
            [
              0.2840386384544618,
              0.4392156862745098
            ],
            [
              0.2858785648574057,
              0.44019607843137254
            ],
            [
              0.28794848206071755,
              0.4406862745098039
            ],
            [
              0.28978840846366144,
              0.44166666666666665
            ],
            [
              0.2913983440662373,
              0.44313725490196076
            ],
            [
              0.29300827966881327,
              0.4446078431372549
            ],
            [
              0.29484820607175716,
              0.4455882352941177
            ],
            [
              0.297148114075437,
              0.4455882352941177
            ],
            [
              0.29944802207911686,
              0.4455882352941177
            ],
            [
              0.3012879484820607,
              0.4465686274509804
            ],
            [
              0.30358785648574055,
              0.4465686274509804
            ],
            [
              0.3058877644894204,
              0.4465686274509804
            ],
            [
              0.30818767249310025,
              0.4465686274509804
            ],
            [
              0.31002759889604414,
              0.4455882352941177
            ],
            [
              0.312327506899724,
              0.4455882352941177
            ],
            [
              0.3141674333026679,
              0.4446078431372549
            ],
            [
              0.31646734130634774,
              0.4446078431372549
            ],
            [
              0.31853725850965964,
              0.44509803921568625
            ],
            [
              0.3199172033118675,
              0.4470588235294118
            ],
            [
              0.3187672493100276,
              0.44950980392156864
            ],
            [
              0.3171573137074517,
              0.45098039215686275
            ],
            [
              0.3155473781048758,
              0.45245098039215687
            ],
            [
              0.31324747010119597,
              0.45245098039215687
            ],
            [
              0.31163753449862003,
              0.453921568627451
            ],
            [
              0.31002759889604414,
              0.4553921568627451
            ],
            [
              0.3088776448942042,
              0.45784313725490194
            ],
            [
              0.3077276908923643,
              0.4602941176470588
            ],
            [
              0.3063477460901564,
              0.46225490196078434
            ],
            [
              0.3045078196872125,
              0.4632352941176471
            ],
            [
              0.30266789328426863,
              0.4642156862745098
            ],
            [
              0.30082796688132474,
              0.46519607843137256
            ],
            [
              0.29898804047838085,
              0.4661764705882353
            ],
            [
              0.297148114075437,
              0.46715686274509804
            ],
            [
              0.2953081876724931,
              0.4681372549019608
            ],
            [
              0.2934682612695492,
              0.46911764705882353
            ],
            [
              0.2911683532658694,
              0.46911764705882353
            ],
            [
              0.2893284268629255,
              0.47009803921568627
            ],
            [
              0.28702851885924563,
              0.47009803921568627
            ],
            [
              0.2847286108555658,
              0.47009803921568627
            ],
            [
              0.2842686292548298,
              0.471078431372549
            ]
          ]
        ]
      },
      "properties": {
        "segment_id": 1,
        "area": 5137,
        "bbox": [
          456.0,
          444.0,
          239.0,
          36.0
        ],
        "iou": 0.9153724908828735,
        "stability": 0.9507884979248047,
        "auto_generated": true,
        "model": "segment_anything"
      }
    },
    {
      "type": "Feature",
      "geometry": {
        "type": "Polygon",
        "coordinates": [
          [
            [
              0.23965041398344067,
              0.48480392156862745
            ],
            [
              0.23919043238270468,
              0.48480392156862745
            ],
            [
              0.23873045078196872,
              0.48480392156862745
            ],
            [
              0.23827046918123276,
              0.48480392156862745
            ],
            [
              0.23781048758049678,
              0.48480392156862745
            ],
            [
              0.23735050597976082,
              0.48480392156862745
            ],
            [
              0.23689052437902483,
              0.48480392156862745
            ],
            [
              0.23643054277828887,
              0.48480392156862745
            ],
            [
              0.23597056117755288,
              0.48480392156862745
            ],
            [
              0.23551057957681693,
              0.48480392156862745
            ],
            [
              0.23505059797608097,
              0.48480392156862745
            ],
            [
              0.23459061637534498,
              0.48480392156862745
            ],
            [
              0.23413063477460902,
              0.48480392156862745
            ],
            [
              0.23367065317387303,
              0.48480392156862745
            ],
            [
              0.23321067157313707,
              0.48480392156862745
            ],
            [
              0.23275068997240111,
              0.48480392156862745
            ],
            [
              0.23229070837166513,
              0.48480392156862745
            ],
            [
              0.23183072677092917,
              0.48480392156862745
            ],
            [
              0.2316007359705612,
              0.4843137254901961
            ],
            [
              0.23137074517019318,
              0.4838235294117647
            ],
            [
              0.23091076356945722,
              0.4838235294117647
            ],
            [
              0.23045078196872126,
              0.4838235294117647
            ],
            [
              0.22999080036798528,
              0.4838235294117647
            ],
            [
              0.22953081876724932,
              0.4838235294117647
            ],
            [
              0.22907083716651333,
              0.4838235294117647
            ],
            [
              0.22884084636614535,
              0.48333333333333334
            ],
            [
              0.22861085556577737,
              0.48284313725490197
            ],
            [
              0.2281508739650414,
              0.48284313725490197
            ],
            [
              0.22769089236430542,
              0.48284313725490197
            ],
            [
              0.22746090156393745,
              0.4823529411764706
            ],
            [
              0.22723091076356947,
              0.4818627450980392
            ],
            [
              0.22677092916283348,
              0.4818627450980392
            ],
            [
              0.22631094756209752,
              0.4818627450980392
            ],
            [
              0.22585096596136153,
              0.4818627450980392
            ],
            [
              0.22562097516099355,
              0.48137254901960785
            ],
            [
              0.22539098436062557,
              0.4808823529411765
            ],
            [
              0.22493100275988961,
              0.4808823529411765
            ],
            [
              0.2247010119595216,
              0.4803921568627451
            ],
            [
              0.22447102115915363,
              0.47990196078431374
            ],
            [
              0.22424103035878565,
              0.47941176470588237
            ],
            [
              0.22447102115915363,
              0.478921568627451
            ],
            [
              0.22493100275988961,
              0.478921568627451
            ],
            [
              0.2251609935602576,
              0.47843137254901963
            ],
            [
              0.22539098436062557,
              0.47794117647058826
            ],
            [
              0.22562097516099355,
              0.4774509803921569
            ],
            [
              0.22585096596136153,
              0.4769607843137255
            ],
            [
              0.22631094756209752,
              0.4769607843137255
            ],
            [
              0.2265409383624655,
              0.4764705882352941
            ],
            [
              0.22677092916283348,
              0.4759803921568627
            ],
            [
              0.22723091076356947,
              0.4759803921568627
            ],
            [
              0.22769089236430542,
              0.4759803921568627
            ],
            [
              0.2281508739650414,
              0.4759803921568627
            ],
            [
              0.22861085556577737,
              0.4759803921568627
            ],
            [
              0.22884084636614535,
              0.47549019607843135
            ],
            [
              0.22907083716651333,
              0.475
            ],
            [
              0.22953081876724932,
              0.475
            ],
            [
              0.22999080036798528,
              0.475
            ],
            [
              0.23045078196872126,
              0.475
            ],
            [
              0.23091076356945722,
              0.475
            ],
            [
              0.23137074517019318,
              0.475
            ],
            [
              0.23183072677092917,
              0.475
            ],
            [
              0.23229070837166513,
              0.475
            ],
            [
              0.23275068997240111,
              0.475
            ],
            [
              0.2329806807727691,
              0.47549019607843135
            ],
            [
              0.23321067157313707,
              0.4759803921568627
            ],
            [
              0.23367065317387303,
              0.4759803921568627
            ],
            [
              0.23413063477460902,
              0.4759803921568627
            ],
            [
              0.23459061637534498,
              0.4759803921568627
            ],
            [
              0.23505059797608097,
              0.4759803921568627
            ],
            [
              0.23551057957681693,
              0.4759803921568627
            ],
            [
              0.2357405703771849,
              0.4764705882352941
            ],
            [
              0.23597056117755288,
              0.4769607843137255
            ],
            [
              0.23643054277828887,
              0.4769607843137255
            ],
            [
              0.23689052437902483,
              0.4769607843137255
            ],
            [
              0.23712051517939284,
              0.4774509803921569
            ],
            [
              0.23735050597976082,
              0.47794117647058826
            ],
            [
              0.23781048758049678,
              0.47794117647058826
            ],
            [
              0.23804047838086476,
              0.47843137254901963
            ],
            [
              0.23827046918123276,
              0.478921568627451
            ],
            [
              0.23873045078196872,
              0.478921568627451
            ],
            [
              0.23919043238270468,
              0.478921568627451
            ],
            [
              0.2394204231830727,
              0.47941176470588237
            ],
            [
              0.23965041398344067,
              0.47990196078431374
            ],
            [
              0.24011039558417663,
              0.47990196078431374
            ],
            [
              0.2403403863845446,
              0.4803921568627451
            ],
            [
              0.24057037718491261,
              0.4808823529411765
            ],
            [
              0.2408003679852806,
              0.48137254901960785
            ],
            [
              0.2408003679852806,
              0.4823529411764706
            ],
            [
              0.24057037718491261,
              0.48284313725490197
            ],
            [
              0.2403403863845446,
              0.48333333333333334
            ],
            [
              0.24011039558417663,
              0.4838235294117647
            ],
            [
              0.23988040478380865,
              0.4843137254901961
            ],
            [
              0.23965041398344067,
              0.48480392156862745
            ],
            [
              0.23965041398344067,
              0.48480392156862745
            ]
          ]
        ]
      },
      "properties": {
        "segment_id": 2,
        "area": 254,
        "bbox": [
          488.0,
          485.0,
          35.0,
          9.0
        ],
        "iou": 0.9117711782455444,
        "stability": 0.9764705896377563,
        "auto_generated": true,
        "model": "segment_anything"
      }
    },
    {
      "type": "Feature",
      "geometry": {
        "type": "Polygon",
        "coordinates": [
          [
            [
              0.4586016559337627,
              0.3573529411764706
            ],
            [
              0.45814167433302666,
              0.3573529411764706
            ],
            [
              0.4576816927322907,
              0.3573529411764706
            ],
            [
              0.45722171113155474,
              0.3573529411764706
            ],
            [
              0.45699172033118673,
              0.3568627450980392
            ],
            [
              0.4567617295308188,
              0.35637254901960785
            ],
            [
              0.4563017479300828,
              0.35637254901960785
            ],
            [
              0.4558417663293468,
              0.35637254901960785
            ],
            [
              0.45538178472861085,
              0.35637254901960785
            ],
            [
              0.4549218031278749,
              0.35637254901960785
            ],
            [
              0.45446182152713893,
              0.35637254901960785
            ],
            [
              0.4540018399264029,
              0.35637254901960785
            ],
            [
              0.45354185832566696,
              0.35637254901960785
            ],
            [
              0.453081876724931,
              0.35637254901960785
            ],
            [
              0.45262189512419504,
              0.35637254901960785
            ],
            [
              0.45239190432382703,
              0.3558823529411765
            ],
            [
              0.4521619135234591,
              0.3553921568627451
            ],
            [
              0.45170193192272307,
              0.3553921568627451
            ],
            [
              0.4512419503219871,
              0.3553921568627451
            ],
            [
              0.45078196872125115,
              0.3553921568627451
            ],
            [
              0.4503219871205152,
              0.3553921568627451
            ],
            [
              0.4500919963201472,
              0.35490196078431374
            ],
            [
              0.44986200551977923,
              0.35441176470588237
            ],
            [
              0.4496320147194112,
              0.353921568627451
            ],
            [
              0.4496320147194112,
              0.35294117647058826
            ],
            [
              0.4496320147194112,
              0.3519607843137255
            ],
            [
              0.4496320147194112,
              0.3509803921568627
            ],
            [
              0.44986200551977923,
              0.35049019607843135
            ],
            [
              0.4503219871205152,
              0.35049019607843135
            ],
            [
              0.45078196872125115,
              0.35049019607843135
            ],
            [
              0.4512419503219871,
              0.35049019607843135
            ],
            [
              0.45170193192272307,
              0.35049019607843135
            ],
            [
              0.4521619135234591,
              0.35049019607843135
            ],
            [
              0.45239190432382703,
              0.35
            ],
            [
              0.45262189512419504,
              0.3495098039215686
            ],
            [
              0.453081876724931,
              0.3495098039215686
            ],
            [
              0.45354185832566696,
              0.3495098039215686
            ],
            [
              0.4540018399264029,
              0.3495098039215686
            ],
            [
              0.45446182152713893,
              0.3495098039215686
            ],
            [
              0.4549218031278749,
              0.3495098039215686
            ],
            [
              0.45538178472861085,
              0.3495098039215686
            ],
            [
              0.45561177552897886,
              0.34901960784313724
            ],
            [
              0.4558417663293468,
              0.34852941176470587
            ],
            [
              0.4563017479300828,
              0.34852941176470587
            ],
            [
              0.4567617295308188,
              0.34852941176470587
            ],
            [
              0.45722171113155474,
              0.34852941176470587
            ],
            [
              0.4576816927322907,
              0.34852941176470587
            ],
            [
              0.45814167433302666,
              0.34852941176470587
            ],
            [
              0.4586016559337627,
              0.34852941176470587
            ],
            [
              0.45906163753449863,
              0.34852941176470587
            ],
            [
              0.4595216191352346,
              0.34852941176470587
            ],
            [
              0.45998160073597055,
              0.34852941176470587
            ],
            [
              0.4604415823367065,
              0.34852941176470587
            ],
            [
              0.4609015639374425,
              0.34852941176470587
            ],
            [
              0.4613615455381785,
              0.34852941176470587
            ],
            [
              0.46182152713891444,
              0.34852941176470587
            ],
            [
              0.4622815087396504,
              0.34852941176470587
            ],
            [
              0.46274149034038636,
              0.34852941176470587
            ],
            [
              0.4632014719411224,
              0.34852941176470587
            ],
            [
              0.46366145354185834,
              0.34852941176470587
            ],
            [
              0.4641214351425943,
              0.34852941176470587
            ],
            [
              0.46458141674333026,
              0.34852941176470587
            ],
            [
              0.4650413983440662,
              0.34852941176470587
            ],
            [
              0.46550137994480223,
              0.34852941176470587
            ],
            [
              0.4659613615455382,
              0.34852941176470587
            ],
            [
              0.46619135234590614,
              0.34901960784313724
            ],
            [
              0.46642134314627415,
              0.3495098039215686
            ],
            [
              0.4668813247470101,
              0.3495098039215686
            ],
            [
              0.46734130634774607,
              0.3495098039215686
            ],
            [
              0.4678012879484821,
              0.3495098039215686
            ],
            [
              0.46826126954921804,
              0.3495098039215686
            ],
            [
              0.468721251149954,
              0.3495098039215686
            ],
            [
              0.46918123275068996,
              0.3495098039215686
            ],
            [
              0.46941122355105797,
              0.35
            ],
            [
              0.4696412143514259,
              0.35049019607843135
            ],
            [
              0.47010119595216193,
              0.35049019607843135
            ],
            [
              0.4705611775528979,
              0.35049019607843135
            ],
            [
              0.47079116835326584,
              0.3509803921568627
            ],
            [
              0.47079116835326584,
              0.3519607843137255
            ],
            [
              0.47079116835326584,
              0.35294117647058826
            ],
            [
              0.47079116835326584,
              0.353921568627451
            ],
            [
              0.4705611775528979,
              0.35441176470588237
            ],
            [
              0.4703311867525299,
              0.35490196078431374
            ],
            [
              0.47010119595216193,
              0.3553921568627451
            ],
            [
              0.4696412143514259,
              0.3553921568627451
            ],
            [
              0.46918123275068996,
              0.3553921568627451
            ],
            [
              0.468721251149954,
              0.3553921568627451
            ],
            [
              0.46826126954921804,
              0.3553921568627451
            ],
            [
              0.46803127874885003,
              0.3558823529411765
            ],
            [
              0.4678012879484821,
              0.35637254901960785
            ],
            [
              0.46734130634774607,
              0.35637254901960785
            ],
            [
              0.4668813247470101,
              0.35637254901960785
            ],
            [
              0.46642134314627415,
              0.35637254901960785
            ],
            [
              0.4659613615455382,
              0.35637254901960785
            ],
            [
              0.46550137994480223,
              0.35637254901960785
            ],
            [
              0.4650413983440662,
              0.35637254901960785
            ],
            [
              0.46458141674333026,
              0.35637254901960785
            ],
            [
              0.4641214351425943,
              0.35637254901960785
            ],
            [
              0.46366145354185834,
              0.35637254901960785
            ],
            [
              0.4632014719411224,
              0.35637254901960785
            ],
            [
              0.46274149034038636,
              0.35637254901960785
            ],
            [
              0.4622815087396504,
              0.35637254901960785
            ],
            [
              0.46182152713891444,
              0.35637254901960785
            ],
            [
              0.4613615455381785,
              0.35637254901960785
            ],
            [
              0.4609015639374425,
              0.35637254901960785
            ],
            [
              0.4604415823367065,
              0.35637254901960785
            ],
            [
              0.45998160073597055,
              0.35637254901960785
            ],
            [
              0.4595216191352346,
              0.35637254901960785
            ],
            [
              0.45906163753449863,
              0.35637254901960785
            ],
            [
              0.4588316467341306,
              0.3568627450980392
            ],
            [
              0.4586016559337627,
              0.3573529411764706
            ],
            [
              0.4586016559337627,
              0.3573529411764706
            ]
          ]
        ]
      },
      "properties": {
        "segment_id": 3,
        "area": 326,
        "bbox": [
          978.0,
          356.0,
          45.0,
          8.0
        ],
        "iou": 0.8904726505279541,
        "stability": 0.9575757384300232,
        "auto_generated": true,
        "model": "segment_anything"
      }
    },
    {
      "type": "Feature",
      "geometry": {
        "type": "Polygon",
        "coordinates": [
          [
            [
              0.3610855565777369,
              0.5642156862745098
            ],
            [
              0.36016559337626497,
              0.5642156862745098
            ],
            [
              0.359245630174793,
              0.5642156862745098
            ],
            [
              0.3583256669733211,
              0.5642156862745098
            ],
            [
              0.3574057037718491,
              0.5642156862745098
            ],
            [
              0.3564857405703772,
              0.5642156862745098
            ],
            [
              0.3560257589696412,
              0.5632352941176471
            ],
            [
              0.35510579576816925,
              0.5632352941176471
            ],
            [
              0.35418583256669733,
              0.5632352941176471
            ],
            [
              0.3532658693652254,
              0.5632352941176471
            ],
            [
              0.35234590616375344,
              0.5632352941176471
            ],
            [
              0.3514259429622815,
              0.5632352941176471
            ],
            [
              0.35050597976080955,
              0.5632352941176471
            ],
            [
              0.34958601655933763,
              0.5632352941176471
            ],
            [
              0.3486660533578657,
              0.5632352941176471
            ],
            [
              0.34774609015639374,
              0.5632352941176471
            ],
            [
              0.3468261269549218,
              0.5632352941176471
            ],
            [
              0.34590616375344985,
              0.5632352941176471
            ],
            [
              0.34498620055197793,
              0.5632352941176471
            ],
            [
              0.34429622815087396,
              0.5627450980392157
            ],
            [
              0.34360625574977,
              0.5622549019607843
            ],
            [
              0.3426862925482981,
              0.5622549019607843
            ],
            [
              0.3417663293468261,
              0.5622549019607843
            ],
            [
              0.3408463661453542,
              0.5622549019607843
            ],
            [
              0.33992640294388227,
              0.5622549019607843
            ],
            [
              0.3390064397424103,
              0.5622549019607843
            ],
            [
              0.3380864765409384,
              0.5622549019607843
            ],
            [
              0.3371665133394664,
              0.5622549019607843
            ],
            [
              0.3362465501379945,
              0.5622549019607843
            ],
            [
              0.33532658693652256,
              0.5622549019607843
            ],
            [
              0.3344066237350506,
              0.5622549019607843
            ],
            [
              0.33348666053357867,
              0.5622549019607843
            ],
            [
              0.3327966881324747,
              0.5617647058823529
            ],
            [
              0.33210671573137074,
              0.5612745098039216
            ],
            [
              0.3311867525298988,
              0.5612745098039216
            ],
            [
              0.33026678932842685,
              0.5612745098039216
            ],
            [
              0.3295768169273229,
              0.5607843137254902
            ],
            [
              0.32888684452621897,
              0.5602941176470588
            ],
            [
              0.327966881324747,
              0.5602941176470588
            ],
            [
              0.32750689972401104,
              0.5593137254901961
            ],
            [
              0.3265869365225391,
              0.5593137254901961
            ],
            [
              0.32566697332106714,
              0.5593137254901961
            ],
            [
              0.3247470101195952,
              0.5593137254901961
            ],
            [
              0.32382704691812325,
              0.5593137254901961
            ],
            [
              0.32290708371665133,
              0.5593137254901961
            ],
            [
              0.3219871205151794,
              0.5593137254901961
            ],
            [
              0.32106715731370744,
              0.5593137254901961
            ],
            [
              0.3201471941122355,
              0.5593137254901961
            ],
            [
              0.31922723091076355,
              0.5593137254901961
            ],
            [
              0.31830726770929163,
              0.5593137254901961
            ],
            [
              0.3173873045078197,
              0.5593137254901961
            ],
            [
              0.3169273229070837,
              0.5583333333333333
            ],
            [
              0.3160073597056118,
              0.5583333333333333
            ],
            [
              0.31577736890524377,
              0.5568627450980392
            ],
            [
              0.31577736890524377,
              0.5549019607843138
            ],
            [
              0.3160073597056118,
              0.5534313725490196
            ],
            [
              0.31669733210671575,
              0.5529411764705883
            ],
            [
              0.3173873045078197,
              0.5524509803921569
            ],
            [
              0.3180772769089236,
              0.5519607843137255
            ],
            [
              0.3187672493100276,
              0.5514705882352942
            ],
            [
              0.31922723091076355,
              0.5504901960784314
            ],
            [
              0.3199172033118675,
              0.55
            ],
            [
              0.3203771849126035,
              0.5490196078431373
            ],
            [
              0.32106715731370744,
              0.5485294117647059
            ],
            [
              0.3217571297148114,
              0.5480392156862746
            ],
            [
              0.3224471021159154,
              0.5475490196078432
            ],
            [
              0.3233670653173873,
              0.5475490196078432
            ],
            [
              0.32428702851885927,
              0.5475490196078432
            ],
            [
              0.3247470101195952,
              0.5465686274509803
            ],
            [
              0.32566697332106714,
              0.5465686274509803
            ],
            [
              0.3265869365225391,
              0.5465686274509803
            ],
            [
              0.32727690892364303,
              0.5470588235294118
            ],
            [
              0.327966881324747,
              0.5475490196078432
            ],
            [
              0.32888684452621897,
              0.5475490196078432
            ],
            [
              0.3295768169273229,
              0.5480392156862746
            ],
            [
              0.33026678932842685,
              0.5485294117647059
            ],
            [
              0.3309567617295308,
              0.5490196078431373
            ],
            [
              0.3316467341306348,
              0.5495098039215687
            ],
            [
              0.33233670653173875,
              0.55
            ],
            [
              0.3330266789328427,
              0.5504901960784314
            ],
            [
              0.33394664213431463,
              0.5504901960784314
            ],
            [
              0.33486660533578655,
              0.5504901960784314
            ],
            [
              0.3357865685372585,
              0.5504901960784314
            ],
            [
              0.33670653173873044,
              0.5504901960784314
            ],
            [
              0.3371665133394664,
              0.5514705882352942
            ],
            [
              0.3380864765409384,
              0.5514705882352942
            ],
            [
              0.3390064397424103,
              0.5514705882352942
            ],
            [
              0.33992640294388227,
              0.5514705882352942
            ],
            [
              0.3403863845446182,
              0.5524509803921569
            ],
            [
              0.34130634774609014,
              0.5524509803921569
            ],
            [
              0.3422263109475621,
              0.5524509803921569
            ],
            [
              0.34314627414903404,
              0.5524509803921569
            ],
            [
              0.34406623735050595,
              0.5524509803921569
            ],
            [
              0.34498620055197793,
              0.5524509803921569
            ],
            [
              0.34590616375344985,
              0.5524509803921569
            ],
            [
              0.3468261269549218,
              0.5524509803921569
            ],
            [
              0.34774609015639374,
              0.5524509803921569
            ],
            [
              0.3486660533578657,
              0.5524509803921569
            ],
            [
              0.34958601655933763,
              0.5524509803921569
            ],
            [
              0.3502759889604416,
              0.5529411764705883
            ],
            [
              0.35096596136154556,
              0.5534313725490196
            ],
            [
              0.3518859245630175,
              0.5534313725490196
            ],
            [
              0.35257589696412145,
              0.5529411764705883
            ],
            [
              0.3532658693652254,
              0.5524509803921569
            ],
            [
              0.35418583256669733,
              0.5524509803921569
            ],
            [
              0.35510579576816925,
              0.5524509803921569
            ],
            [
              0.3560257589696412,
              0.5524509803921569
            ],
            [
              0.35694572217111314,
              0.5524509803921569
            ],
            [
              0.3578656853725851,
              0.5524509803921569
            ],
            [
              0.3583256669733211,
              0.5534313725490196
            ],
            [
              0.359245630174793,
              0.5534313725490196
            ],
            [
              0.36016559337626497,
              0.5534313725490196
            ],
            [
              0.3610855565777369,
              0.5534313725490196
            ],
            [
              0.3620055197792088,
              0.5534313725490196
            ],
            [
              0.3629254829806808,
              0.5534313725490196
            ],
            [
              0.3638454461821527,
              0.5534313725490196
            ],
            [
              0.3647654093836247,
              0.5534313725490196
            ],
            [
              0.3656853725850966,
              0.5534313725490196
            ],
            [
              0.36660533578656856,
              0.5534313725490196
            ],
            [
              0.3672953081876725,
              0.553921568627451
            ],
            [
              0.36798528058877644,
              0.5544117647058824
            ],
            [
              0.36798528058877644,
              0.5553921568627451
            ],
            [
              0.3675252989880405,
              0.5563725490196079
            ],
            [
              0.3670653173873045,
              0.5573529411764706
            ],
            [
              0.3668353265869365,
              0.5588235294117647
            ],
            [
              0.36637534498620056,
              0.5598039215686275
            ],
            [
              0.3656853725850966,
              0.5602941176470588
            ],
            [
              0.3649954001839926,
              0.5607843137254902
            ],
            [
              0.36430542778288866,
              0.5612745098039216
            ],
            [
              0.36361545538178475,
              0.5617647058823529
            ],
            [
              0.3629254829806808,
              0.5622549019607843
            ],
            [
              0.3624655013799448,
              0.5632352941176471
            ],
            [
              0.36154553817847285,
              0.5632352941176471
            ],
            [
              0.3610855565777369,
              0.5642156862745098
            ]
          ]
        ]
      },
      "properties": {
        "segment_id": 4,
        "area": 1194,
        "bbox": [
          687.0,
          558.0,
          113.0,
          17.0
        ],
        "iou": 0.9127936959266663,
        "stability": 0.9492219686508179,
        "auto_generated": true,
        "model": "segment_anything"
      }
    },
    {
      "type": "Feature",
      "geometry": {
        "type": "Polygon",
        "coordinates": [
          [
            [
              0.4908003679852806,
              0.9112745098039216
            ],
            [
              0.49034038638454464,
              0.9112745098039216
            ],
            [
              0.4898804047838086,
              0.9112745098039216
            ],
            [
              0.48942042318307266,
              0.9112745098039216
            ],
            [
              0.4889604415823367,
              0.9112745098039216
            ],
            [
              0.48850045998160074,
              0.9112745098039216
            ],
            [
              0.4880404783808648,
              0.9112745098039216
            ],
            [
              0.48758049678012877,
              0.9112745098039216
            ],
            [
              0.4871205151793928,
              0.9112745098039216
            ],
            [
              0.48666053357865685,
              0.9112745098039216
            ],
            [
              0.48643054277828884,
              0.9107843137254902
            ],
            [
              0.4862005519779209,
              0.9102941176470588
            ],
            [
              0.48574057037718493,
              0.9102941176470588
            ],
            [
              0.4852805887764489,
              0.9102941176470588
            ],
            [
              0.48482060717571296,
              0.9102941176470588
            ],
            [
              0.484360625574977,
              0.9102941176470588
            ],
            [
              0.484130634774609,
              0.9098039215686274
            ],
            [
              0.48390064397424104,
              0.9093137254901961
            ],
            [
              0.4834406623735051,
              0.9093137254901961
            ],
            [
              0.48298068077276907,
              0.9093137254901961
            ],
            [
              0.4827506899724011,
              0.9088235294117647
            ],
            [
              0.4825206991720331,
              0.9083333333333333
            ],
            [
              0.48206071757129715,
              0.9083333333333333
            ],
            [
              0.4816007359705612,
              0.9083333333333333
            ],
            [
              0.48114075436982523,
              0.9083333333333333
            ],
            [
              0.4809107635694572,
              0.907843137254902
            ],
            [
              0.4806807727690892,
              0.9073529411764706
            ],
            [
              0.48022079116835326,
              0.9073529411764706
            ],
            [
              0.4797608095676173,
              0.9073529411764706
            ],
            [
              0.4795308187672493,
              0.9068627450980392
            ],
            [
              0.47930082796688134,
              0.9063725490196078
            ],
            [
              0.4788408463661454,
              0.9063725490196078
            ],
            [
              0.47838086476540936,
              0.9063725490196078
            ],
            [
              0.4781508739650414,
              0.9058823529411765
            ],
            [
              0.4779208831646734,
              0.9053921568627451
            ],
            [
              0.47746090156393745,
              0.9053921568627451
            ],
            [
              0.4770009199632015,
              0.9053921568627451
            ],
            [
              0.4767709291628335,
              0.9049019607843137
            ],
            [
              0.4765409383624655,
              0.9044117647058824
            ],
            [
              0.4763109475620975,
              0.903921568627451
            ],
            [
              0.4763109475620975,
              0.9029411764705882
            ],
            [
              0.4760809567617295,
              0.9024509803921569
            ],
            [
              0.47585096596136156,
              0.9019607843137255
            ],
            [
              0.47585096596136156,
              0.9009803921568628
            ],
            [
              0.4760809567617295,
              0.9004901960784314
            ],
            [
              0.4763109475620975,
              0.9
            ],
            [
              0.4765409383624655,
              0.8995098039215687
            ],
            [
              0.4767709291628335,
              0.8990196078431373
            ],
            [
              0.4770009199632015,
              0.8985294117647059
            ],
            [
              0.47723091076356944,
              0.8980392156862745
            ],
            [
              0.47746090156393745,
              0.8975490196078432
            ],
            [
              0.47769089236430545,
              0.8970588235294118
            ],
            [
              0.4779208831646734,
              0.8965686274509804
            ],
            [
              0.4781508739650414,
              0.8960784313725491
            ],
            [
              0.4781508739650414,
              0.8950980392156863
            ],
            [
              0.47838086476540936,
              0.8946078431372549
            ],
            [
              0.4788408463661454,
              0.8946078431372549
            ],
            [
              0.47930082796688134,
              0.8946078431372549
            ],
            [
              0.4797608095676173,
              0.8946078431372549
            ],
            [
              0.48022079116835326,
              0.8946078431372549
            ],
            [
              0.4806807727690892,
              0.8946078431372549
            ],
            [
              0.48114075436982523,
              0.8946078431372549
            ],
            [
              0.4816007359705612,
              0.8946078431372549
            ],
            [
              0.48206071757129715,
              0.8946078431372549
            ],
            [
              0.4825206991720331,
              0.8946078431372549
            ],
            [
              0.48298068077276907,
              0.8946078431372549
            ],
            [
              0.4834406623735051,
              0.8946078431372549
            ],
            [
              0.48390064397424104,
              0.8946078431372549
            ],
            [
              0.484360625574977,
              0.8946078431372549
            ],
            [
              0.48482060717571296,
              0.8946078431372549
            ],
            [
              0.4852805887764489,
              0.8946078431372549
            ],
            [
              0.48574057037718493,
              0.8946078431372549
            ],
            [
              0.4862005519779209,
              0.8946078431372549
            ],
            [
              0.48643054277828884,
              0.8950980392156863
            ],
            [
              0.48666053357865685,
              0.8955882352941177
            ],
            [
              0.4871205151793928,
              0.8955882352941177
            ],
            [
              0.48758049678012877,
              0.8955882352941177
            ],
            [
              0.4880404783808648,
              0.8955882352941177
            ],
            [
              0.48850045998160074,
              0.8955882352941177
            ],
            [
              0.4889604415823367,
              0.8955882352941177
            ],
            [
              0.4891904323827047,
              0.8960784313725491
            ],
            [
              0.48942042318307266,
              0.8965686274509804
            ],
            [
              0.4898804047838086,
              0.8965686274509804
            ],
            [
              0.49034038638454464,
              0.8965686274509804
            ],
            [
              0.4905703771849126,
              0.8970588235294118
            ],
            [
              0.4908003679852806,
              0.8975490196078432
            ],
            [
              0.49126034958601655,
              0.8975490196078432
            ],
            [
              0.49149034038638456,
              0.8980392156862745
            ],
            [
              0.4917203311867525,
              0.8985294117647059
            ],
            [
              0.4919503219871205,
              0.8990196078431373
            ],
            [
              0.4919503219871205,
              0.9
            ],
            [
              0.4919503219871205,
              0.9009803921568628
            ],
            [
              0.4921803127874885,
              0.9014705882352941
            ],
            [
              0.4924103035878565,
              0.9019607843137255
            ],
            [
              0.4924103035878565,
              0.9029411764705882
            ],
            [
              0.4924103035878565,
              0.903921568627451
            ],
            [
              0.4926402943882245,
              0.9044117647058824
            ],
            [
              0.49287028518859244,
              0.9049019607843137
            ],
            [
              0.49287028518859244,
              0.9058823529411765
            ],
            [
              0.49287028518859244,
              0.9068627450980392
            ],
            [
              0.49287028518859244,
              0.907843137254902
            ],
            [
              0.4926402943882245,
              0.9083333333333333
            ],
            [
              0.4924103035878565,
              0.9088235294117647
            ],
            [
              0.4924103035878565,
              0.9098039215686274
            ],
            [
              0.4921803127874885,
              0.9102941176470588
            ],
            [
              0.4917203311867525,
              0.9102941176470588
            ],
            [
              0.49126034958601655,
              0.9102941176470588
            ],
            [
              0.49103035878564855,
              0.9107843137254902
            ],
            [
              0.4908003679852806,
              0.9112745098039216
            ],
            [
              0.4908003679852806,
              0.9112745098039216
            ]
          ]
        ]
      },
      "properties": {
        "segment_id": 5,
        "area": 480,
        "bbox": [
          1035.0,
          913.0,
          36.0,
          16.0
        ],
        "iou": 0.9093816876411438,
        "stability": 0.9592667818069458,
        "auto_generated": true,
        "model": "segment_anything"
      }
    },
    {
      "type": "Feature",
      "geometry": {
        "type": "Polygon",
        "coordinates": [
          [
            [
              0.45722171113155474,
              0.9014705882352941
            ],
            [
              0.4567617295308188,
              0.9014705882352941
            ],
            [
              0.4563017479300828,
              0.9014705882352941
            ],
            [
              0.4558417663293468,
              0.9014705882352941
            ],
            [
              0.45538178472861085,
              0.9014705882352941
            ],
            [
              0.4549218031278749,
              0.9014705882352941
            ],
            [
              0.45446182152713893,
              0.9014705882352941
            ],
            [
              0.4540018399264029,
              0.9014705882352941
            ],
            [
              0.45354185832566696,
              0.9014705882352941
            ],
            [
              0.453081876724931,
              0.9014705882352941
            ],
            [
              0.452851885924563,
              0.9009803921568628
            ],
            [
              0.45262189512419504,
              0.9004901960784314
            ],
            [
              0.4521619135234591,
              0.9004901960784314
            ],
            [
              0.45170193192272307,
              0.9004901960784314
            ],
            [
              0.4512419503219871,
              0.9004901960784314
            ],
            [
              0.45101195952161915,
              0.9
            ],
            [
              0.45078196872125115,
              0.8995098039215687
            ],
            [
              0.45055197792088314,
              0.8990196078431373
            ],
            [
              0.4503219871205152,
              0.8985294117647059
            ],
            [
              0.4500919963201472,
              0.8980392156862745
            ],
            [
              0.4500919963201472,
              0.8970588235294118
            ],
            [
              0.4500919963201472,
              0.8960784313725491
            ],
            [
              0.4503219871205152,
              0.8955882352941177
            ],
            [
              0.45055197792088314,
              0.8950980392156863
            ],
            [
              0.45078196872125115,
              0.8946078431372549
            ],
            [
              0.4512419503219871,
              0.8946078431372549
            ],
            [
              0.4514719411223551,
              0.8941176470588236
            ],
            [
              0.45170193192272307,
              0.8936274509803922
            ],
            [
              0.4519319227230911,
              0.8931372549019608
            ],
            [
              0.4521619135234591,
              0.8926470588235295
            ],
            [
              0.45239190432382703,
              0.8921568627450981
            ],
            [
              0.45262189512419504,
              0.8916666666666667
            ],
            [
              0.452851885924563,
              0.8911764705882353
            ],
            [
              0.453081876724931,
              0.890686274509804
            ],
            [
              0.453311867525299,
              0.8901960784313725
            ],
            [
              0.45354185832566696,
              0.8897058823529411
            ],
            [
              0.45377184912603497,
              0.8892156862745098
            ],
            [
              0.4540018399264029,
              0.8887254901960784
            ],
            [
              0.4542318307267709,
              0.888235294117647
            ],
            [
              0.45446182152713893,
              0.8877450980392156
            ],
            [
              0.4549218031278749,
              0.8877450980392156
            ],
            [
              0.45515179392824284,
              0.8872549019607843
            ],
            [
              0.45538178472861085,
              0.8867647058823529
            ],
            [
              0.4558417663293468,
              0.8867647058823529
            ],
            [
              0.4560717571297148,
              0.8862745098039215
            ],
            [
              0.4563017479300828,
              0.8857843137254902
            ],
            [
              0.4567617295308188,
              0.8857843137254902
            ],
            [
              0.45722171113155474,
              0.8857843137254902
            ],
            [
              0.4576816927322907,
              0.8857843137254902
            ],
            [
              0.45814167433302666,
              0.8857843137254902
            ],
            [
              0.4586016559337627,
              0.8857843137254902
            ],
            [
              0.45906163753449863,
              0.8857843137254902
            ],
            [
              0.4595216191352346,
              0.8857843137254902
            ],
            [
              0.4597516099356026,
              0.8862745098039215
            ],
            [
              0.45998160073597055,
              0.8867647058823529
            ],
            [
              0.4604415823367065,
              0.8867647058823529
            ],
            [
              0.4606715731370745,
              0.8872549019607843
            ],
            [
              0.4609015639374425,
              0.8877450980392156
            ],
            [
              0.4611315547378105,
              0.888235294117647
            ],
            [
              0.4611315547378105,
              0.8892156862745098
            ],
            [
              0.4611315547378105,
              0.8901960784313725
            ],
            [
              0.4611315547378105,
              0.8911764705882353
            ],
            [
              0.4609015639374425,
              0.8916666666666667
            ],
            [
              0.4606715731370745,
              0.8921568627450981
            ],
            [
              0.4606715731370745,
              0.8931372549019608
            ],
            [
              0.4606715731370745,
              0.8941176470588236
            ],
            [
              0.4604415823367065,
              0.8946078431372549
            ],
            [
              0.46021159153633856,
              0.8950980392156863
            ],
            [
              0.46021159153633856,
              0.8960784313725491
            ],
            [
              0.46021159153633856,
              0.8970588235294118
            ],
            [
              0.45998160073597055,
              0.8975490196078432
            ],
            [
              0.4597516099356026,
              0.8980392156862745
            ],
            [
              0.4595216191352346,
              0.8985294117647059
            ],
            [
              0.4592916283348666,
              0.8990196078431373
            ],
            [
              0.45906163753449863,
              0.8995098039215687
            ],
            [
              0.4586016559337627,
              0.8995098039215687
            ],
            [
              0.45837166513339467,
              0.9
            ],
            [
              0.45814167433302666,
              0.9004901960784314
            ],
            [
              0.4576816927322907,
              0.9004901960784314
            ],
            [
              0.45745170193192275,
              0.9009803921568628
            ],
            [
              0.45722171113155474,
              0.9014705882352941
            ],
            [
              0.45722171113155474,
              0.9014705882352941
            ]
          ]
        ]
      },
      "properties": {
        "segment_id": 6,
        "area": 274,
        "bbox": [
          979.0,
          904.0,
          23.0,
          15.0
        ],
        "iou": 0.9006580710411072,
        "stability": 0.967391312122345,
        "auto_generated": true,
        "model": "segment_anything"
      }
    },
    {
      "type": "Feature",
      "geometry": {
        "type": "Polygon",
        "coordinates": [
          [
            [
              0.2778288868445262,
              0.4357843137254902
            ],
            [
              0.27736890524379026,
              0.4357843137254902
            ],
            [
              0.2769089236430543,
              0.4357843137254902
            ],
            [
              0.2764489420423183,
              0.4357843137254902
            ],
            [
              0.27598896044158233,
              0.4357843137254902
            ],
            [
              0.2755289788408464,
              0.4357843137254902
            ],
            [
              0.27529898804047837,
              0.43529411764705883
            ],
            [
              0.2750689972401104,
              0.43480392156862746
            ],
            [
              0.2746090156393744,
              0.43480392156862746
            ],
            [
              0.27414903403863844,
              0.43480392156862746
            ],
            [
              0.2736890524379025,
              0.43480392156862746
            ],
            [
              0.2732290708371665,
              0.43480392156862746
            ],
            [
              0.27276908923643056,
              0.43480392156862746
            ],
            [
              0.27230910763569455,
              0.43480392156862746
            ],
            [
              0.2718491260349586,
              0.43480392156862746
            ],
            [
              0.27138914443422263,
              0.43480392156862746
            ],
            [
              0.27092916283348667,
              0.43480392156862746
            ],
            [
              0.2704691812327507,
              0.43480392156862746
            ],
            [
              0.2700091996320147,
              0.43480392156862746
            ],
            [
              0.26954921803127874,
              0.43480392156862746
            ],
            [
              0.2690892364305428,
              0.43480392156862746
            ],
            [
              0.2686292548298068,
              0.43480392156862746
            ],
            [
              0.26816927322907086,
              0.43480392156862746
            ],
            [
              0.26770929162833484,
              0.43480392156862746
            ],
            [
              0.2672493100275989,
              0.43480392156862746
            ],
            [
              0.26701931922723093,
              0.43529411764705883
            ],
            [
              0.2667893284268629,
              0.4357843137254902
            ],
            [
              0.26632934682612697,
              0.4357843137254902
            ],
            [
              0.265869365225391,
              0.4357843137254902
            ],
            [
              0.265409383624655,
              0.4357843137254902
            ],
            [
              0.26494940202391903,
              0.4357843137254902
            ],
            [
              0.2647194112235511,
              0.43529411764705883
            ],
            [
              0.2644894204231831,
              0.43480392156862746
            ],
            [
              0.2640294388224471,
              0.43480392156862746
            ],
            [
              0.2637994480220791,
              0.4343137254901961
            ],
            [
              0.2637994480220791,
              0.43333333333333335
            ],
            [
              0.26356945722171116,
              0.432843137254902
            ],
            [
              0.26333946642134315,
              0.4323529411764706
            ],
            [
              0.26333946642134315,
              0.43137254901960786
            ],
            [
              0.26310947562097514,
              0.4308823529411765
            ],
            [
              0.2628794848206072,
              0.4303921568627451
            ],
            [
              0.2626494940202392,
              0.42990196078431375
            ],
            [
              0.26241950321987123,
              0.4294117647058823
            ],
            [
              0.2621895124195032,
              0.42892156862745096
            ],
            [
              0.2619595216191352,
              0.4284313725490196
            ],
            [
              0.2619595216191352,
              0.42745098039215684
            ],
            [
              0.2621895124195032,
              0.42696078431372547
            ],
            [
              0.2626494940202392,
              0.42696078431372547
            ],
            [
              0.2628794848206072,
              0.4264705882352941
            ],
            [
              0.26310947562097514,
              0.42598039215686273
            ],
            [
              0.26356945722171116,
              0.42598039215686273
            ],
            [
              0.2637994480220791,
              0.42549019607843136
            ],
            [
              0.2640294388224471,
              0.425
            ],
            [
              0.2644894204231831,
              0.425
            ],
            [
              0.26494940202391903,
              0.425
            ],
            [
              0.26517939282428704,
              0.4245098039215686
            ],
            [
              0.265409383624655,
              0.42401960784313725
            ],
            [
              0.265869365225391,
              0.42401960784313725
            ],
            [
              0.26609935602575896,
              0.4235294117647059
            ],
            [
              0.26632934682612697,
              0.4230392156862745
            ],
            [
              0.2667893284268629,
              0.4230392156862745
            ],
            [
              0.2672493100275989,
              0.4230392156862745
            ],
            [
              0.26770929162833484,
              0.4230392156862745
            ],
            [
              0.26816927322907086,
              0.4230392156862745
            ],
            [
              0.2686292548298068,
              0.4230392156862745
            ],
            [
              0.2690892364305428,
              0.4230392156862745
            ],
            [
              0.26954921803127874,
              0.4230392156862745
            ],
            [
              0.2700091996320147,
              0.4230392156862745
            ],
            [
              0.2704691812327507,
              0.4230392156862745
            ],
            [
              0.27092916283348667,
              0.4230392156862745
            ],
            [
              0.27138914443422263,
              0.4230392156862745
            ],
            [
              0.2718491260349586,
              0.4230392156862745
            ],
            [
              0.2720791168353266,
              0.4235294117647059
            ],
            [
              0.27230910763569455,
              0.42401960784313725
            ],
            [
              0.27276908923643056,
              0.42401960784313725
            ],
            [
              0.2732290708371665,
              0.42401960784313725
            ],
            [
              0.2736890524379025,
              0.42401960784313725
            ],
            [
              0.27414903403863844,
              0.42401960784313725
            ],
            [
              0.2746090156393744,
              0.42401960784313725
            ],
            [
              0.2750689972401104,
              0.42401960784313725
            ],
            [
              0.2755289788408464,
              0.42401960784313725
            ],
            [
              0.27598896044158233,
              0.42401960784313725
            ],
            [
              0.2764489420423183,
              0.42401960784313725
            ],
            [
              0.2769089236430543,
              0.42401960784313725
            ],
            [
              0.27713891444342226,
              0.4245098039215686
            ],
            [
              0.27736890524379026,
              0.425
            ],
            [
              0.2778288868445262,
              0.425
            ],
            [
              0.2782888684452622,
              0.425
            ],
            [
              0.27874885004599814,
              0.425
            ],
            [
              0.27920883164673416,
              0.425
            ],
            [
              0.2796688132474701,
              0.425
            ],
            [
              0.2801287948482061,
              0.425
            ],
            [
              0.2803587856485741,
              0.42549019607843136
            ],
            [
              0.28058877644894203,
              0.42598039215686273
            ],
            [
              0.281048758049678,
              0.42598039215686273
            ],
            [
              0.281508739650414,
              0.42598039215686273
            ],
            [
              0.28196872125114997,
              0.42598039215686273
            ],
            [
              0.2824287028518859,
              0.42598039215686273
            ],
            [
              0.2828886844526219,
              0.42598039215686273
            ],
            [
              0.28334866605335784,
              0.42598039215686273
            ],
            [
              0.28380864765409386,
              0.42598039215686273
            ],
            [
              0.2840386384544618,
              0.4264705882352941
            ],
            [
              0.2842686292548298,
              0.42696078431372547
            ],
            [
              0.2847286108555658,
              0.42696078431372547
            ],
            [
              0.28518859245630174,
              0.42696078431372547
            ],
            [
              0.2856485740570377,
              0.42696078431372547
            ],
            [
              0.2858785648574057,
              0.42745098039215684
            ],
            [
              0.2856485740570377,
              0.4279411764705882
            ],
            [
              0.28518859245630174,
              0.4279411764705882
            ],
            [
              0.2849586016559338,
              0.4284313725490196
            ],
            [
              0.2847286108555658,
              0.42892156862745096
            ],
            [
              0.2842686292548298,
              0.42892156862745096
            ],
            [
              0.28380864765409386,
              0.42892156862745096
            ],
            [
              0.28357865685372585,
              0.4294117647058823
            ],
            [
              0.28334866605335784,
              0.42990196078431375
            ],
            [
              0.2828886844526219,
              0.42990196078431375
            ],
            [
              0.28265869365225393,
              0.4303921568627451
            ],
            [
              0.2824287028518859,
              0.4308823529411765
            ],
            [
              0.2821987120515179,
              0.43137254901960786
            ],
            [
              0.28196872125114997,
              0.43186274509803924
            ],
            [
              0.28173873045078196,
              0.4323529411764706
            ],
            [
              0.281508739650414,
              0.432843137254902
            ],
            [
              0.281278748850046,
              0.43333333333333335
            ],
            [
              0.281048758049678,
              0.4338235294117647
            ],
            [
              0.28058877644894203,
              0.4338235294117647
            ],
            [
              0.2803587856485741,
              0.4343137254901961
            ],
            [
              0.2801287948482061,
              0.43480392156862746
            ],
            [
              0.2796688132474701,
              0.43480392156862746
            ],
            [
              0.27920883164673416,
              0.43480392156862746
            ],
            [
              0.27874885004599814,
              0.43480392156862746
            ],
            [
              0.2782888684452622,
              0.43480392156862746
            ],
            [
              0.27805887764489423,
              0.43529411764705883
            ],
            [
              0.2778288868445262,
              0.4357843137254902
            ],
            [
              0.2778288868445262,
              0.4357843137254902
            ]
          ]
        ]
      },
      "properties": {
        "segment_id": 7,
        "area": 478,
        "bbox": [
          570.0,
          432.0,
          51.0,
          12.0
        ],
        "iou": 0.8875468969345093,
        "stability": 0.9492900371551514,
        "auto_generated": true,
        "model": "segment_anything"
      }
    },
    {
      "type": "Feature",
      "geometry": {
        "type": "Polygon",
        "coordinates": [
          [
            [
              0.2782888684452622,
              0.8651960784313726
            ],
            [
              0.2778288868445262,
              0.8651960784313726
            ],
            [
              0.27736890524379026,
              0.8651960784313726
            ],
            [
              0.2769089236430543,
              0.8651960784313726
            ],
            [
              0.2764489420423183,
              0.8651960784313726
            ],
            [
              0.27598896044158233,
              0.8651960784313726
            ],
            [
              0.2755289788408464,
              0.8651960784313726
            ],
            [
              0.2750689972401104,
              0.8651960784313726
            ],
            [
              0.2746090156393744,
              0.8651960784313726
            ],
            [
              0.27437902483900645,
              0.8647058823529412
            ],
            [
              0.27414903403863844,
              0.8642156862745098
            ],
            [
              0.2736890524379025,
              0.8642156862745098
            ],
            [
              0.2732290708371665,
              0.8642156862745098
            ],
            [
              0.2729990800367985,
              0.8637254901960785
            ],
            [
              0.27276908923643056,
              0.8632352941176471
            ],
            [
              0.27230910763569455,
              0.8632352941176471
            ],
            [
              0.2718491260349586,
              0.8632352941176471
            ],
            [
              0.27138914443422263,
              0.8632352941176471
            ],
            [
              0.2711591536338546,
              0.8627450980392157
            ],
            [
              0.27092916283348667,
              0.8622549019607844
            ],
            [
              0.2704691812327507,
              0.8622549019607844
            ],
            [
              0.2702391904323827,
              0.861764705882353
            ],
            [
              0.2700091996320147,
              0.8612745098039216
            ],
            [
              0.26977920883164674,
              0.8607843137254902
            ],
            [
              0.26954921803127874,
              0.8602941176470589
            ],
            [
              0.2693192272309108,
              0.8598039215686275
            ],
            [
              0.2690892364305428,
              0.859313725490196
            ],
            [
              0.26885924563017477,
              0.8588235294117647
            ],
            [
              0.2686292548298068,
              0.8583333333333333
            ],
            [
              0.2683992640294388,
              0.8578431372549019
            ],
            [
              0.26816927322907086,
              0.8573529411764705
            ],
            [
              0.26770929162833484,
              0.8573529411764705
            ],
            [
              0.2674793008279669,
              0.8568627450980392
            ],
            [
              0.2672493100275989,
              0.8563725490196078
            ],
            [
              0.26701931922723093,
              0.8558823529411764
            ],
            [
              0.2667893284268629,
              0.8553921568627451
            ],
            [
              0.2665593376264949,
              0.8549019607843137
            ],
            [
              0.26632934682612697,
              0.8544117647058823
            ],
            [
              0.265869365225391,
              0.8544117647058823
            ],
            [
              0.265639374425023,
              0.8539215686274509
            ],
            [
              0.265409383624655,
              0.8534313725490196
            ],
            [
              0.26494940202391903,
              0.8534313725490196
            ],
            [
              0.2647194112235511,
              0.8529411764705882
            ],
            [
              0.2644894204231831,
              0.8524509803921568
            ],
            [
              0.2640294388224471,
              0.8524509803921568
            ],
            [
              0.26356945722171116,
              0.8524509803921568
            ],
            [
              0.26333946642134315,
              0.8519607843137255
            ],
            [
              0.26310947562097514,
              0.8514705882352941
            ],
            [
              0.2626494940202392,
              0.8514705882352941
            ],
            [
              0.26241950321987123,
              0.8509803921568627
            ],
            [
              0.2621895124195032,
              0.8504901960784313
            ],
            [
              0.2619595216191352,
              0.85
            ],
            [
              0.26172953081876726,
              0.8495098039215686
            ],
            [
              0.2612695492180313,
              0.8495098039215686
            ],
            [
              0.2610395584176633,
              0.8490196078431372
            ],
            [
              0.2608095676172953,
              0.8485294117647059
            ],
            [
              0.26057957681692734,
              0.8480392156862745
            ],
            [
              0.26034958601655933,
              0.8475490196078431
            ],
            [
              0.2601195952161914,
              0.8470588235294118
            ],
            [
              0.25988960441582337,
              0.8465686274509804
            ],
            [
              0.25965961361545536,
              0.846078431372549
            ],
            [
              0.25965961361545536,
              0.8450980392156863
            ],
            [
              0.25965961361545536,
              0.8441176470588235
            ],
            [
              0.25965961361545536,
              0.8431372549019608
            ],
            [
              0.25988960441582337,
              0.8426470588235294
            ],
            [
              0.2601195952161914,
              0.842156862745098
            ],
            [
              0.26034958601655933,
              0.8416666666666667
            ],
            [
              0.26057957681692734,
              0.8411764705882353
            ],
            [
              0.2608095676172953,
              0.8406862745098039
            ],
            [
              0.2610395584176633,
              0.8401960784313726
            ],
            [
              0.2612695492180313,
              0.8397058823529412
            ],
            [
              0.26172953081876726,
              0.8397058823529412
            ],
            [
              0.2619595216191352,
              0.8392156862745098
            ],
            [
              0.2621895124195032,
              0.8387254901960784
            ],
            [
              0.2626494940202392,
              0.8387254901960784
            ],
            [
              0.2628794848206072,
              0.8382352941176471
            ],
            [
              0.26310947562097514,
              0.8377450980392157
            ],
            [
              0.26356945722171116,
              0.8377450980392157
            ],
            [
              0.2640294388224471,
              0.8377450980392157
            ],
            [
              0.26425942962281507,
              0.8372549019607843
            ],
            [
              0.2644894204231831,
              0.836764705882353
            ],
            [
              0.26494940202391903,
              0.836764705882353
            ],
            [
              0.265409383624655,
              0.836764705882353
            ],
            [
              0.265869365225391,
              0.836764705882353
            ],
            [
              0.26609935602575896,
              0.8362745098039216
            ],
            [
              0.26632934682612697,
              0.8357843137254902
            ],
            [
              0.2667893284268629,
              0.8357843137254902
            ],
            [
              0.2672493100275989,
              0.8357843137254902
            ],
            [
              0.2674793008279669,
              0.8352941176470589
            ],
            [
              0.26770929162833484,
              0.8348039215686275
            ],
            [
              0.26816927322907086,
              0.8348039215686275
            ],
            [
              0.2686292548298068,
              0.8348039215686275
            ],
            [
              0.2690892364305428,
              0.8348039215686275
            ],
            [
              0.26954921803127874,
              0.8348039215686275
            ],
            [
              0.26977920883164674,
              0.8343137254901961
            ],
            [
              0.2700091996320147,
              0.8338235294117647
            ],
            [
              0.2704691812327507,
              0.8338235294117647
            ],
            [
              0.27092916283348667,
              0.8338235294117647
            ],
            [
              0.27138914443422263,
              0.8338235294117647
            ],
            [
              0.2718491260349586,
              0.8338235294117647
            ],
            [
              0.27230910763569455,
              0.8338235294117647
            ],
            [
              0.27276908923643056,
              0.8338235294117647
            ],
            [
              0.2729990800367985,
              0.8343137254901961
            ],
            [
              0.2732290708371665,
              0.8348039215686275
            ],
            [
              0.2736890524379025,
              0.8348039215686275
            ],
            [
              0.27414903403863844,
              0.8348039215686275
            ],
            [
              0.27437902483900645,
              0.8352941176470589
            ],
            [
              0.2746090156393744,
              0.8357843137254902
            ],
            [
              0.2750689972401104,
              0.8357843137254902
            ],
            [
              0.2755289788408464,
              0.8357843137254902
            ],
            [
              0.27598896044158233,
              0.8357843137254902
            ],
            [
              0.2764489420423183,
              0.8357843137254902
            ],
            [
              0.2766789328426863,
              0.8362745098039216
            ],
            [
              0.2769089236430543,
              0.836764705882353
            ],
            [
              0.27736890524379026,
              0.836764705882353
            ],
            [
              0.2778288868445262,
              0.836764705882353
            ],
            [
              0.27805887764489423,
              0.8372549019607843
            ],
            [
              0.2782888684452622,
              0.8377450980392157
            ],
            [
              0.27874885004599814,
              0.8377450980392157
            ],
            [
              0.27920883164673416,
              0.8377450980392157
            ],
            [
              0.2794388224471021,
              0.8382352941176471
            ],
            [
              0.2796688132474701,
              0.8387254901960784
            ],
            [
              0.2801287948482061,
              0.8387254901960784
            ],
            [
              0.28058877644894203,
              0.8387254901960784
            ],
            [
              0.28081876724931004,
              0.8392156862745098
            ],
            [
              0.281048758049678,
              0.8397058823529412
            ],
            [
              0.281508739650414,
              0.8397058823529412
            ],
            [
              0.28196872125114997,
              0.8397058823529412
            ],
            [
              0.2821987120515179,
              0.8401960784313726
            ],
            [
              0.2824287028518859,
              0.8406862745098039
            ],
            [
              0.2828886844526219,
              0.8406862745098039
            ],
            [
              0.2831186752529899,
              0.8411764705882353
            ],
            [
              0.2831186752529899,
              0.842156862745098
            ],
            [
              0.28334866605335784,
              0.8426470588235294
            ],
            [
              0.28357865685372585,
              0.8431372549019608
            ],
            [
              0.28357865685372585,
              0.8441176470588235
            ],
            [
              0.28334866605335784,
              0.8446078431372549
            ],
            [
              0.2831186752529899,
              0.8450980392156863
            ],
            [
              0.2831186752529899,
              0.846078431372549
            ],
            [
              0.2831186752529899,
              0.8470588235294118
            ],
            [
              0.2828886844526219,
              0.8475490196078431
            ],
            [
              0.28265869365225393,
              0.8480392156862745
            ],
            [
              0.28265869365225393,
              0.8490196078431372
            ],
            [
              0.28265869365225393,
              0.85
            ],
            [
              0.28265869365225393,
              0.8509803921568627
            ],
            [
              0.2824287028518859,
              0.8514705882352941
            ],
            [
              0.2821987120515179,
              0.8519607843137255
            ],
            [
              0.2821987120515179,
              0.8529411764705882
            ],
            [
              0.2821987120515179,
              0.8539215686274509
            ],
            [
              0.28196872125114997,
              0.8544117647058823
            ],
            [
              0.28173873045078196,
              0.8549019607843137
            ],
            [
              0.28173873045078196,
              0.8558823529411764
            ],
            [
              0.28173873045078196,
              0.8568627450980392
            ],
            [
              0.281508739650414,
              0.8573529411764705
            ],
            [
              0.281278748850046,
              0.8578431372549019
            ],
            [
              0.281278748850046,
              0.8588235294117647
            ],
            [
              0.281278748850046,
              0.8598039215686275
            ],
            [
              0.281278748850046,
              0.8607843137254902
            ],
            [
              0.281048758049678,
              0.8612745098039216
            ],
            [
              0.28081876724931004,
              0.861764705882353
            ],
            [
              0.28058877644894203,
              0.8622549019607844
            ],
            [
              0.2803587856485741,
              0.8627450980392157
            ],
            [
              0.2801287948482061,
              0.8632352941176471
            ],
            [
              0.2796688132474701,
              0.8632352941176471
            ],
            [
              0.2794388224471021,
              0.8637254901960785
            ],
            [
              0.27920883164673416,
              0.8642156862745098
            ],
            [
              0.27874885004599814,
              0.8642156862745098
            ],
            [
              0.2785188592456302,
              0.8647058823529412
            ],
            [
              0.2782888684452622,
              0.8651960784313726
            ],
            [
              0.2782888684452622,
              0.8651960784313726
            ]
          ]
        ]
      },
      "properties": {
        "segment_id": 8,
        "area": 1120,
        "bbox": [
          565.0,
          851.0,
          51.0,
          31.0
        ],
        "iou": 0.8802952766418457,
        "stability": 0.9554196000099182,
        "auto_generated": true,
        "model": "segment_anything"
      }
    },
    {
      "type": "Feature",
      "geometry": {
        "type": "Polygon",
        "coordinates": [
          [
            [
              0.12787488500459981,
              0.6102941176470589
            ],
            [
              0.12741490340386386,
              0.6102941176470589
            ],
            [
              0.12695492180312787,
              0.6102941176470589
            ],
            [
              0.1264949402023919,
              0.6102941176470589
            ],
            [
              0.12603495860165592,
              0.6102941176470589
            ],
            [
              0.12557497700091996,
              0.6102941176470589
            ],
            [
              0.125114995400184,
              0.6102941176470589
            ],
            [
              0.12465501379944802,
              0.6102941176470589
            ],
            [
              0.12419503219871206,
              0.6102941176470589
            ],
            [
              0.12373505059797608,
              0.6102941176470589
            ],
            [
              0.12327506899724011,
              0.6102941176470589
            ],
            [
              0.12304507819687213,
              0.6098039215686275
            ],
            [
              0.12281508739650414,
              0.609313725490196
            ],
            [
              0.12235510579576817,
              0.609313725490196
            ],
            [
              0.12212511499540019,
              0.6088235294117647
            ],
            [
              0.12189512419503219,
              0.6083333333333333
            ],
            [
              0.12166513339466421,
              0.6078431372549019
            ],
            [
              0.12166513339466421,
              0.6068627450980392
            ],
            [
              0.12166513339466421,
              0.6058823529411764
            ],
            [
              0.12166513339466421,
              0.6049019607843137
            ],
            [
              0.12189512419503219,
              0.6044117647058823
            ],
            [
              0.12212511499540019,
              0.6039215686274509
            ],
            [
              0.12235510579576817,
              0.6034313725490196
            ],
            [
              0.12258509659613616,
              0.6029411764705882
            ],
            [
              0.12281508739650414,
              0.6024509803921568
            ],
            [
              0.12304507819687213,
              0.6019607843137255
            ],
            [
              0.12327506899724011,
              0.6014705882352941
            ],
            [
              0.12350505979760809,
              0.6009803921568627
            ],
            [
              0.12373505059797608,
              0.6004901960784313
            ],
            [
              0.12396504139834406,
              0.6
            ],
            [
              0.12419503219871206,
              0.5995098039215686
            ],
            [
              0.12465501379944802,
              0.5995098039215686
            ],
            [
              0.12488500459981601,
              0.5990196078431372
            ],
            [
              0.125114995400184,
              0.5985294117647059
            ],
            [
              0.12557497700091996,
              0.5985294117647059
            ],
            [
              0.12603495860165592,
              0.5985294117647059
            ],
            [
              0.1264949402023919,
              0.5985294117647059
            ],
            [
              0.12695492180312787,
              0.5985294117647059
            ],
            [
              0.12741490340386386,
              0.5985294117647059
            ],
            [
              0.12787488500459981,
              0.5985294117647059
            ],
            [
              0.12833486660533577,
              0.5985294117647059
            ],
            [
              0.12879484820607176,
              0.5985294117647059
            ],
            [
              0.12925482980680772,
              0.5985294117647059
            ],
            [
              0.12948482060717573,
              0.5990196078431372
            ],
            [
              0.1297148114075437,
              0.5995098039215686
            ],
            [
              0.13017479300827967,
              0.5995098039215686
            ],
            [
              0.13040478380864765,
              0.6
            ],
            [
              0.13063477460901565,
              0.6004901960784313
            ],
            [
              0.13086476540938363,
              0.6009803921568627
            ],
            [
              0.13086476540938363,
              0.6019607843137255
            ],
            [
              0.13086476540938363,
              0.6029411764705882
            ],
            [
              0.13086476540938363,
              0.6039215686274509
            ],
            [
              0.13063477460901565,
              0.6044117647058823
            ],
            [
              0.13040478380864765,
              0.6049019607843137
            ],
            [
              0.13040478380864765,
              0.6058823529411764
            ],
            [
              0.13017479300827967,
              0.6063725490196078
            ],
            [
              0.12994480220791169,
              0.6068627450980392
            ],
            [
              0.1297148114075437,
              0.6073529411764705
            ],
            [
              0.12948482060717573,
              0.6078431372549019
            ],
            [
              0.12925482980680772,
              0.6083333333333333
            ],
            [
              0.12902483900643974,
              0.6088235294117647
            ],
            [
              0.12879484820607176,
              0.609313725490196
            ],
            [
              0.12833486660533577,
              0.609313725490196
            ],
            [
              0.1281048758049678,
              0.6098039215686275
            ],
            [
              0.12787488500459981,
              0.6102941176470589
            ],
            [
              0.12787488500459981,
              0.6102941176470589
            ]
          ]
        ]
      },
      "properties": {
        "segment_id": 9,
        "area": 193,
        "bbox": [
          265.0,
          611.0,
          19.0,
          11.0
        ],
        "iou": 0.8744354844093323,
        "stability": 0.9896373152732849,
        "auto_generated": true,
        "model": "segment_anything"
      }
    },
    {
      "type": "Feature",
      "geometry": {
        "type": "Polygon",
        "coordinates": [
          [
            [
              0.16651333946642136,
              0.5299019607843137
            ],
            [
              0.16605335786568537,
              0.5299019607843137
            ],
            [
              0.1655933762649494,
              0.5299019607843137
            ],
            [
              0.16513339466421342,
              0.5299019607843137
            ],
            [
              0.16467341306347746,
              0.5299019607843137
            ],
            [
              0.16421343146274148,
              0.5299019607843137
            ],
            [
              0.16375344986200552,
              0.5299019607843137
            ],
            [
              0.16329346826126956,
              0.5299019607843137
            ],
            [
              0.16306347746090155,
              0.5294117647058824
            ],
            [
              0.16283348666053357,
              0.528921568627451
            ],
            [
              0.1623735050597976,
              0.528921568627451
            ],
            [
              0.16191352345906163,
              0.528921568627451
            ],
            [
              0.16145354185832567,
              0.528921568627451
            ],
            [
              0.1612235510579577,
              0.5284313725490196
            ],
            [
              0.1609935602575897,
              0.5279411764705882
            ],
            [
              0.1607635694572217,
              0.5274509803921569
            ],
            [
              0.16053357865685372,
              0.5269607843137255
            ],
            [
              0.16007359705611776,
              0.5269607843137255
            ],
            [
              0.15984360625574978,
              0.5264705882352941
            ],
            [
              0.15984360625574978,
              0.5254901960784314
            ],
            [
              0.15984360625574978,
              0.5245098039215687
            ],
            [
              0.15984360625574978,
              0.5235294117647059
            ],
            [
              0.15984360625574978,
              0.5225490196078432
            ],
            [
              0.16007359705611776,
              0.5220588235294118
            ],
            [
              0.16030358785648574,
              0.5215686274509804
            ],
            [
              0.16030358785648574,
              0.5205882352941177
            ],
            [
              0.16030358785648574,
              0.5196078431372549
            ],
            [
              0.16053357865685372,
              0.5191176470588236
            ],
            [
              0.1607635694572217,
              0.5186274509803922
            ],
            [
              0.1609935602575897,
              0.5181372549019608
            ],
            [
              0.1612235510579577,
              0.5176470588235295
            ],
            [
              0.1612235510579577,
              0.5166666666666667
            ],
            [
              0.16145354185832567,
              0.5161764705882353
            ],
            [
              0.16168353265869365,
              0.515686274509804
            ],
            [
              0.16191352345906163,
              0.5151960784313725
            ],
            [
              0.16214351425942963,
              0.5147058823529411
            ],
            [
              0.1623735050597976,
              0.5142156862745098
            ],
            [
              0.16283348666053357,
              0.5142156862745098
            ],
            [
              0.16306347746090155,
              0.5137254901960784
            ],
            [
              0.16329346826126956,
              0.513235294117647
            ],
            [
              0.16375344986200552,
              0.513235294117647
            ],
            [
              0.16421343146274148,
              0.513235294117647
            ],
            [
              0.16467341306347746,
              0.513235294117647
            ],
            [
              0.16513339466421342,
              0.513235294117647
            ],
            [
              0.16536338546458143,
              0.5137254901960784
            ],
            [
              0.1655933762649494,
              0.5142156862745098
            ],
            [
              0.16605335786568537,
              0.5142156862745098
            ],
            [
              0.16651333946642136,
              0.5142156862745098
            ],
            [
              0.16697332106715732,
              0.5142156862745098
            ],
            [
              0.16743330266789327,
              0.5142156862745098
            ],
            [
              0.16766329346826128,
              0.5147058823529411
            ],
            [
              0.16789328426862926,
              0.5151960784313725
            ],
            [
              0.16835326586936522,
              0.5151960784313725
            ],
            [
              0.1688132474701012,
              0.5151960784313725
            ],
            [
              0.16927322907083717,
              0.5151960784313725
            ],
            [
              0.16973321067157313,
              0.5151960784313725
            ],
            [
              0.1701931922723091,
              0.5151960784313725
            ],
            [
              0.17065317387304507,
              0.5151960784313725
            ],
            [
              0.17088316467341305,
              0.515686274509804
            ],
            [
              0.17111315547378106,
              0.5161764705882353
            ],
            [
              0.17157313707451702,
              0.5161764705882353
            ],
            [
              0.171803127874885,
              0.5166666666666667
            ],
            [
              0.17203311867525298,
              0.5171568627450981
            ],
            [
              0.17226310947562098,
              0.5176470588235295
            ],
            [
              0.17249310027598896,
              0.5181372549019608
            ],
            [
              0.17272309107635694,
              0.5186274509803922
            ],
            [
              0.17272309107635694,
              0.5196078431372549
            ],
            [
              0.17249310027598896,
              0.5200980392156863
            ],
            [
              0.17226310947562098,
              0.5205882352941177
            ],
            [
              0.17203311867525298,
              0.5210784313725491
            ],
            [
              0.171803127874885,
              0.5215686274509804
            ],
            [
              0.17157313707451702,
              0.5220588235294118
            ],
            [
              0.17134314627414904,
              0.5225490196078432
            ],
            [
              0.17111315547378106,
              0.5230392156862745
            ],
            [
              0.17065317387304507,
              0.5230392156862745
            ],
            [
              0.1704231830726771,
              0.5235294117647059
            ],
            [
              0.1701931922723091,
              0.5240196078431373
            ],
            [
              0.16996320147194113,
              0.5245098039215687
            ],
            [
              0.16973321067157313,
              0.525
            ],
            [
              0.16950321987120515,
              0.5254901960784314
            ],
            [
              0.16950321987120515,
              0.5264705882352941
            ],
            [
              0.16927322907083717,
              0.5269607843137255
            ],
            [
              0.1688132474701012,
              0.5269607843137255
            ],
            [
              0.1685832566697332,
              0.5274509803921569
            ],
            [
              0.16835326586936522,
              0.5279411764705882
            ],
            [
              0.16789328426862926,
              0.5279411764705882
            ],
            [
              0.16766329346826128,
              0.5284313725490196
            ],
            [
              0.16743330266789327,
              0.528921568627451
            ],
            [
              0.16697332106715732,
              0.528921568627451
            ],
            [
              0.16674333026678934,
              0.5294117647058824
            ],
            [
              0.16651333946642136,
              0.5299019607843137
            ],
            [
              0.16651333946642136,
              0.5299019607843137
            ]
          ]
        ]
      },
      "properties": {
        "segment_id": 10,
        "area": 339,
        "bbox": [
          348.0,
          524.0,
          27.0,
          16.0
        ],
        "iou": 0.8717397451400757,
        "stability": 0.9596541523933411,
        "auto_generated": true,
        "model": "segment_anything"
      }
    },
    {
      "type": "Feature",
      "geometry": {
        "type": "Polygon",
        "coordinates": [
          [
            [
              0.09153633854645814,
              0.5602941176470588
            ],
            [
              0.09107635694572216,
              0.5602941176470588
            ],
            [
              0.0906163753449862,
              0.5602941176470588
            ],
            [
              0.09015639374425023,
              0.5602941176470588
            ],
            [
              0.08969641214351426,
              0.5602941176470588
            ],
            [
              0.08923643054277829,
              0.5602941176470588
            ],
            [
              0.08877644894204231,
              0.5602941176470588
            ],
            [
              0.08831646734130635,
              0.5602941176470588
            ],
            [
              0.08785648574057038,
              0.5602941176470588
            ],
            [
              0.08739650413983441,
              0.5602941176470588
            ],
            [
              0.08693652253909843,
              0.5602941176470588
            ],
            [
              0.08670653173873046,
              0.5598039215686275
            ],
            [
              0.08647654093836246,
              0.5593137254901961
            ],
            [
              0.08601655933762649,
              0.5593137254901961
            ],
            [
              0.08555657773689053,
              0.5593137254901961
            ],
            [
              0.08509659613615456,
              0.5593137254901961
            ],
            [
              0.08463661453541858,
              0.5593137254901961
            ],
            [
              0.08417663293468261,
              0.5593137254901961
            ],
            [
              0.08371665133394664,
              0.5593137254901961
            ],
            [
              0.08325666973321068,
              0.5593137254901961
            ],
            [
              0.0827966881324747,
              0.5593137254901961
            ],
            [
              0.08233670653173873,
              0.5593137254901961
            ],
            [
              0.08187672493100276,
              0.5593137254901961
            ],
            [
              0.08164673413063478,
              0.5588235294117647
            ],
            [
              0.08141674333026679,
              0.5583333333333333
            ],
            [
              0.08095676172953081,
              0.5583333333333333
            ],
            [
              0.08072677092916283,
              0.557843137254902
            ],
            [
              0.08095676172953081,
              0.5573529411764706
            ],
            [
              0.0811867525298988,
              0.5568627450980392
            ],
            [
              0.0811867525298988,
              0.5558823529411765
            ],
            [
              0.08141674333026679,
              0.5553921568627451
            ],
            [
              0.08164673413063478,
              0.5549019607843138
            ],
            [
              0.08187672493100276,
              0.5544117647058824
            ],
            [
              0.08233670653173873,
              0.5544117647058824
            ],
            [
              0.0827966881324747,
              0.5544117647058824
            ],
            [
              0.08325666973321068,
              0.5544117647058824
            ],
            [
              0.08371665133394664,
              0.5544117647058824
            ],
            [
              0.08417663293468261,
              0.5544117647058824
            ],
            [
              0.08463661453541858,
              0.5544117647058824
            ],
            [
              0.08509659613615456,
              0.5544117647058824
            ],
            [
              0.08555657773689053,
              0.5544117647058824
            ],
            [
              0.08601655933762649,
              0.5544117647058824
            ],
            [
              0.08647654093836246,
              0.5544117647058824
            ],
            [
              0.08693652253909843,
              0.5544117647058824
            ],
            [
              0.08739650413983441,
              0.5544117647058824
            ],
            [
              0.08785648574057038,
              0.5544117647058824
            ],
            [
              0.08808647654093836,
              0.553921568627451
            ],
            [
              0.08831646734130635,
              0.5534313725490196
            ],
            [
              0.08877644894204231,
              0.5534313725490196
            ],
            [
              0.08923643054277829,
              0.5534313725490196
            ],
            [
              0.08969641214351426,
              0.5534313725490196
            ],
            [
              0.09015639374425023,
              0.5534313725490196
            ],
            [
              0.0906163753449862,
              0.5534313725490196
            ],
            [
              0.09107635694572216,
              0.5534313725490196
            ],
            [
              0.09153633854645814,
              0.5534313725490196
            ],
            [
              0.09199632014719411,
              0.5534313725490196
            ],
            [
              0.0922263109475621,
              0.553921568627451
            ],
            [
              0.09245630174793008,
              0.5544117647058824
            ],
            [
              0.09268629254829806,
              0.5549019607843138
            ],
            [
              0.09268629254829806,
              0.5558823529411765
            ],
            [
              0.09268629254829806,
              0.5568627450980392
            ],
            [
              0.09291628334866606,
              0.5573529411764706
            ],
            [
              0.09314627414903404,
              0.557843137254902
            ],
            [
              0.09291628334866606,
              0.5583333333333333
            ],
            [
              0.09268629254829806,
              0.5588235294117647
            ],
            [
              0.09245630174793008,
              0.5593137254901961
            ],
            [
              0.09199632014719411,
              0.5593137254901961
            ],
            [
              0.09176632934682613,
              0.5598039215686275
            ],
            [
              0.09153633854645814,
              0.5602941176470588
            ],
            [
              0.09153633854645814,
              0.5602941176470588
            ]
          ]
        ]
      },
      "properties": {
        "segment_id": 11,
        "area": 145,
        "bbox": [
          176.0,
          565.0,
          26.0,
          6.0
        ],
        "iou": 0.8659631013870239,
        "stability": 0.9794520735740662,
        "auto_generated": true,
        "model": "segment_anything"
      }
    },
    {
      "type": "Feature",
      "geometry": {
        "type": "Polygon",
        "coordinates": [
          [
            [
              0.8813247470101196,
              0.6112745098039216
            ],
            [
              0.8808647654093836,
              0.6112745098039216
            ],
            [
              0.8804047838086476,
              0.6112745098039216
            ],
            [
              0.8799448022079117,
              0.6112745098039216
            ],
            [
              0.8794848206071757,
              0.6112745098039216
            ],
            [
              0.8790248390064398,
              0.6112745098039216
            ],
            [
              0.8785648574057038,
              0.6112745098039216
            ],
            [
              0.8781048758049678,
              0.6112745098039216
            ],
            [
              0.8776448942042319,
              0.6112745098039216
            ],
            [
              0.8771849126034958,
              0.6112745098039216
            ],
            [
              0.8767249310027599,
              0.6112745098039216
            ],
            [
              0.8764949402023919,
              0.6107843137254902
            ],
            [
              0.8762649494020239,
              0.6102941176470589
            ],
            [
              0.8758049678012879,
              0.6102941176470589
            ],
            [
              0.87557497700092,
              0.6098039215686275
            ],
            [
              0.875344986200552,
              0.609313725490196
            ],
            [
              0.874885004599816,
              0.609313725490196
            ],
            [
              0.874655013799448,
              0.6088235294117647
            ],
            [
              0.87442502299908,
              0.6083333333333333
            ],
            [
              0.8739650413983441,
              0.6083333333333333
            ],
            [
              0.8737350505979761,
              0.6078431372549019
            ],
            [
              0.8735050597976081,
              0.6073529411764705
            ],
            [
              0.8732750689972401,
              0.6068627450980392
            ],
            [
              0.8730450781968722,
              0.6063725490196078
            ],
            [
              0.8728150873965042,
              0.6058823529411764
            ],
            [
              0.8725850965961361,
              0.6053921568627451
            ],
            [
              0.8723551057957681,
              0.6049019607843137
            ],
            [
              0.8721251149954001,
              0.6044117647058823
            ],
            [
              0.8718951241950322,
              0.6039215686274509
            ],
            [
              0.8716651333946642,
              0.6034313725490196
            ],
            [
              0.8714351425942962,
              0.6029411764705882
            ],
            [
              0.8714351425942962,
              0.6019607843137255
            ],
            [
              0.8712051517939282,
              0.6014705882352941
            ],
            [
              0.8709751609935602,
              0.6009803921568627
            ],
            [
              0.8707451701931923,
              0.6004901960784313
            ],
            [
              0.8705151793928243,
              0.6
            ],
            [
              0.8705151793928243,
              0.5990196078431372
            ],
            [
              0.8702851885924563,
              0.5985294117647059
            ],
            [
              0.8700551977920883,
              0.5980392156862745
            ],
            [
              0.8698252069917203,
              0.5975490196078431
            ],
            [
              0.8695952161913524,
              0.5970588235294118
            ],
            [
              0.8695952161913524,
              0.596078431372549
            ],
            [
              0.8695952161913524,
              0.5950980392156863
            ],
            [
              0.8695952161913524,
              0.5941176470588235
            ],
            [
              0.8695952161913524,
              0.5931372549019608
            ],
            [
              0.8695952161913524,
              0.592156862745098
            ],
            [
              0.8695952161913524,
              0.5911764705882353
            ],
            [
              0.8695952161913524,
              0.5901960784313726
            ],
            [
              0.8695952161913524,
              0.5892156862745098
            ],
            [
              0.8698252069917203,
              0.5887254901960784
            ],
            [
              0.8700551977920883,
              0.5882352941176471
            ],
            [
              0.8702851885924563,
              0.5877450980392157
            ],
            [
              0.8705151793928243,
              0.5872549019607843
            ],
            [
              0.8707451701931923,
              0.586764705882353
            ],
            [
              0.8712051517939282,
              0.586764705882353
            ],
            [
              0.8716651333946642,
              0.586764705882353
            ],
            [
              0.8721251149954001,
              0.586764705882353
            ],
            [
              0.8725850965961361,
              0.586764705882353
            ],
            [
              0.8730450781968722,
              0.586764705882353
            ],
            [
              0.8735050597976081,
              0.586764705882353
            ],
            [
              0.8739650413983441,
              0.586764705882353
            ],
            [
              0.8741950321987121,
              0.5872549019607843
            ],
            [
              0.87442502299908,
              0.5877450980392157
            ],
            [
              0.874885004599816,
              0.5877450980392157
            ],
            [
              0.875344986200552,
              0.5877450980392157
            ],
            [
              0.8758049678012879,
              0.5877450980392157
            ],
            [
              0.8762649494020239,
              0.5877450980392157
            ],
            [
              0.8767249310027599,
              0.5877450980392157
            ],
            [
              0.8771849126034958,
              0.5877450980392157
            ],
            [
              0.8776448942042319,
              0.5877450980392157
            ],
            [
              0.8781048758049678,
              0.5877450980392157
            ],
            [
              0.8785648574057038,
              0.5877450980392157
            ],
            [
              0.8787948482060718,
              0.5882352941176471
            ],
            [
              0.8790248390064398,
              0.5887254901960784
            ],
            [
              0.8794848206071757,
              0.5887254901960784
            ],
            [
              0.8799448022079117,
              0.5887254901960784
            ],
            [
              0.8804047838086476,
              0.5887254901960784
            ],
            [
              0.8808647654093836,
              0.5887254901960784
            ],
            [
              0.8813247470101196,
              0.5887254901960784
            ],
            [
              0.8817847286108556,
              0.5887254901960784
            ],
            [
              0.8822447102115916,
              0.5887254901960784
            ],
            [
              0.8827046918123275,
              0.5887254901960784
            ],
            [
              0.8829346826126955,
              0.5892156862745098
            ],
            [
              0.8831646734130635,
              0.5897058823529412
            ],
            [
              0.8836246550137995,
              0.5897058823529412
            ],
            [
              0.8840846366145354,
              0.5897058823529412
            ],
            [
              0.8845446182152714,
              0.5897058823529412
            ],
            [
              0.8850045998160073,
              0.5897058823529412
            ],
            [
              0.8852345906163753,
              0.5901960784313726
            ],
            [
              0.8854645814167433,
              0.5906862745098039
            ],
            [
              0.8859245630174793,
              0.5906862745098039
            ],
            [
              0.8863845446182153,
              0.5906862745098039
            ],
            [
              0.8866145354185833,
              0.5911764705882353
            ],
            [
              0.8868445262189513,
              0.5916666666666667
            ],
            [
              0.8870745170193193,
              0.592156862745098
            ],
            [
              0.8870745170193193,
              0.5931372549019608
            ],
            [
              0.8870745170193193,
              0.5941176470588235
            ],
            [
              0.8870745170193193,
              0.5950980392156863
            ],
            [
              0.8870745170193193,
              0.596078431372549
            ],
            [
              0.8868445262189513,
              0.5965686274509804
            ],
            [
              0.8866145354185833,
              0.5970588235294118
            ],
            [
              0.8863845446182153,
              0.5975490196078431
            ],
            [
              0.8861545538178472,
              0.5980392156862745
            ],
            [
              0.8859245630174793,
              0.5985294117647059
            ],
            [
              0.8856945722171113,
              0.5990196078431372
            ],
            [
              0.8854645814167433,
              0.5995098039215686
            ],
            [
              0.8852345906163753,
              0.6
            ],
            [
              0.8850045998160073,
              0.6004901960784313
            ],
            [
              0.8847746090156394,
              0.6009803921568627
            ],
            [
              0.8847746090156394,
              0.6019607843137255
            ],
            [
              0.8845446182152714,
              0.6024509803921568
            ],
            [
              0.8843146274149034,
              0.6029411764705882
            ],
            [
              0.8843146274149034,
              0.6039215686274509
            ],
            [
              0.8840846366145354,
              0.6044117647058823
            ],
            [
              0.8838546458141674,
              0.6049019607843137
            ],
            [
              0.8836246550137995,
              0.6053921568627451
            ],
            [
              0.8833946642134315,
              0.6058823529411764
            ],
            [
              0.8833946642134315,
              0.6068627450980392
            ],
            [
              0.8831646734130635,
              0.6073529411764705
            ],
            [
              0.8829346826126955,
              0.6078431372549019
            ],
            [
              0.8829346826126955,
              0.6088235294117647
            ],
            [
              0.8827046918123275,
              0.609313725490196
            ],
            [
              0.8824747010119596,
              0.6098039215686275
            ],
            [
              0.8822447102115916,
              0.6102941176470589
            ],
            [
              0.8817847286108556,
              0.6102941176470589
            ],
            [
              0.8815547378104875,
              0.6107843137254902
            ],
            [
              0.8813247470101196,
              0.6112745098039216
            ],
            [
              0.8813247470101196,
              0.6112745098039216
            ]
          ]
        ]
      },
      "properties": {
        "segment_id": 12,
        "area": 702,
        "bbox": [
          1891.0,
          599.0,
          37.0,
          24.0
        ],
        "iou": 0.9415111541748047,
        "stability": 0.9666203260421753,
        "auto_generated": true,
        "model": "segment_anything"
      }
    },
    {
      "type": "Feature",
      "geometry": {
        "type": "Polygon",
        "coordinates": [
          [
            [
              0.8132474701011959,
              0.49754901960784315
            ],
            [
              0.81278748850046,
              0.49754901960784315
            ],
            [
              0.812557497700092,
              0.4970588235294118
            ],
            [
              0.812327506899724,
              0.4965686274509804
            ],
            [
              0.8118675252989881,
              0.4965686274509804
            ],
            [
              0.8114075436982521,
              0.4965686274509804
            ],
            [
              0.8109475620975161,
              0.4965686274509804
            ],
            [
              0.8107175712971482,
              0.49607843137254903
            ],
            [
              0.8104875804967802,
              0.49558823529411766
            ],
            [
              0.8100275988960441,
              0.49558823529411766
            ],
            [
              0.8095676172953082,
              0.49558823529411766
            ],
            [
              0.8093376264949402,
              0.4950980392156863
            ],
            [
              0.8091076356945722,
              0.4946078431372549
            ],
            [
              0.8086476540938362,
              0.4946078431372549
            ],
            [
              0.8081876724931003,
              0.4946078431372549
            ],
            [
              0.8079576816927323,
              0.49411764705882355
            ],
            [
              0.8077276908923643,
              0.4936274509803922
            ],
            [
              0.8072677092916284,
              0.4936274509803922
            ],
            [
              0.8070377184912604,
              0.4931372549019608
            ],
            [
              0.8068077276908924,
              0.49264705882352944
            ],
            [
              0.8063477460901564,
              0.49264705882352944
            ],
            [
              0.8058877644894205,
              0.49264705882352944
            ],
            [
              0.8056577736890524,
              0.492156862745098
            ],
            [
              0.8054277828886844,
              0.49166666666666664
            ],
            [
              0.8049678012879485,
              0.49166666666666664
            ],
            [
              0.8047378104875805,
              0.49117647058823527
            ],
            [
              0.8045078196872125,
              0.4906862745098039
            ],
            [
              0.8040478380864765,
              0.4906862745098039
            ],
            [
              0.8035878564857406,
              0.4906862745098039
            ],
            [
              0.8033578656853726,
              0.49019607843137253
            ],
            [
              0.8031278748850046,
              0.48970588235294116
            ],
            [
              0.8026678932842686,
              0.48970588235294116
            ],
            [
              0.8022079116835327,
              0.48970588235294116
            ],
            [
              0.8019779208831647,
              0.4892156862745098
            ],
            [
              0.8017479300827967,
              0.4887254901960784
            ],
            [
              0.8015179392824286,
              0.48823529411764705
            ],
            [
              0.8012879484820608,
              0.4877450980392157
            ],
            [
              0.8008279668813247,
              0.4877450980392157
            ],
            [
              0.8005979760809567,
              0.4872549019607843
            ],
            [
              0.8003679852805887,
              0.48676470588235293
            ],
            [
              0.7999080036798528,
              0.48676470588235293
            ],
            [
              0.7996780128794848,
              0.48627450980392156
            ],
            [
              0.7994480220791168,
              0.4857843137254902
            ],
            [
              0.7989880404783809,
              0.4857843137254902
            ],
            [
              0.7987580496780129,
              0.4852941176470588
            ],
            [
              0.7985280588776449,
              0.48480392156862745
            ],
            [
              0.7982980680772769,
              0.4843137254901961
            ],
            [
              0.7985280588776449,
              0.4838235294117647
            ],
            [
              0.7987580496780129,
              0.48333333333333334
            ],
            [
              0.7987580496780129,
              0.4823529411764706
            ],
            [
              0.7989880404783809,
              0.4818627450980392
            ],
            [
              0.7994480220791168,
              0.4818627450980392
            ],
            [
              0.7999080036798528,
              0.4818627450980392
            ],
            [
              0.8003679852805887,
              0.4818627450980392
            ],
            [
              0.8005979760809567,
              0.4823529411764706
            ],
            [
              0.8008279668813247,
              0.48284313725490197
            ],
            [
              0.8012879484820608,
              0.48284313725490197
            ],
            [
              0.8017479300827967,
              0.48284313725490197
            ],
            [
              0.8022079116835327,
              0.48284313725490197
            ],
            [
              0.8026678932842686,
              0.48284313725490197
            ],
            [
              0.8028978840846366,
              0.48333333333333334
            ],
            [
              0.8031278748850046,
              0.4838235294117647
            ],
            [
              0.8035878564857406,
              0.4838235294117647
            ],
            [
              0.8040478380864765,
              0.4838235294117647
            ],
            [
              0.8045078196872125,
              0.4838235294117647
            ],
            [
              0.8049678012879485,
              0.4838235294117647
            ],
            [
              0.8054277828886844,
              0.4838235294117647
            ],
            [
              0.8058877644894205,
              0.4838235294117647
            ],
            [
              0.8063477460901564,
              0.4838235294117647
            ],
            [
              0.8068077276908924,
              0.4838235294117647
            ],
            [
              0.8072677092916284,
              0.4838235294117647
            ],
            [
              0.8074977000919963,
              0.48333333333333334
            ],
            [
              0.8077276908923643,
              0.48284313725490197
            ],
            [
              0.8081876724931003,
              0.48284313725490197
            ],
            [
              0.8086476540938362,
              0.48284313725490197
            ],
            [
              0.8091076356945722,
              0.48284313725490197
            ],
            [
              0.8095676172953082,
              0.48284313725490197
            ],
            [
              0.8100275988960441,
              0.48284313725490197
            ],
            [
              0.8104875804967802,
              0.48284313725490197
            ],
            [
              0.8109475620975161,
              0.48284313725490197
            ],
            [
              0.8114075436982521,
              0.48284313725490197
            ],
            [
              0.8118675252989881,
              0.48284313725490197
            ],
            [
              0.812097516099356,
              0.48333333333333334
            ],
            [
              0.812327506899724,
              0.4838235294117647
            ],
            [
              0.81278748850046,
              0.4838235294117647
            ],
            [
              0.8132474701011959,
              0.4838235294117647
            ],
            [
              0.8137074517019319,
              0.4838235294117647
            ],
            [
              0.8139374425022999,
              0.4843137254901961
            ],
            [
              0.8141674333026679,
              0.48480392156862745
            ],
            [
              0.8146274149034038,
              0.48480392156862745
            ],
            [
              0.8148574057037719,
              0.4852941176470588
            ],
            [
              0.8150873965041399,
              0.4857843137254902
            ],
            [
              0.8153173873045079,
              0.48627450980392156
            ],
            [
              0.8155473781048758,
              0.48676470588235293
            ],
            [
              0.8157773689052438,
              0.4872549019607843
            ],
            [
              0.8160073597056118,
              0.4877450980392157
            ],
            [
              0.8162373505059798,
              0.48823529411764705
            ],
            [
              0.8164673413063478,
              0.4887254901960784
            ],
            [
              0.8169273229070837,
              0.4887254901960784
            ],
            [
              0.8173873045078197,
              0.4887254901960784
            ],
            [
              0.8176172953081877,
              0.4892156862745098
            ],
            [
              0.8178472861085556,
              0.48970588235294116
            ],
            [
              0.8183072677092916,
              0.48970588235294116
            ],
            [
              0.8185372585096596,
              0.49019607843137253
            ],
            [
              0.8187672493100276,
              0.4906862745098039
            ],
            [
              0.8189972401103955,
              0.49117647058823527
            ],
            [
              0.8189972401103955,
              0.492156862745098
            ],
            [
              0.8189972401103955,
              0.4931372549019608
            ],
            [
              0.8189972401103955,
              0.49411764705882355
            ],
            [
              0.8187672493100276,
              0.4946078431372549
            ],
            [
              0.8185372585096596,
              0.4950980392156863
            ],
            [
              0.8183072677092916,
              0.49558823529411766
            ],
            [
              0.8178472861085556,
              0.49558823529411766
            ],
            [
              0.8173873045078197,
              0.49558823529411766
            ],
            [
              0.8169273229070837,
              0.49558823529411766
            ],
            [
              0.8166973321067157,
              0.49607843137254903
            ],
            [
              0.8164673413063478,
              0.4965686274509804
            ],
            [
              0.8160073597056118,
              0.4965686274509804
            ],
            [
              0.8155473781048758,
              0.4965686274509804
            ],
            [
              0.8150873965041399,
              0.4965686274509804
            ],
            [
              0.8146274149034038,
              0.4965686274509804
            ],
            [
              0.8141674333026679,
              0.4965686274509804
            ],
            [
              0.8137074517019319,
              0.4965686274509804
            ],
            [
              0.8134774609015639,
              0.4970588235294118
            ],
            [
              0.8132474701011959,
              0.49754901960784315
            ],
            [
              0.8132474701011959,
              0.49754901960784315
            ]
          ]
        ]
      },
      "properties": {
        "segment_id": 13,
        "area": 403,
        "bbox": [
          1736.0,
          492.0,
          44.0,
          15.0
        ],
        "iou": 0.8779894113540649,
        "stability": 0.9464720487594604,
        "auto_generated": true,
        "model": "segment_anything"
      }
    },
    {
      "type": "Feature",
      "geometry": {
        "type": "Polygon",
        "coordinates": [
          [
            [
              0.7681692732290708,
              0.5799019607843138
            ],
            [
              0.7677092916283349,
              0.5799019607843138
            ],
            [
              0.7672493100275989,
              0.5799019607843138
            ],
            [
              0.7667893284268629,
              0.5799019607843138
            ],
            [
              0.766329346826127,
              0.5799019607843138
            ],
            [
              0.766099356025759,
              0.5794117647058824
            ],
            [
              0.765869365225391,
              0.578921568627451
            ],
            [
              0.765409383624655,
              0.578921568627451
            ],
            [
              0.764949402023919,
              0.578921568627451
            ],
            [
              0.764489420423183,
              0.578921568627451
            ],
            [
              0.7640294388224471,
              0.578921568627451
            ],
            [
              0.7635694572217111,
              0.578921568627451
            ],
            [
              0.7631094756209752,
              0.578921568627451
            ],
            [
              0.7626494940202392,
              0.578921568627451
            ],
            [
              0.7621895124195032,
              0.578921568627451
            ],
            [
              0.7617295308187673,
              0.578921568627451
            ],
            [
              0.7612695492180312,
              0.578921568627451
            ],
            [
              0.7608095676172953,
              0.578921568627451
            ],
            [
              0.7603495860165593,
              0.578921568627451
            ],
            [
              0.7598896044158233,
              0.578921568627451
            ],
            [
              0.7594296228150874,
              0.578921568627451
            ],
            [
              0.7589696412143514,
              0.578921568627451
            ],
            [
              0.7585096596136155,
              0.578921568627451
            ],
            [
              0.7580496780128795,
              0.578921568627451
            ],
            [
              0.7575896964121435,
              0.578921568627451
            ],
            [
              0.7571297148114076,
              0.578921568627451
            ],
            [
              0.7566697332106715,
              0.578921568627451
            ],
            [
              0.7562097516099356,
              0.578921568627451
            ],
            [
              0.7557497700091996,
              0.578921568627451
            ],
            [
              0.7555197792088316,
              0.5784313725490197
            ],
            [
              0.7552897884084636,
              0.5779411764705882
            ],
            [
              0.7548298068077277,
              0.5779411764705882
            ],
            [
              0.7543698252069917,
              0.5779411764705882
            ],
            [
              0.7541398344066237,
              0.5774509803921568
            ],
            [
              0.7539098436062558,
              0.5769607843137254
            ],
            [
              0.7534498620055198,
              0.5769607843137254
            ],
            [
              0.7532198712051518,
              0.5764705882352941
            ],
            [
              0.7529898804047838,
              0.5759803921568627
            ],
            [
              0.7527598896044159,
              0.5754901960784313
            ],
            [
              0.7525298988040479,
              0.575
            ],
            [
              0.7520699172033118,
              0.575
            ],
            [
              0.7516099356025759,
              0.575
            ],
            [
              0.7511499540018399,
              0.575
            ],
            [
              0.7506899724011039,
              0.575
            ],
            [
              0.750229990800368,
              0.575
            ],
            [
              0.749770009199632,
              0.575
            ],
            [
              0.7493100275988961,
              0.575
            ],
            [
              0.7490800367985281,
              0.5745098039215686
            ],
            [
              0.7488500459981601,
              0.5740196078431372
            ],
            [
              0.7483900643974241,
              0.5740196078431372
            ],
            [
              0.7479300827966882,
              0.5740196078431372
            ],
            [
              0.7474701011959521,
              0.5740196078431372
            ],
            [
              0.7472401103955841,
              0.5735294117647058
            ],
            [
              0.7470101195952162,
              0.5730392156862745
            ],
            [
              0.7467801287948482,
              0.5725490196078431
            ],
            [
              0.7465501379944802,
              0.5720588235294117
            ],
            [
              0.7463201471941122,
              0.5715686274509804
            ],
            [
              0.7460901563937442,
              0.571078431372549
            ],
            [
              0.7456301747930083,
              0.571078431372549
            ],
            [
              0.7454001839926403,
              0.5705882352941176
            ],
            [
              0.7451701931922723,
              0.5700980392156862
            ],
            [
              0.7447102115915364,
              0.5700980392156862
            ],
            [
              0.7442502299908004,
              0.5700980392156862
            ],
            [
              0.7440202391904324,
              0.5696078431372549
            ],
            [
              0.7437902483900644,
              0.5691176470588235
            ],
            [
              0.7433302667893285,
              0.5691176470588235
            ],
            [
              0.7431002759889604,
              0.5686274509803921
            ],
            [
              0.7428702851885924,
              0.5681372549019608
            ],
            [
              0.7426402943882244,
              0.5676470588235294
            ],
            [
              0.7426402943882244,
              0.5666666666666667
            ],
            [
              0.7426402943882244,
              0.5656862745098039
            ],
            [
              0.7428702851885924,
              0.5651960784313725
            ],
            [
              0.7431002759889604,
              0.5647058823529412
            ],
            [
              0.7433302667893285,
              0.5642156862745098
            ],
            [
              0.7435602575896965,
              0.5637254901960784
            ],
            [
              0.7437902483900644,
              0.5632352941176471
            ],
            [
              0.7440202391904324,
              0.5627450980392157
            ],
            [
              0.7442502299908004,
              0.5622549019607843
            ],
            [
              0.7447102115915364,
              0.5622549019607843
            ],
            [
              0.7451701931922723,
              0.5622549019607843
            ],
            [
              0.7454001839926403,
              0.5617647058823529
            ],
            [
              0.7456301747930083,
              0.5612745098039216
            ],
            [
              0.7460901563937442,
              0.5612745098039216
            ],
            [
              0.7465501379944802,
              0.5612745098039216
            ],
            [
              0.7470101195952162,
              0.5612745098039216
            ],
            [
              0.7474701011959521,
              0.5612745098039216
            ],
            [
              0.7477000919963201,
              0.5607843137254902
            ],
            [
              0.7479300827966882,
              0.5602941176470588
            ],
            [
              0.7483900643974241,
              0.5602941176470588
            ],
            [
              0.7488500459981601,
              0.5602941176470588
            ],
            [
              0.7493100275988961,
              0.5602941176470588
            ],
            [
              0.749540018399264,
              0.5598039215686275
            ],
            [
              0.749770009199632,
              0.5593137254901961
            ],
            [
              0.75,
              0.5598039215686275
            ],
            [
              0.750229990800368,
              0.5602941176470588
            ],
            [
              0.7506899724011039,
              0.5602941176470588
            ],
            [
              0.7511499540018399,
              0.5602941176470588
            ],
            [
              0.7516099356025759,
              0.5602941176470588
            ],
            [
              0.7518399264029438,
              0.5607843137254902
            ],
            [
              0.7520699172033118,
              0.5612745098039216
            ],
            [
              0.7525298988040479,
              0.5612745098039216
            ],
            [
              0.7529898804047838,
              0.5612745098039216
            ],
            [
              0.7532198712051518,
              0.5617647058823529
            ],
            [
              0.7534498620055198,
              0.5622549019607843
            ],
            [
              0.7539098436062558,
              0.5622549019607843
            ],
            [
              0.7541398344066237,
              0.5627450980392157
            ],
            [
              0.7543698252069917,
              0.5632352941176471
            ],
            [
              0.7548298068077277,
              0.5632352941176471
            ],
            [
              0.7552897884084636,
              0.5632352941176471
            ],
            [
              0.7555197792088316,
              0.5637254901960784
            ],
            [
              0.7557497700091996,
              0.5642156862745098
            ],
            [
              0.7562097516099356,
              0.5642156862745098
            ],
            [
              0.7566697332106715,
              0.5642156862745098
            ],
            [
              0.7568997240110396,
              0.5647058823529412
            ],
            [
              0.7571297148114076,
              0.5651960784313725
            ],
            [
              0.7575896964121435,
              0.5651960784313725
            ],
            [
              0.7580496780128795,
              0.5651960784313725
            ],
            [
              0.7582796688132475,
              0.5656862745098039
            ],
            [
              0.7585096596136155,
              0.5661764705882353
            ],
            [
              0.7589696412143514,
              0.5661764705882353
            ],
            [
              0.7594296228150874,
              0.5661764705882353
            ],
            [
              0.7596596136154554,
              0.5666666666666667
            ],
            [
              0.7598896044158233,
              0.567156862745098
            ],
            [
              0.7603495860165593,
              0.567156862745098
            ],
            [
              0.7605795768169273,
              0.5676470588235294
            ],
            [
              0.7608095676172953,
              0.5681372549019608
            ],
            [
              0.7612695492180312,
              0.5681372549019608
            ],
            [
              0.7617295308187673,
              0.5681372549019608
            ],
            [
              0.7621895124195032,
              0.5681372549019608
            ],
            [
              0.7626494940202392,
              0.5681372549019608
            ],
            [
              0.7628794848206072,
              0.5686274509803921
            ],
            [
              0.7631094756209752,
              0.5691176470588235
            ],
            [
              0.7633394664213431,
              0.5696078431372549
            ],
            [
              0.7635694572217111,
              0.5700980392156862
            ],
            [
              0.7640294388224471,
              0.5700980392156862
            ],
            [
              0.7642594296228151,
              0.5705882352941176
            ],
            [
              0.764489420423183,
              0.571078431372549
            ],
            [
              0.764949402023919,
              0.571078431372549
            ],
            [
              0.765179392824287,
              0.5715686274509804
            ],
            [
              0.765409383624655,
              0.5720588235294117
            ],
            [
              0.765639374425023,
              0.5725490196078431
            ],
            [
              0.765869365225391,
              0.5730392156862745
            ],
            [
              0.766329346826127,
              0.5730392156862745
            ],
            [
              0.766559337626495,
              0.5735294117647058
            ],
            [
              0.7667893284268629,
              0.5740196078431372
            ],
            [
              0.7670193192272309,
              0.5745098039215686
            ],
            [
              0.7672493100275989,
              0.575
            ],
            [
              0.7677092916283349,
              0.575
            ],
            [
              0.7679392824287029,
              0.5754901960784313
            ],
            [
              0.7681692732290708,
              0.5759803921568627
            ],
            [
              0.7686292548298068,
              0.5759803921568627
            ],
            [
              0.7688592456301748,
              0.5764705882352941
            ],
            [
              0.7690892364305428,
              0.5769607843137254
            ],
            [
              0.7693192272309107,
              0.5774509803921568
            ],
            [
              0.7693192272309107,
              0.5784313725490197
            ],
            [
              0.7690892364305428,
              0.578921568627451
            ],
            [
              0.7686292548298068,
              0.578921568627451
            ],
            [
              0.7683992640294388,
              0.5794117647058824
            ],
            [
              0.7681692732290708,
              0.5799019607843138
            ],
            [
              0.7681692732290708,
              0.5799019607843138
            ]
          ]
        ]
      },
      "properties": {
        "segment_id": 14,
        "area": 639,
        "bbox": [
          1615.0,
          571.0,
          57.0,
          20.0
        ],
        "iou": 0.875063419342041,
        "stability": 0.9567901492118835,
        "auto_generated": true,
        "model": "segment_anything"
      }
    },
    {
      "type": "Feature",
      "geometry": {
        "type": "Polygon",
        "coordinates": [
          [
            [
              0.984590616375345,
              0.9990196078431373
            ],
            [
              0.983900643974241,
              0.9985294117647059
            ],
            [
              0.9829806807727691,
              0.9985294117647059
            ],
            [
              0.9820607175712971,
              0.9985294117647059
            ],
            [
              0.9811407543698252,
              0.9985294117647059
            ],
            [
              0.9802207911683533,
              0.9985294117647059
            ],
            [
              0.9797608095676172,
              0.9975490196078431
            ],
            [
              0.9788408463661453,
              0.9975490196078431
            ],
            [
              0.9783808647654094,
              0.9965686274509804
            ],
            [
              0.9779208831646734,
              0.9955882352941177
            ],
            [
              0.9772309107635695,
              0.9950980392156863
            ],
            [
              0.9765409383624655,
              0.9946078431372549
            ],
            [
              0.9758509659613616,
              0.9941176470588236
            ],
            [
              0.9751609935602575,
              0.9936274509803922
            ],
            [
              0.9744710211591536,
              0.9931372549019608
            ],
            [
              0.9737810487580497,
              0.9926470588235294
            ],
            [
              0.9733210671573137,
              0.9916666666666667
            ],
            [
              0.9728610855565777,
              0.990686274509804
            ],
            [
              0.9726310947562098,
              0.9892156862745098
            ],
            [
              0.9721711131554738,
              0.9882352941176471
            ],
            [
              0.9717111315547378,
              0.9872549019607844
            ],
            [
              0.9712511499540019,
              0.9862745098039216
            ],
            [
              0.9705611775528978,
              0.9857843137254902
            ],
            [
              0.9701011959521619,
              0.9848039215686275
            ],
            [
              0.9696412143514259,
              0.9838235294117647
            ],
            [
              0.968951241950322,
              0.9833333333333333
            ],
            [
              0.968491260349586,
              0.9823529411764705
            ],
            [
              0.9678012879484821,
              0.9818627450980392
            ],
            [
              0.9673413063477461,
              0.9808823529411764
            ],
            [
              0.9668813247470102,
              0.9799019607843137
            ],
            [
              0.9664213431462741,
              0.9789215686274509
            ],
            [
              0.9657313707451702,
              0.9784313725490196
            ],
            [
              0.9650413983440662,
              0.9779411764705882
            ],
            [
              0.9645814167433303,
              0.9769607843137255
            ],
            [
              0.9638914443422263,
              0.9764705882352941
            ],
            [
              0.9634314627414904,
              0.9754901960784313
            ],
            [
              0.9627414903403864,
              0.975
            ],
            [
              0.9622815087396505,
              0.9740196078431372
            ],
            [
              0.9618215271389144,
              0.9730392156862745
            ],
            [
              0.9613615455381784,
              0.9720588235294118
            ],
            [
              0.9604415823367065,
              0.9720588235294118
            ],
            [
              0.9599816007359706,
              0.971078431372549
            ],
            [
              0.9595216191352346,
              0.9700980392156863
            ],
            [
              0.9590616375344986,
              0.9691176470588235
            ],
            [
              0.9586016559337627,
              0.9681372549019608
            ],
            [
              0.9576816927322908,
              0.9681372549019608
            ],
            [
              0.9572217111315547,
              0.967156862745098
            ],
            [
              0.9563017479300828,
              0.967156862745098
            ],
            [
              0.9556117755289788,
              0.9666666666666667
            ],
            [
              0.9551517939282429,
              0.9656862745098039
            ],
            [
              0.9546918123275069,
              0.9647058823529412
            ],
            [
              0.954231830726771,
              0.9637254901960784
            ],
            [
              0.954001839926403,
              0.9622549019607843
            ],
            [
              0.953771849126035,
              0.9607843137254902
            ],
            [
              0.953311867525299,
              0.9598039215686275
            ],
            [
              0.952851885924563,
              0.9588235294117647
            ],
            [
              0.952851885924563,
              0.9568627450980393
            ],
            [
              0.952161913523459,
              0.9563725490196079
            ],
            [
              0.9512419503219871,
              0.9563725490196079
            ],
            [
              0.9507819687212512,
              0.9553921568627451
            ],
            [
              0.9505519779208832,
              0.953921568627451
            ],
            [
              0.9510119595216191,
              0.9529411764705882
            ],
            [
              0.9512419503219871,
              0.9514705882352941
            ],
            [
              0.952161913523459,
              0.9514705882352941
            ],
            [
              0.952621895124195,
              0.9524509803921568
            ],
            [
              0.953311867525299,
              0.9519607843137254
            ],
            [
              0.953541858325667,
              0.9504901960784313
            ],
            [
              0.9544618215271389,
              0.9504901960784313
            ],
            [
              0.9551517939282429,
              0.95
            ],
            [
              0.9558417663293468,
              0.9495098039215686
            ],
            [
              0.9567617295308187,
              0.9495098039215686
            ],
            [
              0.9576816927322908,
              0.9495098039215686
            ],
            [
              0.9586016559337627,
              0.9495098039215686
            ],
            [
              0.9595216191352346,
              0.9495098039215686
            ],
            [
              0.9604415823367065,
              0.9495098039215686
            ],
            [
              0.9613615455381784,
              0.9495098039215686
            ],
            [
              0.9622815087396505,
              0.9495098039215686
            ],
            [
              0.9632014719411224,
              0.9495098039215686
            ],
            [
              0.9641214351425943,
              0.9495098039215686
            ],
            [
              0.9650413983440662,
              0.9495098039215686
            ],
            [
              0.9657313707451702,
              0.9490196078431372
            ],
            [
              0.9664213431462741,
              0.9485294117647058
            ],
            [
              0.9673413063477461,
              0.9485294117647058
            ],
            [
              0.968261269549218,
              0.9485294117647058
            ],
            [
              0.96918123275069,
              0.9485294117647058
            ],
            [
              0.9701011959521619,
              0.9485294117647058
            ],
            [
              0.9710211591536339,
              0.9485294117647058
            ],
            [
              0.9719411223551058,
              0.9485294117647058
            ],
            [
              0.9728610855565777,
              0.9485294117647058
            ],
            [
              0.9737810487580497,
              0.9485294117647058
            ],
            [
              0.9742410303587856,
              0.9495098039215686
            ],
            [
              0.9751609935602575,
              0.9495098039215686
            ],
            [
              0.9760809567617296,
              0.9495098039215686
            ],
            [
              0.9765409383624655,
              0.9504901960784313
            ],
            [
              0.9774609015639374,
              0.9504901960784313
            ],
            [
              0.9779208831646734,
              0.9514705882352941
            ],
            [
              0.9786108555657773,
              0.9519607843137254
            ],
            [
              0.9793008279668813,
              0.9524509803921568
            ],
            [
              0.9799908003679852,
              0.9529411764705882
            ],
            [
              0.9806807727690893,
              0.9534313725490197
            ],
            [
              0.9811407543698252,
              0.9544117647058824
            ],
            [
              0.9818307267709292,
              0.9549019607843138
            ],
            [
              0.9825206991720331,
              0.9553921568627451
            ],
            [
              0.9829806807727691,
              0.9563725490196079
            ],
            [
              0.983670653173873,
              0.9568627450980393
            ],
            [
              0.984360625574977,
              0.9573529411764706
            ],
            [
              0.985050597976081,
              0.957843137254902
            ],
            [
              0.9857405703771849,
              0.9583333333333334
            ],
            [
              0.9862005519779209,
              0.9593137254901961
            ],
            [
              0.9868905243790248,
              0.9598039215686275
            ],
            [
              0.9875804967801288,
              0.9602941176470589
            ],
            [
              0.9882704691812327,
              0.9607843137254902
            ],
            [
              0.9889604415823368,
              0.9612745098039216
            ],
            [
              0.9896504139834407,
              0.961764705882353
            ],
            [
              0.9903403863845446,
              0.9622549019607843
            ],
            [
              0.9910303587856486,
              0.9627450980392157
            ],
            [
              0.9917203311867525,
              0.9632352941176471
            ],
            [
              0.9924103035878565,
              0.9637254901960784
            ],
            [
              0.9931002759889604,
              0.9642156862745098
            ],
            [
              0.9935602575896965,
              0.9651960784313726
            ],
            [
              0.9944802207911684,
              0.9651960784313726
            ],
            [
              0.9949402023919043,
              0.9661764705882353
            ],
            [
              0.9958601655933763,
              0.9661764705882353
            ],
            [
              0.9963201471941122,
              0.967156862745098
            ],
            [
              0.9972401103955841,
              0.967156862745098
            ],
            [
              0.9977000919963201,
              0.9681372549019608
            ],
            [
              0.9983900643974241,
              0.9686274509803922
            ],
            [
              0.9990800367985281,
              0.9691176470588235
            ],
            [
              0.984590616375345,
              0.9990196078431373
            ]
          ]
        ]
      },
      "properties": {
        "segment_id": 15,
        "area": 3502,
        "bbox": [
          2067.0,
          968.0,
          106.0,
          51.0
        ],
        "iou": 0.9312409162521362,
        "stability": 0.9507692456245422,
        "auto_generated": true,
        "model": "segment_anything"
      }
    },
    {
      "type": "Feature",
      "geometry": {
        "type": "Polygon",
        "coordinates": [
          [
            [
              0.9737810487580497,
              0.9044117647058824
            ],
            [
              0.9728610855565777,
              0.9044117647058824
            ],
            [
              0.9719411223551058,
              0.9044117647058824
            ],
            [
              0.9710211591536339,
              0.9044117647058824
            ],
            [
              0.9705611775528978,
              0.9034313725490196
            ],
            [
              0.9696412143514259,
              0.9034313725490196
            ],
            [
              0.968951241950322,
              0.9029411764705882
            ],
            [
              0.968261269549218,
              0.9024509803921569
            ],
            [
              0.9678012879484821,
              0.9014705882352941
            ],
            [
              0.9668813247470102,
              0.9014705882352941
            ],
            [
              0.9661913523459061,
              0.9009803921568628
            ],
            [
              0.9655013799448022,
              0.9004901960784314
            ],
            [
              0.9645814167433303,
              0.9004901960784314
            ],
            [
              0.9636614535418583,
              0.9004901960784314
            ],
            [
              0.9627414903403864,
              0.9004901960784314
            ],
            [
              0.9618215271389144,
              0.9004901960784314
            ],
            [
              0.9609015639374425,
              0.9004901960784314
            ],
            [
              0.9599816007359706,
              0.9004901960784314
            ],
            [
              0.9590616375344986,
              0.9004901960784314
            ],
            [
              0.9581416743330267,
              0.9004901960784314
            ],
            [
              0.9572217111315547,
              0.9004901960784314
            ],
            [
              0.9563017479300828,
              0.9004901960784314
            ],
            [
              0.9553817847286109,
              0.9004901960784314
            ],
            [
              0.9549218031278749,
              0.8995098039215687
            ],
            [
              0.954001839926403,
              0.8995098039215687
            ],
            [
              0.953081876724931,
              0.8995098039215687
            ],
            [
              0.952161913523459,
              0.8995098039215687
            ],
            [
              0.9512419503219871,
              0.8995098039215687
            ],
            [
              0.9503219871205152,
              0.8995098039215687
            ],
            [
              0.9496320147194113,
              0.8990196078431373
            ],
            [
              0.9489420423183073,
              0.8985294117647059
            ],
            [
              0.9480220791168353,
              0.8985294117647059
            ],
            [
              0.9471021159153634,
              0.8985294117647059
            ],
            [
              0.9461821527138914,
              0.8985294117647059
            ],
            [
              0.9454921803127875,
              0.8980392156862745
            ],
            [
              0.9448022079116836,
              0.8975490196078432
            ],
            [
              0.9438822447102115,
              0.8975490196078432
            ],
            [
              0.9429622815087396,
              0.8975490196078432
            ],
            [
              0.9420423183072677,
              0.8975490196078432
            ],
            [
              0.9411223551057958,
              0.8975490196078432
            ],
            [
              0.9404323827046918,
              0.8970588235294118
            ],
            [
              0.9397424103035878,
              0.8965686274509804
            ],
            [
              0.9388224471021159,
              0.8965686274509804
            ],
            [
              0.9383624655013799,
              0.8955882352941177
            ],
            [
              0.937442502299908,
              0.8955882352941177
            ],
            [
              0.9367525298988041,
              0.8950980392156863
            ],
            [
              0.9360625574977001,
              0.8946078431372549
            ],
            [
              0.9356025758969642,
              0.8936274509803922
            ],
            [
              0.9346826126954921,
              0.8936274509803922
            ],
            [
              0.9342226310947562,
              0.8926470588235295
            ],
            [
              0.9337626494940202,
              0.8916666666666667
            ],
            [
              0.9330726770929163,
              0.8911764705882353
            ],
            [
              0.9323827046918123,
              0.890686274509804
            ],
            [
              0.9319227230910764,
              0.8897058823529411
            ],
            [
              0.9314627414903404,
              0.8887254901960784
            ],
            [
              0.9310027598896045,
              0.8877450980392156
            ],
            [
              0.9307727690892365,
              0.8862745098039215
            ],
            [
              0.9307727690892365,
              0.884313725490196
            ],
            [
              0.9312327506899724,
              0.8833333333333333
            ],
            [
              0.9314627414903404,
              0.8818627450980392
            ],
            [
              0.9316927322907084,
              0.8803921568627451
            ],
            [
              0.9321527138914444,
              0.8794117647058823
            ],
            [
              0.9326126954921803,
              0.8784313725490196
            ],
            [
              0.9328426862925483,
              0.8769607843137255
            ],
            [
              0.9333026678932843,
              0.8759803921568627
            ],
            [
              0.9335326586936522,
              0.8745098039215686
            ],
            [
              0.9339926402943882,
              0.8735294117647059
            ],
            [
              0.9346826126954921,
              0.8730392156862745
            ],
            [
              0.9351425942962281,
              0.8720588235294118
            ],
            [
              0.9360625574977001,
              0.8720588235294118
            ],
            [
              0.936982520699172,
              0.8720588235294118
            ],
            [
              0.937902483900644,
              0.8720588235294118
            ],
            [
              0.9385924563017479,
              0.8715686274509804
            ],
            [
              0.9392824287028518,
              0.871078431372549
            ],
            [
              0.9402023919043239,
              0.871078431372549
            ],
            [
              0.9411223551057958,
              0.871078431372549
            ],
            [
              0.9415823367065317,
              0.8700980392156863
            ],
            [
              0.9425022999080037,
              0.8700980392156863
            ],
            [
              0.9434222631094756,
              0.8700980392156863
            ],
            [
              0.9443422263109476,
              0.8700980392156863
            ],
            [
              0.9452621895124195,
              0.8700980392156863
            ],
            [
              0.9461821527138914,
              0.8700980392156863
            ],
            [
              0.9471021159153634,
              0.8700980392156863
            ],
            [
              0.9475620975160993,
              0.871078431372549
            ],
            [
              0.9484820607175714,
              0.871078431372549
            ],
            [
              0.9494020239190433,
              0.871078431372549
            ],
            [
              0.9503219871205152,
              0.871078431372549
            ],
            [
              0.9512419503219871,
              0.871078431372549
            ],
            [
              0.952161913523459,
              0.871078431372549
            ],
            [
              0.953081876724931,
              0.871078431372549
            ],
            [
              0.954001839926403,
              0.871078431372549
            ],
            [
              0.9549218031278749,
              0.871078431372549
            ],
            [
              0.9556117755289788,
              0.8715686274509804
            ],
            [
              0.9563017479300828,
              0.8720588235294118
            ],
            [
              0.9572217111315547,
              0.8720588235294118
            ],
            [
              0.9581416743330267,
              0.8720588235294118
            ],
            [
              0.9588316467341307,
              0.8725490196078431
            ],
            [
              0.9595216191352346,
              0.8730392156862745
            ],
            [
              0.9604415823367065,
              0.8730392156862745
            ],
            [
              0.9609015639374425,
              0.8740196078431373
            ],
            [
              0.9615915363385464,
              0.8745098039215686
            ],
            [
              0.9622815087396505,
              0.875
            ],
            [
              0.9629714811407544,
              0.8754901960784314
            ],
            [
              0.9634314627414904,
              0.8764705882352941
            ],
            [
              0.9638914443422263,
              0.8774509803921569
            ],
            [
              0.9643514259429623,
              0.8784313725490196
            ],
            [
              0.9648114075436982,
              0.8794117647058823
            ],
            [
              0.9652713891444342,
              0.8803921568627451
            ],
            [
              0.9657313707451702,
              0.8813725490196078
            ],
            [
              0.9661913523459061,
              0.8823529411764706
            ],
            [
              0.9666513339466422,
              0.8833333333333333
            ],
            [
              0.9671113155473781,
              0.884313725490196
            ],
            [
              0.9673413063477461,
              0.8857843137254902
            ],
            [
              0.9678012879484821,
              0.8867647058823529
            ],
            [
              0.968261269549218,
              0.8877450980392156
            ],
            [
              0.968721251149954,
              0.8887254901960784
            ],
            [
              0.96918123275069,
              0.8897058823529411
            ],
            [
              0.9698712051517939,
              0.8901960784313725
            ],
            [
              0.9705611775528978,
              0.890686274509804
            ],
            [
              0.9710211591536339,
              0.8916666666666667
            ],
            [
              0.9714811407543699,
              0.8926470588235295
            ],
            [
              0.9721711131554738,
              0.8931372549019608
            ],
            [
              0.9726310947562098,
              0.8941176470588236
            ],
            [
              0.9730910763569457,
              0.8950980392156863
            ],
            [
              0.9735510579576817,
              0.8960784313725491
            ],
            [
              0.9740110395584176,
              0.8970588235294118
            ],
            [
              0.9742410303587856,
              0.8985294117647059
            ],
            [
              0.9744710211591536,
              0.9
            ],
            [
              0.9744710211591536,
              0.9019607843137255
            ],
            [
              0.9742410303587856,
              0.9034313725490196
            ],
            [
              0.9737810487580497,
              0.9044117647058824
            ]
          ]
        ]
      },
      "properties": {
        "segment_id": 16,
        "area": 2184,
        "bbox": [
          2024.0,
          888.0,
          94.0,
          34.0
        ],
        "iou": 0.9258767366409302,
        "stability": 0.9552372694015503,
        "auto_generated": true,
        "model": "segment_anything"
      }
    },
    {
      "type": "Feature",
      "geometry": {
        "type": "Polygon",
        "coordinates": [
          [
            [
              0.9503219871205152,
              0.9799019607843137
            ],
            [
              0.9494020239190433,
              0.9799019607843137
            ],
            [
              0.9484820607175714,
              0.9799019607843137
            ],
            [
              0.9475620975160993,
              0.9799019607843137
            ],
            [
              0.9466421343146274,
              0.9799019607843137
            ],
            [
              0.9457221711131555,
              0.9799019607843137
            ],
            [
              0.9448022079116836,
              0.9799019607843137
            ],
            [
              0.9441122355105795,
              0.9794117647058823
            ],
            [
              0.9434222631094756,
              0.9789215686274509
            ],
            [
              0.9425022999080037,
              0.9789215686274509
            ],
            [
              0.9415823367065317,
              0.9789215686274509
            ],
            [
              0.9406623735050598,
              0.9789215686274509
            ],
            [
              0.9397424103035878,
              0.9789215686274509
            ],
            [
              0.9388224471021159,
              0.9789215686274509
            ],
            [
              0.937902483900644,
              0.9789215686274509
            ],
            [
              0.936982520699172,
              0.9789215686274509
            ],
            [
              0.9360625574977001,
              0.9789215686274509
            ],
            [
              0.9351425942962281,
              0.9789215686274509
            ],
            [
              0.9342226310947562,
              0.9789215686274509
            ],
            [
              0.9335326586936522,
              0.9784313725490196
            ],
            [
              0.9328426862925483,
              0.9779411764705882
            ],
            [
              0.9319227230910764,
              0.9779411764705882
            ],
            [
              0.9314627414903404,
              0.9769607843137255
            ],
            [
              0.9305427782888684,
              0.9769607843137255
            ],
            [
              0.9300827966881324,
              0.9759803921568627
            ],
            [
              0.9291628334866605,
              0.9759803921568627
            ],
            [
              0.9284728610855566,
              0.9754901960784313
            ],
            [
              0.9277828886844526,
              0.975
            ],
            [
              0.9270929162833487,
              0.9745098039215686
            ],
            [
              0.9264029438822448,
              0.9740196078431372
            ],
            [
              0.9259429622815087,
              0.9730392156862745
            ],
            [
              0.9252529898804048,
              0.9725490196078431
            ],
            [
              0.9245630174793008,
              0.9720588235294118
            ],
            [
              0.9241030358785649,
              0.971078431372549
            ],
            [
              0.9231830726770929,
              0.971078431372549
            ],
            [
              0.922263109475621,
              0.971078431372549
            ],
            [
              0.921803127874885,
              0.9700980392156863
            ],
            [
              0.921113155473781,
              0.9696078431372549
            ],
            [
              0.9204231830726771,
              0.9691176470588235
            ],
            [
              0.9199632014719411,
              0.9681372549019608
            ],
            [
              0.9195032198712052,
              0.967156862745098
            ],
            [
              0.9188132474701012,
              0.9666666666666667
            ],
            [
              0.9181232750689973,
              0.9661764705882353
            ],
            [
              0.9172033118675254,
              0.9661764705882353
            ],
            [
              0.9167433302667893,
              0.9651960784313726
            ],
            [
              0.9158233670653174,
              0.9651960784313726
            ],
            [
              0.9153633854645814,
              0.9642156862745098
            ],
            [
              0.9144434222631095,
              0.9642156862745098
            ],
            [
              0.9139834406623735,
              0.9632352941176471
            ],
            [
              0.9130634774609016,
              0.9632352941176471
            ],
            [
              0.9126034958601656,
              0.9622549019607843
            ],
            [
              0.9116835326586936,
              0.9622549019607843
            ],
            [
              0.9109935602575897,
              0.961764705882353
            ],
            [
              0.9103035878564857,
              0.9612745098039216
            ],
            [
              0.9098436062557498,
              0.9602941176470589
            ],
            [
              0.9093836246550138,
              0.9593137254901961
            ],
            [
              0.9089236430542779,
              0.9583333333333334
            ],
            [
              0.9084636614535418,
              0.9573529411764706
            ],
            [
              0.9080036798528058,
              0.9563725490196079
            ],
            [
              0.9077736890524379,
              0.9549019607843138
            ],
            [
              0.9080036798528058,
              0.9534313725490197
            ],
            [
              0.9086936522539099,
              0.9529411764705882
            ],
            [
              0.9093836246550138,
              0.9524509803921568
            ],
            [
              0.9100735970561178,
              0.9519607843137254
            ],
            [
              0.9107635694572217,
              0.9514705882352941
            ],
            [
              0.9116835326586936,
              0.9514705882352941
            ],
            [
              0.9123735050597976,
              0.9509803921568627
            ],
            [
              0.9130634774609016,
              0.9504901960784313
            ],
            [
              0.9139834406623735,
              0.9504901960784313
            ],
            [
              0.9146734130634775,
              0.95
            ],
            [
              0.9153633854645814,
              0.9495098039215686
            ],
            [
              0.9162833486660533,
              0.9495098039215686
            ],
            [
              0.9172033118675254,
              0.9495098039215686
            ],
            [
              0.9181232750689973,
              0.9495098039215686
            ],
            [
              0.9190432382704692,
              0.9495098039215686
            ],
            [
              0.9199632014719411,
              0.9495098039215686
            ],
            [
              0.9206531738730451,
              0.95
            ],
            [
              0.921343146274149,
              0.9504901960784313
            ],
            [
              0.922263109475621,
              0.9504901960784313
            ],
            [
              0.922723091076357,
              0.9514705882352941
            ],
            [
              0.9236430542778289,
              0.9514705882352941
            ],
            [
              0.9245630174793008,
              0.9514705882352941
            ],
            [
              0.9252529898804048,
              0.9519607843137254
            ],
            [
              0.9259429622815087,
              0.9524509803921568
            ],
            [
              0.9268629254829807,
              0.9524509803921568
            ],
            [
              0.9277828886844526,
              0.9524509803921568
            ],
            [
              0.9287028518859246,
              0.9524509803921568
            ],
            [
              0.9296228150873965,
              0.9524509803921568
            ],
            [
              0.9305427782888684,
              0.9524509803921568
            ],
            [
              0.9314627414903404,
              0.9524509803921568
            ],
            [
              0.9323827046918123,
              0.9524509803921568
            ],
            [
              0.9333026678932843,
              0.9524509803921568
            ],
            [
              0.9342226310947562,
              0.9524509803921568
            ],
            [
              0.9351425942962281,
              0.9524509803921568
            ],
            [
              0.9360625574977001,
              0.9524509803921568
            ],
            [
              0.936982520699172,
              0.9524509803921568
            ],
            [
              0.937902483900644,
              0.9524509803921568
            ],
            [
              0.9383624655013799,
              0.9534313725490197
            ],
            [
              0.9392824287028518,
              0.9534313725490197
            ],
            [
              0.9402023919043239,
              0.9534313725490197
            ],
            [
              0.9411223551057958,
              0.9534313725490197
            ],
            [
              0.9420423183072677,
              0.9534313725490197
            ],
            [
              0.9427322907083716,
              0.953921568627451
            ],
            [
              0.9434222631094756,
              0.9544117647058824
            ],
            [
              0.9438822447102115,
              0.9553921568627451
            ],
            [
              0.9448022079116836,
              0.9553921568627451
            ],
            [
              0.9452621895124195,
              0.9563725490196079
            ],
            [
              0.9459521619135235,
              0.9568627450980393
            ],
            [
              0.9466421343146274,
              0.9573529411764706
            ],
            [
              0.9471021159153634,
              0.9583333333333334
            ],
            [
              0.9475620975160993,
              0.9593137254901961
            ],
            [
              0.9480220791168353,
              0.9602941176470589
            ],
            [
              0.9487120515179392,
              0.9607843137254902
            ],
            [
              0.9494020239190433,
              0.9612745098039216
            ],
            [
              0.9498620055197792,
              0.9622549019607843
            ],
            [
              0.9503219871205152,
              0.9632352941176471
            ],
            [
              0.9507819687212512,
              0.9642156862745098
            ],
            [
              0.9512419503219871,
              0.9651960784313726
            ],
            [
              0.952161913523459,
              0.9651960784313726
            ],
            [
              0.952621895124195,
              0.9661764705882353
            ],
            [
              0.953081876724931,
              0.967156862745098
            ],
            [
              0.953771849126035,
              0.9676470588235294
            ],
            [
              0.9544618215271389,
              0.9681372549019608
            ],
            [
              0.9549218031278749,
              0.9691176470588235
            ],
            [
              0.9551517939282429,
              0.9705882352941176
            ],
            [
              0.9556117755289788,
              0.9715686274509804
            ],
            [
              0.9556117755289788,
              0.9735294117647059
            ],
            [
              0.9553817847286109,
              0.975
            ],
            [
              0.9549218031278749,
              0.9759803921568627
            ],
            [
              0.9544618215271389,
              0.9769607843137255
            ],
            [
              0.954001839926403,
              0.9779411764705882
            ],
            [
              0.953081876724931,
              0.9779411764705882
            ],
            [
              0.952391904323827,
              0.9784313725490196
            ],
            [
              0.9517019319227231,
              0.9789215686274509
            ],
            [
              0.9507819687212512,
              0.9789215686274509
            ],
            [
              0.9503219871205152,
              0.9799019607843137
            ]
          ]
        ]
      },
      "properties": {
        "segment_id": 17,
        "area": 2024,
        "bbox": [
          1974.0,
          969.0,
          103.0,
          30.0
        ],
        "iou": 0.9186259508132935,
        "stability": 0.950772225856781,
        "auto_generated": true,
        "model": "segment_anything"
      }
    },
    {
      "type": "Feature",
      "geometry": {
        "type": "Polygon",
        "coordinates": [
          [
            [
              0.609015639374425,
              0.425
            ],
            [
              0.6071757129714811,
              0.425
            ],
            [
              0.6057957681692733,
              0.42401960784313725
            ],
            [
              0.6062557497700092,
              0.42205882352941176
            ],
            [
              0.6078656853725851,
              0.4215686274509804
            ],
            [
              0.609245630174793,
              0.42058823529411765
            ],
            [
              0.6106255749770009,
              0.4196078431372549
            ],
            [
              0.6115455381784729,
              0.4176470588235294
            ],
            [
              0.6126954921803128,
              0.4161764705882353
            ],
            [
              0.6138454461821528,
              0.4147058823529412
            ],
            [
              0.6154553817847286,
              0.41421568627450983
            ],
            [
              0.6172953081876725,
              0.41421568627450983
            ],
            [
              0.6189052437902484,
              0.4137254901960784
            ],
            [
              0.6198252069917203,
              0.4117647058823529
            ],
            [
              0.6195952161913524,
              0.4083333333333333
            ],
            [
              0.6184452621895125,
              0.4068627450980392
            ],
            [
              0.6168353265869365,
              0.40637254901960784
            ],
            [
              0.6154553817847286,
              0.4053921568627451
            ],
            [
              0.6140754369825207,
              0.40441176470588236
            ],
            [
              0.6122355105795768,
              0.40441176470588236
            ],
            [
              0.6108555657773689,
              0.4034313725490196
            ],
            [
              0.609245630174793,
              0.40294117647058825
            ],
            [
              0.6076356945722171,
              0.4024509803921569
            ],
            [
              0.6062557497700092,
              0.40147058823529413
            ],
            [
              0.6044158233670653,
              0.40147058823529413
            ],
            [
              0.6030358785648574,
              0.4004901960784314
            ],
            [
              0.6016559337626495,
              0.39950980392156865
            ],
            [
              0.5998160073597056,
              0.39950980392156865
            ],
            [
              0.5984360625574977,
              0.3985294117647059
            ],
            [
              0.5965961361545539,
              0.3985294117647059
            ],
            [
              0.5954461821527139,
              0.39705882352941174
            ],
            [
              0.593836246550138,
              0.39656862745098037
            ],
            [
              0.5924563017479301,
              0.39558823529411763
            ],
            [
              0.5910763569457221,
              0.39656862745098037
            ],
            [
              0.5892364305427783,
              0.39656862745098037
            ],
            [
              0.5873965041398344,
              0.39656862745098037
            ],
            [
              0.5860165593376265,
              0.3975490196078431
            ],
            [
              0.5846366145354186,
              0.39656862745098037
            ],
            [
              0.5827966881324746,
              0.39656862745098037
            ],
            [
              0.5809567617295308,
              0.39656862745098037
            ],
            [
              0.5793468261269549,
              0.396078431372549
            ],
            [
              0.577966881324747,
              0.39509803921568626
            ],
            [
              0.579116835326587,
              0.39362745098039215
            ],
            [
              0.5804967801287948,
              0.3926470588235294
            ],
            [
              0.5823367065317387,
              0.3926470588235294
            ],
            [
              0.5841766329346826,
              0.3926470588235294
            ],
            [
              0.5860165593376265,
              0.3926470588235294
            ],
            [
              0.5878564857405704,
              0.3926470588235294
            ],
            [
              0.5896964121435143,
              0.3926470588235294
            ],
            [
              0.5915363385464582,
              0.3926470588235294
            ],
            [
              0.593376264949402,
              0.3926470588235294
            ],
            [
              0.5947562097516099,
              0.39166666666666666
            ],
            [
              0.5961361545538179,
              0.3906862745098039
            ],
            [
              0.5975160993560258,
              0.3897058823529412
            ],
            [
              0.5993560257589696,
              0.3897058823529412
            ],
            [
              0.6011959521619136,
              0.3897058823529412
            ],
            [
              0.6025758969641214,
              0.3906862745098039
            ],
            [
              0.6044158233670653,
              0.3906862745098039
            ],
            [
              0.6062557497700092,
              0.3906862745098039
            ],
            [
              0.6076356945722171,
              0.39166666666666666
            ],
            [
              0.609475620975161,
              0.39166666666666666
            ],
            [
              0.6108555657773689,
              0.3926470588235294
            ],
            [
              0.6126954921803128,
              0.3926470588235294
            ],
            [
              0.6140754369825207,
              0.39166666666666666
            ],
            [
              0.6147654093836247,
              0.3892156862745098
            ],
            [
              0.6147654093836247,
              0.38529411764705884
            ],
            [
              0.6159153633854646,
              0.38382352941176473
            ],
            [
              0.6172953081876725,
              0.382843137254902
            ],
            [
              0.6186752529898804,
              0.3818627450980392
            ],
            [
              0.6205151793928243,
              0.3818627450980392
            ],
            [
              0.6216651333946642,
              0.3803921568627451
            ],
            [
              0.6228150873965042,
              0.37892156862745097
            ],
            [
              0.624655013799448,
              0.37892156862745097
            ],
            [
              0.6260349586016559,
              0.3779411764705882
            ],
            [
              0.6278748850045999,
              0.3779411764705882
            ],
            [
              0.6297148114075437,
              0.3779411764705882
            ],
            [
              0.6315547378104875,
              0.3779411764705882
            ],
            [
              0.6333946642134315,
              0.3779411764705882
            ],
            [
              0.6352345906163753,
              0.3779411764705882
            ],
            [
              0.6368445262189513,
              0.3784313725490196
            ],
            [
              0.6384544618215271,
              0.37892156862745097
            ],
            [
              0.6386844526218951,
              0.38235294117647056
            ],
            [
              0.6386844526218951,
              0.3862745098039216
            ],
            [
              0.6379944802207912,
              0.38872549019607844
            ],
            [
              0.6373045078196872,
              0.3911764705882353
            ],
            [
              0.6361545538178472,
              0.3926470588235294
            ],
            [
              0.6350045998160073,
              0.3941176470588235
            ],
            [
              0.6338546458141674,
              0.39558823529411763
            ],
            [
              0.6329346826126955,
              0.3975490196078431
            ],
            [
              0.6315547378104875,
              0.3985294117647059
            ],
            [
              0.6304047838086476,
              0.4
            ],
            [
              0.6294848206071757,
              0.4019607843137255
            ],
            [
              0.6285648574057038,
              0.403921568627451
            ],
            [
              0.6281048758049678,
              0.4068627450980392
            ],
            [
              0.6274149034038639,
              0.40931372549019607
            ],
            [
              0.6262649494020239,
              0.4107843137254902
            ],
            [
              0.62557497700092,
              0.41323529411764703
            ],
            [
              0.624655013799448,
              0.4151960784313726
            ],
            [
              0.6237350505979761,
              0.41715686274509806
            ],
            [
              0.6225850965961361,
              0.41862745098039217
            ],
            [
              0.6214351425942962,
              0.4200980392156863
            ],
            [
              0.6200551977920883,
              0.421078431372549
            ],
            [
              0.6186752529898804,
              0.42205882352941176
            ],
            [
              0.6172953081876725,
              0.4230392156862745
            ],
            [
              0.6154553817847286,
              0.4230392156862745
            ],
            [
              0.6136154553817847,
              0.4230392156862745
            ],
            [
              0.6117755289788408,
              0.4230392156862745
            ],
            [
              0.610395584176633,
              0.42401960784313725
            ],
            [
              0.609015639374425,
              0.425
            ]
          ]
        ]
      },
      "properties": {
        "segment_id": 18,
        "area": 2151,
        "bbox": [
          1257.0,
          386.0,
          131.0,
          47.0
        ],
        "iou": 0.9108657836914062,
        "stability": 0.9309107065200806,
        "auto_generated": true,
        "model": "segment_anything"
      }
    },
    {
      "type": "Feature",
      "geometry": {
        "type": "Polygon",
        "coordinates": [
          [
            [
              0.47194112235510577,
              0.8632352941176471
            ],
            [
              0.4714811407543698,
              0.8632352941176471
            ],
            [
              0.47102115915363385,
              0.8632352941176471
            ],
            [
              0.4705611775528979,
              0.8632352941176471
            ],
            [
              0.47010119595216193,
              0.8632352941176471
            ],
            [
              0.4696412143514259,
              0.8632352941176471
            ],
            [
              0.46918123275068996,
              0.8632352941176471
            ],
            [
              0.468721251149954,
              0.8632352941176471
            ],
            [
              0.46826126954921804,
              0.8632352941176471
            ],
            [
              0.4678012879484821,
              0.8632352941176471
            ],
            [
              0.46734130634774607,
              0.8632352941176471
            ],
            [
              0.4671113155473781,
              0.8627450980392157
            ],
            [
              0.4668813247470101,
              0.8622549019607844
            ],
            [
              0.46642134314627415,
              0.8622549019607844
            ],
            [
              0.4659613615455382,
              0.8622549019607844
            ],
            [
              0.46550137994480223,
              0.8622549019607844
            ],
            [
              0.4650413983440662,
              0.8622549019607844
            ],
            [
              0.46458141674333026,
              0.8622549019607844
            ],
            [
              0.4641214351425943,
              0.8622549019607844
            ],
            [
              0.4638914443422263,
              0.861764705882353
            ],
            [
              0.46366145354185834,
              0.8612745098039216
            ],
            [
              0.4632014719411224,
              0.8612745098039216
            ],
            [
              0.46274149034038636,
              0.8612745098039216
            ],
            [
              0.4625114995400184,
              0.8607843137254902
            ],
            [
              0.4622815087396504,
              0.8602941176470589
            ],
            [
              0.46182152713891444,
              0.8602941176470589
            ],
            [
              0.4613615455381785,
              0.8602941176470589
            ],
            [
              0.4611315547378105,
              0.8598039215686275
            ],
            [
              0.4609015639374425,
              0.859313725490196
            ],
            [
              0.4604415823367065,
              0.859313725490196
            ],
            [
              0.46021159153633856,
              0.8588235294117647
            ],
            [
              0.45998160073597055,
              0.8583333333333333
            ],
            [
              0.4597516099356026,
              0.8578431372549019
            ],
            [
              0.4595216191352346,
              0.8573529411764705
            ],
            [
              0.45906163753449863,
              0.8573529411764705
            ],
            [
              0.4586016559337627,
              0.8573529411764705
            ],
            [
              0.45814167433302666,
              0.8573529411764705
            ],
            [
              0.4579116835326587,
              0.8568627450980392
            ],
            [
              0.4576816927322907,
              0.8563725490196078
            ],
            [
              0.45722171113155474,
              0.8563725490196078
            ],
            [
              0.45699172033118673,
              0.8558823529411764
            ],
            [
              0.4567617295308188,
              0.8553921568627451
            ],
            [
              0.4563017479300828,
              0.8553921568627451
            ],
            [
              0.4560717571297148,
              0.8549019607843137
            ],
            [
              0.4558417663293468,
              0.8544117647058823
            ],
            [
              0.45538178472861085,
              0.8544117647058823
            ],
            [
              0.45515179392824284,
              0.8539215686274509
            ],
            [
              0.4549218031278749,
              0.8534313725490196
            ],
            [
              0.45446182152713893,
              0.8534313725490196
            ],
            [
              0.4542318307267709,
              0.8529411764705882
            ],
            [
              0.4540018399264029,
              0.8524509803921568
            ],
            [
              0.45377184912603497,
              0.8519607843137255
            ],
            [
              0.45354185832566696,
              0.8514705882352941
            ],
            [
              0.453311867525299,
              0.8509803921568627
            ],
            [
              0.453081876724931,
              0.8504901960784313
            ],
            [
              0.452851885924563,
              0.85
            ],
            [
              0.45262189512419504,
              0.8495098039215686
            ],
            [
              0.4521619135234591,
              0.8495098039215686
            ],
            [
              0.4519319227230911,
              0.8490196078431372
            ],
            [
              0.4519319227230911,
              0.8480392156862745
            ],
            [
              0.4519319227230911,
              0.8470588235294118
            ],
            [
              0.4519319227230911,
              0.846078431372549
            ],
            [
              0.4519319227230911,
              0.8450980392156863
            ],
            [
              0.4519319227230911,
              0.8441176470588235
            ],
            [
              0.4519319227230911,
              0.8431372549019608
            ],
            [
              0.4521619135234591,
              0.8426470588235294
            ],
            [
              0.45239190432382703,
              0.842156862745098
            ],
            [
              0.45262189512419504,
              0.8416666666666667
            ],
            [
              0.453081876724931,
              0.8416666666666667
            ],
            [
              0.453311867525299,
              0.8411764705882353
            ],
            [
              0.45354185832566696,
              0.8406862745098039
            ],
            [
              0.4540018399264029,
              0.8406862745098039
            ],
            [
              0.45446182152713893,
              0.8406862745098039
            ],
            [
              0.4546918123275069,
              0.8401960784313726
            ],
            [
              0.4549218031278749,
              0.8397058823529412
            ],
            [
              0.45538178472861085,
              0.8397058823529412
            ],
            [
              0.4558417663293468,
              0.8397058823529412
            ],
            [
              0.4563017479300828,
              0.8397058823529412
            ],
            [
              0.4567617295308188,
              0.8397058823529412
            ],
            [
              0.45722171113155474,
              0.8397058823529412
            ],
            [
              0.4576816927322907,
              0.8397058823529412
            ],
            [
              0.4579116835326587,
              0.8392156862745098
            ],
            [
              0.45814167433302666,
              0.8387254901960784
            ],
            [
              0.4586016559337627,
              0.8387254901960784
            ],
            [
              0.45906163753449863,
              0.8387254901960784
            ],
            [
              0.4595216191352346,
              0.8387254901960784
            ],
            [
              0.45998160073597055,
              0.8387254901960784
            ],
            [
              0.46021159153633856,
              0.8392156862745098
            ],
            [
              0.4604415823367065,
              0.8397058823529412
            ],
            [
              0.4609015639374425,
              0.8397058823529412
            ],
            [
              0.4613615455381785,
              0.8397058823529412
            ],
            [
              0.46182152713891444,
              0.8397058823529412
            ],
            [
              0.4622815087396504,
              0.8397058823529412
            ],
            [
              0.46274149034038636,
              0.8397058823529412
            ],
            [
              0.4632014719411224,
              0.8397058823529412
            ],
            [
              0.46343146274149033,
              0.8392156862745098
            ],
            [
              0.46366145354185834,
              0.8387254901960784
            ],
            [
              0.4641214351425943,
              0.8387254901960784
            ],
            [
              0.46458141674333026,
              0.8387254901960784
            ],
            [
              0.4650413983440662,
              0.8387254901960784
            ],
            [
              0.46550137994480223,
              0.8387254901960784
            ],
            [
              0.4659613615455382,
              0.8387254901960784
            ],
            [
              0.46642134314627415,
              0.8387254901960784
            ],
            [
              0.4668813247470101,
              0.8387254901960784
            ],
            [
              0.46734130634774607,
              0.8387254901960784
            ],
            [
              0.4675712971481141,
              0.8392156862745098
            ],
            [
              0.4678012879484821,
              0.8397058823529412
            ],
            [
              0.46826126954921804,
              0.8397058823529412
            ],
            [
              0.468721251149954,
              0.8397058823529412
            ],
            [
              0.46918123275068996,
              0.8397058823529412
            ],
            [
              0.4696412143514259,
              0.8397058823529412
            ],
            [
              0.47010119595216193,
              0.8397058823529412
            ],
            [
              0.4705611775528979,
              0.8397058823529412
            ],
            [
              0.47102115915363385,
              0.8397058823529412
            ],
            [
              0.4714811407543698,
              0.8397058823529412
            ],
            [
              0.47194112235510577,
              0.8397058823529412
            ],
            [
              0.4724011039558418,
              0.8397058823529412
            ],
            [
              0.47286108555657774,
              0.8397058823529412
            ],
            [
              0.4733210671573137,
              0.8397058823529412
            ],
            [
              0.47378104875804966,
              0.8397058823529412
            ],
            [
              0.47401103955841767,
              0.8401960784313726
            ],
            [
              0.4742410303587857,
              0.8406862745098039
            ],
            [
              0.47470101195952163,
              0.8406862745098039
            ],
            [
              0.4749310027598896,
              0.8411764705882353
            ],
            [
              0.4749310027598896,
              0.842156862745098
            ],
            [
              0.4751609935602576,
              0.8426470588235294
            ],
            [
              0.4753909843606256,
              0.8431372549019608
            ],
            [
              0.47562097516099355,
              0.8436274509803922
            ],
            [
              0.47585096596136156,
              0.8441176470588235
            ],
            [
              0.47585096596136156,
              0.8450980392156863
            ],
            [
              0.4760809567617295,
              0.8455882352941176
            ],
            [
              0.4763109475620975,
              0.846078431372549
            ],
            [
              0.4765409383624655,
              0.8465686274509804
            ],
            [
              0.4767709291628335,
              0.8470588235294118
            ],
            [
              0.4770009199632015,
              0.8475490196078431
            ],
            [
              0.47723091076356944,
              0.8480392156862745
            ],
            [
              0.47746090156393745,
              0.8485294117647059
            ],
            [
              0.47769089236430545,
              0.8490196078431372
            ],
            [
              0.47769089236430545,
              0.85
            ],
            [
              0.4779208831646734,
              0.8504901960784313
            ],
            [
              0.4781508739650414,
              0.8509803921568627
            ],
            [
              0.4781508739650414,
              0.8519607843137255
            ],
            [
              0.4781508739650414,
              0.8529411764705882
            ],
            [
              0.4781508739650414,
              0.8539215686274509
            ],
            [
              0.4779208831646734,
              0.8544117647058823
            ],
            [
              0.47769089236430545,
              0.8549019607843137
            ],
            [
              0.47746090156393745,
              0.8553921568627451
            ],
            [
              0.47723091076356944,
              0.8558823529411764
            ],
            [
              0.47723091076356944,
              0.8568627450980392
            ],
            [
              0.4770009199632015,
              0.8573529411764705
            ],
            [
              0.4767709291628335,
              0.8578431372549019
            ],
            [
              0.4767709291628335,
              0.8588235294117647
            ],
            [
              0.4767709291628335,
              0.8598039215686275
            ],
            [
              0.4765409383624655,
              0.8602941176470589
            ],
            [
              0.4763109475620975,
              0.8607843137254902
            ],
            [
              0.4760809567617295,
              0.8612745098039216
            ],
            [
              0.47562097516099355,
              0.8612745098039216
            ],
            [
              0.4753909843606256,
              0.861764705882353
            ],
            [
              0.4751609935602576,
              0.8622549019607844
            ],
            [
              0.47470101195952163,
              0.8622549019607844
            ],
            [
              0.4742410303587857,
              0.8622549019607844
            ],
            [
              0.47378104875804966,
              0.8622549019607844
            ],
            [
              0.4733210671573137,
              0.8622549019607844
            ],
            [
              0.47286108555657774,
              0.8622549019607844
            ],
            [
              0.4724011039558418,
              0.8622549019607844
            ],
            [
              0.4721711131554738,
              0.8627450980392157
            ],
            [
              0.47194112235510577,
              0.8632352941176471
            ],
            [
              0.47194112235510577,
              0.8632352941176471
            ]
          ]
        ]
      },
      "properties": {
        "segment_id": 19,
        "area": 1094,
        "bbox": [
          983.0,
          856.0,
          56.0,
          24.0
        ],
        "iou": 0.9088939428329468,
        "stability": 0.9440497159957886,
        "auto_generated": true,
        "model": "segment_anything"
      }
    },
    {
      "type": "Feature",
      "geometry": {
        "type": "Polygon",
        "coordinates": [
          [
            [
              0.7520699172033118,
              0.6661764705882353
            ],
            [
              0.7506899724011039,
              0.6661764705882353
            ],
            [
              0.7493100275988961,
              0.6661764705882353
            ],
            [
              0.7486200551977921,
              0.6647058823529411
            ],
            [
              0.7479300827966882,
              0.663235294117647
            ],
            [
              0.7470101195952162,
              0.6622549019607843
            ],
            [
              0.7460901563937442,
              0.6612745098039216
            ],
            [
              0.7451701931922723,
              0.6602941176470588
            ],
            [
              0.7437902483900644,
              0.6602941176470588
            ],
            [
              0.7424103035878565,
              0.6602941176470588
            ],
            [
              0.7414903403863845,
              0.6612745098039216
            ],
            [
              0.7405703771849126,
              0.6622549019607843
            ],
            [
              0.7396504139834407,
              0.663235294117647
            ],
            [
              0.7382704691812327,
              0.663235294117647
            ],
            [
              0.7368905243790248,
              0.663235294117647
            ],
            [
              0.7359705611775529,
              0.6622549019607843
            ],
            [
              0.734820607175713,
              0.6617647058823529
            ],
            [
              0.733900643974241,
              0.6607843137254902
            ],
            [
              0.7327506899724011,
              0.6602941176470588
            ],
            [
              0.7318307267709292,
              0.6593137254901961
            ],
            [
              0.7309107635694572,
              0.6583333333333333
            ],
            [
              0.7297608095676172,
              0.657843137254902
            ],
            [
              0.7286108555657773,
              0.6573529411764706
            ],
            [
              0.7276908923643054,
              0.6563725490196078
            ],
            [
              0.7267709291628335,
              0.6553921568627451
            ],
            [
              0.7256209751609936,
              0.6549019607843137
            ],
            [
              0.7244710211591536,
              0.6544117647058824
            ],
            [
              0.7235510579576817,
              0.6534313725490196
            ],
            [
              0.7226310947562098,
              0.6524509803921569
            ],
            [
              0.7217111315547378,
              0.6514705882352941
            ],
            [
              0.7205611775528978,
              0.6509803921568628
            ],
            [
              0.7196412143514259,
              0.65
            ],
            [
              0.718491260349586,
              0.6495098039215687
            ],
            [
              0.7175712971481141,
              0.6485294117647059
            ],
            [
              0.7166513339466422,
              0.6475490196078432
            ],
            [
              0.7155013799448022,
              0.6470588235294118
            ],
            [
              0.7143514259429623,
              0.6465686274509804
            ],
            [
              0.7134314627414904,
              0.6455882352941177
            ],
            [
              0.7120515179392825,
              0.6455882352941177
            ],
            [
              0.7111315547378105,
              0.6446078431372549
            ],
            [
              0.7097516099356026,
              0.6446078431372549
            ],
            [
              0.7088316467341307,
              0.6436274509803922
            ],
            [
              0.7079116835326587,
              0.6426470588235295
            ],
            [
              0.7065317387304508,
              0.6426470588235295
            ],
            [
              0.7056117755289788,
              0.6416666666666667
            ],
            [
              0.7044618215271389,
              0.6411764705882353
            ],
            [
              0.703541858325667,
              0.6401960784313725
            ],
            [
              0.702391904323827,
              0.6397058823529411
            ],
            [
              0.7014719411223551,
              0.6387254901960784
            ],
            [
              0.7005519779208832,
              0.6377450980392156
            ],
            [
              0.6998620055197792,
              0.6362745098039215
            ],
            [
              0.6994020239190433,
              0.634313725490196
            ],
            [
              0.6989420423183073,
              0.6323529411764706
            ],
            [
              0.6991720331186753,
              0.6299019607843137
            ],
            [
              0.7000919963201472,
              0.628921568627451
            ],
            [
              0.7014719411223551,
              0.628921568627451
            ],
            [
              0.702621895124195,
              0.6284313725490196
            ],
            [
              0.703771849126035,
              0.6279411764705882
            ],
            [
              0.7051517939282429,
              0.6279411764705882
            ],
            [
              0.7060717571297148,
              0.628921568627451
            ],
            [
              0.7074517019319227,
              0.628921568627451
            ],
            [
              0.7083716651333947,
              0.6279411764705882
            ],
            [
              0.7092916283348666,
              0.628921568627451
            ],
            [
              0.7106715731370745,
              0.628921568627451
            ],
            [
              0.7120515179392825,
              0.628921568627451
            ],
            [
              0.7129714811407544,
              0.6299019607843137
            ],
            [
              0.7143514259429623,
              0.6299019607843137
            ],
            [
              0.7152713891444342,
              0.6308823529411764
            ],
            [
              0.7164213431462741,
              0.6313725490196078
            ],
            [
              0.7175712971481141,
              0.6318627450980392
            ],
            [
              0.718721251149954,
              0.6323529411764706
            ],
            [
              0.7198712051517939,
              0.6328431372549019
            ],
            [
              0.7207911683532658,
              0.6338235294117647
            ],
            [
              0.7219411223551058,
              0.634313725490196
            ],
            [
              0.7230910763569457,
              0.6348039215686274
            ],
            [
              0.7240110395584176,
              0.6357843137254902
            ],
            [
              0.7251609935602575,
              0.6362745098039215
            ],
            [
              0.7263109475620975,
              0.6367647058823529
            ],
            [
              0.7274609015639374,
              0.6372549019607843
            ],
            [
              0.7286108555657773,
              0.6377450980392156
            ],
            [
              0.7295308187672493,
              0.6387254901960784
            ],
            [
              0.7304507819687213,
              0.6397058823529411
            ],
            [
              0.7318307267709292,
              0.6397058823529411
            ],
            [
              0.7327506899724011,
              0.640686274509804
            ],
            [
              0.733670653173873,
              0.6416666666666667
            ],
            [
              0.734820607175713,
              0.6421568627450981
            ],
            [
              0.7359705611775529,
              0.6426470588235295
            ],
            [
              0.7368905243790248,
              0.6436274509803922
            ],
            [
              0.7378104875804968,
              0.6446078431372549
            ],
            [
              0.7387304507819688,
              0.6455882352941177
            ],
            [
              0.7401103955841767,
              0.6455882352941177
            ],
            [
              0.7410303587856486,
              0.6465686274509804
            ],
            [
              0.7419503219871205,
              0.6475490196078432
            ],
            [
              0.7431002759889604,
              0.6480392156862745
            ],
            [
              0.7440202391904324,
              0.6490196078431373
            ],
            [
              0.7447102115915364,
              0.6504901960784314
            ],
            [
              0.7456301747930083,
              0.6514705882352941
            ],
            [
              0.7463201471941122,
              0.6529411764705882
            ],
            [
              0.7472401103955841,
              0.653921568627451
            ],
            [
              0.7481600735970562,
              0.6549019607843137
            ],
            [
              0.7490800367985281,
              0.6558823529411765
            ],
            [
              0.749770009199632,
              0.6573529411764706
            ],
            [
              0.750459981600736,
              0.6588235294117647
            ],
            [
              0.7511499540018399,
              0.6602941176470588
            ],
            [
              0.7516099356025759,
              0.6622549019607843
            ],
            [
              0.7522999080036799,
              0.6637254901960784
            ],
            [
              0.7525298988040479,
              0.6651960784313725
            ],
            [
              0.7520699172033118,
              0.6661764705882353
            ]
          ]
        ]
      },
      "properties": {
        "segment_id": 20,
        "area": 1752,
        "bbox": [
          1520.0,
          641.0,
          116.0,
          38.0
        ],
        "iou": 0.9088155031204224,
        "stability": 0.959286093711853,
        "auto_generated": true,
        "model": "segment_anything"
      }
    },
    {
      "type": "Feature",
      "geometry": {
        "type": "Polygon",
        "coordinates": [
          [
            [
              0.999540018399264,
              0.6612745098039216
            ],
            [
              0.9990800367985281,
              0.6612745098039216
            ],
            [
              0.9986200551977921,
              0.6612745098039216
            ],
            [
              0.9981600735970562,
              0.6612745098039216
            ],
            [
              0.9977000919963201,
              0.6612745098039216
            ],
            [
              0.9974701011959521,
              0.6607843137254902
            ],
            [
              0.9972401103955841,
              0.6602941176470588
            ],
            [
              0.9967801287948482,
              0.6602941176470588
            ],
            [
              0.9963201471941122,
              0.6602941176470588
            ],
            [
              0.9960901563937442,
              0.6598039215686274
            ],
            [
              0.9958601655933763,
              0.6593137254901961
            ],
            [
              0.9954001839926403,
              0.6593137254901961
            ],
            [
              0.9949402023919043,
              0.6593137254901961
            ],
            [
              0.9947102115915364,
              0.6588235294117647
            ],
            [
              0.9944802207911684,
              0.6583333333333333
            ],
            [
              0.9940202391904324,
              0.6583333333333333
            ],
            [
              0.9937902483900644,
              0.657843137254902
            ],
            [
              0.9935602575896965,
              0.6573529411764706
            ],
            [
              0.9931002759889604,
              0.6573529411764706
            ],
            [
              0.9926402943882244,
              0.6573529411764706
            ],
            [
              0.9924103035878565,
              0.6568627450980392
            ],
            [
              0.9921803127874885,
              0.6563725490196078
            ],
            [
              0.9917203311867525,
              0.6563725490196078
            ],
            [
              0.9912603495860166,
              0.6563725490196078
            ],
            [
              0.9910303587856486,
              0.6558823529411765
            ],
            [
              0.9908003679852806,
              0.6553921568627451
            ],
            [
              0.9903403863845446,
              0.6553921568627451
            ],
            [
              0.9901103955841767,
              0.6549019607843137
            ],
            [
              0.9898804047838087,
              0.6544117647058824
            ],
            [
              0.9894204231830727,
              0.6544117647058824
            ],
            [
              0.9889604415823368,
              0.6544117647058824
            ],
            [
              0.9885004599816007,
              0.6544117647058824
            ],
            [
              0.9882704691812327,
              0.653921568627451
            ],
            [
              0.9880404783808647,
              0.6534313725490196
            ],
            [
              0.9875804967801288,
              0.6534313725490196
            ],
            [
              0.9871205151793928,
              0.6534313725490196
            ],
            [
              0.9868905243790248,
              0.6529411764705882
            ],
            [
              0.9866605335786569,
              0.6524509803921569
            ],
            [
              0.9862005519779209,
              0.6524509803921569
            ],
            [
              0.9857405703771849,
              0.6524509803921569
            ],
            [
              0.985510579576817,
              0.6519607843137255
            ],
            [
              0.985280588776449,
              0.6514705882352941
            ],
            [
              0.984820607175713,
              0.6514705882352941
            ],
            [
              0.984360625574977,
              0.6514705882352941
            ],
            [
              0.984130634774609,
              0.6509803921568628
            ],
            [
              0.983900643974241,
              0.6504901960784314
            ],
            [
              0.983440662373505,
              0.6504901960784314
            ],
            [
              0.9832106715731371,
              0.65
            ],
            [
              0.9829806807727691,
              0.6495098039215687
            ],
            [
              0.9827506899724011,
              0.6490196078431373
            ],
            [
              0.9825206991720331,
              0.6485294117647059
            ],
            [
              0.9822907083716651,
              0.6480392156862745
            ],
            [
              0.9820607175712971,
              0.6475490196078432
            ],
            [
              0.9818307267709292,
              0.6470588235294118
            ],
            [
              0.9818307267709292,
              0.6460784313725491
            ],
            [
              0.9820607175712971,
              0.6455882352941177
            ],
            [
              0.9825206991720331,
              0.6455882352941177
            ],
            [
              0.9829806807727691,
              0.6455882352941177
            ],
            [
              0.9832106715731371,
              0.6450980392156863
            ],
            [
              0.983440662373505,
              0.6446078431372549
            ],
            [
              0.983900643974241,
              0.6446078431372549
            ],
            [
              0.984360625574977,
              0.6446078431372549
            ],
            [
              0.984820607175713,
              0.6446078431372549
            ],
            [
              0.985280588776449,
              0.6446078431372549
            ],
            [
              0.9857405703771849,
              0.6446078431372549
            ],
            [
              0.9862005519779209,
              0.6446078431372549
            ],
            [
              0.9864305427782889,
              0.6441176470588236
            ],
            [
              0.9866605335786569,
              0.6436274509803922
            ],
            [
              0.9871205151793928,
              0.6436274509803922
            ],
            [
              0.9875804967801288,
              0.6436274509803922
            ],
            [
              0.9880404783808647,
              0.6436274509803922
            ],
            [
              0.9885004599816007,
              0.6436274509803922
            ],
            [
              0.9889604415823368,
              0.6436274509803922
            ],
            [
              0.9894204231830727,
              0.6436274509803922
            ],
            [
              0.9898804047838087,
              0.6436274509803922
            ],
            [
              0.9903403863845446,
              0.6436274509803922
            ],
            [
              0.9905703771849126,
              0.6441176470588236
            ],
            [
              0.9908003679852806,
              0.6446078431372549
            ],
            [
              0.9912603495860166,
              0.6446078431372549
            ],
            [
              0.9917203311867525,
              0.6446078431372549
            ],
            [
              0.9921803127874885,
              0.6446078431372549
            ],
            [
              0.9926402943882244,
              0.6446078431372549
            ],
            [
              0.9931002759889604,
              0.6446078431372549
            ],
            [
              0.9933302667893285,
              0.6450980392156863
            ],
            [
              0.9935602575896965,
              0.6455882352941177
            ],
            [
              0.9940202391904324,
              0.6455882352941177
            ],
            [
              0.9944802207911684,
              0.6455882352941177
            ],
            [
              0.9949402023919043,
              0.6455882352941177
            ],
            [
              0.9954001839926403,
              0.6455882352941177
            ],
            [
              0.9958601655933763,
              0.6455882352941177
            ],
            [
              0.9963201471941122,
              0.6455882352941177
            ],
            [
              0.9967801287948482,
              0.6455882352941177
            ],
            [
              0.9972401103955841,
              0.6455882352941177
            ],
            [
              0.9974701011959521,
              0.6460784313725491
            ],
            [
              0.9977000919963201,
              0.6465686274509804
            ],
            [
              0.9981600735970562,
              0.6465686274509804
            ],
            [
              0.9986200551977921,
              0.6465686274509804
            ],
            [
              0.9990800367985281,
              0.6465686274509804
            ],
            [
              0.999540018399264,
              0.6465686274509804
            ],
            [
              0.999540018399264,
              0.6612745098039216
            ]
          ]
        ]
      },
      "properties": {
        "segment_id": 21,
        "area": 426,
        "bbox": [
          2135.0,
          657.0,
          38.0,
          17.0
        ],
        "iou": 0.905011773109436,
        "stability": 0.9722222089767456,
        "auto_generated": true,
        "model": "segment_anything"
      }
    },
    {
      "type": "Feature",
      "geometry": {
        "type": "Polygon",
        "coordinates": [
          [
            [
              0.9383624655013799,
              0.6446078431372549
            ],
            [
              0.937902483900644,
              0.6446078431372549
            ],
            [
              0.937442502299908,
              0.6446078431372549
            ],
            [
              0.936982520699172,
              0.6446078431372549
            ],
            [
              0.9365225390984361,
              0.6446078431372549
            ],
            [
              0.9360625574977001,
              0.6446078431372549
            ],
            [
              0.9356025758969642,
              0.6446078431372549
            ],
            [
              0.9351425942962281,
              0.6446078431372549
            ],
            [
              0.9346826126954921,
              0.6446078431372549
            ],
            [
              0.9342226310947562,
              0.6446078431372549
            ],
            [
              0.9337626494940202,
              0.6446078431372549
            ],
            [
              0.9333026678932843,
              0.6446078431372549
            ],
            [
              0.9328426862925483,
              0.6446078431372549
            ],
            [
              0.9323827046918123,
              0.6446078431372549
            ],
            [
              0.9321527138914444,
              0.6441176470588236
            ],
            [
              0.9319227230910764,
              0.6436274509803922
            ],
            [
              0.9314627414903404,
              0.6436274509803922
            ],
            [
              0.9310027598896045,
              0.6436274509803922
            ],
            [
              0.9307727690892365,
              0.6431372549019608
            ],
            [
              0.9305427782888684,
              0.6426470588235295
            ],
            [
              0.9303127874885004,
              0.6421568627450981
            ],
            [
              0.9300827966881324,
              0.6416666666666667
            ],
            [
              0.9296228150873965,
              0.6416666666666667
            ],
            [
              0.9293928242870285,
              0.6411764705882353
            ],
            [
              0.9291628334866605,
              0.640686274509804
            ],
            [
              0.9287028518859246,
              0.640686274509804
            ],
            [
              0.9284728610855566,
              0.6401960784313725
            ],
            [
              0.9282428702851886,
              0.6397058823529411
            ],
            [
              0.9277828886844526,
              0.6397058823529411
            ],
            [
              0.9275528978840847,
              0.6392156862745098
            ],
            [
              0.9273229070837167,
              0.6387254901960784
            ],
            [
              0.9268629254829807,
              0.6387254901960784
            ],
            [
              0.9266329346826127,
              0.638235294117647
            ],
            [
              0.9264029438822448,
              0.6377450980392156
            ],
            [
              0.9259429622815087,
              0.6377450980392156
            ],
            [
              0.9257129714811407,
              0.6372549019607843
            ],
            [
              0.9254829806807727,
              0.6367647058823529
            ],
            [
              0.9250229990800368,
              0.6367647058823529
            ],
            [
              0.9247930082796688,
              0.6362745098039215
            ],
            [
              0.9245630174793008,
              0.6357843137254902
            ],
            [
              0.9241030358785649,
              0.6357843137254902
            ],
            [
              0.9236430542778289,
              0.6357843137254902
            ],
            [
              0.9234130634774609,
              0.6352941176470588
            ],
            [
              0.9231830726770929,
              0.6348039215686274
            ],
            [
              0.922723091076357,
              0.6348039215686274
            ],
            [
              0.922493100275989,
              0.634313725490196
            ],
            [
              0.922263109475621,
              0.6338235294117647
            ],
            [
              0.922033118675253,
              0.6333333333333333
            ],
            [
              0.921803127874885,
              0.6328431372549019
            ],
            [
              0.921573137074517,
              0.6323529411764706
            ],
            [
              0.921343146274149,
              0.6318627450980392
            ],
            [
              0.921113155473781,
              0.6313725490196078
            ],
            [
              0.921343146274149,
              0.6308823529411764
            ],
            [
              0.921803127874885,
              0.6308823529411764
            ],
            [
              0.922263109475621,
              0.6308823529411764
            ],
            [
              0.922493100275989,
              0.6303921568627451
            ],
            [
              0.922723091076357,
              0.6299019607843137
            ],
            [
              0.9231830726770929,
              0.6299019607843137
            ],
            [
              0.9236430542778289,
              0.6299019607843137
            ],
            [
              0.9241030358785649,
              0.6299019607843137
            ],
            [
              0.9245630174793008,
              0.6299019607843137
            ],
            [
              0.9250229990800368,
              0.6299019607843137
            ],
            [
              0.9254829806807727,
              0.6299019607843137
            ],
            [
              0.9259429622815087,
              0.6299019607843137
            ],
            [
              0.9264029438822448,
              0.6299019607843137
            ],
            [
              0.9268629254829807,
              0.6299019607843137
            ],
            [
              0.9273229070837167,
              0.6299019607843137
            ],
            [
              0.9277828886844526,
              0.6299019607843137
            ],
            [
              0.9282428702851886,
              0.6299019607843137
            ],
            [
              0.9287028518859246,
              0.6299019607843137
            ],
            [
              0.9291628334866605,
              0.6299019607843137
            ],
            [
              0.9296228150873965,
              0.6299019607843137
            ],
            [
              0.9300827966881324,
              0.6299019607843137
            ],
            [
              0.9305427782888684,
              0.6299019607843137
            ],
            [
              0.9310027598896045,
              0.6299019607843137
            ],
            [
              0.9314627414903404,
              0.6299019607843137
            ],
            [
              0.9319227230910764,
              0.6299019607843137
            ],
            [
              0.9323827046918123,
              0.6299019607843137
            ],
            [
              0.9328426862925483,
              0.6299019607843137
            ],
            [
              0.9333026678932843,
              0.6299019607843137
            ],
            [
              0.9337626494940202,
              0.6299019607843137
            ],
            [
              0.9342226310947562,
              0.6299019607843137
            ],
            [
              0.9344526218951242,
              0.6303921568627451
            ],
            [
              0.9346826126954921,
              0.6308823529411764
            ],
            [
              0.9351425942962281,
              0.6308823529411764
            ],
            [
              0.9356025758969642,
              0.6308823529411764
            ],
            [
              0.9360625574977001,
              0.6308823529411764
            ],
            [
              0.9365225390984361,
              0.6308823529411764
            ],
            [
              0.9367525298988041,
              0.6313725490196078
            ],
            [
              0.936982520699172,
              0.6318627450980392
            ],
            [
              0.937442502299908,
              0.6318627450980392
            ],
            [
              0.937902483900644,
              0.6318627450980392
            ],
            [
              0.9381324747010119,
              0.6323529411764706
            ],
            [
              0.9383624655013799,
              0.6328431372549019
            ],
            [
              0.9388224471021159,
              0.6328431372549019
            ],
            [
              0.9392824287028518,
              0.6328431372549019
            ],
            [
              0.9395124195032198,
              0.6333333333333333
            ],
            [
              0.9397424103035878,
              0.6338235294117647
            ],
            [
              0.9402023919043239,
              0.6338235294117647
            ],
            [
              0.9404323827046918,
              0.634313725490196
            ],
            [
              0.9406623735050598,
              0.6348039215686274
            ],
            [
              0.9411223551057958,
              0.6348039215686274
            ],
            [
              0.9413523459061638,
              0.6352941176470588
            ],
            [
              0.9415823367065317,
              0.6357843137254902
            ],
            [
              0.9420423183072677,
              0.6357843137254902
            ],
            [
              0.9425022999080037,
              0.6357843137254902
            ],
            [
              0.9427322907083716,
              0.6362745098039215
            ],
            [
              0.9429622815087396,
              0.6367647058823529
            ],
            [
              0.9434222631094756,
              0.6367647058823529
            ],
            [
              0.9438822447102115,
              0.6367647058823529
            ],
            [
              0.9441122355105795,
              0.6372549019607843
            ],
            [
              0.9443422263109476,
              0.6377450980392156
            ],
            [
              0.9448022079116836,
              0.6377450980392156
            ],
            [
              0.9452621895124195,
              0.6377450980392156
            ],
            [
              0.9454921803127875,
              0.638235294117647
            ],
            [
              0.9457221711131555,
              0.6387254901960784
            ],
            [
              0.9461821527138914,
              0.6387254901960784
            ],
            [
              0.9464121435142594,
              0.6392156862745098
            ],
            [
              0.9466421343146274,
              0.6397058823529411
            ],
            [
              0.9471021159153634,
              0.6397058823529411
            ],
            [
              0.9473321067157314,
              0.6401960784313725
            ],
            [
              0.9473321067157314,
              0.6411764705882353
            ],
            [
              0.9471021159153634,
              0.6416666666666667
            ],
            [
              0.9466421343146274,
              0.6416666666666667
            ],
            [
              0.9461821527138914,
              0.6416666666666667
            ],
            [
              0.9459521619135235,
              0.6421568627450981
            ],
            [
              0.9457221711131555,
              0.6426470588235295
            ],
            [
              0.9452621895124195,
              0.6426470588235295
            ],
            [
              0.9448022079116836,
              0.6426470588235295
            ],
            [
              0.9443422263109476,
              0.6426470588235295
            ],
            [
              0.9438822447102115,
              0.6426470588235295
            ],
            [
              0.9434222631094756,
              0.6426470588235295
            ],
            [
              0.9429622815087396,
              0.6426470588235295
            ],
            [
              0.9425022999080037,
              0.6426470588235295
            ],
            [
              0.9420423183072677,
              0.6426470588235295
            ],
            [
              0.9415823367065317,
              0.6426470588235295
            ],
            [
              0.9413523459061638,
              0.6431372549019608
            ],
            [
              0.9411223551057958,
              0.6436274509803922
            ],
            [
              0.9406623735050598,
              0.6436274509803922
            ],
            [
              0.9402023919043239,
              0.6436274509803922
            ],
            [
              0.9397424103035878,
              0.6436274509803922
            ],
            [
              0.9392824287028518,
              0.6436274509803922
            ],
            [
              0.9388224471021159,
              0.6436274509803922
            ],
            [
              0.9385924563017479,
              0.6441176470588236
            ],
            [
              0.9383624655013799,
              0.6446078431372549
            ],
            [
              0.9383624655013799,
              0.6446078431372549
            ]
          ]
        ]
      },
      "properties": {
        "segment_id": 22,
        "area": 524,
        "bbox": [
          2003.0,
          643.0,
          56.0,
          14.0
        ],
        "iou": 0.8922461271286011,
        "stability": 0.9716981053352356,
        "auto_generated": true,
        "model": "segment_anything"
      }
    },
    {
      "type": "Feature",
      "geometry": {
        "type": "Polygon",
        "coordinates": [
          [
            [
              0.6614535418583257,
              0.7759803921568628
            ],
            [
              0.6605335786568537,
              0.7759803921568628
            ],
            [
              0.6600735970561178,
              0.775
            ],
            [
              0.6591536338546458,
              0.775
            ],
            [
              0.6582336706531738,
              0.775
            ],
            [
              0.6575436982520699,
              0.7754901960784314
            ],
            [
              0.6568537258509659,
              0.7759803921568628
            ],
            [
              0.655933762649494,
              0.7759803921568628
            ],
            [
              0.6550137994480221,
              0.7759803921568628
            ],
            [
              0.6540938362465502,
              0.7759803921568628
            ],
            [
              0.6531738730450782,
              0.7759803921568628
            ],
            [
              0.6522539098436062,
              0.7759803921568628
            ],
            [
              0.6513339466421343,
              0.7759803921568628
            ],
            [
              0.6504139834406624,
              0.7759803921568628
            ],
            [
              0.6494940202391905,
              0.7759803921568628
            ],
            [
              0.6485740570377185,
              0.7759803921568628
            ],
            [
              0.6481140754369825,
              0.775
            ],
            [
              0.6471941122355106,
              0.775
            ],
            [
              0.6467341306347746,
              0.7740196078431373
            ],
            [
              0.6460441582336707,
              0.7735294117647059
            ],
            [
              0.6453541858325667,
              0.7730392156862745
            ],
            [
              0.6448942042318307,
              0.7720588235294118
            ],
            [
              0.6442042318307267,
              0.7715686274509804
            ],
            [
              0.6437442502299908,
              0.7705882352941177
            ],
            [
              0.6432842686292548,
              0.7696078431372549
            ],
            [
              0.6430542778288868,
              0.7681372549019608
            ],
            [
              0.6428242870285189,
              0.7666666666666667
            ],
            [
              0.6430542778288868,
              0.7651960784313725
            ],
            [
              0.6439742410303588,
              0.7651960784313725
            ],
            [
              0.6444342226310947,
              0.7642156862745098
            ],
            [
              0.6453541858325667,
              0.7642156862745098
            ],
            [
              0.6462741490340387,
              0.7642156862745098
            ],
            [
              0.6467341306347746,
              0.763235294117647
            ],
            [
              0.6476540938362465,
              0.763235294117647
            ],
            [
              0.6485740570377185,
              0.763235294117647
            ],
            [
              0.6494940202391905,
              0.763235294117647
            ],
            [
              0.6504139834406624,
              0.763235294117647
            ],
            [
              0.6508739650413984,
              0.7622549019607843
            ],
            [
              0.6517939282428703,
              0.7622549019607843
            ],
            [
              0.6527138914443422,
              0.7622549019607843
            ],
            [
              0.6536338546458141,
              0.7622549019607843
            ],
            [
              0.6545538178472861,
              0.7622549019607843
            ],
            [
              0.6554737810487581,
              0.7622549019607843
            ],
            [
              0.65639374425023,
              0.7622549019607843
            ],
            [
              0.6573137074517019,
              0.7622549019607843
            ],
            [
              0.6582336706531738,
              0.7622549019607843
            ],
            [
              0.6591536338546458,
              0.7622549019607843
            ],
            [
              0.6600735970561178,
              0.7622549019607843
            ],
            [
              0.6609935602575897,
              0.7622549019607843
            ],
            [
              0.6614535418583257,
              0.763235294117647
            ],
            [
              0.6623735050597976,
              0.763235294117647
            ],
            [
              0.6632934682612696,
              0.763235294117647
            ],
            [
              0.6642134314627415,
              0.763235294117647
            ],
            [
              0.6651333946642134,
              0.763235294117647
            ],
            [
              0.6660533578656854,
              0.763235294117647
            ],
            [
              0.6669733210671573,
              0.763235294117647
            ],
            [
              0.6678932842686293,
              0.763235294117647
            ],
            [
              0.6688132474701012,
              0.763235294117647
            ],
            [
              0.6697332106715731,
              0.763235294117647
            ],
            [
              0.6706531738730451,
              0.763235294117647
            ],
            [
              0.671343146274149,
              0.7637254901960784
            ],
            [
              0.672033118675253,
              0.7642156862745098
            ],
            [
              0.672953081876725,
              0.7642156862745098
            ],
            [
              0.6738730450781969,
              0.7642156862745098
            ],
            [
              0.6745630174793008,
              0.7647058823529411
            ],
            [
              0.6752529898804048,
              0.7651960784313725
            ],
            [
              0.6759429622815087,
              0.765686274509804
            ],
            [
              0.6766329346826127,
              0.7661764705882353
            ],
            [
              0.6773229070837167,
              0.7666666666666667
            ],
            [
              0.6777828886844526,
              0.7676470588235295
            ],
            [
              0.6784728610855566,
              0.7681372549019608
            ],
            [
              0.6789328426862925,
              0.7691176470588236
            ],
            [
              0.6793928242870285,
              0.7700980392156863
            ],
            [
              0.6803127874885004,
              0.7700980392156863
            ],
            [
              0.6807727690892365,
              0.7710784313725491
            ],
            [
              0.6810027598896045,
              0.7725490196078432
            ],
            [
              0.6805427782888684,
              0.7735294117647059
            ],
            [
              0.6798528058877645,
              0.7740196078431373
            ],
            [
              0.6793928242870285,
              0.775
            ],
            [
              0.6784728610855566,
              0.775
            ],
            [
              0.6775528978840847,
              0.775
            ],
            [
              0.6766329346826127,
              0.775
            ],
            [
              0.6757129714811407,
              0.775
            ],
            [
              0.6752529898804048,
              0.7740196078431373
            ],
            [
              0.6743330266789328,
              0.7740196078431373
            ],
            [
              0.6734130634774609,
              0.7740196078431373
            ],
            [
              0.672493100275989,
              0.7740196078431373
            ],
            [
              0.671573137074517,
              0.7740196078431373
            ],
            [
              0.6706531738730451,
              0.7740196078431373
            ],
            [
              0.6701931922723091,
              0.775
            ],
            [
              0.6692732290708372,
              0.775
            ],
            [
              0.6683532658693653,
              0.775
            ],
            [
              0.6674333026678932,
              0.775
            ],
            [
              0.6665133394664213,
              0.775
            ],
            [
              0.6655933762649494,
              0.775
            ],
            [
              0.6646734130634775,
              0.775
            ],
            [
              0.6637534498620056,
              0.775
            ],
            [
              0.6628334866605335,
              0.775
            ],
            [
              0.6619135234590616,
              0.775
            ],
            [
              0.6614535418583257,
              0.7759803921568628
            ]
          ]
        ]
      },
      "properties": {
        "segment_id": 23,
        "area": 917,
        "bbox": [
          1398.0,
          778.0,
          82.0,
          13.0
        ],
        "iou": 0.8832942247390747,
        "stability": 0.9479830265045166,
        "auto_generated": true,
        "model": "segment_anything"
      }
    },
    {
      "type": "Feature",
      "geometry": {
        "type": "Polygon",
        "coordinates": [
          [
            [
              0.9195032198712052,
              0.5593137254901961
            ],
            [
              0.9185832566697332,
              0.5593137254901961
            ],
            [
              0.9176632934682613,
              0.5593137254901961
            ],
            [
              0.9167433302667893,
              0.5593137254901961
            ],
            [
              0.9158233670653174,
              0.5593137254901961
            ],
            [
              0.9149034038638455,
              0.5593137254901961
            ],
            [
              0.9139834406623735,
              0.5593137254901961
            ],
            [
              0.9130634774609016,
              0.5593137254901961
            ],
            [
              0.9121435142594296,
              0.5593137254901961
            ],
            [
              0.9112235510579577,
              0.5593137254901961
            ],
            [
              0.9103035878564857,
              0.5593137254901961
            ],
            [
              0.9093836246550138,
              0.5593137254901961
            ],
            [
              0.9086936522539099,
              0.5588235294117647
            ],
            [
              0.9080036798528058,
              0.5583333333333333
            ],
            [
              0.9070837166513339,
              0.5583333333333333
            ],
            [
              0.906163753449862,
              0.5583333333333333
            ],
            [
              0.9052437902483901,
              0.5583333333333333
            ],
            [
              0.9043238270469182,
              0.5583333333333333
            ],
            [
              0.9034038638454461,
              0.5583333333333333
            ],
            [
              0.9024839006439742,
              0.5583333333333333
            ],
            [
              0.9015639374425023,
              0.5583333333333333
            ],
            [
              0.9006439742410304,
              0.5583333333333333
            ],
            [
              0.8997240110395585,
              0.5583333333333333
            ],
            [
              0.8990340386384544,
              0.557843137254902
            ],
            [
              0.8983440662373505,
              0.5573529411764706
            ],
            [
              0.8974241030358786,
              0.5573529411764706
            ],
            [
              0.8965041398344066,
              0.5573529411764706
            ],
            [
              0.8955841766329347,
              0.5573529411764706
            ],
            [
              0.8946642134314627,
              0.5573529411764706
            ],
            [
              0.8939742410303588,
              0.5568627450980392
            ],
            [
              0.8932842686292548,
              0.5563725490196079
            ],
            [
              0.8925942962281509,
              0.5558823529411765
            ],
            [
              0.8919043238270469,
              0.5553921568627451
            ],
            [
              0.891214351425943,
              0.5549019607843138
            ],
            [
              0.890524379024839,
              0.5544117647058824
            ],
            [
              0.890064397424103,
              0.5534313725490196
            ],
            [
              0.8891444342226311,
              0.5534313725490196
            ],
            [
              0.8886844526218951,
              0.5524509803921569
            ],
            [
              0.8877644894204232,
              0.5524509803921569
            ],
            [
              0.8873045078196872,
              0.5514705882352942
            ],
            [
              0.8863845446182153,
              0.5514705882352942
            ],
            [
              0.8856945722171113,
              0.5509803921568628
            ],
            [
              0.8850045998160073,
              0.5504901960784314
            ],
            [
              0.8840846366145354,
              0.5504901960784314
            ],
            [
              0.8836246550137995,
              0.5495098039215687
            ],
            [
              0.8827046918123275,
              0.5495098039215687
            ],
            [
              0.8820147194112236,
              0.5490196078431373
            ],
            [
              0.8813247470101196,
              0.5485294117647059
            ],
            [
              0.8808647654093836,
              0.5475490196078432
            ],
            [
              0.8799448022079117,
              0.5475490196078432
            ],
            [
              0.8792548298068077,
              0.5470588235294118
            ],
            [
              0.8785648574057038,
              0.5465686274509803
            ],
            [
              0.8778748850045999,
              0.546078431372549
            ],
            [
              0.8771849126034958,
              0.5455882352941176
            ],
            [
              0.8764949402023919,
              0.5450980392156862
            ],
            [
              0.8758049678012879,
              0.5446078431372549
            ],
            [
              0.875114995400184,
              0.5441176470588235
            ],
            [
              0.87442502299908,
              0.5436274509803921
            ],
            [
              0.8739650413983441,
              0.5426470588235294
            ],
            [
              0.8730450781968722,
              0.5426470588235294
            ],
            [
              0.8721251149954001,
              0.5426470588235294
            ],
            [
              0.8712051517939282,
              0.5426470588235294
            ],
            [
              0.8707451701931923,
              0.5416666666666666
            ],
            [
              0.8698252069917203,
              0.5416666666666666
            ],
            [
              0.8689052437902484,
              0.5416666666666666
            ],
            [
              0.8679852805887764,
              0.5416666666666666
            ],
            [
              0.8672953081876725,
              0.5411764705882353
            ],
            [
              0.8666053357865685,
              0.5406862745098039
            ],
            [
              0.8661453541858326,
              0.5397058823529411
            ],
            [
              0.8661453541858326,
              0.5387254901960784
            ],
            [
              0.8666053357865685,
              0.5377450980392157
            ],
            [
              0.8670653173873045,
              0.5367647058823529
            ],
            [
              0.8677552897884084,
              0.5362745098039216
            ],
            [
              0.8684452621895125,
              0.5357843137254902
            ],
            [
              0.8689052437902484,
              0.5348039215686274
            ],
            [
              0.8695952161913524,
              0.5343137254901961
            ],
            [
              0.8700551977920883,
              0.5343137254901961
            ],
            [
              0.8707451701931923,
              0.5348039215686274
            ],
            [
              0.8716651333946642,
              0.5348039215686274
            ],
            [
              0.8725850965961361,
              0.5348039215686274
            ],
            [
              0.8735050597976081,
              0.5348039215686274
            ],
            [
              0.87442502299908,
              0.5348039215686274
            ],
            [
              0.875114995400184,
              0.5352941176470588
            ],
            [
              0.8758049678012879,
              0.5357843137254902
            ],
            [
              0.8767249310027599,
              0.5357843137254902
            ],
            [
              0.8776448942042319,
              0.5357843137254902
            ],
            [
              0.8785648574057038,
              0.5357843137254902
            ],
            [
              0.8790248390064398,
              0.5367647058823529
            ],
            [
              0.8799448022079117,
              0.5367647058823529
            ],
            [
              0.8808647654093836,
              0.5367647058823529
            ],
            [
              0.8815547378104875,
              0.5372549019607843
            ],
            [
              0.8822447102115916,
              0.5377450980392157
            ],
            [
              0.8829346826126955,
              0.538235294117647
            ],
            [
              0.8836246550137995,
              0.5387254901960784
            ],
            [
              0.8845446182152714,
              0.5387254901960784
            ],
            [
              0.8854645814167433,
              0.5387254901960784
            ],
            [
              0.8861545538178472,
              0.5392156862745098
            ],
            [
              0.8868445262189513,
              0.5397058823529411
            ],
            [
              0.8877644894204232,
              0.5397058823529411
            ],
            [
              0.8886844526218951,
              0.5397058823529411
            ],
            [
              0.8893744250229991,
              0.5401960784313725
            ],
            [
              0.890064397424103,
              0.5406862745098039
            ],
            [
              0.890984360625575,
              0.5406862745098039
            ],
            [
              0.891674333026679,
              0.5411764705882353
            ],
            [
              0.8923643054277829,
              0.5416666666666666
            ],
            [
              0.8932842686292548,
              0.5416666666666666
            ],
            [
              0.8942042318307267,
              0.5416666666666666
            ],
            [
              0.8951241950321988,
              0.5416666666666666
            ],
            [
              0.8960441582336707,
              0.5416666666666666
            ],
            [
              0.8965041398344066,
              0.5426470588235294
            ],
            [
              0.8974241030358786,
              0.5426470588235294
            ],
            [
              0.8983440662373505,
              0.5426470588235294
            ],
            [
              0.8992640294388224,
              0.5426470588235294
            ],
            [
              0.8999540018399264,
              0.5431372549019607
            ],
            [
              0.9006439742410304,
              0.5436274509803921
            ],
            [
              0.9015639374425023,
              0.5436274509803921
            ],
            [
              0.9022539098436062,
              0.5441176470588235
            ],
            [
              0.9029438822447102,
              0.5446078431372549
            ],
            [
              0.9038638454461821,
              0.5446078431372549
            ],
            [
              0.9047838086476541,
              0.5446078431372549
            ],
            [
              0.9054737810487581,
              0.5450980392156862
            ],
            [
              0.906163753449862,
              0.5455882352941176
            ],
            [
              0.9070837166513339,
              0.5455882352941176
            ],
            [
              0.9080036798528058,
              0.5455882352941176
            ],
            [
              0.9084636614535418,
              0.5465686274509803
            ],
            [
              0.9093836246550138,
              0.5465686274509803
            ],
            [
              0.9103035878564857,
              0.5465686274509803
            ],
            [
              0.9109935602575897,
              0.5470588235294118
            ],
            [
              0.9116835326586936,
              0.5475490196078432
            ],
            [
              0.9126034958601656,
              0.5475490196078432
            ],
            [
              0.9130634774609016,
              0.5485294117647059
            ],
            [
              0.9139834406623735,
              0.5485294117647059
            ],
            [
              0.9146734130634775,
              0.5490196078431373
            ],
            [
              0.9153633854645814,
              0.5495098039215687
            ],
            [
              0.9162833486660533,
              0.5495098039215687
            ],
            [
              0.9169733210671573,
              0.55
            ],
            [
              0.9176632934682613,
              0.5504901960784314
            ],
            [
              0.9185832566697332,
              0.5504901960784314
            ],
            [
              0.9190432382704692,
              0.5514705882352942
            ],
            [
              0.9199632014719411,
              0.5514705882352942
            ],
            [
              0.9204231830726771,
              0.5524509803921569
            ],
            [
              0.921343146274149,
              0.5524509803921569
            ],
            [
              0.921573137074517,
              0.553921568627451
            ],
            [
              0.921343146274149,
              0.5553921568627451
            ],
            [
              0.920883164673413,
              0.5563725490196079
            ],
            [
              0.9204231830726771,
              0.5573529411764706
            ],
            [
              0.9199632014719411,
              0.5583333333333333
            ],
            [
              0.9195032198712052,
              0.5593137254901961
            ]
          ]
        ]
      },
      "properties": {
        "segment_id": 24,
        "area": 1372,
        "bbox": [
          1883.0,
          545.0,
          120.0,
          25.0
        ],
        "iou": 0.879993200302124,
        "stability": 0.9543509483337402,
        "auto_generated": true,
        "model": "segment_anything"
      }
    },
    {
      "type": "Feature",
      "geometry": {
        "type": "Polygon",
        "coordinates": [
          [
            [
              0.9429622815087396,
              0.8700980392156863
            ],
            [
              0.9420423183072677,
              0.8700980392156863
            ],
            [
              0.9411223551057958,
              0.8700980392156863
            ],
            [
              0.9402023919043239,
              0.8700980392156863
            ],
            [
              0.9392824287028518,
              0.8700980392156863
            ],
            [
              0.9383624655013799,
              0.8700980392156863
            ],
            [
              0.937902483900644,
              0.8691176470588236
            ],
            [
              0.936982520699172,
              0.8691176470588236
            ],
            [
              0.9360625574977001,
              0.8691176470588236
            ],
            [
              0.9356025758969642,
              0.8681372549019608
            ],
            [
              0.9346826126954921,
              0.8681372549019608
            ],
            [
              0.9342226310947562,
              0.8671568627450981
            ],
            [
              0.9335326586936522,
              0.8666666666666667
            ],
            [
              0.9328426862925483,
              0.8661764705882353
            ],
            [
              0.9321527138914444,
              0.865686274509804
            ],
            [
              0.9314627414903404,
              0.8651960784313726
            ],
            [
              0.9305427782888684,
              0.8651960784313726
            ],
            [
              0.9300827966881324,
              0.8661764705882353
            ],
            [
              0.9293928242870285,
              0.8666666666666667
            ],
            [
              0.9287028518859246,
              0.8671568627450981
            ],
            [
              0.9277828886844526,
              0.8671568627450981
            ],
            [
              0.9268629254829807,
              0.8671568627450981
            ],
            [
              0.9259429622815087,
              0.8671568627450981
            ],
            [
              0.9250229990800368,
              0.8671568627450981
            ],
            [
              0.9241030358785649,
              0.8671568627450981
            ],
            [
              0.9236430542778289,
              0.8661764705882353
            ],
            [
              0.922723091076357,
              0.8661764705882353
            ],
            [
              0.922033118675253,
              0.865686274509804
            ],
            [
              0.921343146274149,
              0.8651960784313726
            ],
            [
              0.920883164673413,
              0.8642156862745098
            ],
            [
              0.9204231830726771,
              0.8632352941176471
            ],
            [
              0.9201931922723091,
              0.861764705882353
            ],
            [
              0.9197332106715731,
              0.8607843137254902
            ],
            [
              0.9192732290708372,
              0.8598039215686275
            ],
            [
              0.9188132474701012,
              0.8588235294117647
            ],
            [
              0.9183532658693653,
              0.8578431372549019
            ],
            [
              0.9181232750689973,
              0.8563725490196078
            ],
            [
              0.9176632934682613,
              0.8553921568627451
            ],
            [
              0.9174333026678932,
              0.8539215686274509
            ],
            [
              0.9169733210671573,
              0.8529411764705882
            ],
            [
              0.9174333026678932,
              0.8519607843137255
            ],
            [
              0.9176632934682613,
              0.8504901960784313
            ],
            [
              0.9181232750689973,
              0.8495098039215686
            ],
            [
              0.9185832566697332,
              0.8485294117647059
            ],
            [
              0.9190432382704692,
              0.8475490196078431
            ],
            [
              0.9197332106715731,
              0.8470588235294118
            ],
            [
              0.9204231830726771,
              0.8465686274509804
            ],
            [
              0.921343146274149,
              0.8465686274509804
            ],
            [
              0.922263109475621,
              0.8465686274509804
            ],
            [
              0.9231830726770929,
              0.8465686274509804
            ],
            [
              0.9241030358785649,
              0.8465686274509804
            ],
            [
              0.9250229990800368,
              0.8465686274509804
            ],
            [
              0.9259429622815087,
              0.8465686274509804
            ],
            [
              0.9268629254829807,
              0.8465686274509804
            ],
            [
              0.9275528978840847,
              0.846078431372549
            ],
            [
              0.9282428702851886,
              0.8455882352941176
            ],
            [
              0.9291628334866605,
              0.8455882352941176
            ],
            [
              0.9296228150873965,
              0.8465686274509804
            ],
            [
              0.9305427782888684,
              0.8465686274509804
            ],
            [
              0.9314627414903404,
              0.8465686274509804
            ],
            [
              0.9323827046918123,
              0.8465686274509804
            ],
            [
              0.9333026678932843,
              0.8465686274509804
            ],
            [
              0.9342226310947562,
              0.8465686274509804
            ],
            [
              0.9349126034958601,
              0.8470588235294118
            ],
            [
              0.9356025758969642,
              0.8475490196078431
            ],
            [
              0.9365225390984361,
              0.8475490196078431
            ],
            [
              0.937442502299908,
              0.8475490196078431
            ],
            [
              0.9383624655013799,
              0.8475490196078431
            ],
            [
              0.9392824287028518,
              0.8475490196078431
            ],
            [
              0.9399724011039559,
              0.8480392156862745
            ],
            [
              0.9406623735050598,
              0.8485294117647059
            ],
            [
              0.9415823367065317,
              0.8485294117647059
            ],
            [
              0.9425022999080037,
              0.8485294117647059
            ],
            [
              0.9429622815087396,
              0.8495098039215686
            ],
            [
              0.9438822447102115,
              0.8495098039215686
            ],
            [
              0.9448022079116836,
              0.8495098039215686
            ],
            [
              0.9457221711131555,
              0.8495098039215686
            ],
            [
              0.9464121435142594,
              0.85
            ],
            [
              0.9471021159153634,
              0.8504901960784313
            ],
            [
              0.9477920883164673,
              0.8509803921568627
            ],
            [
              0.9484820607175714,
              0.8514705882352941
            ],
            [
              0.9489420423183073,
              0.8524509803921568
            ],
            [
              0.9496320147194113,
              0.8529411764705882
            ],
            [
              0.9503219871205152,
              0.8534313725490196
            ],
            [
              0.9507819687212512,
              0.8544117647058823
            ],
            [
              0.9512419503219871,
              0.8553921568627451
            ],
            [
              0.9519319227230911,
              0.8558823529411764
            ],
            [
              0.952621895124195,
              0.8563725490196078
            ],
            [
              0.953081876724931,
              0.8573529411764705
            ],
            [
              0.953541858325667,
              0.8583333333333333
            ],
            [
              0.9544618215271389,
              0.8583333333333333
            ],
            [
              0.9549218031278749,
              0.859313725490196
            ],
            [
              0.9551517939282429,
              0.8607843137254902
            ],
            [
              0.9551517939282429,
              0.8627450980392157
            ],
            [
              0.9549218031278749,
              0.8642156862745098
            ],
            [
              0.9546918123275069,
              0.865686274509804
            ],
            [
              0.954231830726771,
              0.8666666666666667
            ],
            [
              0.953771849126035,
              0.8676470588235294
            ],
            [
              0.953081876724931,
              0.8681372549019608
            ],
            [
              0.952161913523459,
              0.8681372549019608
            ],
            [
              0.9512419503219871,
              0.8681372549019608
            ],
            [
              0.9503219871205152,
              0.8681372549019608
            ],
            [
              0.9494020239190433,
              0.8681372549019608
            ],
            [
              0.9487120515179392,
              0.8686274509803922
            ],
            [
              0.9480220791168353,
              0.8691176470588236
            ],
            [
              0.9471021159153634,
              0.8691176470588236
            ],
            [
              0.9461821527138914,
              0.8691176470588236
            ],
            [
              0.9452621895124195,
              0.8691176470588236
            ],
            [
              0.9443422263109476,
              0.8691176470588236
            ],
            [
              0.9434222631094756,
              0.8691176470588236
            ],
            [
              0.9429622815087396,
              0.8700980392156863
            ]
          ]
        ]
      },
      "properties": {
        "segment_id": 25,
        "area": 1511,
        "bbox": [
          1994.0,
          863.0,
          82.0,
          24.0
        ],
        "iou": 0.8642928600311279,
        "stability": 0.9515190720558167,
        "auto_generated": true,
        "model": "segment_anything"
      }
    },
    {
      "type": "Feature",
      "geometry": {
        "type": "Polygon",
        "coordinates": [
          [
            [
              0.6292548298068077,
              0.5191176470588236
            ],
            [
              0.6287948482060718,
              0.5191176470588236
            ],
            [
              0.6283348666053358,
              0.5191176470588236
            ],
            [
              0.6278748850045999,
              0.5191176470588236
            ],
            [
              0.6274149034038639,
              0.5191176470588236
            ],
            [
              0.6269549218031278,
              0.5191176470588236
            ],
            [
              0.6264949402023919,
              0.5191176470588236
            ],
            [
              0.6260349586016559,
              0.5191176470588236
            ],
            [
              0.62557497700092,
              0.5191176470588236
            ],
            [
              0.625344986200552,
              0.5186274509803922
            ],
            [
              0.625114995400184,
              0.5181372549019608
            ],
            [
              0.624655013799448,
              0.5181372549019608
            ],
            [
              0.6241950321987121,
              0.5181372549019608
            ],
            [
              0.6237350505979761,
              0.5181372549019608
            ],
            [
              0.6232750689972401,
              0.5181372549019608
            ],
            [
              0.6228150873965042,
              0.5181372549019608
            ],
            [
              0.6223551057957681,
              0.5181372549019608
            ],
            [
              0.6218951241950322,
              0.5181372549019608
            ],
            [
              0.6214351425942962,
              0.5181372549019608
            ],
            [
              0.6209751609935602,
              0.5181372549019608
            ],
            [
              0.6205151793928243,
              0.5181372549019608
            ],
            [
              0.6202851885924563,
              0.5176470588235295
            ],
            [
              0.6200551977920883,
              0.5171568627450981
            ],
            [
              0.6195952161913524,
              0.5171568627450981
            ],
            [
              0.6193652253909844,
              0.5166666666666667
            ],
            [
              0.6191352345906164,
              0.5161764705882353
            ],
            [
              0.6186752529898804,
              0.5161764705882353
            ],
            [
              0.6184452621895125,
              0.515686274509804
            ],
            [
              0.6182152713891444,
              0.5151960784313725
            ],
            [
              0.6179852805887764,
              0.5147058823529411
            ],
            [
              0.6177552897884084,
              0.5142156862745098
            ],
            [
              0.6175252989880404,
              0.5137254901960784
            ],
            [
              0.6172953081876725,
              0.513235294117647
            ],
            [
              0.6170653173873045,
              0.5127450980392156
            ],
            [
              0.6168353265869365,
              0.5122549019607843
            ],
            [
              0.6166053357865685,
              0.5117647058823529
            ],
            [
              0.6163753449862005,
              0.5112745098039215
            ],
            [
              0.6161453541858326,
              0.5107843137254902
            ],
            [
              0.6163753449862005,
              0.5102941176470588
            ],
            [
              0.6166053357865685,
              0.5098039215686274
            ],
            [
              0.6168353265869365,
              0.509313725490196
            ],
            [
              0.6172953081876725,
              0.509313725490196
            ],
            [
              0.6175252989880404,
              0.5088235294117647
            ],
            [
              0.6177552897884084,
              0.5083333333333333
            ],
            [
              0.6182152713891444,
              0.5083333333333333
            ],
            [
              0.6186752529898804,
              0.5083333333333333
            ],
            [
              0.6191352345906164,
              0.5083333333333333
            ],
            [
              0.6195952161913524,
              0.5083333333333333
            ],
            [
              0.6198252069917203,
              0.5078431372549019
            ],
            [
              0.6200551977920883,
              0.5073529411764706
            ],
            [
              0.6205151793928243,
              0.5073529411764706
            ],
            [
              0.6209751609935602,
              0.5073529411764706
            ],
            [
              0.6214351425942962,
              0.5073529411764706
            ],
            [
              0.6218951241950322,
              0.5073529411764706
            ],
            [
              0.6223551057957681,
              0.5073529411764706
            ],
            [
              0.6228150873965042,
              0.5073529411764706
            ],
            [
              0.6232750689972401,
              0.5073529411764706
            ],
            [
              0.6237350505979761,
              0.5073529411764706
            ],
            [
              0.6241950321987121,
              0.5073529411764706
            ],
            [
              0.624655013799448,
              0.5073529411764706
            ],
            [
              0.625114995400184,
              0.5073529411764706
            ],
            [
              0.62557497700092,
              0.5073529411764706
            ],
            [
              0.6260349586016559,
              0.5073529411764706
            ],
            [
              0.6264949402023919,
              0.5073529411764706
            ],
            [
              0.6267249310027599,
              0.5078431372549019
            ],
            [
              0.6269549218031278,
              0.5083333333333333
            ],
            [
              0.6274149034038639,
              0.5083333333333333
            ],
            [
              0.6278748850045999,
              0.5083333333333333
            ],
            [
              0.6283348666053358,
              0.5083333333333333
            ],
            [
              0.6287948482060718,
              0.5083333333333333
            ],
            [
              0.6292548298068077,
              0.5083333333333333
            ],
            [
              0.6297148114075437,
              0.5083333333333333
            ],
            [
              0.6299448022079117,
              0.5088235294117647
            ],
            [
              0.6301747930082797,
              0.509313725490196
            ],
            [
              0.6306347746090156,
              0.509313725490196
            ],
            [
              0.6310947562097516,
              0.509313725490196
            ],
            [
              0.6315547378104875,
              0.509313725490196
            ],
            [
              0.6320147194112236,
              0.509313725490196
            ],
            [
              0.6322447102115916,
              0.5098039215686274
            ],
            [
              0.6322447102115916,
              0.5107843137254902
            ],
            [
              0.6324747010119596,
              0.5112745098039215
            ],
            [
              0.6327046918123275,
              0.5117647058823529
            ],
            [
              0.6327046918123275,
              0.5127450980392156
            ],
            [
              0.6327046918123275,
              0.5137254901960784
            ],
            [
              0.6327046918123275,
              0.5147058823529411
            ],
            [
              0.6324747010119596,
              0.5151960784313725
            ],
            [
              0.6322447102115916,
              0.515686274509804
            ],
            [
              0.6320147194112236,
              0.5161764705882353
            ],
            [
              0.6315547378104875,
              0.5161764705882353
            ],
            [
              0.6313247470101196,
              0.5166666666666667
            ],
            [
              0.6310947562097516,
              0.5171568627450981
            ],
            [
              0.6306347746090156,
              0.5171568627450981
            ],
            [
              0.6304047838086476,
              0.5176470588235295
            ],
            [
              0.6301747930082797,
              0.5181372549019608
            ],
            [
              0.6297148114075437,
              0.5181372549019608
            ],
            [
              0.6294848206071757,
              0.5186274509803922
            ],
            [
              0.6292548298068077,
              0.5191176470588236
            ],
            [
              0.6292548298068077,
              0.5191176470588236
            ]
          ]
        ]
      },
      "properties": {
        "segment_id": 26,
        "area": 332,
        "bbox": [
          1340.0,
          518.0,
          35.0,
          11.0
        ],
        "iou": 0.8614143133163452,
        "stability": 0.9526627063751221,
        "auto_generated": true,
        "model": "segment_anything"
      }
    },
    {
      "type": "Feature",
      "geometry": {
        "type": "Polygon",
        "coordinates": [
          [
            [
              0.7313707451701932,
              0.6848039215686275
            ],
            [
              0.7309107635694572,
              0.6848039215686275
            ],
            [
              0.7304507819687213,
              0.6848039215686275
            ],
            [
              0.7299908003679852,
              0.6848039215686275
            ],
            [
              0.7295308187672493,
              0.6848039215686275
            ],
            [
              0.7290708371665133,
              0.6848039215686275
            ],
            [
              0.7286108555657773,
              0.6848039215686275
            ],
            [
              0.7281508739650414,
              0.6848039215686275
            ],
            [
              0.7276908923643054,
              0.6848039215686275
            ],
            [
              0.7274609015639374,
              0.6843137254901961
            ],
            [
              0.7272309107635695,
              0.6838235294117647
            ],
            [
              0.7267709291628335,
              0.6838235294117647
            ],
            [
              0.7263109475620975,
              0.6838235294117647
            ],
            [
              0.7258509659613616,
              0.6838235294117647
            ],
            [
              0.7253909843606255,
              0.6838235294117647
            ],
            [
              0.7249310027598896,
              0.6838235294117647
            ],
            [
              0.7247010119595216,
              0.6833333333333333
            ],
            [
              0.7244710211591536,
              0.682843137254902
            ],
            [
              0.7240110395584176,
              0.682843137254902
            ],
            [
              0.7235510579576817,
              0.682843137254902
            ],
            [
              0.7230910763569457,
              0.682843137254902
            ],
            [
              0.7226310947562098,
              0.682843137254902
            ],
            [
              0.7224011039558418,
              0.6823529411764706
            ],
            [
              0.7221711131554738,
              0.6818627450980392
            ],
            [
              0.7217111315547378,
              0.6818627450980392
            ],
            [
              0.7214811407543699,
              0.6813725490196079
            ],
            [
              0.7212511499540019,
              0.6808823529411765
            ],
            [
              0.7207911683532658,
              0.6808823529411765
            ],
            [
              0.7205611775528978,
              0.6803921568627451
            ],
            [
              0.7203311867525299,
              0.6799019607843138
            ],
            [
              0.7198712051517939,
              0.6799019607843138
            ],
            [
              0.7196412143514259,
              0.6794117647058824
            ],
            [
              0.7194112235510579,
              0.678921568627451
            ],
            [
              0.71918123275069,
              0.6784313725490196
            ],
            [
              0.718951241950322,
              0.6779411764705883
            ],
            [
              0.718721251149954,
              0.6774509803921569
            ],
            [
              0.718491260349586,
              0.6769607843137255
            ],
            [
              0.718261269549218,
              0.6764705882352942
            ],
            [
              0.7180312787488501,
              0.6759803921568628
            ],
            [
              0.7175712971481141,
              0.6759803921568628
            ],
            [
              0.7173413063477461,
              0.6754901960784314
            ],
            [
              0.7171113155473781,
              0.675
            ],
            [
              0.7166513339466422,
              0.675
            ],
            [
              0.7161913523459061,
              0.675
            ],
            [
              0.7159613615455381,
              0.6745098039215687
            ],
            [
              0.7157313707451702,
              0.6740196078431373
            ],
            [
              0.7152713891444342,
              0.6740196078431373
            ],
            [
              0.7150413983440662,
              0.6735294117647059
            ],
            [
              0.7148114075436982,
              0.6730392156862746
            ],
            [
              0.7145814167433303,
              0.6725490196078432
            ],
            [
              0.7143514259429623,
              0.6720588235294118
            ],
            [
              0.7141214351425943,
              0.6715686274509803
            ],
            [
              0.7141214351425943,
              0.6705882352941176
            ],
            [
              0.7141214351425943,
              0.6696078431372549
            ],
            [
              0.7143514259429623,
              0.6691176470588235
            ],
            [
              0.7148114075436982,
              0.6691176470588235
            ],
            [
              0.7152713891444342,
              0.6691176470588235
            ],
            [
              0.7157313707451702,
              0.6691176470588235
            ],
            [
              0.7161913523459061,
              0.6691176470588235
            ],
            [
              0.7166513339466422,
              0.6691176470588235
            ],
            [
              0.7171113155473781,
              0.6691176470588235
            ],
            [
              0.7175712971481141,
              0.6691176470588235
            ],
            [
              0.7180312787488501,
              0.6691176470588235
            ],
            [
              0.718491260349586,
              0.6691176470588235
            ],
            [
              0.718951241950322,
              0.6691176470588235
            ],
            [
              0.7194112235510579,
              0.6691176470588235
            ],
            [
              0.7196412143514259,
              0.6696078431372549
            ],
            [
              0.7198712051517939,
              0.6700980392156862
            ],
            [
              0.7203311867525299,
              0.6700980392156862
            ],
            [
              0.7207911683532658,
              0.6700980392156862
            ],
            [
              0.7212511499540019,
              0.6700980392156862
            ],
            [
              0.7214811407543699,
              0.6705882352941176
            ],
            [
              0.7217111315547378,
              0.671078431372549
            ],
            [
              0.7221711131554738,
              0.671078431372549
            ],
            [
              0.7226310947562098,
              0.671078431372549
            ],
            [
              0.7230910763569457,
              0.671078431372549
            ],
            [
              0.7235510579576817,
              0.671078431372549
            ],
            [
              0.7240110395584176,
              0.671078431372549
            ],
            [
              0.7244710211591536,
              0.671078431372549
            ],
            [
              0.7249310027598896,
              0.671078431372549
            ],
            [
              0.7253909843606255,
              0.671078431372549
            ],
            [
              0.7258509659613616,
              0.671078431372549
            ],
            [
              0.7263109475620975,
              0.671078431372549
            ],
            [
              0.7267709291628335,
              0.671078431372549
            ],
            [
              0.7270009199632015,
              0.6715686274509803
            ],
            [
              0.7272309107635695,
              0.6720588235294118
            ],
            [
              0.7276908923643054,
              0.6720588235294118
            ],
            [
              0.7281508739650414,
              0.6720588235294118
            ],
            [
              0.7283808647654094,
              0.6725490196078432
            ],
            [
              0.7286108555657773,
              0.6730392156862746
            ],
            [
              0.7290708371665133,
              0.6730392156862746
            ],
            [
              0.7293008279668813,
              0.6735294117647059
            ],
            [
              0.7295308187672493,
              0.6740196078431373
            ],
            [
              0.7297608095676172,
              0.6745098039215687
            ],
            [
              0.7297608095676172,
              0.6754901960784314
            ],
            [
              0.7299908003679852,
              0.6759803921568628
            ],
            [
              0.7302207911683533,
              0.6764705882352942
            ],
            [
              0.7304507819687213,
              0.6769607843137255
            ],
            [
              0.7306807727690893,
              0.6774509803921569
            ],
            [
              0.7309107635694572,
              0.6779411764705883
            ],
            [
              0.7311407543698252,
              0.6784313725490196
            ],
            [
              0.7313707451701932,
              0.678921568627451
            ],
            [
              0.7316007359705612,
              0.6794117647058824
            ],
            [
              0.7316007359705612,
              0.6803921568627451
            ],
            [
              0.7316007359705612,
              0.6813725490196079
            ],
            [
              0.7318307267709292,
              0.6818627450980392
            ],
            [
              0.7320607175712971,
              0.6823529411764706
            ],
            [
              0.7320607175712971,
              0.6833333333333333
            ],
            [
              0.7318307267709292,
              0.6838235294117647
            ],
            [
              0.7316007359705612,
              0.6843137254901961
            ],
            [
              0.7313707451701932,
              0.6848039215686275
            ],
            [
              0.7313707451701932,
              0.6848039215686275
            ]
          ]
        ]
      },
      "properties": {
        "segment_id": 27,
        "area": 370,
        "bbox": [
          1553.0,
          683.0,
          38.0,
          15.0
        ],
        "iou": 0.860720157623291,
        "stability": 0.960106372833252,
        "auto_generated": true,
        "model": "segment_anything"
      }
    },
    {
      "type": "Feature",
      "geometry": {
        "type": "Polygon",
        "coordinates": [
          [
            [
              0.6039558417663293,
              0.5044117647058823
            ],
            [
              0.6034958601655934,
              0.5044117647058823
            ],
            [
              0.6030358785648574,
              0.5044117647058823
            ],
            [
              0.6025758969641214,
              0.5044117647058823
            ],
            [
              0.6021159153633855,
              0.5044117647058823
            ],
            [
              0.6016559337626495,
              0.5044117647058823
            ],
            [
              0.6011959521619136,
              0.5044117647058823
            ],
            [
              0.6007359705611776,
              0.5044117647058823
            ],
            [
              0.6002759889604415,
              0.5044117647058823
            ],
            [
              0.5998160073597056,
              0.5044117647058823
            ],
            [
              0.5993560257589696,
              0.5044117647058823
            ],
            [
              0.5988960441582337,
              0.5044117647058823
            ],
            [
              0.5984360625574977,
              0.5044117647058823
            ],
            [
              0.5979760809567617,
              0.5044117647058823
            ],
            [
              0.5977460901563938,
              0.503921568627451
            ],
            [
              0.5975160993560258,
              0.5034313725490196
            ],
            [
              0.5970561177552898,
              0.5034313725490196
            ],
            [
              0.5965961361545539,
              0.5034313725490196
            ],
            [
              0.5963661453541859,
              0.5029411764705882
            ],
            [
              0.5961361545538179,
              0.5024509803921569
            ],
            [
              0.5956761729530818,
              0.5024509803921569
            ],
            [
              0.5954461821527139,
              0.5019607843137255
            ],
            [
              0.5952161913523459,
              0.5014705882352941
            ],
            [
              0.5947562097516099,
              0.5014705882352941
            ],
            [
              0.5945262189512419,
              0.5009803921568627
            ],
            [
              0.594296228150874,
              0.5004901960784314
            ],
            [
              0.593836246550138,
              0.5004901960784314
            ],
            [
              0.59360625574977,
              0.5
            ],
            [
              0.593376264949402,
              0.49950980392156863
            ],
            [
              0.5929162833486661,
              0.49950980392156863
            ],
            [
              0.5926862925482981,
              0.49901960784313726
            ],
            [
              0.5924563017479301,
              0.4985294117647059
            ],
            [
              0.5919963201471942,
              0.4985294117647059
            ],
            [
              0.5915363385464582,
              0.4985294117647059
            ],
            [
              0.5913063477460901,
              0.4980392156862745
            ],
            [
              0.5910763569457221,
              0.49754901960784315
            ],
            [
              0.5906163753449862,
              0.49754901960784315
            ],
            [
              0.5901563937442502,
              0.49754901960784315
            ],
            [
              0.5896964121435143,
              0.49754901960784315
            ],
            [
              0.5894664213431463,
              0.4970588235294118
            ],
            [
              0.5892364305427783,
              0.4965686274509804
            ],
            [
              0.5887764489420423,
              0.4965686274509804
            ],
            [
              0.5883164673413064,
              0.4965686274509804
            ],
            [
              0.5878564857405704,
              0.4965686274509804
            ],
            [
              0.5876264949402024,
              0.49607843137254903
            ],
            [
              0.5873965041398344,
              0.49558823529411766
            ],
            [
              0.5871665133394665,
              0.4950980392156863
            ],
            [
              0.5869365225390984,
              0.4946078431372549
            ],
            [
              0.5867065317387304,
              0.49411764705882355
            ],
            [
              0.5869365225390984,
              0.4936274509803922
            ],
            [
              0.5871665133394665,
              0.4931372549019608
            ],
            [
              0.5871665133394665,
              0.492156862745098
            ],
            [
              0.5873965041398344,
              0.49166666666666664
            ],
            [
              0.5876264949402024,
              0.49117647058823527
            ],
            [
              0.5876264949402024,
              0.49019607843137253
            ],
            [
              0.5878564857405704,
              0.48970588235294116
            ],
            [
              0.5880864765409384,
              0.4892156862745098
            ],
            [
              0.5883164673413064,
              0.4887254901960784
            ],
            [
              0.5885464581416743,
              0.48823529411764705
            ],
            [
              0.5887764489420423,
              0.4877450980392157
            ],
            [
              0.5892364305427783,
              0.4877450980392157
            ],
            [
              0.5894664213431463,
              0.4872549019607843
            ],
            [
              0.5896964121435143,
              0.48676470588235293
            ],
            [
              0.5901563937442502,
              0.48676470588235293
            ],
            [
              0.5903863845446182,
              0.48627450980392156
            ],
            [
              0.5906163753449862,
              0.4857843137254902
            ],
            [
              0.5910763569457221,
              0.4857843137254902
            ],
            [
              0.5915363385464582,
              0.4857843137254902
            ],
            [
              0.5917663293468262,
              0.4852941176470588
            ],
            [
              0.5919963201471942,
              0.48480392156862745
            ],
            [
              0.5924563017479301,
              0.48480392156862745
            ],
            [
              0.5929162833486661,
              0.48480392156862745
            ],
            [
              0.5931462741490341,
              0.4852941176470588
            ],
            [
              0.593376264949402,
              0.4857843137254902
            ],
            [
              0.593836246550138,
              0.4857843137254902
            ],
            [
              0.594296228150874,
              0.4857843137254902
            ],
            [
              0.5947562097516099,
              0.4857843137254902
            ],
            [
              0.5952161913523459,
              0.4857843137254902
            ],
            [
              0.5956761729530818,
              0.4857843137254902
            ],
            [
              0.5961361545538179,
              0.4857843137254902
            ],
            [
              0.5965961361545539,
              0.4857843137254902
            ],
            [
              0.5970561177552898,
              0.4857843137254902
            ],
            [
              0.5975160993560258,
              0.4857843137254902
            ],
            [
              0.5979760809567617,
              0.4857843137254902
            ],
            [
              0.5984360625574977,
              0.4857843137254902
            ],
            [
              0.5988960441582337,
              0.4857843137254902
            ],
            [
              0.5993560257589696,
              0.4857843137254902
            ],
            [
              0.5998160073597056,
              0.4857843137254902
            ],
            [
              0.6002759889604415,
              0.4857843137254902
            ],
            [
              0.6007359705611776,
              0.4857843137254902
            ],
            [
              0.6011959521619136,
              0.4857843137254902
            ],
            [
              0.6016559337626495,
              0.4857843137254902
            ],
            [
              0.6021159153633855,
              0.4857843137254902
            ],
            [
              0.6025758969641214,
              0.4857843137254902
            ],
            [
              0.6030358785648574,
              0.4857843137254902
            ],
            [
              0.6034958601655934,
              0.4857843137254902
            ],
            [
              0.6039558417663293,
              0.4857843137254902
            ],
            [
              0.6044158233670653,
              0.4857843137254902
            ],
            [
              0.6048758049678012,
              0.4857843137254902
            ],
            [
              0.6053357865685373,
              0.4857843137254902
            ],
            [
              0.6057957681692733,
              0.4857843137254902
            ],
            [
              0.6062557497700092,
              0.4857843137254902
            ],
            [
              0.6067157313707452,
              0.4857843137254902
            ],
            [
              0.6071757129714811,
              0.4857843137254902
            ],
            [
              0.6074057037718491,
              0.48627450980392156
            ],
            [
              0.6076356945722171,
              0.48676470588235293
            ],
            [
              0.6080956761729531,
              0.48676470588235293
            ],
            [
              0.608325666973321,
              0.4872549019607843
            ],
            [
              0.608555657773689,
              0.4877450980392157
            ],
            [
              0.608785648574057,
              0.48823529411764705
            ],
            [
              0.609015639374425,
              0.4887254901960784
            ],
            [
              0.609245630174793,
              0.4892156862745098
            ],
            [
              0.609475620975161,
              0.48970588235294116
            ],
            [
              0.609705611775529,
              0.49019607843137253
            ],
            [
              0.609935602575897,
              0.4906862745098039
            ],
            [
              0.610165593376265,
              0.49117647058823527
            ],
            [
              0.610395584176633,
              0.49166666666666664
            ],
            [
              0.6106255749770009,
              0.492156862745098
            ],
            [
              0.6108555657773689,
              0.49264705882352944
            ],
            [
              0.6110855565777369,
              0.4931372549019608
            ],
            [
              0.6110855565777369,
              0.49411764705882355
            ],
            [
              0.6113155473781049,
              0.4946078431372549
            ],
            [
              0.6115455381784729,
              0.4950980392156863
            ],
            [
              0.6115455381784729,
              0.49607843137254903
            ],
            [
              0.6113155473781049,
              0.4965686274509804
            ],
            [
              0.6110855565777369,
              0.4970588235294118
            ],
            [
              0.6108555657773689,
              0.49754901960784315
            ],
            [
              0.6106255749770009,
              0.4980392156862745
            ],
            [
              0.610395584176633,
              0.4985294117647059
            ],
            [
              0.610165593376265,
              0.49901960784313726
            ],
            [
              0.609935602575897,
              0.49950980392156863
            ],
            [
              0.609705611775529,
              0.5
            ],
            [
              0.609475620975161,
              0.5004901960784314
            ],
            [
              0.609015639374425,
              0.5004901960784314
            ],
            [
              0.608785648574057,
              0.5009803921568627
            ],
            [
              0.608555657773689,
              0.5014705882352941
            ],
            [
              0.6080956761729531,
              0.5014705882352941
            ],
            [
              0.6078656853725851,
              0.5019607843137255
            ],
            [
              0.6076356945722171,
              0.5024509803921569
            ],
            [
              0.6071757129714811,
              0.5024509803921569
            ],
            [
              0.6067157313707452,
              0.5024509803921569
            ],
            [
              0.6062557497700092,
              0.5024509803921569
            ],
            [
              0.6060257589696412,
              0.5029411764705882
            ],
            [
              0.6057957681692733,
              0.5034313725490196
            ],
            [
              0.6053357865685373,
              0.5034313725490196
            ],
            [
              0.6048758049678012,
              0.5034313725490196
            ],
            [
              0.6044158233670653,
              0.5034313725490196
            ],
            [
              0.6041858325666973,
              0.503921568627451
            ],
            [
              0.6039558417663293,
              0.5044117647058823
            ],
            [
              0.6039558417663293,
              0.5044117647058823
            ]
          ]
        ]
      },
      "properties": {
        "segment_id": 28,
        "area": 784,
        "bbox": [
          1276.0,
          495.0,
          53.0,
          19.0
        ],
        "iou": 0.9069833755493164,
        "stability": 0.9797724485397339,
        "auto_generated": true,
        "model": "segment_anything"
      }
    },
    {
      "type": "Feature",
      "geometry": {
        "type": "Polygon",
        "coordinates": [
          [
            [
              0.7044618215271389,
              0.9990196078431373
            ],
            [
              0.704001839926403,
              0.9980392156862745
            ],
            [
              0.703311867525299,
              0.9975490196078431
            ],
            [
              0.702851885924563,
              0.9965686274509804
            ],
            [
              0.7019319227230911,
              0.9965686274509804
            ],
            [
              0.7014719411223551,
              0.9955882352941177
            ],
            [
              0.7007819687212512,
              0.9950980392156863
            ],
            [
              0.7000919963201472,
              0.9946078431372549
            ],
            [
              0.6996320147194113,
              0.9936274509803922
            ],
            [
              0.6989420423183073,
              0.9931372549019608
            ],
            [
              0.6982520699172033,
              0.9926470588235294
            ],
            [
              0.6977920883164673,
              0.9916666666666667
            ],
            [
              0.6973321067157314,
              0.990686274509804
            ],
            [
              0.6966421343146274,
              0.9901960784313726
            ],
            [
              0.6961821527138914,
              0.9892156862745098
            ],
            [
              0.6954921803127875,
              0.9887254901960785
            ],
            [
              0.6950321987120515,
              0.9877450980392157
            ],
            [
              0.6943422263109476,
              0.9872549019607844
            ],
            [
              0.6936522539098436,
              0.986764705882353
            ],
            [
              0.6929622815087396,
              0.9862745098039216
            ],
            [
              0.6922723091076357,
              0.9857843137254902
            ],
            [
              0.6915823367065317,
              0.9852941176470589
            ],
            [
              0.6911223551057958,
              0.984313725490196
            ],
            [
              0.6904323827046918,
              0.9838235294117647
            ],
            [
              0.6899724011039559,
              0.9828431372549019
            ],
            [
              0.6895124195032198,
              0.9818627450980392
            ],
            [
              0.6890524379024839,
              0.9808823529411764
            ],
            [
              0.6885924563017479,
              0.9799019607843137
            ],
            [
              0.6881324747010119,
              0.9789215686274509
            ],
            [
              0.687902483900644,
              0.9774509803921568
            ],
            [
              0.687442502299908,
              0.9764705882352941
            ],
            [
              0.68721251149954,
              0.975
            ],
            [
              0.686982520699172,
              0.9735294117647059
            ],
            [
              0.6865225390984361,
              0.9725490196078431
            ],
            [
              0.6865225390984361,
              0.9705882352941176
            ],
            [
              0.6865225390984361,
              0.9686274509803922
            ],
            [
              0.6865225390984361,
              0.9666666666666667
            ],
            [
              0.6860625574977001,
              0.9656862745098039
            ],
            [
              0.6860625574977001,
              0.9637254901960784
            ],
            [
              0.6860625574977001,
              0.961764705882353
            ],
            [
              0.6856025758969642,
              0.9607843137254902
            ],
            [
              0.6853725850965962,
              0.9593137254901961
            ],
            [
              0.6851425942962281,
              0.957843137254902
            ],
            [
              0.6846826126954921,
              0.9568627450980393
            ],
            [
              0.6842226310947562,
              0.9558823529411765
            ],
            [
              0.6837626494940202,
              0.9549019607843138
            ],
            [
              0.6839926402943882,
              0.9534313725490197
            ],
            [
              0.6844526218951242,
              0.9524509803921568
            ],
            [
              0.6851425942962281,
              0.9519607843137254
            ],
            [
              0.6858325666973321,
              0.9514705882352941
            ],
            [
              0.6865225390984361,
              0.9509803921568627
            ],
            [
              0.68721251149954,
              0.9504901960784313
            ],
            [
              0.687672493100276,
              0.9495098039215686
            ],
            [
              0.6885924563017479,
              0.9495098039215686
            ],
            [
              0.6895124195032198,
              0.9495098039215686
            ],
            [
              0.6904323827046918,
              0.9495098039215686
            ],
            [
              0.6913523459061638,
              0.9495098039215686
            ],
            [
              0.6920423183072677,
              0.95
            ],
            [
              0.6927322907083716,
              0.9504901960784313
            ],
            [
              0.6931922723091076,
              0.9495098039215686
            ],
            [
              0.6941122355105795,
              0.9495098039215686
            ],
            [
              0.6945722171113156,
              0.9485294117647058
            ],
            [
              0.6954921803127875,
              0.9485294117647058
            ],
            [
              0.6961821527138914,
              0.9480392156862745
            ],
            [
              0.6968721251149954,
              0.9475490196078431
            ],
            [
              0.6977920883164673,
              0.9475490196078431
            ],
            [
              0.6984820607175714,
              0.9470588235294117
            ],
            [
              0.6991720331186753,
              0.9465686274509804
            ],
            [
              0.7000919963201472,
              0.9465686274509804
            ],
            [
              0.7010119595216191,
              0.9465686274509804
            ],
            [
              0.7014719411223551,
              0.9455882352941176
            ],
            [
              0.702391904323827,
              0.9455882352941176
            ],
            [
              0.703081876724931,
              0.9450980392156862
            ],
            [
              0.703771849126035,
              0.9446078431372549
            ],
            [
              0.7046918123275069,
              0.9446078431372549
            ],
            [
              0.7053817847286109,
              0.9441176470588235
            ],
            [
              0.7060717571297148,
              0.9436274509803921
            ],
            [
              0.7069917203311867,
              0.9436274509803921
            ],
            [
              0.7079116835326587,
              0.9436274509803921
            ],
            [
              0.7088316467341307,
              0.9436274509803921
            ],
            [
              0.7097516099356026,
              0.9436274509803921
            ],
            [
              0.7104415823367065,
              0.9431372549019608
            ],
            [
              0.7111315547378105,
              0.9426470588235294
            ],
            [
              0.7120515179392825,
              0.9426470588235294
            ],
            [
              0.7129714811407544,
              0.9426470588235294
            ],
            [
              0.7138914443422263,
              0.9426470588235294
            ],
            [
              0.7148114075436982,
              0.9426470588235294
            ],
            [
              0.7157313707451702,
              0.9426470588235294
            ],
            [
              0.7166513339466422,
              0.9426470588235294
            ],
            [
              0.7175712971481141,
              0.9426470588235294
            ],
            [
              0.718491260349586,
              0.9426470588235294
            ],
            [
              0.7194112235510579,
              0.9426470588235294
            ],
            [
              0.7198712051517939,
              0.9436274509803921
            ],
            [
              0.7207911683532658,
              0.9436274509803921
            ],
            [
              0.7214811407543699,
              0.9441176470588235
            ],
            [
              0.7221711131554738,
              0.9446078431372549
            ],
            [
              0.7226310947562098,
              0.9455882352941176
            ],
            [
              0.7233210671573137,
              0.946078431372549
            ],
            [
              0.7240110395584176,
              0.9465686274509804
            ],
            [
              0.7244710211591536,
              0.9475490196078431
            ],
            [
              0.7251609935602575,
              0.9480392156862745
            ],
            [
              0.7256209751609936,
              0.9490196078431372
            ],
            [
              0.7263109475620975,
              0.9495098039215686
            ],
            [
              0.7267709291628335,
              0.9504901960784313
            ],
            [
              0.7270009199632015,
              0.9519607843137254
            ],
            [
              0.7274609015639374,
              0.9529411764705882
            ],
            [
              0.7279208831646734,
              0.953921568627451
            ],
            [
              0.7281508739650414,
              0.9553921568627451
            ],
            [
              0.7286108555657773,
              0.9563725490196079
            ],
            [
              0.7288408463661453,
              0.957843137254902
            ],
            [
              0.7293008279668813,
              0.9588235294117647
            ],
            [
              0.7297608095676172,
              0.9598039215686275
            ],
            [
              0.7302207911683533,
              0.9607843137254902
            ],
            [
              0.7304507819687213,
              0.9622549019607843
            ],
            [
              0.7309107635694572,
              0.9632352941176471
            ],
            [
              0.7313707451701932,
              0.9642156862745098
            ],
            [
              0.7318307267709292,
              0.9651960784313726
            ],
            [
              0.7322907083716651,
              0.9661764705882353
            ],
            [
              0.7325206991720331,
              0.9676470588235294
            ],
            [
              0.7329806807727691,
              0.9686274509803922
            ],
            [
              0.733440662373505,
              0.9696078431372549
            ],
            [
              0.733440662373505,
              0.9715686274509804
            ],
            [
              0.733670653173873,
              0.9730392156862745
            ],
            [
              0.733900643974241,
              0.9745098039215686
            ],
            [
              0.733900643974241,
              0.9764705882352941
            ],
            [
              0.734130634774609,
              0.9779411764705882
            ],
            [
              0.734360625574977,
              0.9794117647058823
            ],
            [
              0.734360625574977,
              0.9813725490196078
            ],
            [
              0.734360625574977,
              0.9833333333333333
            ],
            [
              0.734360625574977,
              0.9852941176470589
            ],
            [
              0.734360625574977,
              0.9872549019607844
            ],
            [
              0.734360625574977,
              0.9892156862745098
            ],
            [
              0.734360625574977,
              0.9911764705882353
            ],
            [
              0.734360625574977,
              0.9931372549019608
            ],
            [
              0.734360625574977,
              0.9950980392156863
            ],
            [
              0.733900643974241,
              0.996078431372549
            ],
            [
              0.733670653173873,
              0.9975490196078431
            ],
            [
              0.7329806807727691,
              0.9980392156862745
            ],
            [
              0.7325206991720331,
              0.9990196078431373
            ],
            [
              0.7044618215271389,
              0.9990196078431373
            ]
          ]
        ]
      },
      "properties": {
        "segment_id": 29,
        "area": 5011,
        "bbox": [
          1487.0,
          962.0,
          109.0,
          57.0
        ],
        "iou": 0.8850831985473633,
        "stability": 0.9426468014717102,
        "auto_generated": true,
        "model": "segment_anything"
      }
    },
    {
      "type": "Feature",
      "geometry": {
        "type": "Polygon",
        "coordinates": [
          [
            [
              0.7925482980680773,
              0.8053921568627451
            ],
            [
              0.7920883164673413,
              0.8053921568627451
            ],
            [
              0.7916283348666053,
              0.8053921568627451
            ],
            [
              0.7911683532658693,
              0.8053921568627451
            ],
            [
              0.7907083716651334,
              0.8053921568627451
            ],
            [
              0.7902483900643974,
              0.8053921568627451
            ],
            [
              0.7897884084636615,
              0.8053921568627451
            ],
            [
              0.7893284268629255,
              0.8053921568627451
            ],
            [
              0.7890984360625575,
              0.8049019607843138
            ],
            [
              0.7888684452621895,
              0.8044117647058824
            ],
            [
              0.7884084636614536,
              0.8044117647058824
            ],
            [
              0.7881784728610856,
              0.803921568627451
            ],
            [
              0.7879484820607175,
              0.8034313725490196
            ],
            [
              0.7874885004599816,
              0.8034313725490196
            ],
            [
              0.7872585096596136,
              0.8029411764705883
            ],
            [
              0.7870285188592456,
              0.8024509803921569
            ],
            [
              0.7867985280588776,
              0.8019607843137255
            ],
            [
              0.7865685372585096,
              0.8014705882352942
            ],
            [
              0.7863385464581417,
              0.8009803921568628
            ],
            [
              0.7863385464581417,
              0.8
            ],
            [
              0.7861085556577737,
              0.7995098039215687
            ],
            [
              0.7858785648574057,
              0.7990196078431373
            ],
            [
              0.7856485740570377,
              0.7985294117647059
            ],
            [
              0.7854185832566697,
              0.7980392156862746
            ],
            [
              0.7851885924563018,
              0.7975490196078432
            ],
            [
              0.7849586016559338,
              0.7970588235294118
            ],
            [
              0.7849586016559338,
              0.796078431372549
            ],
            [
              0.7847286108555658,
              0.7955882352941176
            ],
            [
              0.7844986200551978,
              0.7950980392156862
            ],
            [
              0.7844986200551978,
              0.7941176470588235
            ],
            [
              0.7842686292548298,
              0.7936274509803921
            ],
            [
              0.7840386384544619,
              0.7931372549019607
            ],
            [
              0.7840386384544619,
              0.792156862745098
            ],
            [
              0.7840386384544619,
              0.7911764705882353
            ],
            [
              0.7838086476540939,
              0.7906862745098039
            ],
            [
              0.7835786568537259,
              0.7901960784313725
            ],
            [
              0.7835786568537259,
              0.7892156862745098
            ],
            [
              0.7833486660533578,
              0.7887254901960784
            ],
            [
              0.7831186752529898,
              0.788235294117647
            ],
            [
              0.7833486660533578,
              0.7877450980392157
            ],
            [
              0.7835786568537259,
              0.7872549019607843
            ],
            [
              0.7835786568537259,
              0.7862745098039216
            ],
            [
              0.7838086476540939,
              0.7857843137254902
            ],
            [
              0.7840386384544619,
              0.7852941176470588
            ],
            [
              0.7842686292548298,
              0.7848039215686274
            ],
            [
              0.7844986200551978,
              0.7843137254901961
            ],
            [
              0.7847286108555658,
              0.7838235294117647
            ],
            [
              0.7849586016559338,
              0.7833333333333333
            ],
            [
              0.7851885924563018,
              0.782843137254902
            ],
            [
              0.7856485740570377,
              0.782843137254902
            ],
            [
              0.7858785648574057,
              0.7823529411764706
            ],
            [
              0.7861085556577737,
              0.7818627450980392
            ],
            [
              0.7865685372585096,
              0.7818627450980392
            ],
            [
              0.7870285188592456,
              0.7818627450980392
            ],
            [
              0.7874885004599816,
              0.7818627450980392
            ],
            [
              0.7879484820607175,
              0.7818627450980392
            ],
            [
              0.7881784728610856,
              0.7823529411764706
            ],
            [
              0.7884084636614536,
              0.782843137254902
            ],
            [
              0.7888684452621895,
              0.782843137254902
            ],
            [
              0.7890984360625575,
              0.7833333333333333
            ],
            [
              0.7893284268629255,
              0.7838235294117647
            ],
            [
              0.7897884084636615,
              0.7838235294117647
            ],
            [
              0.7900183992640294,
              0.7843137254901961
            ],
            [
              0.7902483900643974,
              0.7848039215686274
            ],
            [
              0.7904783808647654,
              0.7852941176470588
            ],
            [
              0.7907083716651334,
              0.7857843137254902
            ],
            [
              0.7909383624655014,
              0.7862745098039216
            ],
            [
              0.7911683532658693,
              0.7867647058823529
            ],
            [
              0.7916283348666053,
              0.7867647058823529
            ],
            [
              0.7918583256669733,
              0.7872549019607843
            ],
            [
              0.7920883164673413,
              0.7877450980392157
            ],
            [
              0.7923183072677092,
              0.788235294117647
            ],
            [
              0.7925482980680773,
              0.7887254901960784
            ],
            [
              0.7930082796688133,
              0.7887254901960784
            ],
            [
              0.7932382704691813,
              0.7892156862745098
            ],
            [
              0.7934682612695492,
              0.7897058823529411
            ],
            [
              0.7936982520699172,
              0.7901960784313725
            ],
            [
              0.7939282428702852,
              0.7906862745098039
            ],
            [
              0.7943882244710212,
              0.7906862745098039
            ],
            [
              0.7946182152713891,
              0.7911764705882353
            ],
            [
              0.7948482060717571,
              0.7916666666666666
            ],
            [
              0.7950781968721251,
              0.792156862745098
            ],
            [
              0.7953081876724931,
              0.7926470588235294
            ],
            [
              0.7955381784728611,
              0.7931372549019607
            ],
            [
              0.795768169273229,
              0.7936274509803921
            ],
            [
              0.795998160073597,
              0.7941176470588235
            ],
            [
              0.796228150873965,
              0.7946078431372549
            ],
            [
              0.796458141674333,
              0.7950980392156862
            ],
            [
              0.796458141674333,
              0.796078431372549
            ],
            [
              0.796458141674333,
              0.7970588235294118
            ],
            [
              0.796458141674333,
              0.7980392156862746
            ],
            [
              0.796228150873965,
              0.7985294117647059
            ],
            [
              0.795998160073597,
              0.7990196078431373
            ],
            [
              0.795998160073597,
              0.8
            ],
            [
              0.795768169273229,
              0.8004901960784314
            ],
            [
              0.7955381784728611,
              0.8009803921568628
            ],
            [
              0.7955381784728611,
              0.8019607843137255
            ],
            [
              0.7953081876724931,
              0.8024509803921569
            ],
            [
              0.7950781968721251,
              0.8029411764705883
            ],
            [
              0.7948482060717571,
              0.8034313725490196
            ],
            [
              0.7943882244710212,
              0.8034313725490196
            ],
            [
              0.7941582336706532,
              0.803921568627451
            ],
            [
              0.7939282428702852,
              0.8044117647058824
            ],
            [
              0.7934682612695492,
              0.8044117647058824
            ],
            [
              0.7930082796688133,
              0.8044117647058824
            ],
            [
              0.7927782888684453,
              0.8049019607843138
            ],
            [
              0.7925482980680773,
              0.8053921568627451
            ],
            [
              0.7925482980680773,
              0.8053921568627451
            ]
          ]
        ]
      },
      "properties": {
        "segment_id": 30,
        "area": 454,
        "bbox": [
          1703.0,
          798.0,
          28.0,
          23.0
        ],
        "iou": 0.8823068737983704,
        "stability": 0.9736841917037964,
        "auto_generated": true,
        "model": "segment_anything"
      }
    },
    {
      "type": "Feature",
      "geometry": {
        "type": "Polygon",
        "coordinates": [
          [
            [
              0.7934682612695492,
              0.5073529411764706
            ],
            [
              0.7930082796688133,
              0.5073529411764706
            ],
            [
              0.7925482980680773,
              0.5073529411764706
            ],
            [
              0.7920883164673413,
              0.5073529411764706
            ],
            [
              0.7916283348666053,
              0.5073529411764706
            ],
            [
              0.7911683532658693,
              0.5073529411764706
            ],
            [
              0.7907083716651334,
              0.5073529411764706
            ],
            [
              0.7902483900643974,
              0.5073529411764706
            ],
            [
              0.7897884084636615,
              0.5073529411764706
            ],
            [
              0.7893284268629255,
              0.5073529411764706
            ],
            [
              0.7888684452621895,
              0.5073529411764706
            ],
            [
              0.7884084636614536,
              0.5073529411764706
            ],
            [
              0.7879484820607175,
              0.5073529411764706
            ],
            [
              0.7874885004599816,
              0.5073529411764706
            ],
            [
              0.7870285188592456,
              0.5073529411764706
            ],
            [
              0.7865685372585096,
              0.5073529411764706
            ],
            [
              0.7863385464581417,
              0.5068627450980392
            ],
            [
              0.7861085556577737,
              0.5063725490196078
            ],
            [
              0.7856485740570377,
              0.5063725490196078
            ],
            [
              0.7851885924563018,
              0.5063725490196078
            ],
            [
              0.7847286108555658,
              0.5063725490196078
            ],
            [
              0.7842686292548298,
              0.5063725490196078
            ],
            [
              0.7838086476540939,
              0.5063725490196078
            ],
            [
              0.7835786568537259,
              0.5058823529411764
            ],
            [
              0.7833486660533578,
              0.5053921568627451
            ],
            [
              0.7828886844526219,
              0.5053921568627451
            ],
            [
              0.7824287028518859,
              0.5053921568627451
            ],
            [
              0.7819687212511499,
              0.5053921568627451
            ],
            [
              0.781508739650414,
              0.5053921568627451
            ],
            [
              0.781048758049678,
              0.5053921568627451
            ],
            [
              0.7805887764489421,
              0.5053921568627451
            ],
            [
              0.7801287948482061,
              0.5053921568627451
            ],
            [
              0.7798988040478381,
              0.5049019607843137
            ],
            [
              0.7796688132474701,
              0.5044117647058823
            ],
            [
              0.7792088316467342,
              0.5044117647058823
            ],
            [
              0.7787488500459981,
              0.5044117647058823
            ],
            [
              0.7782888684452622,
              0.5044117647058823
            ],
            [
              0.7778288868445262,
              0.5044117647058823
            ],
            [
              0.7775988960441582,
              0.503921568627451
            ],
            [
              0.7773689052437902,
              0.5034313725490196
            ],
            [
              0.7769089236430543,
              0.5034313725490196
            ],
            [
              0.7764489420423183,
              0.5034313725490196
            ],
            [
              0.7759889604415824,
              0.5034313725490196
            ],
            [
              0.7757589696412144,
              0.5029411764705882
            ],
            [
              0.7755289788408464,
              0.5024509803921569
            ],
            [
              0.7750689972401104,
              0.5024509803921569
            ],
            [
              0.7746090156393745,
              0.5024509803921569
            ],
            [
              0.7743790248390064,
              0.5019607843137255
            ],
            [
              0.7741490340386384,
              0.5014705882352941
            ],
            [
              0.7736890524379025,
              0.5014705882352941
            ],
            [
              0.7732290708371665,
              0.5014705882352941
            ],
            [
              0.7727690892364305,
              0.5014705882352941
            ],
            [
              0.7723091076356946,
              0.5014705882352941
            ],
            [
              0.7720791168353266,
              0.5009803921568627
            ],
            [
              0.7718491260349586,
              0.5004901960784314
            ],
            [
              0.7713891444342227,
              0.5004901960784314
            ],
            [
              0.7709291628334867,
              0.5004901960784314
            ],
            [
              0.7704691812327507,
              0.5004901960784314
            ],
            [
              0.7700091996320148,
              0.5004901960784314
            ],
            [
              0.7695492180312787,
              0.5004901960784314
            ],
            [
              0.7693192272309107,
              0.5
            ],
            [
              0.7690892364305428,
              0.49950980392156863
            ],
            [
              0.7686292548298068,
              0.49950980392156863
            ],
            [
              0.7681692732290708,
              0.49950980392156863
            ],
            [
              0.7677092916283349,
              0.49950980392156863
            ],
            [
              0.7672493100275989,
              0.49950980392156863
            ],
            [
              0.7670193192272309,
              0.49901960784313726
            ],
            [
              0.7667893284268629,
              0.4985294117647059
            ],
            [
              0.766329346826127,
              0.4985294117647059
            ],
            [
              0.765869365225391,
              0.4985294117647059
            ],
            [
              0.765639374425023,
              0.4980392156862745
            ],
            [
              0.765409383624655,
              0.49754901960784315
            ],
            [
              0.764949402023919,
              0.49754901960784315
            ],
            [
              0.764489420423183,
              0.49754901960784315
            ],
            [
              0.7642594296228151,
              0.4970588235294118
            ],
            [
              0.7640294388224471,
              0.4965686274509804
            ],
            [
              0.7637994480220791,
              0.49607843137254903
            ],
            [
              0.7635694572217111,
              0.49558823529411766
            ],
            [
              0.7633394664213431,
              0.4950980392156863
            ],
            [
              0.7631094756209752,
              0.4946078431372549
            ],
            [
              0.7628794848206072,
              0.49411764705882355
            ],
            [
              0.7628794848206072,
              0.4931372549019608
            ],
            [
              0.7628794848206072,
              0.492156862745098
            ],
            [
              0.7628794848206072,
              0.49117647058823527
            ],
            [
              0.7628794848206072,
              0.49019607843137253
            ],
            [
              0.7631094756209752,
              0.48970588235294116
            ],
            [
              0.7633394664213431,
              0.4892156862745098
            ],
            [
              0.7633394664213431,
              0.48823529411764705
            ],
            [
              0.7635694572217111,
              0.4877450980392157
            ],
            [
              0.7640294388224471,
              0.4877450980392157
            ],
            [
              0.764489420423183,
              0.4877450980392157
            ],
            [
              0.764949402023919,
              0.4877450980392157
            ],
            [
              0.765409383624655,
              0.4877450980392157
            ],
            [
              0.765639374425023,
              0.4872549019607843
            ],
            [
              0.765869365225391,
              0.48676470588235293
            ],
            [
              0.766329346826127,
              0.48676470588235293
            ],
            [
              0.7667893284268629,
              0.48676470588235293
            ],
            [
              0.7672493100275989,
              0.48676470588235293
            ],
            [
              0.7677092916283349,
              0.48676470588235293
            ],
            [
              0.7681692732290708,
              0.48676470588235293
            ],
            [
              0.7686292548298068,
              0.48676470588235293
            ],
            [
              0.7690892364305428,
              0.48676470588235293
            ],
            [
              0.7695492180312787,
              0.48676470588235293
            ],
            [
              0.7700091996320148,
              0.48676470588235293
            ],
            [
              0.7704691812327507,
              0.48676470588235293
            ],
            [
              0.7709291628334867,
              0.48676470588235293
            ],
            [
              0.7713891444342227,
              0.48676470588235293
            ],
            [
              0.7718491260349586,
              0.48676470588235293
            ],
            [
              0.7720791168353266,
              0.4872549019607843
            ],
            [
              0.7723091076356946,
              0.4877450980392157
            ],
            [
              0.7727690892364305,
              0.4877450980392157
            ],
            [
              0.7732290708371665,
              0.4877450980392157
            ],
            [
              0.7736890524379025,
              0.4877450980392157
            ],
            [
              0.7739190432382704,
              0.48823529411764705
            ],
            [
              0.7741490340386384,
              0.4887254901960784
            ],
            [
              0.7746090156393745,
              0.4887254901960784
            ],
            [
              0.7750689972401104,
              0.4887254901960784
            ],
            [
              0.7752989880404784,
              0.4892156862745098
            ],
            [
              0.7755289788408464,
              0.48970588235294116
            ],
            [
              0.7759889604415824,
              0.48970588235294116
            ],
            [
              0.7764489420423183,
              0.48970588235294116
            ],
            [
              0.7769089236430543,
              0.48970588235294116
            ],
            [
              0.7771389144434223,
              0.49019607843137253
            ],
            [
              0.7773689052437902,
              0.4906862745098039
            ],
            [
              0.7778288868445262,
              0.4906862745098039
            ],
            [
              0.7782888684452622,
              0.4906862745098039
            ],
            [
              0.7785188592456301,
              0.49117647058823527
            ],
            [
              0.7787488500459981,
              0.49166666666666664
            ],
            [
              0.7792088316467342,
              0.49166666666666664
            ],
            [
              0.7796688132474701,
              0.49166666666666664
            ],
            [
              0.7801287948482061,
              0.49166666666666664
            ],
            [
              0.7805887764489421,
              0.49166666666666664
            ],
            [
              0.78081876724931,
              0.492156862745098
            ],
            [
              0.781048758049678,
              0.49264705882352944
            ],
            [
              0.781508739650414,
              0.49264705882352944
            ],
            [
              0.7819687212511499,
              0.49264705882352944
            ],
            [
              0.7824287028518859,
              0.49264705882352944
            ],
            [
              0.7826586936522539,
              0.4931372549019608
            ],
            [
              0.7828886844526219,
              0.4936274509803922
            ],
            [
              0.7833486660533578,
              0.4936274509803922
            ],
            [
              0.7838086476540939,
              0.4936274509803922
            ],
            [
              0.7840386384544619,
              0.49411764705882355
            ],
            [
              0.7842686292548298,
              0.4946078431372549
            ],
            [
              0.7847286108555658,
              0.4946078431372549
            ],
            [
              0.7849586016559338,
              0.4950980392156863
            ],
            [
              0.7851885924563018,
              0.49558823529411766
            ],
            [
              0.7856485740570377,
              0.49558823529411766
            ],
            [
              0.7861085556577737,
              0.49558823529411766
            ],
            [
              0.7863385464581417,
              0.49607843137254903
            ],
            [
              0.7865685372585096,
              0.4965686274509804
            ],
            [
              0.7870285188592456,
              0.4965686274509804
            ],
            [
              0.7874885004599816,
              0.4965686274509804
            ],
            [
              0.7877184912603495,
              0.4970588235294118
            ],
            [
              0.7879484820607175,
              0.49754901960784315
            ],
            [
              0.7884084636614536,
              0.49754901960784315
            ],
            [
              0.7888684452621895,
              0.49754901960784315
            ],
            [
              0.7890984360625575,
              0.4980392156862745
            ],
            [
              0.7893284268629255,
              0.4985294117647059
            ],
            [
              0.7897884084636615,
              0.4985294117647059
            ],
            [
              0.7902483900643974,
              0.4985294117647059
            ],
            [
              0.7907083716651334,
              0.4985294117647059
            ],
            [
              0.7911683532658693,
              0.4985294117647059
            ],
            [
              0.7913983440662373,
              0.49901960784313726
            ],
            [
              0.7916283348666053,
              0.49950980392156863
            ],
            [
              0.7920883164673413,
              0.49950980392156863
            ],
            [
              0.7925482980680773,
              0.49950980392156863
            ],
            [
              0.7927782888684453,
              0.5
            ],
            [
              0.7930082796688133,
              0.5004901960784314
            ],
            [
              0.7934682612695492,
              0.5004901960784314
            ],
            [
              0.7939282428702852,
              0.5004901960784314
            ],
            [
              0.7941582336706532,
              0.5009803921568627
            ],
            [
              0.7943882244710212,
              0.5014705882352941
            ],
            [
              0.7948482060717571,
              0.5014705882352941
            ],
            [
              0.7950781968721251,
              0.5019607843137255
            ],
            [
              0.7953081876724931,
              0.5024509803921569
            ],
            [
              0.7955381784728611,
              0.5029411764705882
            ],
            [
              0.7955381784728611,
              0.503921568627451
            ],
            [
              0.7955381784728611,
              0.5049019607843137
            ],
            [
              0.7953081876724931,
              0.5053921568627451
            ],
            [
              0.7950781968721251,
              0.5058823529411764
            ],
            [
              0.7948482060717571,
              0.5063725490196078
            ],
            [
              0.7943882244710212,
              0.5063725490196078
            ],
            [
              0.7939282428702852,
              0.5063725490196078
            ],
            [
              0.7936982520699172,
              0.5068627450980392
            ],
            [
              0.7934682612695492,
              0.5073529411764706
            ],
            [
              0.7934682612695492,
              0.5073529411764706
            ]
          ]
        ]
      },
      "properties": {
        "segment_id": 31,
        "area": 808,
        "bbox": [
          1659.0,
          497.0,
          70.0,
          20.0
        ],
        "iou": 0.8784588575363159,
        "stability": 0.9552057981491089,
        "auto_generated": true,
        "model": "segment_anything"
      }
    },
    {
      "type": "Feature",
      "geometry": {
        "type": "Polygon",
        "coordinates": [
          [
            [
              0.18859245630174792,
              0.9965686274509804
            ],
            [
              0.18813247470101196,
              0.9965686274509804
            ],
            [
              0.18767249310027598,
              0.9965686274509804
            ],
            [
              0.18721251149954002,
              0.9965686274509804
            ],
            [
              0.18675252989880406,
              0.9965686274509804
            ],
            [
              0.18629254829806807,
              0.9965686274509804
            ],
            [
              0.1858325666973321,
              0.9965686274509804
            ],
            [
              0.18537258509659613,
              0.9965686274509804
            ],
            [
              0.18514259429622815,
              0.996078431372549
            ],
            [
              0.18491260349586017,
              0.9955882352941177
            ],
            [
              0.1844526218951242,
              0.9955882352941177
            ],
            [
              0.18399264029438822,
              0.9955882352941177
            ],
            [
              0.18353265869365226,
              0.9955882352941177
            ],
            [
              0.18307267709291627,
              0.9955882352941177
            ],
            [
              0.18261269549218032,
              0.9955882352941177
            ],
            [
              0.18215271389144433,
              0.9955882352941177
            ],
            [
              0.18169273229070837,
              0.9955882352941177
            ],
            [
              0.1812327506899724,
              0.9955882352941177
            ],
            [
              0.18077276908923642,
              0.9955882352941177
            ],
            [
              0.18031278748850046,
              0.9955882352941177
            ],
            [
              0.17985280588776448,
              0.9955882352941177
            ],
            [
              0.17939282428702852,
              0.9955882352941177
            ],
            [
              0.17916283348666054,
              0.9950980392156863
            ],
            [
              0.17893284268629256,
              0.9946078431372549
            ],
            [
              0.17847286108555657,
              0.9946078431372549
            ],
            [
              0.1780128794848206,
              0.9946078431372549
            ],
            [
              0.17755289788408463,
              0.9946078431372549
            ],
            [
              0.17709291628334867,
              0.9946078431372549
            ],
            [
              0.1766329346826127,
              0.9946078431372549
            ],
            [
              0.17617295308187672,
              0.9946078431372549
            ],
            [
              0.17571297148114076,
              0.9946078431372549
            ],
            [
              0.17525298988040477,
              0.9946078431372549
            ],
            [
              0.17479300827966882,
              0.9946078431372549
            ],
            [
              0.17433302667893286,
              0.9946078431372549
            ],
            [
              0.17387304507819687,
              0.9946078431372549
            ],
            [
              0.1734130634774609,
              0.9946078431372549
            ],
            [
              0.17295308187672492,
              0.9946078431372549
            ],
            [
              0.17249310027598896,
              0.9946078431372549
            ],
            [
              0.17203311867525298,
              0.9946078431372549
            ],
            [
              0.17157313707451702,
              0.9946078431372549
            ],
            [
              0.17111315547378106,
              0.9946078431372549
            ],
            [
              0.17065317387304507,
              0.9946078431372549
            ],
            [
              0.1701931922723091,
              0.9946078431372549
            ],
            [
              0.16973321067157313,
              0.9946078431372549
            ],
            [
              0.16927322907083717,
              0.9946078431372549
            ],
            [
              0.1688132474701012,
              0.9946078431372549
            ],
            [
              0.1685832566697332,
              0.9941176470588236
            ],
            [
              0.1685832566697332,
              0.9931372549019608
            ],
            [
              0.1685832566697332,
              0.9921568627450981
            ],
            [
              0.1685832566697332,
              0.9911764705882353
            ],
            [
              0.1685832566697332,
              0.9901960784313726
            ],
            [
              0.1685832566697332,
              0.9892156862745098
            ],
            [
              0.1685832566697332,
              0.9882352941176471
            ],
            [
              0.1685832566697332,
              0.9872549019607844
            ],
            [
              0.1688132474701012,
              0.986764705882353
            ],
            [
              0.1690432382704692,
              0.9862745098039216
            ],
            [
              0.16927322907083717,
              0.9857843137254902
            ],
            [
              0.16950321987120515,
              0.9852941176470589
            ],
            [
              0.16973321067157313,
              0.9848039215686275
            ],
            [
              0.16996320147194113,
              0.984313725490196
            ],
            [
              0.1701931922723091,
              0.9838235294117647
            ],
            [
              0.17065317387304507,
              0.9838235294117647
            ],
            [
              0.17111315547378106,
              0.9838235294117647
            ],
            [
              0.17157313707451702,
              0.9838235294117647
            ],
            [
              0.17203311867525298,
              0.9838235294117647
            ],
            [
              0.17249310027598896,
              0.9838235294117647
            ],
            [
              0.17295308187672492,
              0.9838235294117647
            ],
            [
              0.1734130634774609,
              0.9838235294117647
            ],
            [
              0.17387304507819687,
              0.9838235294117647
            ],
            [
              0.17433302667893286,
              0.9838235294117647
            ],
            [
              0.17479300827966882,
              0.9838235294117647
            ],
            [
              0.1750229990800368,
              0.9833333333333333
            ],
            [
              0.17525298988040477,
              0.9828431372549019
            ],
            [
              0.17571297148114076,
              0.9828431372549019
            ],
            [
              0.17617295308187672,
              0.9828431372549019
            ],
            [
              0.1766329346826127,
              0.9828431372549019
            ],
            [
              0.1768629254829807,
              0.9823529411764705
            ],
            [
              0.17709291628334867,
              0.9818627450980392
            ],
            [
              0.17755289788408463,
              0.9818627450980392
            ],
            [
              0.1780128794848206,
              0.9818627450980392
            ],
            [
              0.1782428702851886,
              0.9813725490196078
            ],
            [
              0.17847286108555657,
              0.9808823529411764
            ],
            [
              0.17870285188592455,
              0.9803921568627451
            ],
            [
              0.17893284268629256,
              0.9799019607843137
            ],
            [
              0.17939282428702852,
              0.9799019607843137
            ],
            [
              0.1796228150873965,
              0.9794117647058823
            ],
            [
              0.17985280588776448,
              0.9789215686274509
            ],
            [
              0.18008279668813248,
              0.9784313725490196
            ],
            [
              0.18031278748850046,
              0.9779411764705882
            ],
            [
              0.18054277828886844,
              0.9774509803921568
            ],
            [
              0.18077276908923642,
              0.9769607843137255
            ],
            [
              0.1812327506899724,
              0.9769607843137255
            ],
            [
              0.1814627414903404,
              0.9764705882352941
            ],
            [
              0.18169273229070837,
              0.9759803921568627
            ],
            [
              0.18215271389144433,
              0.9759803921568627
            ],
            [
              0.18261269549218032,
              0.9759803921568627
            ],
            [
              0.18307267709291627,
              0.9759803921568627
            ],
            [
              0.18353265869365226,
              0.9759803921568627
            ],
            [
              0.18399264029438822,
              0.9759803921568627
            ],
            [
              0.1844526218951242,
              0.9759803921568627
            ],
            [
              0.18491260349586017,
              0.9759803921568627
            ],
            [
              0.18537258509659613,
              0.9759803921568627
            ],
            [
              0.1858325666973321,
              0.9759803921568627
            ],
            [
              0.18629254829806807,
              0.9759803921568627
            ],
            [
              0.18652253909843605,
              0.9764705882352941
            ],
            [
              0.18675252989880406,
              0.9769607843137255
            ],
            [
              0.18721251149954002,
              0.9769607843137255
            ],
            [
              0.18767249310027598,
              0.9769607843137255
            ],
            [
              0.18790248390064399,
              0.9774509803921568
            ],
            [
              0.18813247470101196,
              0.9779411764705882
            ],
            [
              0.18836246550137994,
              0.9784313725490196
            ],
            [
              0.18859245630174792,
              0.9789215686274509
            ],
            [
              0.1890524379024839,
              0.9789215686274509
            ],
            [
              0.1892824287028519,
              0.9794117647058823
            ],
            [
              0.18951241950321987,
              0.9799019607843137
            ],
            [
              0.18974241030358785,
              0.9803921568627451
            ],
            [
              0.18974241030358785,
              0.9813725490196078
            ],
            [
              0.18997240110395583,
              0.9818627450980392
            ],
            [
              0.19020239190432384,
              0.9823529411764705
            ],
            [
              0.19043238270469182,
              0.9828431372549019
            ],
            [
              0.1906623735050598,
              0.9833333333333333
            ],
            [
              0.19089236430542778,
              0.9838235294117647
            ],
            [
              0.19112235510579575,
              0.984313725490196
            ],
            [
              0.19112235510579575,
              0.9852941176470589
            ],
            [
              0.19135234590616376,
              0.9857843137254902
            ],
            [
              0.19158233670653174,
              0.9862745098039216
            ],
            [
              0.19181232750689972,
              0.986764705882353
            ],
            [
              0.1920423183072677,
              0.9872549019607844
            ],
            [
              0.1920423183072677,
              0.9882352941176471
            ],
            [
              0.1920423183072677,
              0.9892156862745098
            ],
            [
              0.1920423183072677,
              0.9901960784313726
            ],
            [
              0.1920423183072677,
              0.9911764705882353
            ],
            [
              0.1920423183072677,
              0.9921568627450981
            ],
            [
              0.1920423183072677,
              0.9931372549019608
            ],
            [
              0.19181232750689972,
              0.9936274509803922
            ],
            [
              0.19158233670653174,
              0.9941176470588236
            ],
            [
              0.19135234590616376,
              0.9946078431372549
            ],
            [
              0.19089236430542778,
              0.9946078431372549
            ],
            [
              0.1906623735050598,
              0.9950980392156863
            ],
            [
              0.19043238270469182,
              0.9955882352941177
            ],
            [
              0.18997240110395583,
              0.9955882352941177
            ],
            [
              0.18951241950321987,
              0.9955882352941177
            ],
            [
              0.1890524379024839,
              0.9955882352941177
            ],
            [
              0.1888224471021159,
              0.996078431372549
            ],
            [
              0.18859245630174792,
              0.9965686274509804
            ],
            [
              0.18859245630174792,
              0.9965686274509804
            ]
          ]
        ]
      },
      "properties": {
        "segment_id": 32,
        "area": 760,
        "bbox": [
          367.0,
          996.0,
          50.0,
          20.0
        ],
        "iou": 0.8756862878799438,
        "stability": 0.9599483013153076,
        "auto_generated": true,
        "model": "segment_anything"
      }
    },
    {
      "type": "Feature",
      "geometry": {
        "type": "Polygon",
        "coordinates": [
          [
            [
              0.062557497700092,
              0.33676470588235297
            ],
            [
              0.06209751609935603,
              0.33676470588235297
            ],
            [
              0.061637534498620056,
              0.33676470588235297
            ],
            [
              0.06117755289788408,
              0.33676470588235297
            ],
            [
              0.06071757129714812,
              0.33676470588235297
            ],
            [
              0.060257589696412144,
              0.33676470588235297
            ],
            [
              0.05979760809567617,
              0.33676470588235297
            ],
            [
              0.059337626494940204,
              0.33676470588235297
            ],
            [
              0.05887764489420423,
              0.33676470588235297
            ],
            [
              0.05841766329346826,
              0.33676470588235297
            ],
            [
              0.05795768169273229,
              0.33676470588235297
            ],
            [
              0.05749770009199632,
              0.33676470588235297
            ],
            [
              0.05703771849126035,
              0.33676470588235297
            ],
            [
              0.05657773689052438,
              0.33676470588235297
            ],
            [
              0.05611775528978841,
              0.33676470588235297
            ],
            [
              0.05565777368905244,
              0.33676470588235297
            ],
            [
              0.05519779208831647,
              0.33676470588235297
            ],
            [
              0.054737810487580495,
              0.33676470588235297
            ],
            [
              0.05427782888684453,
              0.33676470588235297
            ],
            [
              0.053817847286108556,
              0.33676470588235297
            ],
            [
              0.05335786568537258,
              0.33676470588235297
            ],
            [
              0.052897884084636616,
              0.33676470588235297
            ],
            [
              0.05243790248390064,
              0.33676470588235297
            ],
            [
              0.05197792088316467,
              0.33676470588235297
            ],
            [
              0.051517939282428704,
              0.33676470588235297
            ],
            [
              0.05105795768169273,
              0.33676470588235297
            ],
            [
              0.050597976080956765,
              0.33676470588235297
            ],
            [
              0.05036798528058878,
              0.3362745098039216
            ],
            [
              0.05013799448022079,
              0.33578431372549017
            ],
            [
              0.04967801287948482,
              0.33578431372549017
            ],
            [
              0.04921803127874885,
              0.33578431372549017
            ],
            [
              0.04875804967801288,
              0.33578431372549017
            ],
            [
              0.04829806807727691,
              0.33578431372549017
            ],
            [
              0.04783808647654094,
              0.33578431372549017
            ],
            [
              0.04737810487580497,
              0.33578431372549017
            ],
            [
              0.046918123275068994,
              0.33578431372549017
            ],
            [
              0.046688132474701015,
              0.3352941176470588
            ],
            [
              0.04645814167433303,
              0.3348039215686274
            ],
            [
              0.045998160073597055,
              0.3348039215686274
            ],
            [
              0.04553817847286108,
              0.3348039215686274
            ],
            [
              0.045078196872125116,
              0.3348039215686274
            ],
            [
              0.04461821527138914,
              0.3348039215686274
            ],
            [
              0.04415823367065318,
              0.3348039215686274
            ],
            [
              0.043698252069917204,
              0.3348039215686274
            ],
            [
              0.04323827046918123,
              0.3348039215686274
            ],
            [
              0.042778288868445265,
              0.3348039215686274
            ],
            [
              0.04254829806807728,
              0.33431372549019606
            ],
            [
              0.04231830726770929,
              0.3338235294117647
            ],
            [
              0.04185832566697332,
              0.3338235294117647
            ],
            [
              0.04139834406623735,
              0.3338235294117647
            ],
            [
              0.04093836246550138,
              0.3338235294117647
            ],
            [
              0.040478380864765406,
              0.3338235294117647
            ],
            [
              0.04001839926402944,
              0.3338235294117647
            ],
            [
              0.03955841766329347,
              0.3338235294117647
            ],
            [
              0.03932842686292548,
              0.3333333333333333
            ],
            [
              0.0390984360625575,
              0.33284313725490194
            ],
            [
              0.03863845446182153,
              0.33284313725490194
            ],
            [
              0.03840846366145354,
              0.3323529411764706
            ],
            [
              0.038178472861085555,
              0.3318627450980392
            ],
            [
              0.03771849126034959,
              0.3318627450980392
            ],
            [
              0.0374885004599816,
              0.33137254901960783
            ],
            [
              0.037258509659613616,
              0.33088235294117646
            ],
            [
              0.03702851885924563,
              0.3303921568627451
            ],
            [
              0.03702851885924563,
              0.32941176470588235
            ],
            [
              0.037258509659613616,
              0.328921568627451
            ],
            [
              0.0374885004599816,
              0.3284313725490196
            ],
            [
              0.03771849126034959,
              0.32794117647058824
            ],
            [
              0.038178472861085555,
              0.32794117647058824
            ],
            [
              0.03840846366145354,
              0.32745098039215687
            ],
            [
              0.03863845446182153,
              0.3269607843137255
            ],
            [
              0.0390984360625575,
              0.3269607843137255
            ],
            [
              0.03955841766329347,
              0.3269607843137255
            ],
            [
              0.04001839926402944,
              0.3269607843137255
            ],
            [
              0.040478380864765406,
              0.3269607843137255
            ],
            [
              0.04093836246550138,
              0.3269607843137255
            ],
            [
              0.04139834406623735,
              0.3269607843137255
            ],
            [
              0.04185832566697332,
              0.3269607843137255
            ],
            [
              0.04231830726770929,
              0.3269607843137255
            ],
            [
              0.042778288868445265,
              0.3269607843137255
            ],
            [
              0.043008279668813244,
              0.3264705882352941
            ],
            [
              0.04323827046918123,
              0.32598039215686275
            ],
            [
              0.043698252069917204,
              0.32598039215686275
            ],
            [
              0.04415823367065318,
              0.32598039215686275
            ],
            [
              0.04461821527138914,
              0.32598039215686275
            ],
            [
              0.045078196872125116,
              0.32598039215686275
            ],
            [
              0.04553817847286108,
              0.32598039215686275
            ],
            [
              0.045998160073597055,
              0.32598039215686275
            ],
            [
              0.04645814167433303,
              0.32598039215686275
            ],
            [
              0.046918123275068994,
              0.32598039215686275
            ],
            [
              0.04737810487580497,
              0.32598039215686275
            ],
            [
              0.04783808647654094,
              0.32598039215686275
            ],
            [
              0.04829806807727691,
              0.32598039215686275
            ],
            [
              0.04875804967801288,
              0.32598039215686275
            ],
            [
              0.04921803127874885,
              0.32598039215686275
            ],
            [
              0.04967801287948482,
              0.32598039215686275
            ],
            [
              0.05013799448022079,
              0.32598039215686275
            ],
            [
              0.050597976080956765,
              0.32598039215686275
            ],
            [
              0.05105795768169273,
              0.32598039215686275
            ],
            [
              0.051517939282428704,
              0.32598039215686275
            ],
            [
              0.05197792088316467,
              0.32598039215686275
            ],
            [
              0.05243790248390064,
              0.32598039215686275
            ],
            [
              0.05266789328426863,
              0.3264705882352941
            ],
            [
              0.052897884084636616,
              0.3269607843137255
            ],
            [
              0.05335786568537258,
              0.3269607843137255
            ],
            [
              0.053817847286108556,
              0.3269607843137255
            ],
            [
              0.05427782888684453,
              0.3269607843137255
            ],
            [
              0.054737810487580495,
              0.3269607843137255
            ],
            [
              0.05519779208831647,
              0.3269607843137255
            ],
            [
              0.05565777368905244,
              0.3269607843137255
            ],
            [
              0.05588776448942042,
              0.32745098039215687
            ],
            [
              0.05611775528978841,
              0.32794117647058824
            ],
            [
              0.05657773689052438,
              0.32794117647058824
            ],
            [
              0.05703771849126035,
              0.32794117647058824
            ],
            [
              0.05749770009199632,
              0.32794117647058824
            ],
            [
              0.05795768169273229,
              0.32794117647058824
            ],
            [
              0.05841766329346826,
              0.32794117647058824
            ],
            [
              0.05887764489420423,
              0.32794117647058824
            ],
            [
              0.059337626494940204,
              0.32794117647058824
            ],
            [
              0.05979760809567617,
              0.32794117647058824
            ],
            [
              0.060257589696412144,
              0.32794117647058824
            ],
            [
              0.06071757129714812,
              0.32794117647058824
            ],
            [
              0.06117755289788408,
              0.32794117647058824
            ],
            [
              0.061637534498620056,
              0.32794117647058824
            ],
            [
              0.06209751609935603,
              0.32794117647058824
            ],
            [
              0.062557497700092,
              0.32794117647058824
            ],
            [
              0.06301747930082796,
              0.32794117647058824
            ],
            [
              0.06347746090156393,
              0.32794117647058824
            ],
            [
              0.06393744250229991,
              0.32794117647058824
            ],
            [
              0.06439742410303588,
              0.32794117647058824
            ],
            [
              0.06485740570377185,
              0.32794117647058824
            ],
            [
              0.06531738730450783,
              0.32794117647058824
            ],
            [
              0.06577736890524379,
              0.32794117647058824
            ],
            [
              0.06623735050597976,
              0.32794117647058824
            ],
            [
              0.06669733210671573,
              0.32794117647058824
            ],
            [
              0.0671573137074517,
              0.32794117647058824
            ],
            [
              0.06761729530818768,
              0.32794117647058824
            ],
            [
              0.06807727690892364,
              0.32794117647058824
            ],
            [
              0.06853725850965961,
              0.32794117647058824
            ],
            [
              0.0687672493100276,
              0.3284313725490196
            ],
            [
              0.06899724011039558,
              0.328921568627451
            ],
            [
              0.06945722171113156,
              0.328921568627451
            ],
            [
              0.06968721251149954,
              0.32941176470588235
            ],
            [
              0.06968721251149954,
              0.3303921568627451
            ],
            [
              0.06945722171113156,
              0.33088235294117646
            ],
            [
              0.06922723091076358,
              0.33137254901960783
            ],
            [
              0.06899724011039558,
              0.3318627450980392
            ],
            [
              0.0687672493100276,
              0.3323529411764706
            ],
            [
              0.06853725850965961,
              0.33284313725490194
            ],
            [
              0.06807727690892364,
              0.33284313725490194
            ],
            [
              0.06761729530818768,
              0.33284313725490194
            ],
            [
              0.06738730450781968,
              0.3333333333333333
            ],
            [
              0.0671573137074517,
              0.3338235294117647
            ],
            [
              0.06669733210671573,
              0.3338235294117647
            ],
            [
              0.06623735050597976,
              0.3338235294117647
            ],
            [
              0.06577736890524379,
              0.3338235294117647
            ],
            [
              0.0655473781048758,
              0.33431372549019606
            ],
            [
              0.06531738730450783,
              0.3348039215686274
            ],
            [
              0.06485740570377185,
              0.3348039215686274
            ],
            [
              0.06462741490340386,
              0.3352941176470588
            ],
            [
              0.06439742410303588,
              0.33578431372549017
            ],
            [
              0.06393744250229991,
              0.33578431372549017
            ],
            [
              0.06347746090156393,
              0.33578431372549017
            ],
            [
              0.06301747930082796,
              0.33578431372549017
            ],
            [
              0.06278748850045998,
              0.3362745098039216
            ],
            [
              0.062557497700092,
              0.33676470588235297
            ],
            [
              0.062557497700092,
              0.33676470588235297
            ]
          ]
        ]
      },
      "properties": {
        "segment_id": 33,
        "area": 581,
        "bbox": [
          81.0,
          333.0,
          70.0,
          10.0
        ],
        "iou": 0.8679341673851013,
        "stability": 0.9546979665756226,
        "auto_generated": true,
        "model": "segment_anything"
      }
    },
    {
      "type": "Feature",
      "geometry": {
        "type": "Polygon",
        "coordinates": [
          [
            [
              0.5685372585096596,
              0.9691176470588235
            ],
            [
              0.5680772769089236,
              0.9691176470588235
            ],
            [
              0.5676172953081877,
              0.9691176470588235
            ],
            [
              0.5673873045078197,
              0.9686274509803922
            ],
            [
              0.5671573137074517,
              0.9681372549019608
            ],
            [
              0.5669273229070837,
              0.9676470588235294
            ],
            [
              0.5669273229070837,
              0.9666666666666667
            ],
            [
              0.5666973321067157,
              0.9661764705882353
            ],
            [
              0.5664673413063478,
              0.9656862745098039
            ],
            [
              0.5664673413063478,
              0.9647058823529412
            ],
            [
              0.5662373505059798,
              0.9642156862745098
            ],
            [
              0.5660073597056118,
              0.9637254901960784
            ],
            [
              0.5660073597056118,
              0.9627450980392157
            ],
            [
              0.5660073597056118,
              0.961764705882353
            ],
            [
              0.5660073597056118,
              0.9607843137254902
            ],
            [
              0.5660073597056118,
              0.9598039215686275
            ],
            [
              0.5660073597056118,
              0.9588235294117647
            ],
            [
              0.5660073597056118,
              0.957843137254902
            ],
            [
              0.5660073597056118,
              0.9568627450980393
            ],
            [
              0.5657773689052438,
              0.9563725490196079
            ],
            [
              0.5655473781048758,
              0.9558823529411765
            ],
            [
              0.5655473781048758,
              0.9549019607843138
            ],
            [
              0.5657773689052438,
              0.9544117647058824
            ],
            [
              0.5660073597056118,
              0.953921568627451
            ],
            [
              0.5660073597056118,
              0.9529411764705882
            ],
            [
              0.5662373505059798,
              0.9524509803921568
            ],
            [
              0.5664673413063478,
              0.9519607843137254
            ],
            [
              0.5666973321067157,
              0.9514705882352941
            ],
            [
              0.5669273229070837,
              0.9509803921568627
            ],
            [
              0.5671573137074517,
              0.9504901960784313
            ],
            [
              0.5673873045078197,
              0.95
            ],
            [
              0.5676172953081877,
              0.9495098039215686
            ],
            [
              0.5680772769089236,
              0.9495098039215686
            ],
            [
              0.5683072677092916,
              0.9490196078431372
            ],
            [
              0.5685372585096596,
              0.9485294117647058
            ],
            [
              0.5689972401103955,
              0.9485294117647058
            ],
            [
              0.5694572217111316,
              0.9485294117647058
            ],
            [
              0.5699172033118676,
              0.9485294117647058
            ],
            [
              0.5703771849126035,
              0.9485294117647058
            ],
            [
              0.5708371665133395,
              0.9485294117647058
            ],
            [
              0.5712971481140754,
              0.9485294117647058
            ],
            [
              0.5717571297148114,
              0.9485294117647058
            ],
            [
              0.5722171113155474,
              0.9485294117647058
            ],
            [
              0.5726770929162833,
              0.9485294117647058
            ],
            [
              0.5729070837166513,
              0.9480392156862745
            ],
            [
              0.5731370745170193,
              0.9475490196078431
            ],
            [
              0.5735970561177552,
              0.9475490196078431
            ],
            [
              0.5740570377184913,
              0.9475490196078431
            ],
            [
              0.5745170193192273,
              0.9475490196078431
            ],
            [
              0.5749770009199632,
              0.9475490196078431
            ],
            [
              0.5754369825206992,
              0.9475490196078431
            ],
            [
              0.5756669733210672,
              0.9480392156862745
            ],
            [
              0.5758969641214351,
              0.9485294117647058
            ],
            [
              0.5761269549218031,
              0.9490196078431372
            ],
            [
              0.5763569457221711,
              0.9495098039215686
            ],
            [
              0.5765869365225391,
              0.95
            ],
            [
              0.5768169273229071,
              0.9504901960784313
            ],
            [
              0.577046918123275,
              0.9509803921568627
            ],
            [
              0.577276908923643,
              0.9514705882352941
            ],
            [
              0.577506899724011,
              0.9519607843137254
            ],
            [
              0.577506899724011,
              0.9529411764705882
            ],
            [
              0.577506899724011,
              0.953921568627451
            ],
            [
              0.577506899724011,
              0.9549019607843138
            ],
            [
              0.577506899724011,
              0.9558823529411765
            ],
            [
              0.577506899724011,
              0.9568627450980393
            ],
            [
              0.577506899724011,
              0.957843137254902
            ],
            [
              0.577276908923643,
              0.9583333333333334
            ],
            [
              0.577046918123275,
              0.9588235294117647
            ],
            [
              0.577046918123275,
              0.9598039215686275
            ],
            [
              0.577046918123275,
              0.9607843137254902
            ],
            [
              0.5768169273229071,
              0.9612745098039216
            ],
            [
              0.5765869365225391,
              0.961764705882353
            ],
            [
              0.5765869365225391,
              0.9627450980392157
            ],
            [
              0.5763569457221711,
              0.9632352941176471
            ],
            [
              0.5761269549218031,
              0.9637254901960784
            ],
            [
              0.5758969641214351,
              0.9642156862745098
            ],
            [
              0.5756669733210672,
              0.9647058823529412
            ],
            [
              0.5754369825206992,
              0.9651960784313726
            ],
            [
              0.5749770009199632,
              0.9651960784313726
            ],
            [
              0.5745170193192273,
              0.9651960784313726
            ],
            [
              0.5740570377184913,
              0.9651960784313726
            ],
            [
              0.5735970561177552,
              0.9651960784313726
            ],
            [
              0.5731370745170193,
              0.9651960784313726
            ],
            [
              0.5726770929162833,
              0.9651960784313726
            ],
            [
              0.5722171113155474,
              0.9651960784313726
            ],
            [
              0.5719871205151794,
              0.9656862745098039
            ],
            [
              0.5717571297148114,
              0.9661764705882353
            ],
            [
              0.5712971481140754,
              0.9661764705882353
            ],
            [
              0.5708371665133395,
              0.9661764705882353
            ],
            [
              0.5706071757129715,
              0.9666666666666667
            ],
            [
              0.5703771849126035,
              0.967156862745098
            ],
            [
              0.5699172033118676,
              0.967156862745098
            ],
            [
              0.5696872125114996,
              0.9676470588235294
            ],
            [
              0.5694572217111316,
              0.9681372549019608
            ],
            [
              0.5689972401103955,
              0.9681372549019608
            ],
            [
              0.5687672493100276,
              0.9686274509803922
            ],
            [
              0.5685372585096596,
              0.9691176470588235
            ],
            [
              0.5685372585096596,
              0.9691176470588235
            ]
          ]
        ]
      },
      "properties": {
        "segment_id": 34,
        "area": 430,
        "bbox": [
          1230.0,
          967.0,
          25.0,
          21.0
        ],
        "iou": 0.8638157844543457,
        "stability": 0.9633867144584656,
        "auto_generated": true,
        "model": "segment_anything"
      }
    },
    {
      "type": "Feature",
      "geometry": {
        "type": "Polygon",
        "coordinates": [
          [
            [
              0.9678012879484821,
              0.9014705882352941
            ],
            [
              0.9664213431462741,
              0.9014705882352941
            ],
            [
              0.9650413983440662,
              0.9014705882352941
            ],
            [
              0.9641214351425943,
              0.9004901960784314
            ],
            [
              0.9627414903403864,
              0.9004901960784314
            ],
            [
              0.9613615455381784,
              0.9004901960784314
            ],
            [
              0.9599816007359706,
              0.9004901960784314
            ],
            [
              0.9586016559337627,
              0.9004901960784314
            ],
            [
              0.9576816927322908,
              0.8995098039215687
            ],
            [
              0.9563017479300828,
              0.8995098039215687
            ],
            [
              0.9549218031278749,
              0.8995098039215687
            ],
            [
              0.953541858325667,
              0.8995098039215687
            ],
            [
              0.952161913523459,
              0.8995098039215687
            ],
            [
              0.9507819687212512,
              0.8995098039215687
            ],
            [
              0.9494020239190433,
              0.8995098039215687
            ],
            [
              0.9480220791168353,
              0.8995098039215687
            ],
            [
              0.9471021159153634,
              0.8985294117647059
            ],
            [
              0.9457221711131555,
              0.8985294117647059
            ],
            [
              0.9443422263109476,
              0.8985294117647059
            ],
            [
              0.9429622815087396,
              0.8985294117647059
            ],
            [
              0.9415823367065317,
              0.8985294117647059
            ],
            [
              0.9402023919043239,
              0.8985294117647059
            ],
            [
              0.9392824287028518,
              0.8975490196078432
            ],
            [
              0.937902483900644,
              0.8975490196078432
            ],
            [
              0.936982520699172,
              0.8965686274509804
            ],
            [
              0.9360625574977001,
              0.8955882352941177
            ],
            [
              0.9351425942962281,
              0.8946078431372549
            ],
            [
              0.9339926402943882,
              0.8941176470588236
            ],
            [
              0.9333026678932843,
              0.8926470588235295
            ],
            [
              0.9323827046918123,
              0.8916666666666667
            ],
            [
              0.9314627414903404,
              0.890686274509804
            ],
            [
              0.9305427782888684,
              0.8897058823529411
            ],
            [
              0.9296228150873965,
              0.8887254901960784
            ],
            [
              0.9287028518859246,
              0.8877450980392156
            ],
            [
              0.9280128794848206,
              0.8862745098039215
            ],
            [
              0.9270929162833487,
              0.8852941176470588
            ],
            [
              0.9261729530818767,
              0.884313725490196
            ],
            [
              0.9252529898804048,
              0.8833333333333333
            ],
            [
              0.9243330266789328,
              0.8823529411764706
            ],
            [
              0.9234130634774609,
              0.8813725490196078
            ],
            [
              0.922263109475621,
              0.8808823529411764
            ],
            [
              0.921573137074517,
              0.8794117647058823
            ],
            [
              0.9206531738730451,
              0.8784313725490196
            ],
            [
              0.9199632014719411,
              0.8769607843137255
            ],
            [
              0.9192732290708372,
              0.8754901960784314
            ],
            [
              0.9188132474701012,
              0.8735294117647059
            ],
            [
              0.9183532658693653,
              0.8715686274509804
            ],
            [
              0.9178932842686293,
              0.8696078431372549
            ],
            [
              0.9183532658693653,
              0.8676470588235294
            ],
            [
              0.9185832566697332,
              0.8651960784313726
            ],
            [
              0.9188132474701012,
              0.8627450980392157
            ],
            [
              0.9183532658693653,
              0.8607843137254902
            ],
            [
              0.9178932842686293,
              0.8588235294117647
            ],
            [
              0.9178932842686293,
              0.8558823529411764
            ],
            [
              0.9174333026678932,
              0.8539215686274509
            ],
            [
              0.9174333026678932,
              0.8509803921568627
            ],
            [
              0.9178932842686293,
              0.8490196078431372
            ],
            [
              0.9181232750689973,
              0.8465686274509804
            ],
            [
              0.9190432382704692,
              0.8455882352941176
            ],
            [
              0.9204231830726771,
              0.8455882352941176
            ],
            [
              0.921803127874885,
              0.8455882352941176
            ],
            [
              0.9231830726770929,
              0.8455882352941176
            ],
            [
              0.9245630174793008,
              0.8455882352941176
            ],
            [
              0.9259429622815087,
              0.8455882352941176
            ],
            [
              0.9273229070837167,
              0.8455882352941176
            ],
            [
              0.9287028518859246,
              0.8455882352941176
            ],
            [
              0.9296228150873965,
              0.8465686274509804
            ],
            [
              0.9310027598896045,
              0.8465686274509804
            ],
            [
              0.9323827046918123,
              0.8465686274509804
            ],
            [
              0.9337626494940202,
              0.8465686274509804
            ],
            [
              0.9351425942962281,
              0.8465686274509804
            ],
            [
              0.9360625574977001,
              0.8475490196078431
            ],
            [
              0.937442502299908,
              0.8475490196078431
            ],
            [
              0.9388224471021159,
              0.8475490196078431
            ],
            [
              0.9402023919043239,
              0.8475490196078431
            ],
            [
              0.9415823367065317,
              0.8475490196078431
            ],
            [
              0.9429622815087396,
              0.8475490196078431
            ],
            [
              0.9438822447102115,
              0.8485294117647059
            ],
            [
              0.9448022079116836,
              0.8495098039215686
            ],
            [
              0.9459521619135235,
              0.85
            ],
            [
              0.9468721251149954,
              0.8509803921568627
            ],
            [
              0.9477920883164673,
              0.8519607843137255
            ],
            [
              0.9487120515179392,
              0.8529411764705882
            ],
            [
              0.9494020239190433,
              0.8544117647058823
            ],
            [
              0.9500919963201472,
              0.8558823529411764
            ],
            [
              0.9510119595216191,
              0.8568627450980392
            ],
            [
              0.9517019319227231,
              0.8583333333333333
            ],
            [
              0.952621895124195,
              0.859313725490196
            ],
            [
              0.953541858325667,
              0.8602941176470589
            ],
            [
              0.954231830726771,
              0.861764705882353
            ],
            [
              0.9546918123275069,
              0.8637254901960785
            ],
            [
              0.9551517939282429,
              0.865686274509804
            ],
            [
              0.9551517939282429,
              0.8686274509803922
            ],
            [
              0.9558417663293468,
              0.8700980392156863
            ],
            [
              0.9567617295308187,
              0.871078431372549
            ],
            [
              0.9579116835326587,
              0.8715686274509804
            ],
            [
              0.9590616375344986,
              0.8720588235294118
            ],
            [
              0.9599816007359706,
              0.8730392156862745
            ],
            [
              0.9609015639374425,
              0.8740196078431373
            ],
            [
              0.9620515179392825,
              0.8745098039215686
            ],
            [
              0.9629714811407544,
              0.8754901960784314
            ],
            [
              0.9636614535418583,
              0.8769607843137255
            ],
            [
              0.9645814167433303,
              0.8779411764705882
            ],
            [
              0.9652713891444342,
              0.8794117647058823
            ],
            [
              0.9659613615455381,
              0.8808823529411764
            ],
            [
              0.9666513339466422,
              0.8823529411764706
            ],
            [
              0.9673413063477461,
              0.8838235294117647
            ],
            [
              0.9678012879484821,
              0.8857843137254902
            ],
            [
              0.968261269549218,
              0.8877450980392156
            ],
            [
              0.968721251149954,
              0.8897058823529411
            ],
            [
              0.968951241950322,
              0.8921568627450981
            ],
            [
              0.9694112235510579,
              0.8941176470588236
            ],
            [
              0.9698712051517939,
              0.8960784313725491
            ],
            [
              0.9694112235510579,
              0.8980392156862745
            ],
            [
              0.968951241950322,
              0.9
            ],
            [
              0.9680312787488501,
              0.9009803921568628
            ],
            [
              0.9678012879484821,
              0.9014705882352941
            ]
          ]
        ]
      },
      "properties": {
        "segment_id": 35,
        "area": 4297,
        "bbox": [
          1995.0,
          863.0,
          113.0,
          56.0
        ],
        "iou": 0.8622822165489197,
        "stability": 0.93906569480896,
        "auto_generated": true,
        "model": "segment_anything"
      }
    },
    {
      "type": "Feature",
      "geometry": {
        "type": "Polygon",
        "coordinates": [
          [
            [
              0.3390064397424103,
              0.47794117647058826
            ],
            [
              0.3380864765409384,
              0.47794117647058826
            ],
            [
              0.3371665133394664,
              0.47794117647058826
            ],
            [
              0.3362465501379945,
              0.47794117647058826
            ],
            [
              0.33532658693652256,
              0.47794117647058826
            ],
            [
              0.3344066237350506,
              0.47794117647058826
            ],
            [
              0.33348666053357867,
              0.47794117647058826
            ],
            [
              0.3325666973321067,
              0.47794117647058826
            ],
            [
              0.3316467341306348,
              0.47794117647058826
            ],
            [
              0.33072677092916286,
              0.47794117647058826
            ],
            [
              0.3298068077276909,
              0.47794117647058826
            ],
            [
              0.32888684452621897,
              0.47794117647058826
            ],
            [
              0.327966881324747,
              0.47794117647058826
            ],
            [
              0.3270469181232751,
              0.47794117647058826
            ],
            [
              0.3261269549218031,
              0.47794117647058826
            ],
            [
              0.3252069917203312,
              0.47794117647058826
            ],
            [
              0.32428702851885927,
              0.47794117647058826
            ],
            [
              0.3233670653173873,
              0.47794117647058826
            ],
            [
              0.3224471021159154,
              0.47794117647058826
            ],
            [
              0.3215271389144434,
              0.47794117647058826
            ],
            [
              0.3208371665133395,
              0.4774509803921569
            ],
            [
              0.3201471941122355,
              0.4769607843137255
            ],
            [
              0.31922723091076355,
              0.4769607843137255
            ],
            [
              0.31830726770929163,
              0.4769607843137255
            ],
            [
              0.3173873045078197,
              0.4769607843137255
            ],
            [
              0.3169273229070837,
              0.4759803921568627
            ],
            [
              0.3160073597056118,
              0.4759803921568627
            ],
            [
              0.31508739650413986,
              0.4759803921568627
            ],
            [
              0.3141674333026679,
              0.4759803921568627
            ],
            [
              0.31324747010119597,
              0.4759803921568627
            ],
            [
              0.312327506899724,
              0.4759803921568627
            ],
            [
              0.3114075436982521,
              0.4759803921568627
            ],
            [
              0.3104875804967801,
              0.4759803921568627
            ],
            [
              0.3095676172953082,
              0.4759803921568627
            ],
            [
              0.30864765409383627,
              0.4759803921568627
            ],
            [
              0.3077276908923643,
              0.4759803921568627
            ],
            [
              0.3068077276908924,
              0.4759803921568627
            ],
            [
              0.3058877644894204,
              0.4759803921568627
            ],
            [
              0.3049678012879485,
              0.4759803921568627
            ],
            [
              0.30404783808647656,
              0.4759803921568627
            ],
            [
              0.3031278748850046,
              0.4759803921568627
            ],
            [
              0.30220791168353267,
              0.4759803921568627
            ],
            [
              0.3012879484820607,
              0.4759803921568627
            ],
            [
              0.3005979760809568,
              0.47549019607843135
            ],
            [
              0.2999080036798528,
              0.475
            ],
            [
              0.29921803127874885,
              0.4745098039215686
            ],
            [
              0.2985280588776449,
              0.47401960784313724
            ],
            [
              0.2980680772769089,
              0.4730392156862745
            ],
            [
              0.297148114075437,
              0.4730392156862745
            ],
            [
              0.29622815087396503,
              0.4730392156862745
            ],
            [
              0.29553817847286107,
              0.4725490196078431
            ],
            [
              0.2950781968721251,
              0.4715686274509804
            ],
            [
              0.2953081876724931,
              0.47009803921568627
            ],
            [
              0.29622815087396503,
              0.47009803921568627
            ],
            [
              0.296918123275069,
              0.4696078431372549
            ],
            [
              0.29760809567617297,
              0.46911764705882353
            ],
            [
              0.2985280588776449,
              0.46911764705882353
            ],
            [
              0.29944802207911686,
              0.46911764705882353
            ],
            [
              0.3003679852805888,
              0.46911764705882353
            ],
            [
              0.3012879484820607,
              0.46911764705882353
            ],
            [
              0.30220791168353267,
              0.46911764705882353
            ],
            [
              0.3031278748850046,
              0.46911764705882353
            ],
            [
              0.30404783808647656,
              0.46911764705882353
            ],
            [
              0.3049678012879485,
              0.46911764705882353
            ],
            [
              0.3058877644894204,
              0.46911764705882353
            ],
            [
              0.3068077276908924,
              0.46911764705882353
            ],
            [
              0.3077276908923643,
              0.46911764705882353
            ],
            [
              0.30864765409383627,
              0.46911764705882353
            ],
            [
              0.3095676172953082,
              0.46911764705882353
            ],
            [
              0.3104875804967801,
              0.46911764705882353
            ],
            [
              0.3114075436982521,
              0.46911764705882353
            ],
            [
              0.312327506899724,
              0.46911764705882353
            ],
            [
              0.31324747010119597,
              0.46911764705882353
            ],
            [
              0.3141674333026679,
              0.46911764705882353
            ],
            [
              0.31508739650413986,
              0.46911764705882353
            ],
            [
              0.3160073597056118,
              0.46911764705882353
            ],
            [
              0.31669733210671575,
              0.4696078431372549
            ],
            [
              0.3173873045078197,
              0.47009803921568627
            ],
            [
              0.31830726770929163,
              0.47009803921568627
            ],
            [
              0.31922723091076355,
              0.47009803921568627
            ],
            [
              0.3201471941122355,
              0.47009803921568627
            ],
            [
              0.32106715731370744,
              0.47009803921568627
            ],
            [
              0.3219871205151794,
              0.47009803921568627
            ],
            [
              0.32290708371665133,
              0.47009803921568627
            ],
            [
              0.32382704691812325,
              0.47009803921568627
            ],
            [
              0.32428702851885927,
              0.471078431372549
            ],
            [
              0.3252069917203312,
              0.471078431372549
            ],
            [
              0.3261269549218031,
              0.471078431372549
            ],
            [
              0.3270469181232751,
              0.471078431372549
            ],
            [
              0.327966881324747,
              0.471078431372549
            ],
            [
              0.32888684452621897,
              0.471078431372549
            ],
            [
              0.3298068077276909,
              0.471078431372549
            ],
            [
              0.33072677092916286,
              0.471078431372549
            ],
            [
              0.3316467341306348,
              0.471078431372549
            ],
            [
              0.33233670653173875,
              0.4715686274509804
            ],
            [
              0.3330266789328427,
              0.47205882352941175
            ],
            [
              0.33394664213431463,
              0.47205882352941175
            ],
            [
              0.33486660533578655,
              0.47205882352941175
            ],
            [
              0.3355565777368905,
              0.4725490196078431
            ],
            [
              0.3362465501379945,
              0.4730392156862745
            ],
            [
              0.3371665133394664,
              0.4730392156862745
            ],
            [
              0.3380864765409384,
              0.4730392156862745
            ],
            [
              0.33854645814167433,
              0.47401960784313724
            ],
            [
              0.3392364305427783,
              0.4745098039215686
            ],
            [
              0.33969641214351426,
              0.47549019607843135
            ],
            [
              0.33946642134314625,
              0.4769607843137255
            ],
            [
              0.3390064397424103,
              0.47794117647058826
            ]
          ]
        ]
      },
      "properties": {
        "segment_id": 36,
        "area": 622,
        "bbox": [
          642.0,
          479.0,
          96.0,
          8.0
        ],
        "iou": 0.8939132690429688,
        "stability": 0.9452054500579834,
        "auto_generated": true,
        "model": "segment_anything"
      }
    },
    {
      "type": "Feature",
      "geometry": {
        "type": "Polygon",
        "coordinates": [
          [
            [
              0.4855105795768169,
              0.9990196078431373
            ],
            [
              0.4852805887764489,
              0.9985294117647059
            ],
            [
              0.48482060717571296,
              0.9985294117647059
            ],
            [
              0.484360625574977,
              0.9985294117647059
            ],
            [
              0.48390064397424104,
              0.9985294117647059
            ],
            [
              0.4834406623735051,
              0.9985294117647059
            ],
            [
              0.48298068077276907,
              0.9985294117647059
            ],
            [
              0.4825206991720331,
              0.9985294117647059
            ],
            [
              0.48206071757129715,
              0.9985294117647059
            ],
            [
              0.4816007359705612,
              0.9985294117647059
            ],
            [
              0.48114075436982523,
              0.9985294117647059
            ],
            [
              0.4806807727690892,
              0.9985294117647059
            ],
            [
              0.48022079116835326,
              0.9985294117647059
            ],
            [
              0.4797608095676173,
              0.9985294117647059
            ],
            [
              0.47930082796688134,
              0.9985294117647059
            ],
            [
              0.4788408463661454,
              0.9985294117647059
            ],
            [
              0.47838086476540936,
              0.9985294117647059
            ],
            [
              0.4779208831646734,
              0.9985294117647059
            ],
            [
              0.47746090156393745,
              0.9985294117647059
            ],
            [
              0.4770009199632015,
              0.9985294117647059
            ],
            [
              0.4765409383624655,
              0.9985294117647059
            ],
            [
              0.4760809567617295,
              0.9985294117647059
            ],
            [
              0.47562097516099355,
              0.9985294117647059
            ],
            [
              0.4751609935602576,
              0.9985294117647059
            ],
            [
              0.47470101195952163,
              0.9985294117647059
            ],
            [
              0.4742410303587857,
              0.9985294117647059
            ],
            [
              0.47378104875804966,
              0.9985294117647059
            ],
            [
              0.4735510579576817,
              0.9980392156862745
            ],
            [
              0.4733210671573137,
              0.9975490196078431
            ],
            [
              0.47286108555657774,
              0.9975490196078431
            ],
            [
              0.47263109475620974,
              0.9970588235294118
            ],
            [
              0.4724011039558418,
              0.9965686274509804
            ],
            [
              0.4721711131554738,
              0.996078431372549
            ],
            [
              0.4721711131554738,
              0.9950980392156863
            ],
            [
              0.4721711131554738,
              0.9941176470588236
            ],
            [
              0.4721711131554738,
              0.9931372549019608
            ],
            [
              0.4721711131554738,
              0.9921568627450981
            ],
            [
              0.4721711131554738,
              0.9911764705882353
            ],
            [
              0.4721711131554738,
              0.9901960784313726
            ],
            [
              0.4724011039558418,
              0.9897058823529412
            ],
            [
              0.47263109475620974,
              0.9892156862745098
            ],
            [
              0.47263109475620974,
              0.9882352941176471
            ],
            [
              0.47286108555657774,
              0.9877450980392157
            ],
            [
              0.4730910763569457,
              0.9872549019607844
            ],
            [
              0.4733210671573137,
              0.986764705882353
            ],
            [
              0.47378104875804966,
              0.986764705882353
            ],
            [
              0.4742410303587857,
              0.986764705882353
            ],
            [
              0.47470101195952163,
              0.986764705882353
            ],
            [
              0.4751609935602576,
              0.986764705882353
            ],
            [
              0.47562097516099355,
              0.986764705882353
            ],
            [
              0.4760809567617295,
              0.986764705882353
            ],
            [
              0.4765409383624655,
              0.986764705882353
            ],
            [
              0.4767709291628335,
              0.9862745098039216
            ],
            [
              0.4770009199632015,
              0.9857843137254902
            ],
            [
              0.47723091076356944,
              0.9852941176470589
            ],
            [
              0.47723091076356944,
              0.984313725490196
            ],
            [
              0.47746090156393745,
              0.9838235294117647
            ],
            [
              0.47769089236430545,
              0.9833333333333333
            ],
            [
              0.4779208831646734,
              0.9828431372549019
            ],
            [
              0.4781508739650414,
              0.9823529411764705
            ],
            [
              0.47838086476540936,
              0.9818627450980392
            ],
            [
              0.4788408463661454,
              0.9818627450980392
            ],
            [
              0.47907083716651333,
              0.9813725490196078
            ],
            [
              0.47930082796688134,
              0.9808823529411764
            ],
            [
              0.4795308187672493,
              0.9803921568627451
            ],
            [
              0.4795308187672493,
              0.9794117647058823
            ],
            [
              0.4797608095676173,
              0.9789215686274509
            ],
            [
              0.4799908003679853,
              0.9784313725490196
            ],
            [
              0.48022079116835326,
              0.9779411764705882
            ],
            [
              0.48045078196872126,
              0.9774509803921568
            ],
            [
              0.4806807727690892,
              0.9769607843137255
            ],
            [
              0.4809107635694572,
              0.9764705882352941
            ],
            [
              0.48114075436982523,
              0.9759803921568627
            ],
            [
              0.4816007359705612,
              0.9759803921568627
            ],
            [
              0.48206071757129715,
              0.9759803921568627
            ],
            [
              0.48229070837166516,
              0.9754901960784313
            ],
            [
              0.4825206991720331,
              0.975
            ],
            [
              0.48298068077276907,
              0.975
            ],
            [
              0.4834406623735051,
              0.975
            ],
            [
              0.48390064397424104,
              0.975
            ],
            [
              0.484130634774609,
              0.9745098039215686
            ],
            [
              0.484360625574977,
              0.9740196078431372
            ],
            [
              0.48482060717571296,
              0.9740196078431372
            ],
            [
              0.4852805887764489,
              0.9740196078431372
            ],
            [
              0.48574057037718493,
              0.9740196078431372
            ],
            [
              0.4859705611775529,
              0.9735294117647059
            ],
            [
              0.4862005519779209,
              0.9730392156862745
            ],
            [
              0.48643054277828884,
              0.9735294117647059
            ],
            [
              0.48666053357865685,
              0.9740196078431372
            ],
            [
              0.4871205151793928,
              0.9740196078431372
            ],
            [
              0.48758049678012877,
              0.9740196078431372
            ],
            [
              0.4880404783808648,
              0.9740196078431372
            ],
            [
              0.48850045998160074,
              0.9740196078431372
            ],
            [
              0.4887304507819687,
              0.9745098039215686
            ],
            [
              0.4889604415823367,
              0.975
            ],
            [
              0.4891904323827047,
              0.9754901960784313
            ],
            [
              0.48942042318307266,
              0.9759803921568627
            ],
            [
              0.4898804047838086,
              0.9759803921568627
            ],
            [
              0.49011039558417663,
              0.9764705882352941
            ],
            [
              0.49034038638454464,
              0.9769607843137255
            ],
            [
              0.4908003679852806,
              0.9769607843137255
            ],
            [
              0.49103035878564855,
              0.9774509803921568
            ],
            [
              0.49126034958601655,
              0.9779411764705882
            ],
            [
              0.4917203311867525,
              0.9779411764705882
            ],
            [
              0.4919503219871205,
              0.9784313725490196
            ],
            [
              0.4921803127874885,
              0.9789215686274509
            ],
            [
              0.4924103035878565,
              0.9794117647058823
            ],
            [
              0.4926402943882245,
              0.9799019607843137
            ],
            [
              0.49310027598896045,
              0.9799019607843137
            ],
            [
              0.49333026678932845,
              0.9803921568627451
            ],
            [
              0.4935602575896964,
              0.9808823529411764
            ],
            [
              0.4937902483900644,
              0.9813725490196078
            ],
            [
              0.49402023919043236,
              0.9818627450980392
            ],
            [
              0.49425022999080037,
              0.9823529411764705
            ],
            [
              0.4944802207911684,
              0.9828431372549019
            ],
            [
              0.49471021159153633,
              0.9833333333333333
            ],
            [
              0.49494020239190434,
              0.9838235294117647
            ],
            [
              0.4951701931922723,
              0.984313725490196
            ],
            [
              0.49494020239190434,
              0.9848039215686275
            ],
            [
              0.49471021159153633,
              0.9852941176470589
            ],
            [
              0.49471021159153633,
              0.9862745098039216
            ],
            [
              0.49471021159153633,
              0.9872549019607844
            ],
            [
              0.49471021159153633,
              0.9882352941176471
            ],
            [
              0.49471021159153633,
              0.9892156862745098
            ],
            [
              0.49471021159153633,
              0.9901960784313726
            ],
            [
              0.49471021159153633,
              0.9911764705882353
            ],
            [
              0.49494020239190434,
              0.9916666666666667
            ],
            [
              0.4951701931922723,
              0.9921568627450981
            ],
            [
              0.4954001839926403,
              0.9926470588235294
            ],
            [
              0.4956301747930083,
              0.9931372549019608
            ],
            [
              0.49586016559337626,
              0.9936274509803922
            ],
            [
              0.49609015639374426,
              0.9941176470588236
            ],
            [
              0.49609015639374426,
              0.9950980392156863
            ],
            [
              0.49609015639374426,
              0.996078431372549
            ],
            [
              0.4963201471941122,
              0.9965686274509804
            ],
            [
              0.4965501379944802,
              0.9970588235294118
            ],
            [
              0.4963201471941122,
              0.9975490196078431
            ],
            [
              0.49609015639374426,
              0.9980392156862745
            ],
            [
              0.49586016559337626,
              0.9985294117647059
            ],
            [
              0.4954001839926403,
              0.9985294117647059
            ],
            [
              0.4951701931922723,
              0.9990196078431373
            ],
            [
              0.4855105795768169,
              0.9990196078431373
            ]
          ]
        ]
      },
      "properties": {
        "segment_id": 37,
        "area": 993,
        "bbox": [
          1027.0,
          993.0,
          52.0,
          26.0
        ],
        "iou": 0.8722180724143982,
        "stability": 0.9207729697227478,
        "auto_generated": true,
        "model": "segment_anything"
      }
    },
    {
      "type": "Feature",
      "geometry": {
        "type": "Polygon",
        "coordinates": [
          [
            [
              0.62557497700092,
              0.4083333333333333
            ],
            [
              0.624655013799448,
              0.4083333333333333
            ],
            [
              0.6239650413983441,
              0.40784313725490196
            ],
            [
              0.6232750689972401,
              0.4073529411764706
            ],
            [
              0.6223551057957681,
              0.4073529411764706
            ],
            [
              0.6218951241950322,
              0.40637254901960784
            ],
            [
              0.6209751609935602,
              0.40637254901960784
            ],
            [
              0.6202851885924563,
              0.40588235294117647
            ],
            [
              0.6195952161913524,
              0.4053921568627451
            ],
            [
              0.6186752529898804,
              0.4053921568627451
            ],
            [
              0.6182152713891444,
              0.40441176470588236
            ],
            [
              0.6172953081876725,
              0.40441176470588236
            ],
            [
              0.6163753449862005,
              0.40441176470588236
            ],
            [
              0.6154553817847286,
              0.40441176470588236
            ],
            [
              0.6145354185832567,
              0.40441176470588236
            ],
            [
              0.6138454461821528,
              0.403921568627451
            ],
            [
              0.6131554737810487,
              0.4034313725490196
            ],
            [
              0.6122355105795768,
              0.4034313725490196
            ],
            [
              0.6113155473781049,
              0.4034313725490196
            ],
            [
              0.6108555657773689,
              0.4024509803921569
            ],
            [
              0.609935602575897,
              0.4024509803921569
            ],
            [
              0.609015639374425,
              0.4024509803921569
            ],
            [
              0.608325666973321,
              0.4019607843137255
            ],
            [
              0.6076356945722171,
              0.40147058823529413
            ],
            [
              0.6067157313707452,
              0.40147058823529413
            ],
            [
              0.6060257589696412,
              0.40098039215686276
            ],
            [
              0.6053357865685373,
              0.4004901960784314
            ],
            [
              0.6044158233670653,
              0.4004901960784314
            ],
            [
              0.6034958601655934,
              0.4004901960784314
            ],
            [
              0.6030358785648574,
              0.39950980392156865
            ],
            [
              0.6021159153633855,
              0.39950980392156865
            ],
            [
              0.6011959521619136,
              0.39950980392156865
            ],
            [
              0.6002759889604415,
              0.39950980392156865
            ],
            [
              0.5998160073597056,
              0.3985294117647059
            ],
            [
              0.5988960441582337,
              0.3985294117647059
            ],
            [
              0.5979760809567617,
              0.3985294117647059
            ],
            [
              0.5970561177552898,
              0.3985294117647059
            ],
            [
              0.5963661453541859,
              0.3980392156862745
            ],
            [
              0.5956761729530818,
              0.3975490196078431
            ],
            [
              0.5952161913523459,
              0.39656862745098037
            ],
            [
              0.5947562097516099,
              0.39558823529411763
            ],
            [
              0.594296228150874,
              0.3946078431372549
            ],
            [
              0.59360625574977,
              0.3941176470588235
            ],
            [
              0.593836246550138,
              0.3926470588235294
            ],
            [
              0.594296228150874,
              0.39166666666666666
            ],
            [
              0.5949862005519779,
              0.3911764705882353
            ],
            [
              0.5956761729530818,
              0.3906862745098039
            ],
            [
              0.5961361545538179,
              0.3897058823529412
            ],
            [
              0.5970561177552898,
              0.3897058823529412
            ],
            [
              0.5979760809567617,
              0.3897058823529412
            ],
            [
              0.5988960441582337,
              0.3897058823529412
            ],
            [
              0.5998160073597056,
              0.3897058823529412
            ],
            [
              0.6005059797608095,
              0.39019607843137255
            ],
            [
              0.6011959521619136,
              0.3906862745098039
            ],
            [
              0.6021159153633855,
              0.3906862745098039
            ],
            [
              0.6030358785648574,
              0.3906862745098039
            ],
            [
              0.6039558417663293,
              0.3906862745098039
            ],
            [
              0.6044158233670653,
              0.39166666666666666
            ],
            [
              0.6053357865685373,
              0.39166666666666666
            ],
            [
              0.6062557497700092,
              0.39166666666666666
            ],
            [
              0.6071757129714811,
              0.39166666666666666
            ],
            [
              0.6080956761729531,
              0.39166666666666666
            ],
            [
              0.608785648574057,
              0.39215686274509803
            ],
            [
              0.609475620975161,
              0.3926470588235294
            ],
            [
              0.610395584176633,
              0.3926470588235294
            ],
            [
              0.6113155473781049,
              0.3926470588235294
            ],
            [
              0.6120055197792088,
              0.3931372549019608
            ],
            [
              0.6126954921803128,
              0.39362745098039215
            ],
            [
              0.6136154553817847,
              0.39362745098039215
            ],
            [
              0.6145354185832567,
              0.39362745098039215
            ],
            [
              0.6149954001839927,
              0.3946078431372549
            ],
            [
              0.6159153633854646,
              0.3946078431372549
            ],
            [
              0.6166053357865685,
              0.3941176470588235
            ],
            [
              0.6172953081876725,
              0.39362745098039215
            ],
            [
              0.6172953081876725,
              0.3926470588235294
            ],
            [
              0.6168353265869365,
              0.39166666666666666
            ],
            [
              0.6161453541858326,
              0.3911764705882353
            ],
            [
              0.6154553817847286,
              0.3906862745098039
            ],
            [
              0.6152253909843606,
              0.3892156862745098
            ],
            [
              0.6152253909843606,
              0.3872549019607843
            ],
            [
              0.6152253909843606,
              0.38529411764705884
            ],
            [
              0.6154553817847286,
              0.38382352941176473
            ],
            [
              0.6161453541858326,
              0.38333333333333336
            ],
            [
              0.6168353265869365,
              0.382843137254902
            ],
            [
              0.6177552897884084,
              0.382843137254902
            ],
            [
              0.6186752529898804,
              0.382843137254902
            ],
            [
              0.6193652253909844,
              0.38235294117647056
            ],
            [
              0.6200551977920883,
              0.3818627450980392
            ],
            [
              0.6209751609935602,
              0.3818627450980392
            ],
            [
              0.6214351425942962,
              0.38088235294117645
            ],
            [
              0.6221251149954001,
              0.3803921568627451
            ],
            [
              0.6228150873965042,
              0.3799019607843137
            ],
            [
              0.6232750689972401,
              0.37892156862745097
            ],
            [
              0.6241950321987121,
              0.37892156862745097
            ],
            [
              0.625114995400184,
              0.37892156862745097
            ],
            [
              0.6260349586016559,
              0.37892156862745097
            ],
            [
              0.6269549218031278,
              0.37892156862745097
            ],
            [
              0.6278748850045999,
              0.37892156862745097
            ],
            [
              0.6287948482060718,
              0.37892156862745097
            ],
            [
              0.6297148114075437,
              0.37892156862745097
            ],
            [
              0.6306347746090156,
              0.37892156862745097
            ],
            [
              0.6315547378104875,
              0.37892156862745097
            ],
            [
              0.6320147194112236,
              0.3779411764705882
            ],
            [
              0.6329346826126955,
              0.3779411764705882
            ],
            [
              0.6338546458141674,
              0.3779411764705882
            ],
            [
              0.6347746090156394,
              0.3779411764705882
            ],
            [
              0.6354645814167433,
              0.3784313725490196
            ],
            [
              0.6361545538178472,
              0.37892156862745097
            ],
            [
              0.6370745170193193,
              0.37892156862745097
            ],
            [
              0.6379944802207912,
              0.37892156862745097
            ],
            [
              0.6389144434222631,
              0.37892156862745097
            ],
            [
              0.639604415823367,
              0.37941176470588234
            ],
            [
              0.6391444342226311,
              0.3803921568627451
            ],
            [
              0.6386844526218951,
              0.3813725490196078
            ],
            [
              0.6386844526218951,
              0.38333333333333336
            ],
            [
              0.6382244710211592,
              0.3843137254901961
            ],
            [
              0.6382244710211592,
              0.3862745098039216
            ],
            [
              0.6377644894204232,
              0.3872549019607843
            ],
            [
              0.6377644894204232,
              0.3892156862745098
            ],
            [
              0.6373045078196872,
              0.39019607843137255
            ],
            [
              0.6368445262189513,
              0.3911764705882353
            ],
            [
              0.6361545538178472,
              0.39166666666666666
            ],
            [
              0.6354645814167433,
              0.39215686274509803
            ],
            [
              0.6347746090156394,
              0.3926470588235294
            ],
            [
              0.6340846366145354,
              0.3931372549019608
            ],
            [
              0.6336246550137995,
              0.3941176470588235
            ],
            [
              0.6331646734130635,
              0.39509803921568626
            ],
            [
              0.6327046918123275,
              0.396078431372549
            ],
            [
              0.6322447102115916,
              0.39705882352941174
            ],
            [
              0.6317847286108556,
              0.3980392156862745
            ],
            [
              0.6310947562097516,
              0.3985294117647059
            ],
            [
              0.6306347746090156,
              0.39950980392156865
            ],
            [
              0.6299448022079117,
              0.4
            ],
            [
              0.6292548298068077,
              0.4004901960784314
            ],
            [
              0.6287948482060718,
              0.40147058823529413
            ],
            [
              0.6281048758049678,
              0.4019607843137255
            ],
            [
              0.6276448942042319,
              0.40294117647058825
            ],
            [
              0.6276448942042319,
              0.40490196078431373
            ],
            [
              0.6271849126034958,
              0.40588235294117647
            ],
            [
              0.6269549218031278,
              0.4073529411764706
            ],
            [
              0.6260349586016559,
              0.4073529411764706
            ],
            [
              0.62557497700092,
              0.4083333333333333
            ]
          ]
        ]
      },
      "properties": {
        "segment_id": 38,
        "area": 1518,
        "bbox": [
          1291.0,
          386.0,
          99.0,
          30.0
        ],
        "iou": 0.8784072399139404,
        "stability": 0.9221813678741455,
        "auto_generated": true,
        "model": "segment_anything"
      }
    },
    {
      "type": "Feature",
      "geometry": {
        "type": "Polygon",
        "coordinates": [
          [
            [
              0.5945262189512419,
              0.9990196078431373
            ],
            [
              0.5919963201471942,
              0.9985294117647059
            ],
            [
              0.5892364305427783,
              0.9985294117647059
            ],
            [
              0.5869365225390984,
              0.9975490196078431
            ],
            [
              0.5862465501379944,
              0.9931372549019608
            ],
            [
              0.5867065317387304,
              0.9882352941176471
            ],
            [
              0.5871665133394665,
              0.9833333333333333
            ],
            [
              0.5880864765409384,
              0.9794117647058823
            ],
            [
              0.5892364305427783,
              0.9759803921568627
            ],
            [
              0.5906163753449862,
              0.9730392156862745
            ],
            [
              0.5919963201471942,
              0.9700980392156863
            ],
            [
              0.5931462741490341,
              0.9666666666666667
            ],
            [
              0.5947562097516099,
              0.9642156862745098
            ],
            [
              0.5961361545538179,
              0.9612745098039216
            ],
            [
              0.5979760809567617,
              0.9593137254901961
            ],
            [
              0.5998160073597056,
              0.9573529411764706
            ],
            [
              0.6021159153633855,
              0.9563725490196079
            ],
            [
              0.6041858325666973,
              0.9549019607843138
            ],
            [
              0.6060257589696412,
              0.9529411764705882
            ],
            [
              0.6080956761729531,
              0.9514705882352941
            ],
            [
              0.609935602575897,
              0.9495098039215686
            ],
            [
              0.6120055197792088,
              0.9480392156862745
            ],
            [
              0.6143054277828887,
              0.9470588235294117
            ],
            [
              0.6163753449862005,
              0.9455882352941176
            ],
            [
              0.6186752529898804,
              0.9446078431372549
            ],
            [
              0.6205151793928243,
              0.9426470588235294
            ],
            [
              0.6228150873965042,
              0.9416666666666667
            ],
            [
              0.625114995400184,
              0.9406862745098039
            ],
            [
              0.6278748850045999,
              0.9406862745098039
            ],
            [
              0.6301747930082797,
              0.9397058823529412
            ],
            [
              0.6329346826126955,
              0.9397058823529412
            ],
            [
              0.6354645814167433,
              0.9401960784313725
            ],
            [
              0.6379944802207912,
              0.9406862745098039
            ],
            [
              0.640754369825207,
              0.9406862745098039
            ],
            [
              0.6435142594296228,
              0.9406862745098039
            ],
            [
              0.6462741490340387,
              0.9406862745098039
            ],
            [
              0.6490340386384544,
              0.9406862745098039
            ],
            [
              0.6513339466421343,
              0.9416666666666667
            ],
            [
              0.6540938362465502,
              0.9416666666666667
            ],
            [
              0.65639374425023,
              0.9426470588235294
            ],
            [
              0.6591536338546458,
              0.9426470588235294
            ],
            [
              0.6619135234590616,
              0.9426470588235294
            ],
            [
              0.6646734130634775,
              0.9426470588235294
            ],
            [
              0.6669733210671573,
              0.9436274509803921
            ],
            [
              0.6697332106715731,
              0.9436274509803921
            ],
            [
              0.672493100275989,
              0.9436274509803921
            ],
            [
              0.6750229990800368,
              0.9441176470588235
            ],
            [
              0.6775528978840847,
              0.9446078431372549
            ],
            [
              0.6803127874885004,
              0.9446078431372549
            ],
            [
              0.6830726770929163,
              0.9446078431372549
            ],
            [
              0.6853725850965962,
              0.9455882352941176
            ],
            [
              0.687442502299908,
              0.9470588235294117
            ],
            [
              0.6899724011039559,
              0.9475490196078431
            ],
            [
              0.6922723091076357,
              0.9485294117647058
            ],
            [
              0.6941122355105795,
              0.9504901960784313
            ],
            [
              0.6959521619135235,
              0.9524509803921568
            ],
            [
              0.6966421343146274,
              0.9568627450980393
            ],
            [
              0.6968721251149954,
              0.9602941176470589
            ],
            [
              0.6987120515179392,
              0.9583333333333334
            ],
            [
              0.7003219871205152,
              0.9558823529411765
            ],
            [
              0.7014719411223551,
              0.9524509803921568
            ],
            [
              0.703311867525299,
              0.9524509803921568
            ],
            [
              0.7049218031278749,
              0.95
            ],
            [
              0.7063017479300828,
              0.9470588235294117
            ],
            [
              0.7079116835326587,
              0.9446078431372549
            ],
            [
              0.7102115915363385,
              0.9436274509803921
            ],
            [
              0.7129714811407544,
              0.9436274509803921
            ],
            [
              0.7157313707451702,
              0.9436274509803921
            ],
            [
              0.718491260349586,
              0.9436274509803921
            ],
            [
              0.7203311867525299,
              0.9455882352941176
            ],
            [
              0.7226310947562098,
              0.9465686274509804
            ],
            [
              0.7240110395584176,
              0.9495098039215686
            ],
            [
              0.7258509659613616,
              0.9514705882352941
            ],
            [
              0.7276908923643054,
              0.9534313725490197
            ],
            [
              0.7288408463661453,
              0.9568627450980393
            ],
            [
              0.7297608095676172,
              0.9607843137254902
            ],
            [
              0.7306807727690893,
              0.9647058823529412
            ],
            [
              0.7320607175712971,
              0.9676470588235294
            ],
            [
              0.7327506899724011,
              0.9720588235294118
            ],
            [
              0.733440662373505,
              0.9764705882352941
            ],
            [
              0.734360625574977,
              0.9803921568627451
            ],
            [
              0.734590616375345,
              0.9857843137254902
            ],
            [
              0.734820607175713,
              0.9911764705882353
            ],
            [
              0.734130634774609,
              0.9955882352941177
            ],
            [
              0.7322907083716651,
              0.9975490196078431
            ],
            [
              0.7299908003679852,
              0.9985294117647059
            ],
            [
              0.7272309107635695,
              0.9985294117647059
            ],
            [
              0.7244710211591536,
              0.9985294117647059
            ],
            [
              0.7217111315547378,
              0.9985294117647059
            ],
            [
              0.718951241950322,
              0.9985294117647059
            ],
            [
              0.7161913523459061,
              0.9985294117647059
            ],
            [
              0.7134314627414904,
              0.9985294117647059
            ],
            [
              0.7106715731370745,
              0.9985294117647059
            ],
            [
              0.7079116835326587,
              0.9985294117647059
            ],
            [
              0.7056117755289788,
              0.9975490196078431
            ],
            [
              0.703311867525299,
              0.9985294117647059
            ],
            [
              0.7005519779208832,
              0.9985294117647059
            ],
            [
              0.6991720331186753,
              0.9965686274509804
            ],
            [
              0.7003219871205152,
              0.9931372549019608
            ],
            [
              0.6982520699172033,
              0.9916666666666667
            ],
            [
              0.6954921803127875,
              0.9916666666666667
            ],
            [
              0.6927322907083716,
              0.9916666666666667
            ],
            [
              0.6915823367065317,
              0.9950980392156863
            ],
            [
              0.6899724011039559,
              0.9975490196078431
            ],
            [
              0.687672493100276,
              0.9985294117647059
            ],
            [
              0.6853725850965962,
              0.9975490196078431
            ],
            [
              0.6830726770929163,
              0.9985294117647059
            ],
            [
              0.6803127874885004,
              0.9985294117647059
            ],
            [
              0.5945262189512419,
              0.9990196078431373
            ]
          ]
        ]
      },
      "properties": {
        "segment_id": 39,
        "area": 16273,
        "bbox": [
          1275.0,
          959.0,
          322.0,
          60.0
        ],
        "iou": 0.9420498609542847,
        "stability": 0.9259303212165833,
        "auto_generated": true,
        "model": "segment_anything"
      }
    },
    {
      "type": "Feature",
      "geometry": {
        "type": "Polygon",
        "coordinates": [
          [
            [
              0.6897424103035878,
              0.9901960784313726
            ],
            [
              0.6899724011039559,
              0.9897058823529412
            ],
            [
              0.6904323827046918,
              0.9897058823529412
            ],
            [
              0.6906623735050598,
              0.9892156862745098
            ],
            [
              0.6908923643054278,
              0.9887254901960785
            ],
            [
              0.6911223551057958,
              0.9882352941176471
            ],
            [
              0.6911223551057958,
              0.9872549019607844
            ],
            [
              0.6911223551057958,
              0.9862745098039216
            ],
            [
              0.6911223551057958,
              0.9852941176470589
            ],
            [
              0.6911223551057958,
              0.984313725490196
            ],
            [
              0.6908923643054278,
              0.9838235294117647
            ],
            [
              0.6906623735050598,
              0.9833333333333333
            ],
            [
              0.6904323827046918,
              0.9828431372549019
            ],
            [
              0.6899724011039559,
              0.9828431372549019
            ],
            [
              0.6895124195032198,
              0.9828431372549019
            ],
            [
              0.6890524379024839,
              0.9828431372549019
            ],
            [
              0.6885924563017479,
              0.9828431372549019
            ],
            [
              0.6881324747010119,
              0.9828431372549019
            ],
            [
              0.687672493100276,
              0.9828431372549019
            ],
            [
              0.68721251149954,
              0.9828431372549019
            ],
            [
              0.686982520699172,
              0.9823529411764705
            ],
            [
              0.6867525298988041,
              0.9818627450980392
            ],
            [
              0.6862925482980681,
              0.9818627450980392
            ],
            [
              0.6858325666973321,
              0.9818627450980392
            ],
            [
              0.6853725850965962,
              0.9818627450980392
            ],
            [
              0.6849126034958601,
              0.9818627450980392
            ],
            [
              0.6844526218951242,
              0.9818627450980392
            ],
            [
              0.6839926402943882,
              0.9818627450980392
            ],
            [
              0.6835326586936522,
              0.9818627450980392
            ],
            [
              0.6830726770929163,
              0.9818627450980392
            ],
            [
              0.6826126954921803,
              0.9818627450980392
            ],
            [
              0.6821527138914444,
              0.9818627450980392
            ],
            [
              0.6819227230910764,
              0.9823529411764705
            ],
            [
              0.6816927322907084,
              0.9828431372549019
            ],
            [
              0.6812327506899724,
              0.9828431372549019
            ],
            [
              0.6810027598896045,
              0.9833333333333333
            ],
            [
              0.6810027598896045,
              0.984313725490196
            ],
            [
              0.6810027598896045,
              0.9852941176470589
            ],
            [
              0.6810027598896045,
              0.9862745098039216
            ],
            [
              0.6812327506899724,
              0.986764705882353
            ],
            [
              0.6816927322907084,
              0.986764705882353
            ],
            [
              0.6819227230910764,
              0.9872549019607844
            ],
            [
              0.6821527138914444,
              0.9877450980392157
            ],
            [
              0.6823827046918123,
              0.9882352941176471
            ],
            [
              0.6826126954921803,
              0.9887254901960785
            ],
            [
              0.6830726770929163,
              0.9887254901960785
            ],
            [
              0.6835326586936522,
              0.9887254901960785
            ],
            [
              0.6837626494940202,
              0.9892156862745098
            ],
            [
              0.6839926402943882,
              0.9897058823529412
            ],
            [
              0.6844526218951242,
              0.9897058823529412
            ],
            [
              0.6849126034958601,
              0.9897058823529412
            ],
            [
              0.6851425942962281,
              0.9901960784313726
            ],
            [
              0.6853725850965962,
              0.990686274509804
            ],
            [
              0.6858325666973321,
              0.990686274509804
            ],
            [
              0.6862925482980681,
              0.990686274509804
            ],
            [
              0.6867525298988041,
              0.990686274509804
            ],
            [
              0.68721251149954,
              0.990686274509804
            ],
            [
              0.687672493100276,
              0.990686274509804
            ],
            [
              0.6881324747010119,
              0.990686274509804
            ],
            [
              0.6885924563017479,
              0.990686274509804
            ],
            [
              0.6890524379024839,
              0.990686274509804
            ],
            [
              0.6895124195032198,
              0.990686274509804
            ],
            [
              0.6897424103035878,
              0.9901960784313726
            ],
            [
              0.6897424103035878,
              0.9901960784313726
            ]
          ]
        ]
      },
      "properties": {
        "segment_id": 39,
        "area": 16273,
        "bbox": [
          1275.0,
          959.0,
          322.0,
          60.0
        ],
        "iou": 0.9420498609542847,
        "stability": 0.9259303212165833,
        "auto_generated": true,
        "model": "segment_anything"
      }
    },
    {
      "type": "Feature",
      "geometry": {
        "type": "Polygon",
        "coordinates": [
          [
            [
              0.999540018399264,
              0.8808823529411764
            ],
            [
              0.9981600735970562,
              0.8808823529411764
            ],
            [
              0.9967801287948482,
              0.8808823529411764
            ],
            [
              0.9954001839926403,
              0.8808823529411764
            ],
            [
              0.9944802207911684,
              0.8799019607843137
            ],
            [
              0.9931002759889604,
              0.8799019607843137
            ],
            [
              0.9921803127874885,
              0.8808823529411764
            ],
            [
              0.9908003679852806,
              0.8808823529411764
            ],
            [
              0.9898804047838087,
              0.8818627450980392
            ],
            [
              0.9885004599816007,
              0.8818627450980392
            ],
            [
              0.9875804967801288,
              0.8808823529411764
            ],
            [
              0.9862005519779209,
              0.8808823529411764
            ],
            [
              0.985280588776449,
              0.8799019607843137
            ],
            [
              0.983900643974241,
              0.8799019607843137
            ],
            [
              0.9829806807727691,
              0.878921568627451
            ],
            [
              0.9816007359705612,
              0.878921568627451
            ],
            [
              0.9806807727690893,
              0.8779411764705882
            ],
            [
              0.9797608095676172,
              0.8769607843137255
            ],
            [
              0.9788408463661453,
              0.8759803921568627
            ],
            [
              0.9779208831646734,
              0.875
            ],
            [
              0.9770009199632015,
              0.8740196078431373
            ],
            [
              0.9760809567617296,
              0.8730392156862745
            ],
            [
              0.9753909843606255,
              0.8715686274509804
            ],
            [
              0.9747010119595216,
              0.8700980392156863
            ],
            [
              0.9737810487580497,
              0.8691176470588236
            ],
            [
              0.9730910763569457,
              0.8676470588235294
            ],
            [
              0.9721711131554738,
              0.8666666666666667
            ],
            [
              0.9714811407543699,
              0.8651960784313726
            ],
            [
              0.9705611775528978,
              0.8642156862745098
            ],
            [
              0.9696412143514259,
              0.8632352941176471
            ],
            [
              0.968491260349586,
              0.8627450980392157
            ],
            [
              0.9673413063477461,
              0.8622549019607844
            ],
            [
              0.9664213431462741,
              0.8612745098039216
            ],
            [
              0.9655013799448022,
              0.8602941176470589
            ],
            [
              0.9648114075436982,
              0.8588235294117647
            ],
            [
              0.9638914443422263,
              0.8578431372549019
            ],
            [
              0.9629714811407544,
              0.8568627450980392
            ],
            [
              0.9618215271389144,
              0.8563725490196078
            ],
            [
              0.9609015639374425,
              0.8553921568627451
            ],
            [
              0.9597516099356026,
              0.8549019607843137
            ],
            [
              0.9590616375344986,
              0.8534313725490196
            ],
            [
              0.9583716651333947,
              0.8519607843137255
            ],
            [
              0.9576816927322908,
              0.8504901960784313
            ],
            [
              0.9565317387304508,
              0.85
            ],
            [
              0.9553817847286109,
              0.8495098039215686
            ],
            [
              0.9544618215271389,
              0.8485294117647059
            ],
            [
              0.953771849126035,
              0.8470588235294118
            ],
            [
              0.952621895124195,
              0.8465686274509804
            ],
            [
              0.9517019319227231,
              0.8455882352941176
            ],
            [
              0.9507819687212512,
              0.8446078431372549
            ],
            [
              0.9498620055197792,
              0.8436274509803922
            ],
            [
              0.9489420423183073,
              0.8426470588235294
            ],
            [
              0.9477920883164673,
              0.842156862745098
            ],
            [
              0.9466421343146274,
              0.8416666666666667
            ],
            [
              0.9459521619135235,
              0.8401960784313726
            ],
            [
              0.9454921803127875,
              0.8382352941176471
            ],
            [
              0.9454921803127875,
              0.8352941176470589
            ],
            [
              0.9459521619135235,
              0.8333333333333334
            ],
            [
              0.9471021159153634,
              0.832843137254902
            ],
            [
              0.9482520699172033,
              0.8323529411764706
            ],
            [
              0.9494020239190433,
              0.8318627450980393
            ],
            [
              0.9503219871205152,
              0.8308823529411765
            ],
            [
              0.9512419503219871,
              0.8299019607843138
            ],
            [
              0.952161913523459,
              0.828921568627451
            ],
            [
              0.953541858325667,
              0.828921568627451
            ],
            [
              0.9549218031278749,
              0.828921568627451
            ],
            [
              0.9563017479300828,
              0.828921568627451
            ],
            [
              0.9576816927322908,
              0.828921568627451
            ],
            [
              0.9590616375344986,
              0.828921568627451
            ],
            [
              0.9604415823367065,
              0.828921568627451
            ],
            [
              0.9613615455381784,
              0.8299019607843138
            ],
            [
              0.9627414903403864,
              0.8299019607843138
            ],
            [
              0.9636614535418583,
              0.8308823529411765
            ],
            [
              0.9650413983440662,
              0.8308823529411765
            ],
            [
              0.9659613615455381,
              0.8318627450980393
            ],
            [
              0.9668813247470102,
              0.832843137254902
            ],
            [
              0.9680312787488501,
              0.8333333333333334
            ],
            [
              0.968721251149954,
              0.8348039215686275
            ],
            [
              0.9694112235510579,
              0.8362745098039216
            ],
            [
              0.9705611775528978,
              0.836764705882353
            ],
            [
              0.9714811407543699,
              0.8377450980392157
            ],
            [
              0.9728610855565777,
              0.8377450980392157
            ],
            [
              0.9737810487580497,
              0.8387254901960784
            ],
            [
              0.9751609935602575,
              0.8387254901960784
            ],
            [
              0.9760809567617296,
              0.8397058823529412
            ],
            [
              0.9774609015639374,
              0.8397058823529412
            ],
            [
              0.9783808647654094,
              0.8406862745098039
            ],
            [
              0.9797608095676172,
              0.8406862745098039
            ],
            [
              0.9806807727690893,
              0.8416666666666667
            ],
            [
              0.9820607175712971,
              0.8416666666666667
            ],
            [
              0.9829806807727691,
              0.8426470588235294
            ],
            [
              0.984360625574977,
              0.8426470588235294
            ],
            [
              0.985280588776449,
              0.8436274509803922
            ],
            [
              0.9864305427782889,
              0.8441176470588235
            ],
            [
              0.9873505059797608,
              0.8450980392156863
            ],
            [
              0.9885004599816007,
              0.8455882352941176
            ],
            [
              0.9894204231830727,
              0.8465686274509804
            ],
            [
              0.9908003679852806,
              0.8465686274509804
            ],
            [
              0.9917203311867525,
              0.8475490196078431
            ],
            [
              0.9926402943882244,
              0.8485294117647059
            ],
            [
              0.9937902483900644,
              0.8490196078431372
            ],
            [
              0.9949402023919043,
              0.8495098039215686
            ],
            [
              0.9958601655933763,
              0.8504901960784313
            ],
            [
              0.9967801287948482,
              0.8514705882352941
            ],
            [
              0.9977000919963201,
              0.8524509803921568
            ],
            [
              0.9986200551977921,
              0.8534313725490196
            ],
            [
              0.999540018399264,
              0.8808823529411764
            ]
          ]
        ]
      },
      "properties": {
        "segment_id": 40,
        "area": 3324,
        "bbox": [
          2056.0,
          846.0,
          117.0,
          53.0
        ],
        "iou": 0.8964134454727173,
        "stability": 0.9442059993743896,
        "auto_generated": true,
        "model": "segment_anything"
      }
    },
    {
      "type": "Feature",
      "geometry": {
        "type": "Polygon",
        "coordinates": [
          [
            [
              0.9602115915363385,
              0.9990196078431373
            ],
            [
              0.9586016559337627,
              0.9985294117647059
            ],
            [
              0.9572217111315547,
              0.9975490196078431
            ],
            [
              0.9558417663293468,
              0.9965686274509804
            ],
            [
              0.9551517939282429,
              0.9941176470588236
            ],
            [
              0.9546918123275069,
              0.9911764705882353
            ],
            [
              0.954231830726771,
              0.9882352941176471
            ],
            [
              0.9546918123275069,
              0.9852941176470589
            ],
            [
              0.954001839926403,
              0.9828431372549019
            ],
            [
              0.952621895124195,
              0.9818627450980392
            ],
            [
              0.9510119595216191,
              0.9813725490196078
            ],
            [
              0.9494020239190433,
              0.9808823529411764
            ],
            [
              0.9475620975160993,
              0.9808823529411764
            ],
            [
              0.9461821527138914,
              0.9799019607843137
            ],
            [
              0.9443422263109476,
              0.9799019607843137
            ],
            [
              0.9425022999080037,
              0.9799019607843137
            ],
            [
              0.9411223551057958,
              0.9789215686274509
            ],
            [
              0.9392824287028518,
              0.9789215686274509
            ],
            [
              0.937902483900644,
              0.9799019607843137
            ],
            [
              0.9362925482980681,
              0.9794117647058823
            ],
            [
              0.9346826126954921,
              0.9789215686274509
            ],
            [
              0.9328426862925483,
              0.9789215686274509
            ],
            [
              0.9314627414903404,
              0.9779411764705882
            ],
            [
              0.9300827966881324,
              0.9769607843137255
            ],
            [
              0.9287028518859246,
              0.9759803921568627
            ],
            [
              0.9273229070837167,
              0.975
            ],
            [
              0.9259429622815087,
              0.9740196078431372
            ],
            [
              0.9247930082796688,
              0.9725490196078431
            ],
            [
              0.9234130634774609,
              0.9715686274509804
            ],
            [
              0.921803127874885,
              0.971078431372549
            ],
            [
              0.9206531738730451,
              0.9696078431372549
            ],
            [
              0.9192732290708372,
              0.9686274509803922
            ],
            [
              0.9181232750689973,
              0.967156862745098
            ],
            [
              0.9167433302667893,
              0.9661764705882353
            ],
            [
              0.9153633854645814,
              0.9651960784313726
            ],
            [
              0.9139834406623735,
              0.9642156862745098
            ],
            [
              0.9126034958601656,
              0.9632352941176471
            ],
            [
              0.9112235510579577,
              0.9622549019607843
            ],
            [
              0.9098436062557498,
              0.9612745098039216
            ],
            [
              0.9089236430542779,
              0.9593137254901961
            ],
            [
              0.9080036798528058,
              0.9573529411764706
            ],
            [
              0.9070837166513339,
              0.9553921568627451
            ],
            [
              0.9075436982520699,
              0.9534313725490197
            ],
            [
              0.9089236430542779,
              0.9524509803921568
            ],
            [
              0.9103035878564857,
              0.9514705882352941
            ],
            [
              0.9116835326586936,
              0.9504901960784313
            ],
            [
              0.9132934682612696,
              0.95
            ],
            [
              0.9149034038638455,
              0.9495098039215686
            ],
            [
              0.9162833486660533,
              0.9485294117647058
            ],
            [
              0.9181232750689973,
              0.9485294117647058
            ],
            [
              0.9199632014719411,
              0.9485294117647058
            ],
            [
              0.921573137074517,
              0.9490196078431372
            ],
            [
              0.922723091076357,
              0.9504901960784313
            ],
            [
              0.9241030358785649,
              0.9514705882352941
            ],
            [
              0.9259429622815087,
              0.9514705882352941
            ],
            [
              0.9277828886844526,
              0.9514705882352941
            ],
            [
              0.9296228150873965,
              0.9514705882352941
            ],
            [
              0.9310027598896045,
              0.9524509803921568
            ],
            [
              0.9328426862925483,
              0.9524509803921568
            ],
            [
              0.9346826126954921,
              0.9524509803921568
            ],
            [
              0.9362925482980681,
              0.9519607843137254
            ],
            [
              0.937902483900644,
              0.9514705882352941
            ],
            [
              0.9397424103035878,
              0.9514705882352941
            ],
            [
              0.9411223551057958,
              0.9524509803921568
            ],
            [
              0.9429622815087396,
              0.9524509803921568
            ],
            [
              0.9443422263109476,
              0.9534313725490197
            ],
            [
              0.9457221711131555,
              0.9524509803921568
            ],
            [
              0.9466421343146274,
              0.9504901960784313
            ],
            [
              0.9480220791168353,
              0.9495098039215686
            ],
            [
              0.9494020239190433,
              0.9485294117647058
            ],
            [
              0.9507819687212512,
              0.9475490196078431
            ],
            [
              0.952621895124195,
              0.9475490196078431
            ],
            [
              0.9544618215271389,
              0.9475490196078431
            ],
            [
              0.9558417663293468,
              0.9485294117647058
            ],
            [
              0.9576816927322908,
              0.9485294117647058
            ],
            [
              0.9595216191352346,
              0.9485294117647058
            ],
            [
              0.9613615455381784,
              0.9485294117647058
            ],
            [
              0.9632014719411224,
              0.9485294117647058
            ],
            [
              0.9648114075436982,
              0.9480392156862745
            ],
            [
              0.9664213431462741,
              0.9475490196078431
            ],
            [
              0.968261269549218,
              0.9475490196078431
            ],
            [
              0.9701011959521619,
              0.9475490196078431
            ],
            [
              0.9719411223551058,
              0.9475490196078431
            ],
            [
              0.9737810487580497,
              0.9475490196078431
            ],
            [
              0.9753909843606255,
              0.9480392156862745
            ],
            [
              0.9767709291628335,
              0.9490196078431372
            ],
            [
              0.9779208831646734,
              0.9504901960784313
            ],
            [
              0.9793008279668813,
              0.9514705882352941
            ],
            [
              0.9806807727690893,
              0.9524509803921568
            ],
            [
              0.9820607175712971,
              0.9534313725490197
            ],
            [
              0.9829806807727691,
              0.9553921568627451
            ],
            [
              0.984820607175713,
              0.9553921568627451
            ],
            [
              0.9862005519779209,
              0.9563725490196079
            ],
            [
              0.9873505059797608,
              0.957843137254902
            ],
            [
              0.9885004599816007,
              0.9593137254901961
            ],
            [
              0.9898804047838087,
              0.9602941176470589
            ],
            [
              0.9908003679852806,
              0.9622549019607843
            ],
            [
              0.9919503219871205,
              0.9637254901960784
            ],
            [
              0.9933302667893285,
              0.9647058823529412
            ],
            [
              0.9949402023919043,
              0.9651960784313726
            ],
            [
              0.9963201471941122,
              0.9661764705882353
            ],
            [
              0.9977000919963201,
              0.967156862745098
            ],
            [
              0.9990800367985281,
              0.9681372549019608
            ],
            [
              0.9602115915363385,
              0.9990196078431373
            ]
          ]
        ]
      },
      "properties": {
        "segment_id": 41,
        "area": 7014,
        "bbox": [
          1972.0,
          967.0,
          201.0,
          52.0
        ],
        "iou": 0.8778839111328125,
        "stability": 0.9518139958381653,
        "auto_generated": true,
        "model": "segment_anything"
      }
    },
    {
      "type": "Feature",
      "geometry": {
        "type": "Polygon",
        "coordinates": [
          [
            [
              0.007129714811407544,
              0.0
            ],
            [
              0.007129714811407544,
              0.00196078431372549
            ],
            [
              0.0078196872125115,
              0.0024509803921568627
            ],
            [
              0.008739650413983441,
              0.0024509803921568627
            ],
            [
              0.009659613615455382,
              0.0024509803921568627
            ],
            [
              0.010349586016559338,
              0.0029411764705882353
            ],
            [
              0.011039558417663294,
              0.003431372549019608
            ],
            [
              0.011959521619135235,
              0.003431372549019608
            ],
            [
              0.012879484820607176,
              0.003431372549019608
            ],
            [
              0.013799448022079117,
              0.003431372549019608
            ],
            [
              0.014719411223551058,
              0.003431372549019608
            ],
            [
              0.015639374425023,
              0.003431372549019608
            ],
            [
              0.01655933762649494,
              0.003431372549019608
            ],
            [
              0.017249310027598896,
              0.0029411764705882353
            ],
            [
              0.017939282428702852,
              0.0024509803921568627
            ],
            [
              0.018859245630174794,
              0.0024509803921568627
            ],
            [
              0.019779208831646734,
              0.0024509803921568627
            ],
            [
              0.020699172033118676,
              0.0024509803921568627
            ],
            [
              0.021619135234590615,
              0.0024509803921568627
            ],
            [
              0.022539098436062558,
              0.0024509803921568627
            ],
            [
              0.023459061637534497,
              0.0024509803921568627
            ],
            [
              0.02437902483900644,
              0.0024509803921568627
            ],
            [
              0.025298988040478382,
              0.0024509803921568627
            ],
            [
              0.02621895124195032,
              0.0024509803921568627
            ],
            [
              0.027138914443422264,
              0.0024509803921568627
            ],
            [
              0.028058877644894203,
              0.0024509803921568627
            ],
            [
              0.028978840846366146,
              0.0024509803921568627
            ],
            [
              0.029898804047838085,
              0.0024509803921568627
            ],
            [
              0.030818767249310028,
              0.0024509803921568627
            ],
            [
              0.03150873965041398,
              0.0029411764705882353
            ],
            [
              0.03219871205151794,
              0.003431372549019608
            ],
            [
              0.03311867525298988,
              0.003431372549019608
            ],
            [
              0.03380864765409384,
              0.0029411764705882353
            ],
            [
              0.03449862005519779,
              0.0024509803921568627
            ],
            [
              0.03541858325666973,
              0.0024509803921568627
            ],
            [
              0.03633854645814168,
              0.0024509803921568627
            ],
            [
              0.037258509659613616,
              0.0024509803921568627
            ],
            [
              0.038178472861085555,
              0.0024509803921568627
            ],
            [
              0.0390984360625575,
              0.0024509803921568627
            ],
            [
              0.04001839926402944,
              0.0024509803921568627
            ],
            [
              0.04093836246550138,
              0.0024509803921568627
            ],
            [
              0.04185832566697332,
              0.0024509803921568627
            ],
            [
              0.042778288868445265,
              0.0024509803921568627
            ],
            [
              0.043698252069917204,
              0.0024509803921568627
            ],
            [
              0.04461821527138914,
              0.0024509803921568627
            ],
            [
              0.0453081876724931,
              0.0029411764705882353
            ],
            [
              0.045998160073597055,
              0.003431372549019608
            ],
            [
              0.046918123275068994,
              0.003431372549019608
            ],
            [
              0.04783808647654094,
              0.003431372549019608
            ],
            [
              0.04875804967801288,
              0.003431372549019608
            ],
            [
              0.04967801287948482,
              0.003431372549019608
            ],
            [
              0.05013799448022079,
              0.0024509803921568627
            ],
            [
              0.05105795768169273,
              0.0024509803921568627
            ],
            [
              0.05197792088316467,
              0.0024509803921568627
            ],
            [
              0.052897884084636616,
              0.0024509803921568627
            ],
            [
              0.053817847286108556,
              0.0024509803921568627
            ],
            [
              0.054737810487580495,
              0.0024509803921568627
            ],
            [
              0.05565777368905244,
              0.0024509803921568627
            ],
            [
              0.05657773689052438,
              0.0024509803921568627
            ],
            [
              0.05749770009199632,
              0.0024509803921568627
            ],
            [
              0.05841766329346826,
              0.0024509803921568627
            ],
            [
              0.059337626494940204,
              0.0024509803921568627
            ],
            [
              0.05979760809567617,
              0.003431372549019608
            ],
            [
              0.06071757129714812,
              0.003431372549019608
            ],
            [
              0.061637534498620056,
              0.003431372549019608
            ],
            [
              0.062557497700092,
              0.003431372549019608
            ],
            [
              0.06347746090156393,
              0.003431372549019608
            ],
            [
              0.06439742410303588,
              0.003431372549019608
            ],
            [
              0.06508739650413983,
              0.0029411764705882353
            ],
            [
              0.06577736890524379,
              0.0024509803921568627
            ],
            [
              0.06669733210671573,
              0.0024509803921568627
            ],
            [
              0.06761729530818768,
              0.0024509803921568627
            ],
            [
              0.06853725850965961,
              0.0024509803921568627
            ],
            [
              0.06945722171113156,
              0.0024509803921568627
            ],
            [
              0.0703771849126035,
              0.0024509803921568627
            ],
            [
              0.07129714811407543,
              0.0024509803921568627
            ],
            [
              0.07221711131554738,
              0.0024509803921568627
            ],
            [
              0.07313707451701931,
              0.0024509803921568627
            ],
            [
              0.07405703771849126,
              0.0024509803921568627
            ],
            [
              0.0749770009199632,
              0.0024509803921568627
            ],
            [
              0.07589696412143514,
              0.0024509803921568627
            ],
            [
              0.07681692732290708,
              0.0024509803921568627
            ],
            [
              0.07750689972401104,
              0.0029411764705882353
            ],
            [
              0.078196872125115,
              0.003431372549019608
            ],
            [
              0.07911683532658693,
              0.003431372549019608
            ],
            [
              0.08003679852805888,
              0.003431372549019608
            ],
            [
              0.08049678012879485,
              0.0024509803921568627
            ],
            [
              0.08141674333026679,
              0.0024509803921568627
            ],
            [
              0.08233670653173873,
              0.0024509803921568627
            ],
            [
              0.08325666973321068,
              0.0024509803921568627
            ],
            [
              0.08417663293468261,
              0.0024509803921568627
            ],
            [
              0.08509659613615456,
              0.0024509803921568627
            ],
            [
              0.08601655933762649,
              0.0024509803921568627
            ],
            [
              0.08693652253909843,
              0.0024509803921568627
            ],
            [
              0.08785648574057038,
              0.0024509803921568627
            ],
            [
              0.08877644894204231,
              0.0024509803921568627
            ],
            [
              0.08969641214351426,
              0.0024509803921568627
            ],
            [
              0.0906163753449862,
              0.0024509803921568627
            ],
            [
              0.09153633854645814,
              0.0024509803921568627
            ],
            [
              0.09245630174793008,
              0.0024509803921568627
            ],
            [
              0.09337626494940203,
              0.0024509803921568627
            ],
            [
              0.09429622815087396,
              0.0024509803921568627
            ],
            [
              0.09475620975160993,
              0.003431372549019608
            ],
            [
              0.09544618215271389,
              0.0029411764705882353
            ],
            [
              0.09613615455381785,
              0.0024509803921568627
            ],
            [
              0.09705611775528979,
              0.0024509803921568627
            ],
            [
              0.09797608095676173,
              0.0024509803921568627
            ],
            [
              0.09889604415823366,
              0.0024509803921568627
            ],
            [
              0.09912603495860166,
              0.000980392156862745
            ],
            [
              0.007129714811407544,
              0.0
            ]
          ]
        ]
      },
      "properties": {
        "segment_id": 42,
        "area": 526401,
        "bbox": [
          0.0,
          0.0,
          2173.0,
          255.0
        ],
        "iou": 1.0160044431686401,
        "stability": 0.9764503240585327,
        "auto_generated": true,
        "model": "segment_anything"
      }
    },
    {
      "type": "Feature",
      "geometry": {
        "type": "Polygon",
        "coordinates": [
          [
            [
              0.10004599816007359,
              0.0
            ],
            [
              0.10671573137074516,
              0.003431372549019608
            ],
            [
              0.11453541858325667,
              0.0024509803921568627
            ],
            [
              0.12235510579576817,
              0.003431372549019608
            ],
            [
              0.13017479300827967,
              0.0024509803921568627
            ],
            [
              0.13799448022079117,
              0.003431372549019608
            ],
            [
              0.14581416743330267,
              0.0024509803921568627
            ],
            [
              0.15363385464581417,
              0.003431372549019608
            ],
            [
              0.16168353265869365,
              0.0029411764705882353
            ],
            [
              0.16927322907083717,
              0.003431372549019608
            ],
            [
              0.17709291628334867,
              0.0024509803921568627
            ],
            [
              0.18491260349586017,
              0.003431372549019608
            ],
            [
              0.19273229070837167,
              0.0024509803921568627
            ],
            [
              0.20055197792088317,
              0.003431372549019608
            ],
            [
              0.20883164673413063,
              0.003431372549019608
            ],
            [
              0.21711131554737811,
              0.003431372549019608
            ],
            [
              0.22539098436062557,
              0.003431372549019608
            ],
            [
              0.23367065317387303,
              0.003431372549019608
            ],
            [
              0.24195032198712052,
              0.003431372549019608
            ],
            [
              0.250229990800368,
              0.003431372549019608
            ],
            [
              0.25850965961361544,
              0.003431372549019608
            ],
            [
              0.2667893284268629,
              0.003431372549019608
            ],
            [
              0.2750689972401104,
              0.003431372549019608
            ],
            [
              0.28334866605335784,
              0.003431372549019608
            ],
            [
              0.29162833486660533,
              0.003431372549019608
            ],
            [
              0.2999080036798528,
              0.003431372549019608
            ],
            [
              0.30818767249310025,
              0.003431372549019608
            ],
            [
              0.31646734130634774,
              0.003431372549019608
            ],
            [
              0.3247470101195952,
              0.003431372549019608
            ],
            [
              0.3330266789328427,
              0.003431372549019608
            ],
            [
              0.34130634774609014,
              0.003431372549019608
            ],
            [
              0.34958601655933763,
              0.003431372549019608
            ],
            [
              0.3578656853725851,
              0.003431372549019608
            ],
            [
              0.36614535418583255,
              0.003431372549019608
            ],
            [
              0.37442502299908004,
              0.003431372549019608
            ],
            [
              0.3827046918123275,
              0.003431372549019608
            ],
            [
              0.39098436062557496,
              0.003431372549019608
            ],
            [
              0.39926402943882244,
              0.003431372549019608
            ],
            [
              0.40754369825206993,
              0.003431372549019608
            ],
            [
              0.41582336706531736,
              0.003431372549019608
            ],
            [
              0.42410303587856485,
              0.003431372549019608
            ],
            [
              0.43238270469181234,
              0.003431372549019608
            ],
            [
              0.4406623735050598,
              0.003431372549019608
            ],
            [
              0.44894204231830726,
              0.003431372549019608
            ],
            [
              0.45722171113155474,
              0.003431372549019608
            ],
            [
              0.46550137994480223,
              0.003431372549019608
            ],
            [
              0.47378104875804966,
              0.003431372549019608
            ],
            [
              0.48206071757129715,
              0.003431372549019608
            ],
            [
              0.49034038638454464,
              0.003431372549019608
            ],
            [
              0.49862005519779207,
              0.003431372549019608
            ],
            [
              0.5068997240110396,
              0.003431372549019608
            ],
            [
              0.515179392824287,
              0.003431372549019608
            ],
            [
              0.5225390984360626,
              0.003431372549019608
            ],
            [
              0.53081876724931,
              0.003431372549019608
            ],
            [
              0.5390984360625575,
              0.003431372549019608
            ],
            [
              0.547378104875805,
              0.003431372549019608
            ],
            [
              0.5556577736890524,
              0.003431372549019608
            ],
            [
              0.5639374425022999,
              0.003431372549019608
            ],
            [
              0.5722171113155474,
              0.003431372549019608
            ],
            [
              0.5793468261269549,
              0.00392156862745098
            ],
            [
              0.5860165593376265,
              0.003431372549019608
            ],
            [
              0.594296228150874,
              0.003431372549019608
            ],
            [
              0.6016559337626495,
              0.003431372549019608
            ],
            [
              0.609935602575897,
              0.003431372549019608
            ],
            [
              0.6172953081876725,
              0.003431372549019608
            ],
            [
              0.62557497700092,
              0.003431372549019608
            ],
            [
              0.6338546458141674,
              0.003431372549019608
            ],
            [
              0.6419043238270469,
              0.00392156862745098
            ],
            [
              0.6494940202391905,
              0.003431372549019608
            ],
            [
              0.6573137074517019,
              0.004411764705882353
            ],
            [
              0.6651333946642134,
              0.003431372549019608
            ],
            [
              0.672953081876725,
              0.004411764705882353
            ],
            [
              0.6807727690892365,
              0.003431372549019608
            ],
            [
              0.6885924563017479,
              0.004411764705882353
            ],
            [
              0.6964121435142594,
              0.003431372549019608
            ],
            [
              0.704231830726771,
              0.004411764705882353
            ],
            [
              0.7120515179392825,
              0.003431372549019608
            ],
            [
              0.7198712051517939,
              0.004411764705882353
            ],
            [
              0.7276908923643054,
              0.003431372549019608
            ],
            [
              0.735510579576817,
              0.004411764705882353
            ],
            [
              0.7433302667893285,
              0.003431372549019608
            ],
            [
              0.7511499540018399,
              0.004411764705882353
            ],
            [
              0.7589696412143514,
              0.003431372549019608
            ],
            [
              0.7667893284268629,
              0.004411764705882353
            ],
            [
              0.7746090156393745,
              0.003431372549019608
            ],
            [
              0.7824287028518859,
              0.004411764705882353
            ],
            [
              0.7893284268629255,
              0.003431372549019608
            ],
            [
              0.796688132474701,
              0.003431372549019608
            ],
            [
              0.8042778288868445,
              0.0029411764705882353
            ],
            [
              0.8114075436982521,
              0.003431372549019608
            ],
            [
              0.8192272309107635,
              0.0024509803921568627
            ],
            [
              0.8265869365225391,
              0.0024509803921568627
            ],
            [
              0.8332566697332107,
              0.0029411764705882353
            ],
            [
              0.8403863845446182,
              0.0024509803921568627
            ],
            [
              0.8482060717571297,
              0.003431372549019608
            ],
            [
              0.8551057957681693,
              0.0024509803921568627
            ],
            [
              0.8629254829806807,
              0.003431372549019608
            ],
            [
              0.8700551977920883,
              0.0029411764705882353
            ],
            [
              0.8776448942042319,
              0.003431372549019608
            ],
            [
              0.8850045998160073,
              0.003431372549019608
            ],
            [
              0.8923643054277829,
              0.003431372549019608
            ],
            [
              0.8997240110395585,
              0.003431372549019608
            ],
            [
              0.9075436982520699,
              0.004411764705882353
            ],
            [
              0.9153633854645814,
              0.003431372549019608
            ],
            [
              0.10004599816007359,
              0.0
            ]
          ]
        ]
      },
      "properties": {
        "segment_id": 42,
        "area": 526401,
        "bbox": [
          0.0,
          0.0,
          2173.0,
          255.0
        ],
        "iou": 1.0160044431686401,
        "stability": 0.9764503240585327,
        "auto_generated": true,
        "model": "segment_anything"
      }
    },
    {
      "type": "Feature",
      "geometry": {
        "type": "Polygon",
        "coordinates": [
          [
            [
              0.999540018399264,
              0.24950980392156863
            ],
            [
              0.9894204231830727,
              0.25049019607843137
            ],
            [
              0.9788408463661453,
              0.25049019607843137
            ],
            [
              0.96918123275069,
              0.2485294117647059
            ],
            [
              0.9590616375344986,
              0.24754901960784315
            ],
            [
              0.9489420423183073,
              0.2465686274509804
            ],
            [
              0.9402023919043239,
              0.2426470588235294
            ],
            [
              0.9319227230910764,
              0.24362745098039215
            ],
            [
              0.922263109475621,
              0.24362745098039215
            ],
            [
              0.9116835326586936,
              0.24362745098039215
            ],
            [
              0.9015639374425023,
              0.2426470588235294
            ],
            [
              0.891444342226311,
              0.24166666666666667
            ],
            [
              0.8817847286108556,
              0.24362745098039215
            ],
            [
              0.8721251149954001,
              0.24166666666666667
            ],
            [
              0.8633854645814167,
              0.24166666666666667
            ],
            [
              0.8532658693652254,
              0.24068627450980393
            ],
            [
              0.843836246550138,
              0.23823529411764705
            ],
            [
              0.8360165593376265,
              0.2411764705882353
            ],
            [
              0.8261269549218031,
              0.24068627450980393
            ],
            [
              0.8160073597056118,
              0.23970588235294119
            ],
            [
              0.8068077276908924,
              0.23676470588235293
            ],
            [
              0.796688132474701,
              0.23774509803921567
            ],
            [
              0.7870285188592456,
              0.23774509803921567
            ],
            [
              0.7771389144434223,
              0.23627450980392156
            ],
            [
              0.7681692732290708,
              0.23480392156862745
            ],
            [
              0.7594296228150874,
              0.23480392156862745
            ],
            [
              0.75,
              0.2323529411764706
            ],
            [
              0.7410303587856486,
              0.23088235294117648
            ],
            [
              0.7313707451701932,
              0.23284313725490197
            ],
            [
              0.7217111315547378,
              0.23480392156862745
            ],
            [
              0.7115915363385464,
              0.2338235294117647
            ],
            [
              0.7014719411223551,
              0.23284313725490197
            ],
            [
              0.6918123275068997,
              0.23480392156862745
            ],
            [
              0.6816927322907084,
              0.2338235294117647
            ],
            [
              0.671113155473781,
              0.2338235294117647
            ],
            [
              0.6605335786568537,
              0.2338235294117647
            ],
            [
              0.6499540018399264,
              0.2338235294117647
            ],
            [
              0.640294388224471,
              0.2338235294117647
            ],
            [
              0.6297148114075437,
              0.2338235294117647
            ],
            [
              0.6200551977920883,
              0.2357843137254902
            ],
            [
              0.610395584176633,
              0.2357843137254902
            ],
            [
              0.6007359705611776,
              0.2338235294117647
            ],
            [
              0.5906163753449862,
              0.23284313725490197
            ],
            [
              0.5818767249310027,
              0.23284313725490197
            ],
            [
              0.5726770929162833,
              0.2357843137254902
            ],
            [
              0.563017479300828,
              0.2357843137254902
            ],
            [
              0.5528978840846366,
              0.23480392156862745
            ],
            [
              0.5436982520699172,
              0.2338235294117647
            ],
            [
              0.5340386384544619,
              0.2357843137254902
            ],
            [
              0.5239190432382704,
              0.23676470588235293
            ],
            [
              0.5140294388224471,
              0.23529411764705882
            ],
            [
              0.5041398344066237,
              0.2338235294117647
            ],
            [
              0.4944802207911684,
              0.23186274509803922
            ],
            [
              0.4852805887764489,
              0.23088235294117648
            ],
            [
              0.4765409383624655,
              0.23480392156862745
            ],
            [
              0.4668813247470101,
              0.23676470588235293
            ],
            [
              0.45814167433302666,
              0.23872549019607844
            ],
            [
              0.44802207911683534,
              0.23970588235294119
            ],
            [
              0.43836246550137997,
              0.23970588235294119
            ],
            [
              0.4300827966881325,
              0.2426470588235294
            ],
            [
              0.4199632014719411,
              0.24166666666666667
            ],
            [
              0.4107635694572217,
              0.23872549019607844
            ],
            [
              0.40110395584176634,
              0.23872549019607844
            ],
            [
              0.39190432382704693,
              0.24166666666666667
            ],
            [
              0.38178472861085555,
              0.24068627450980393
            ],
            [
              0.3721251149954002,
              0.24068627450980393
            ],
            [
              0.36154553817847285,
              0.24068627450980393
            ],
            [
              0.3514259429622815,
              0.23970588235294119
            ],
            [
              0.3417663293468261,
              0.23774509803921567
            ],
            [
              0.33210671573137074,
              0.23774509803921567
            ],
            [
              0.32382704691812325,
              0.2426470588235294
            ],
            [
              0.31462741490340385,
              0.24362745098039215
            ],
            [
              0.3058877644894204,
              0.24558823529411763
            ],
            [
              0.29622815087396503,
              0.24362745098039215
            ],
            [
              0.28656853725850967,
              0.24558823529411763
            ],
            [
              0.2769089236430543,
              0.24362745098039215
            ],
            [
              0.26701931922723093,
              0.24411764705882352
            ],
            [
              0.25666973321067155,
              0.24362745098039215
            ],
            [
              0.24701011959521618,
              0.24166666666666667
            ],
            [
              0.23735050597976082,
              0.23970588235294119
            ],
            [
              0.22769089236430542,
              0.24166666666666667
            ],
            [
              0.21803127874885003,
              0.24166666666666667
            ],
            [
              0.2081416743330267,
              0.24313725490196078
            ],
            [
              0.19779208831646733,
              0.24362745098039215
            ],
            [
              0.18813247470101196,
              0.24362745098039215
            ],
            [
              0.17847286108555657,
              0.24558823529411763
            ],
            [
              0.1688132474701012,
              0.24362745098039215
            ],
            [
              0.15892364305427784,
              0.24411764705882352
            ],
            [
              0.1485740570377185,
              0.24362745098039215
            ],
            [
              0.13799448022079117,
              0.24362745098039215
            ],
            [
              0.12833486660533577,
              0.24558823529411763
            ],
            [
              0.11867525298988041,
              0.24558823529411763
            ],
            [
              0.10901563937442502,
              0.24558823529411763
            ],
            [
              0.10027598896044158,
              0.24558823529411763
            ],
            [
              0.09015639374425023,
              0.2465686274509804
            ],
            [
              0.07957681692732291,
              0.2465686274509804
            ],
            [
              0.06899724011039558,
              0.2465686274509804
            ],
            [
              0.05841766329346826,
              0.2465686274509804
            ],
            [
              0.04875804967801288,
              0.2485294117647059
            ],
            [
              0.03863845446182153,
              0.24754901960784315
            ],
            [
              0.028058877644894203,
              0.24754901960784315
            ],
            [
              0.017479300827966882,
              0.24754901960784315
            ],
            [
              0.00827966881324747,
              0.2446078431372549
            ],
            [
              0.999540018399264,
              0.24950980392156863
            ]
          ]
        ]
      },
      "properties": {
        "segment_id": 42,
        "area": 526401,
        "bbox": [
          0.0,
          0.0,
          2173.0,
          255.0
        ],
        "iou": 1.0160044431686401,
        "stability": 0.9764503240585327,
        "auto_generated": true,
        "model": "segment_anything"
      }
    },
    {
      "type": "Feature",
      "geometry": {
        "type": "Polygon",
        "coordinates": [
          [
            [
              0.0,
              0.44754901960784316
            ],
            [
              0.010119595216191352,
              0.4465686274509804
            ],
            [
              0.019319227230910764,
              0.44362745098039214
            ],
            [
              0.028978840846366146,
              0.44166666666666665
            ],
            [
              0.037258509659613616,
              0.43676470588235294
            ],
            [
              0.04553817847286108,
              0.43186274509803924
            ],
            [
              0.05335786568537258,
              0.42598039215686273
            ],
            [
              0.061637534498620056,
              0.421078431372549
            ],
            [
              0.07129714811407543,
              0.4230392156862745
            ],
            [
              0.08141674333026679,
              0.42401960784313725
            ],
            [
              0.09153633854645814,
              0.425
            ],
            [
              0.10211591536338546,
              0.425
            ],
            [
              0.11246550137994481,
              0.42549019607843136
            ],
            [
              0.12235510579576817,
              0.42696078431372547
            ],
            [
              0.1329346826126955,
              0.42696078431372547
            ],
            [
              0.14305427782888686,
              0.42598039215686273
            ],
            [
              0.15363385464581417,
              0.42598039215686273
            ],
            [
              0.16375344986200552,
              0.42696078431372547
            ],
            [
              0.1734130634774609,
              0.42892156862745096
            ],
            [
              0.18307267709291627,
              0.42892156862745096
            ],
            [
              0.1922723091076357,
              0.42990196078431375
            ],
            [
              0.20285188592456302,
              0.42990196078431375
            ],
            [
              0.2122815087396504,
              0.4323529411764706
            ],
            [
              0.22171113155473782,
              0.432843137254902
            ],
            [
              0.23137074517019318,
              0.432843137254902
            ],
            [
              0.24149034038638453,
              0.4338235294117647
            ],
            [
              0.2516099356025759,
              0.432843137254902
            ],
            [
              0.26172953081876726,
              0.4338235294117647
            ],
            [
              0.2718491260349586,
              0.432843137254902
            ],
            [
              0.2821987120515179,
              0.4323529411764706
            ],
            [
              0.29254829806807725,
              0.43186274509803924
            ],
            [
              0.3031278748850046,
              0.43186274509803924
            ],
            [
              0.31278748850046,
              0.43186274509803924
            ],
            [
              0.3224471021159154,
              0.43186274509803924
            ],
            [
              0.3330266789328427,
              0.43186274509803924
            ],
            [
              0.34314627414903404,
              0.432843137254902
            ],
            [
              0.3532658693652254,
              0.4338235294117647
            ],
            [
              0.36338546458141674,
              0.43480392156862746
            ],
            [
              0.3739650413983441,
              0.43480392156862746
            ],
            [
              0.38362465501379944,
              0.43480392156862746
            ],
            [
              0.3937442502299908,
              0.4357843137254902
            ],
            [
              0.40386384544618215,
              0.43676470588235294
            ],
            [
              0.41306347746090155,
              0.4357843137254902
            ],
            [
              0.4236430542778289,
              0.4357843137254902
            ],
            [
              0.4337626494940202,
              0.43676470588235294
            ],
            [
              0.44342226310947563,
              0.4387254901960784
            ],
            [
              0.45354185832566696,
              0.43970588235294117
            ],
            [
              0.4622815087396504,
              0.44166666666666665
            ],
            [
              0.47194112235510577,
              0.44362745098039214
            ],
            [
              0.4816007359705612,
              0.4455882352941177
            ],
            [
              0.4908003679852806,
              0.4465686274509804
            ],
            [
              0.500459981600736,
              0.4465686274509804
            ],
            [
              0.5096596136154554,
              0.44754901960784316
            ],
            [
              0.5193192272309107,
              0.4455882352941177
            ],
            [
              0.5289788408463661,
              0.44754901960784316
            ],
            [
              0.5386384544618216,
              0.44754901960784316
            ],
            [
              0.5482980680772769,
              0.44754901960784316
            ],
            [
              0.5588776448942042,
              0.44754901960784316
            ],
            [
              0.5694572217111316,
              0.44754901960784316
            ],
            [
              0.579116835326587,
              0.44754901960784316
            ],
            [
              0.5892364305427783,
              0.4485294117647059
            ],
            [
              0.5993560257589696,
              0.44950980392156864
            ],
            [
              0.609015639374425,
              0.44950980392156864
            ],
            [
              0.6186752529898804,
              0.44754901960784316
            ],
            [
              0.6292548298068077,
              0.44754901960784316
            ],
            [
              0.6393744250229991,
              0.4465686274509804
            ],
            [
              0.6490340386384544,
              0.4446078431372549
            ],
            [
              0.6573137074517019,
              0.44166666666666665
            ],
            [
              0.6676632934682613,
              0.442156862745098
            ],
            [
              0.6775528978840847,
              0.44166666666666665
            ],
            [
              0.6867525298988041,
              0.4387254901960784
            ],
            [
              0.6964121435142594,
              0.43676470588235294
            ],
            [
              0.7065317387304508,
              0.4357843137254902
            ],
            [
              0.7166513339466422,
              0.43480392156862746
            ],
            [
              0.7267709291628335,
              0.4357843137254902
            ],
            [
              0.7373505059797608,
              0.4357843137254902
            ],
            [
              0.7465501379944802,
              0.4387254901960784
            ],
            [
              0.7562097516099356,
              0.4387254901960784
            ],
            [
              0.764949402023919,
              0.4426470588235294
            ],
            [
              0.7741490340386384,
              0.4455882352941177
            ],
            [
              0.7833486660533578,
              0.4446078431372549
            ],
            [
              0.7934682612695492,
              0.4455882352941177
            ],
            [
              0.8035878564857406,
              0.4465686274509804
            ],
            [
              0.81278748850046,
              0.4455882352941177
            ],
            [
              0.8219871205151794,
              0.4426470588235294
            ],
            [
              0.8307267709291628,
              0.4406862745098039
            ],
            [
              0.8408463661453542,
              0.43970588235294117
            ],
            [
              0.8500459981600736,
              0.43676470588235294
            ],
            [
              0.859705611775529,
              0.43480392156862746
            ],
            [
              0.8698252069917203,
              0.4338235294117647
            ],
            [
              0.8804047838086476,
              0.4338235294117647
            ],
            [
              0.890754369825207,
              0.43333333333333335
            ],
            [
              0.9001839926402944,
              0.432843137254902
            ],
            [
              0.9103035878564857,
              0.43186274509803924
            ],
            [
              0.9204231830726771,
              0.432843137254902
            ],
            [
              0.9300827966881324,
              0.432843137254902
            ],
            [
              0.9406623735050598,
              0.432843137254902
            ],
            [
              0.9503219871205152,
              0.432843137254902
            ],
            [
              0.9609015639374425,
              0.432843137254902
            ],
            [
              0.9714811407543699,
              0.432843137254902
            ],
            [
              0.9806807727690893,
              0.4357843137254902
            ],
            [
              0.9898804047838087,
              0.43676470588235294
            ],
            [
              0.9990800367985281,
              0.43970588235294117
            ],
            [
              0.0,
              0.44754901960784316
            ]
          ]
        ]
      },
      "properties": {
        "segment_id": 43,
        "area": 1240998,
        "bbox": [
          0.0,
          430.0,
          2173.0,
          588.0
        ],
        "iou": 1.010313868522644,
        "stability": 0.9780288934707642,
        "auto_generated": true,
        "model": "segment_anything"
      }
    },
    {
      "type": "Feature",
      "geometry": {
        "type": "Polygon",
        "coordinates": [
          [
            [
              0.999540018399264,
              0.9955882352941177
            ],
            [
              0.9898804047838087,
              0.9965686274509804
            ],
            [
              0.9797608095676172,
              0.9965686274509804
            ],
            [
              0.9696412143514259,
              0.9965686274509804
            ],
            [
              0.9595216191352346,
              0.9965686274509804
            ],
            [
              0.9498620055197792,
              0.9975490196078431
            ],
            [
              0.9397424103035878,
              0.9975490196078431
            ],
            [
              0.9296228150873965,
              0.9975490196078431
            ],
            [
              0.9195032198712052,
              0.9975490196078431
            ],
            [
              0.9093836246550138,
              0.9975490196078431
            ],
            [
              0.8997240110395585,
              0.9965686274509804
            ],
            [
              0.890524379024839,
              0.9965686274509804
            ],
            [
              0.8804047838086476,
              0.9965686274509804
            ],
            [
              0.8702851885924563,
              0.9965686274509804
            ],
            [
              0.860165593376265,
              0.9965686274509804
            ],
            [
              0.8500459981600736,
              0.9965686274509804
            ],
            [
              0.8399264029438822,
              0.9965686274509804
            ],
            [
              0.8298068077276909,
              0.9965686274509804
            ],
            [
              0.8196872125114996,
              0.9965686274509804
            ],
            [
              0.8095676172953082,
              0.9965686274509804
            ],
            [
              0.7994480220791168,
              0.9965686274509804
            ],
            [
              0.7902483900643974,
              0.9965686274509804
            ],
            [
              0.7803587856485741,
              0.996078431372549
            ],
            [
              0.7709291628334867,
              0.9965686274509804
            ],
            [
              0.7612695492180312,
              0.9955882352941177
            ],
            [
              0.7516099356025759,
              0.9965686274509804
            ],
            [
              0.7414903403863845,
              0.9965686274509804
            ],
            [
              0.7322907083716651,
              0.9965686274509804
            ],
            [
              0.7221711131554738,
              0.9965686274509804
            ],
            [
              0.7120515179392825,
              0.9965686274509804
            ],
            [
              0.7019319227230911,
              0.9965686274509804
            ],
            [
              0.6918123275068997,
              0.9965686274509804
            ],
            [
              0.6816927322907084,
              0.9965686274509804
            ],
            [
              0.672493100275989,
              0.9965686274509804
            ],
            [
              0.6628334866605335,
              0.9955882352941177
            ],
            [
              0.6531738730450782,
              0.9946078431372549
            ],
            [
              0.6435142594296228,
              0.9955882352941177
            ],
            [
              0.6338546458141674,
              0.9946078431372549
            ],
            [
              0.62442502299908,
              0.9950980392156863
            ],
            [
              0.6149954001839927,
              0.9955882352941177
            ],
            [
              0.6053357865685373,
              0.9946078431372549
            ],
            [
              0.5956761729530818,
              0.9955882352941177
            ],
            [
              0.5878564857405704,
              0.9926470588235294
            ],
            [
              0.5795768169273229,
              0.9965686274509804
            ],
            [
              0.5699172033118676,
              0.9975490196078431
            ],
            [
              0.5602575896964122,
              0.9965686274509804
            ],
            [
              0.5501379944802208,
              0.9965686274509804
            ],
            [
              0.5400183992640294,
              0.9965686274509804
            ],
            [
              0.5298988040478381,
              0.9965686274509804
            ],
            [
              0.5206991720331187,
              0.9985294117647059
            ],
            [
              0.5110395584176632,
              0.9975490196078431
            ],
            [
              0.5009199632014719,
              0.9975490196078431
            ],
            [
              0.49126034958601655,
              0.9965686274509804
            ],
            [
              0.48114075436982523,
              0.9965686274509804
            ],
            [
              0.47102115915363385,
              0.9965686274509804
            ],
            [
              0.4609015639374425,
              0.9965686274509804
            ],
            [
              0.45078196872125115,
              0.9965686274509804
            ],
            [
              0.4420423183072677,
              0.9955882352941177
            ],
            [
              0.4328426862925483,
              0.9975490196078431
            ],
            [
              0.42318307267709293,
              0.9965686274509804
            ],
            [
              0.4139834406623735,
              0.9965686274509804
            ],
            [
              0.40386384544618215,
              0.9965686274509804
            ],
            [
              0.3937442502299908,
              0.9965686274509804
            ],
            [
              0.3840846366145354,
              0.9975490196078431
            ],
            [
              0.374885004599816,
              0.9975490196078431
            ],
            [
              0.36522539098436063,
              0.9965686274509804
            ],
            [
              0.3560257589696412,
              0.9965686274509804
            ],
            [
              0.34590616375344985,
              0.9965686274509804
            ],
            [
              0.3357865685372585,
              0.9965686274509804
            ],
            [
              0.32566697332106714,
              0.9965686274509804
            ],
            [
              0.31669733210671575,
              0.9970588235294118
            ],
            [
              0.30726770929162833,
              0.9965686274509804
            ],
            [
              0.29829806807727693,
              0.9970588235294118
            ],
            [
              0.28840846366145356,
              0.9975490196078431
            ],
            [
              0.2782888684452622,
              0.9975490196078431
            ],
            [
              0.26816927322907086,
              0.9975490196078431
            ],
            [
              0.2580496780128795,
              0.9975490196078431
            ],
            [
              0.24839006439742412,
              0.9965686274509804
            ],
            [
              0.23873045078196872,
              0.9975490196078431
            ],
            [
              0.22907083716651333,
              0.9965686274509804
            ],
            [
              0.2201011959521619,
              0.9970588235294118
            ],
            [
              0.21021159153633856,
              0.9975490196078431
            ],
            [
              0.20009199632014718,
              0.9975490196078431
            ],
            [
              0.19043238270469182,
              0.9965686274509804
            ],
            [
              0.18031278748850046,
              0.9965686274509804
            ],
            [
              0.1701931922723091,
              0.9965686274509804
            ],
            [
              0.16053357865685372,
              0.9975490196078431
            ],
            [
              0.15133394664213431,
              0.9975490196078431
            ],
            [
              0.14167433302667892,
              0.9965686274509804
            ],
            [
              0.13155473781048757,
              0.9965686274509804
            ],
            [
              0.12189512419503219,
              0.9955882352941177
            ],
            [
              0.11223551057957681,
              0.9965686274509804
            ],
            [
              0.10211591536338546,
              0.9965686274509804
            ],
            [
              0.09199632014719411,
              0.9965686274509804
            ],
            [
              0.0827966881324747,
              0.9965686274509804
            ],
            [
              0.07267709291628335,
              0.9965686274509804
            ],
            [
              0.06347746090156393,
              0.9965686274509804
            ],
            [
              0.05335786568537258,
              0.9965686274509804
            ],
            [
              0.04323827046918123,
              0.9965686274509804
            ],
            [
              0.03311867525298988,
              0.9965686274509804
            ],
            [
              0.02391904323827047,
              0.9965686274509804
            ],
            [
              0.013799448022079117,
              0.9965686274509804
            ],
            [
              0.004139834406623735,
              0.9955882352941177
            ],
            [
              0.999540018399264,
              0.9955882352941177
            ]
          ]
        ]
      },
      "properties": {
        "segment_id": 43,
        "area": 1240998,
        "bbox": [
          0.0,
          430.0,
          2173.0,
          588.0
        ],
        "iou": 1.010313868522644,
        "stability": 0.9780288934707642,
        "auto_generated": true,
        "model": "segment_anything"
      }
    },
    {
      "type": "Feature",
      "geometry": {
        "type": "Polygon",
        "coordinates": [
          [
            [
              0.0,
              0.24754901960784315
            ],
            [
              0.010579576816927323,
              0.24754901960784315
            ],
            [
              0.019779208831646734,
              0.2485294117647059
            ],
            [
              0.029438822447102116,
              0.2485294117647059
            ],
            [
              0.03955841766329347,
              0.24950980392156863
            ],
            [
              0.05013799448022079,
              0.24950980392156863
            ],
            [
              0.060257589696412144,
              0.2485294117647059
            ],
            [
              0.07083716651333946,
              0.2485294117647059
            ],
            [
              0.08141674333026679,
              0.2485294117647059
            ],
            [
              0.09153633854645814,
              0.24950980392156863
            ],
            [
              0.10073597056117756,
              0.2465686274509804
            ],
            [
              0.11085556577736891,
              0.24754901960784315
            ],
            [
              0.12120515179392824,
              0.24705882352941178
            ],
            [
              0.1310947562097516,
              0.24754901960784315
            ],
            [
              0.14121435142594296,
              0.2465686274509804
            ],
            [
              0.15087396504139836,
              0.2465686274509804
            ],
            [
              0.1609935602575897,
              0.24558823529411763
            ],
            [
              0.17111315547378106,
              0.2465686274509804
            ],
            [
              0.18169273229070837,
              0.2465686274509804
            ],
            [
              0.1922723091076357,
              0.2465686274509804
            ],
            [
              0.20285188592456302,
              0.2465686274509804
            ],
            [
              0.21297148114075437,
              0.24558823529411763
            ],
            [
              0.22309107635694572,
              0.2446078431372549
            ],
            [
              0.23321067157313707,
              0.24362745098039215
            ],
            [
              0.24287028518859247,
              0.24362745098039215
            ],
            [
              0.25252989880404786,
              0.24558823529411763
            ],
            [
              0.2626494940202392,
              0.2465686274509804
            ],
            [
              0.2732290708371665,
              0.2465686274509804
            ],
            [
              0.28334866605335784,
              0.24754901960784315
            ],
            [
              0.2939282428702852,
              0.24754901960784315
            ],
            [
              0.30404783808647656,
              0.2465686274509804
            ],
            [
              0.31324747010119597,
              0.24558823529411763
            ],
            [
              0.3233670653173873,
              0.2446078431372549
            ],
            [
              0.33233670653173875,
              0.2411764705882353
            ],
            [
              0.3426862925482981,
              0.24068627450980393
            ],
            [
              0.35234590616375344,
              0.2426470588235294
            ],
            [
              0.3620055197792088,
              0.2426470588235294
            ],
            [
              0.3716651333946642,
              0.2426470588235294
            ],
            [
              0.38178472861085555,
              0.24362745098039215
            ],
            [
              0.3923643054277829,
              0.24362745098039215
            ],
            [
              0.4017939282428703,
              0.2411764705882353
            ],
            [
              0.4116835326586937,
              0.24166666666666667
            ],
            [
              0.421803127874885,
              0.2426470588235294
            ],
            [
              0.43238270469181234,
              0.2426470588235294
            ],
            [
              0.4420423183072677,
              0.24068627450980393
            ],
            [
              0.45262189512419504,
              0.24068627450980393
            ],
            [
              0.4613615455381785,
              0.23872549019607844
            ],
            [
              0.4714811407543698,
              0.23970588235294119
            ],
            [
              0.4797608095676173,
              0.23480392156862745
            ],
            [
              0.48942042318307266,
              0.23284313725490197
            ],
            [
              0.4990800367985281,
              0.23480392156862745
            ],
            [
              0.5087396504139834,
              0.23676470588235293
            ],
            [
              0.5179392824287029,
              0.23970588235294119
            ],
            [
              0.5285188592456301,
              0.23970588235294119
            ],
            [
              0.5381784728610856,
              0.23774509803921567
            ],
            [
              0.547378104875805,
              0.23872549019607844
            ],
            [
              0.5579576816927323,
              0.23872549019607844
            ],
            [
              0.5676172953081877,
              0.24068627450980393
            ],
            [
              0.5768169273229071,
              0.23774509803921567
            ],
            [
              0.5860165593376265,
              0.23480392156862745
            ],
            [
              0.5947562097516099,
              0.23676470588235293
            ],
            [
              0.6044158233670653,
              0.23872549019607844
            ],
            [
              0.6145354185832567,
              0.23970588235294119
            ],
            [
              0.6232750689972401,
              0.23774509803921567
            ],
            [
              0.6333946642134315,
              0.23676470588235293
            ],
            [
              0.6435142594296228,
              0.2357843137254902
            ],
            [
              0.6531738730450782,
              0.23774509803921567
            ],
            [
              0.6632934682612696,
              0.23676470588235293
            ],
            [
              0.672953081876725,
              0.23676470588235293
            ],
            [
              0.6830726770929163,
              0.2357843137254902
            ],
            [
              0.6927322907083716,
              0.23774509803921567
            ],
            [
              0.702851885924563,
              0.23676470588235293
            ],
            [
              0.7125114995400184,
              0.23676470588235293
            ],
            [
              0.7226310947562098,
              0.23774509803921567
            ],
            [
              0.7322907083716651,
              0.2357843137254902
            ],
            [
              0.7419503219871205,
              0.2338235294117647
            ],
            [
              0.7506899724011039,
              0.2357843137254902
            ],
            [
              0.7603495860165593,
              0.23774509803921567
            ],
            [
              0.7704691812327507,
              0.23872549019607844
            ],
            [
              0.7801287948482061,
              0.24068627450980393
            ],
            [
              0.7902483900643974,
              0.23970588235294119
            ],
            [
              0.8003679852805887,
              0.24068627450980393
            ],
            [
              0.8100275988960441,
              0.24068627450980393
            ],
            [
              0.8196872125114996,
              0.2426470588235294
            ],
            [
              0.8298068077276909,
              0.24362745098039215
            ],
            [
              0.8399264029438822,
              0.2426470588235294
            ],
            [
              0.8502759889604415,
              0.24313725490196078
            ],
            [
              0.860165593376265,
              0.2446078431372549
            ],
            [
              0.8702851885924563,
              0.24558823529411763
            ],
            [
              0.8804047838086476,
              0.2465686274509804
            ],
            [
              0.890524379024839,
              0.24558823529411763
            ],
            [
              0.9011039558417663,
              0.24558823529411763
            ],
            [
              0.9112235510579577,
              0.2465686274509804
            ],
            [
              0.921113155473781,
              0.24705882352941178
            ],
            [
              0.9310027598896045,
              0.24754901960784315
            ],
            [
              0.9411223551057958,
              0.2465686274509804
            ],
            [
              0.9503219871205152,
              0.24950980392156863
            ],
            [
              0.9604415823367065,
              0.25049019607843137
            ],
            [
              0.9705611775528978,
              0.2514705882352941
            ],
            [
              0.9806807727690893,
              0.25245098039215685
            ],
            [
              0.9903403863845446,
              0.25245098039215685
            ],
            [
              0.0,
              0.24754901960784315
            ]
          ]
        ]
      },
      "properties": {
        "segment_id": 44,
        "area": 420385,
        "bbox": [
          0.0,
          238.0,
          2173.0,
          216.0
        ],
        "iou": 1.0002942085266113,
        "stability": 0.9697074890136719,
        "auto_generated": true,
        "model": "segment_anything"
      }
    },
    {
      "type": "Feature",
      "geometry": {
        "type": "Polygon",
        "coordinates": [
          [
            [
              0.6216651333946642,
              0.3941176470588235
            ],
            [
              0.6218951241950322,
              0.39362745098039215
            ],
            [
              0.6223551057957681,
              0.39362745098039215
            ],
            [
              0.6228150873965042,
              0.39362745098039215
            ],
            [
              0.6230450781968722,
              0.3931372549019608
            ],
            [
              0.6232750689972401,
              0.3926470588235294
            ],
            [
              0.6237350505979761,
              0.3926470588235294
            ],
            [
              0.6239650413983441,
              0.39215686274509803
            ],
            [
              0.6241950321987121,
              0.39166666666666666
            ],
            [
              0.62442502299908,
              0.3911764705882353
            ],
            [
              0.624655013799448,
              0.3906862745098039
            ],
            [
              0.624885004599816,
              0.39019607843137255
            ],
            [
              0.625114995400184,
              0.3897058823529412
            ],
            [
              0.625344986200552,
              0.3892156862745098
            ],
            [
              0.62557497700092,
              0.38872549019607844
            ],
            [
              0.6258049678012879,
              0.38823529411764707
            ],
            [
              0.6258049678012879,
              0.3872549019607843
            ],
            [
              0.6258049678012879,
              0.3862745098039216
            ],
            [
              0.62557497700092,
              0.3857843137254902
            ],
            [
              0.625344986200552,
              0.38529411764705884
            ],
            [
              0.625114995400184,
              0.38480392156862747
            ],
            [
              0.624655013799448,
              0.38480392156862747
            ],
            [
              0.6241950321987121,
              0.38480392156862747
            ],
            [
              0.6237350505979761,
              0.38480392156862747
            ],
            [
              0.6235050597976081,
              0.3843137254901961
            ],
            [
              0.6232750689972401,
              0.38382352941176473
            ],
            [
              0.6228150873965042,
              0.38382352941176473
            ],
            [
              0.6223551057957681,
              0.38382352941176473
            ],
            [
              0.6218951241950322,
              0.38382352941176473
            ],
            [
              0.6216651333946642,
              0.3843137254901961
            ],
            [
              0.6214351425942962,
              0.38480392156862747
            ],
            [
              0.6209751609935602,
              0.38480392156862747
            ],
            [
              0.6205151793928243,
              0.38480392156862747
            ],
            [
              0.6200551977920883,
              0.38480392156862747
            ],
            [
              0.6195952161913524,
              0.38480392156862747
            ],
            [
              0.6191352345906164,
              0.38480392156862747
            ],
            [
              0.6186752529898804,
              0.38480392156862747
            ],
            [
              0.6184452621895125,
              0.38529411764705884
            ],
            [
              0.6182152713891444,
              0.3857843137254902
            ],
            [
              0.6177552897884084,
              0.3857843137254902
            ],
            [
              0.6175252989880404,
              0.3862745098039216
            ],
            [
              0.6172953081876725,
              0.38676470588235295
            ],
            [
              0.6170653173873045,
              0.3872549019607843
            ],
            [
              0.6170653173873045,
              0.38823529411764707
            ],
            [
              0.6170653173873045,
              0.3892156862745098
            ],
            [
              0.6172953081876725,
              0.3897058823529412
            ],
            [
              0.6175252989880404,
              0.39019607843137255
            ],
            [
              0.6175252989880404,
              0.3911764705882353
            ],
            [
              0.6177552897884084,
              0.39166666666666666
            ],
            [
              0.6179852805887764,
              0.39215686274509803
            ],
            [
              0.6179852805887764,
              0.3931372549019608
            ],
            [
              0.6182152713891444,
              0.39362745098039215
            ],
            [
              0.6184452621895125,
              0.3941176470588235
            ],
            [
              0.6186752529898804,
              0.3946078431372549
            ],
            [
              0.6191352345906164,
              0.3946078431372549
            ],
            [
              0.6195952161913524,
              0.3946078431372549
            ],
            [
              0.6200551977920883,
              0.3946078431372549
            ],
            [
              0.6205151793928243,
              0.3946078431372549
            ],
            [
              0.6209751609935602,
              0.3946078431372549
            ],
            [
              0.6214351425942962,
              0.3946078431372549
            ],
            [
              0.6216651333946642,
              0.3941176470588235
            ],
            [
              0.6216651333946642,
              0.3941176470588235
            ]
          ]
        ]
      },
      "properties": {
        "segment_id": 44,
        "area": 420385,
        "bbox": [
          0.0,
          238.0,
          2173.0,
          216.0
        ],
        "iou": 1.0002942085266113,
        "stability": 0.9697074890136719,
        "auto_generated": true,
        "model": "segment_anything"
      }
    },
    {
      "type": "Feature",
      "geometry": {
        "type": "Polygon",
        "coordinates": [
          [
            [
              0.610165593376265,
              0.3980392156862745
            ],
            [
              0.610395584176633,
              0.3975490196078431
            ],
            [
              0.6108555657773689,
              0.3975490196078431
            ],
            [
              0.6110855565777369,
              0.39705882352941174
            ],
            [
              0.6113155473781049,
              0.39656862745098037
            ],
            [
              0.6115455381784729,
              0.396078431372549
            ],
            [
              0.6113155473781049,
              0.39558823529411763
            ],
            [
              0.6110855565777369,
              0.39509803921568626
            ],
            [
              0.6108555657773689,
              0.3946078431372549
            ],
            [
              0.610395584176633,
              0.3946078431372549
            ],
            [
              0.610165593376265,
              0.3941176470588235
            ],
            [
              0.609935602575897,
              0.39362745098039215
            ],
            [
              0.609475620975161,
              0.39362745098039215
            ],
            [
              0.609015639374425,
              0.39362745098039215
            ],
            [
              0.608555657773689,
              0.39362745098039215
            ],
            [
              0.6080956761729531,
              0.39362745098039215
            ],
            [
              0.6076356945722171,
              0.39362745098039215
            ],
            [
              0.6071757129714811,
              0.39362745098039215
            ],
            [
              0.6067157313707452,
              0.39362745098039215
            ],
            [
              0.6062557497700092,
              0.39362745098039215
            ],
            [
              0.6060257589696412,
              0.3931372549019608
            ],
            [
              0.6057957681692733,
              0.3926470588235294
            ],
            [
              0.6053357865685373,
              0.3926470588235294
            ],
            [
              0.6048758049678012,
              0.3926470588235294
            ],
            [
              0.6044158233670653,
              0.3926470588235294
            ],
            [
              0.6039558417663293,
              0.3926470588235294
            ],
            [
              0.6034958601655934,
              0.3926470588235294
            ],
            [
              0.6030358785648574,
              0.3926470588235294
            ],
            [
              0.6025758969641214,
              0.3926470588235294
            ],
            [
              0.6021159153633855,
              0.3926470588235294
            ],
            [
              0.6016559337626495,
              0.3926470588235294
            ],
            [
              0.6011959521619136,
              0.3926470588235294
            ],
            [
              0.6007359705611776,
              0.3926470588235294
            ],
            [
              0.6002759889604415,
              0.3926470588235294
            ],
            [
              0.5998160073597056,
              0.3926470588235294
            ],
            [
              0.5993560257589696,
              0.3926470588235294
            ],
            [
              0.5988960441582337,
              0.3926470588235294
            ],
            [
              0.5984360625574977,
              0.3926470588235294
            ],
            [
              0.5979760809567617,
              0.3926470588235294
            ],
            [
              0.5975160993560258,
              0.3926470588235294
            ],
            [
              0.5972861085556578,
              0.3931372549019608
            ],
            [
              0.5970561177552898,
              0.39362745098039215
            ],
            [
              0.5965961361545539,
              0.39362745098039215
            ],
            [
              0.5961361545538179,
              0.39362745098039215
            ],
            [
              0.5956761729530818,
              0.39362745098039215
            ],
            [
              0.5952161913523459,
              0.39362745098039215
            ],
            [
              0.5949862005519779,
              0.3941176470588235
            ],
            [
              0.5947562097516099,
              0.3946078431372549
            ],
            [
              0.5945262189512419,
              0.39509803921568626
            ],
            [
              0.5945262189512419,
              0.396078431372549
            ],
            [
              0.5947562097516099,
              0.39656862745098037
            ],
            [
              0.5952161913523459,
              0.39656862745098037
            ],
            [
              0.5954461821527139,
              0.39705882352941174
            ],
            [
              0.5956761729530818,
              0.3975490196078431
            ],
            [
              0.5961361545538179,
              0.3975490196078431
            ],
            [
              0.5965961361545539,
              0.3975490196078431
            ],
            [
              0.5970561177552898,
              0.3975490196078431
            ],
            [
              0.5975160993560258,
              0.3975490196078431
            ],
            [
              0.5979760809567617,
              0.3975490196078431
            ],
            [
              0.5984360625574977,
              0.3975490196078431
            ],
            [
              0.5988960441582337,
              0.3975490196078431
            ],
            [
              0.5993560257589696,
              0.3975490196078431
            ],
            [
              0.5998160073597056,
              0.3975490196078431
            ],
            [
              0.6002759889604415,
              0.3975490196078431
            ],
            [
              0.6007359705611776,
              0.3975490196078431
            ],
            [
              0.6009659613615456,
              0.3980392156862745
            ],
            [
              0.6011959521619136,
              0.3985294117647059
            ],
            [
              0.6016559337626495,
              0.3985294117647059
            ],
            [
              0.6021159153633855,
              0.3985294117647059
            ],
            [
              0.6025758969641214,
              0.3985294117647059
            ],
            [
              0.6030358785648574,
              0.3985294117647059
            ],
            [
              0.6034958601655934,
              0.3985294117647059
            ],
            [
              0.6039558417663293,
              0.3985294117647059
            ],
            [
              0.6044158233670653,
              0.3985294117647059
            ],
            [
              0.6048758049678012,
              0.3985294117647059
            ],
            [
              0.6053357865685373,
              0.3985294117647059
            ],
            [
              0.6057957681692733,
              0.3985294117647059
            ],
            [
              0.6062557497700092,
              0.3985294117647059
            ],
            [
              0.6067157313707452,
              0.3985294117647059
            ],
            [
              0.6071757129714811,
              0.3985294117647059
            ],
            [
              0.6076356945722171,
              0.3985294117647059
            ],
            [
              0.6080956761729531,
              0.3985294117647059
            ],
            [
              0.608555657773689,
              0.3985294117647059
            ],
            [
              0.609015639374425,
              0.3985294117647059
            ],
            [
              0.609475620975161,
              0.3985294117647059
            ],
            [
              0.609935602575897,
              0.3985294117647059
            ],
            [
              0.610165593376265,
              0.3980392156862745
            ],
            [
              0.610165593376265,
              0.3980392156862745
            ]
          ]
        ]
      },
      "properties": {
        "segment_id": 44,
        "area": 420385,
        "bbox": [
          0.0,
          238.0,
          2173.0,
          216.0
        ],
        "iou": 1.0002942085266113,
        "stability": 0.9697074890136719,
        "auto_generated": true,
        "model": "segment_anything"
      }
    },
    {
      "type": "Feature",
      "geometry": {
        "type": "Polygon",
        "coordinates": [
          [
            [
              0.999540018399264,
              0.43480392156862746
            ],
            [
              0.9894204231830727,
              0.4338235294117647
            ],
            [
              0.9793008279668813,
              0.432843137254902
            ],
            [
              0.9705611775528978,
              0.42892156862745096
            ],
            [
              0.9609015639374425,
              0.42696078431372547
            ],
            [
              0.9507819687212512,
              0.42598039215686273
            ],
            [
              0.9411223551057958,
              0.4279411764705882
            ],
            [
              0.9305427782888684,
              0.4279411764705882
            ],
            [
              0.9204231830726771,
              0.42696078431372547
            ],
            [
              0.9107635694572217,
              0.42696078431372547
            ],
            [
              0.9006439742410304,
              0.4279411764705882
            ],
            [
              0.891444342226311,
              0.42892156862745096
            ],
            [
              0.8808647654093836,
              0.42892156862745096
            ],
            [
              0.8705151793928243,
              0.4294117647058823
            ],
            [
              0.8610855565777369,
              0.43186274509803924
            ],
            [
              0.8514259429622815,
              0.4338235294117647
            ],
            [
              0.8413063477460901,
              0.43480392156862746
            ],
            [
              0.8318767249310027,
              0.4372549019607843
            ],
            [
              0.8215271389144434,
              0.4377450980392157
            ],
            [
              0.812327506899724,
              0.4406862745098039
            ],
            [
              0.8026678932842686,
              0.4426470588235294
            ],
            [
              0.7920883164673413,
              0.4426470588235294
            ],
            [
              0.7824287028518859,
              0.4426470588235294
            ],
            [
              0.7723091076356946,
              0.44166666666666665
            ],
            [
              0.7626494940202392,
              0.43970588235294117
            ],
            [
              0.7525298988040479,
              0.4387254901960784
            ],
            [
              0.7442502299908004,
              0.4338235294117647
            ],
            [
              0.734590616375345,
              0.4338235294117647
            ],
            [
              0.7249310027598896,
              0.43186274509803924
            ],
            [
              0.7148114075436982,
              0.4308823529411765
            ],
            [
              0.7051517939282429,
              0.432843137254902
            ],
            [
              0.6950321987120515,
              0.4338235294117647
            ],
            [
              0.6853725850965962,
              0.4357843137254902
            ],
            [
              0.6761729530818767,
              0.43676470588235294
            ],
            [
              0.6665133394664213,
              0.4387254901960784
            ],
            [
              0.6568537258509659,
              0.4387254901960784
            ],
            [
              0.6471941122355106,
              0.4406862745098039
            ],
            [
              0.6379944802207912,
              0.44166666666666665
            ],
            [
              0.6274149034038639,
              0.44166666666666665
            ],
            [
              0.6172953081876725,
              0.4426470588235294
            ],
            [
              0.6071757129714811,
              0.44362745098039214
            ],
            [
              0.5975160993560258,
              0.4455882352941177
            ],
            [
              0.5878564857405704,
              0.44362745098039214
            ],
            [
              0.577736890524379,
              0.4426470588235294
            ],
            [
              0.5671573137074517,
              0.4426470588235294
            ],
            [
              0.5570377184912604,
              0.44166666666666665
            ],
            [
              0.546458141674333,
              0.44166666666666665
            ],
            [
              0.5363385464581417,
              0.4406862745098039
            ],
            [
              0.5262189512419503,
              0.43970588235294117
            ],
            [
              0.515639374425023,
              0.43970588235294117
            ],
            [
              0.5055197792088316,
              0.4387254901960784
            ],
            [
              0.4954001839926403,
              0.43970588235294117
            ],
            [
              0.4852805887764489,
              0.4406862745098039
            ],
            [
              0.4760809567617295,
              0.43970588235294117
            ],
            [
              0.4668813247470101,
              0.43676470588235294
            ],
            [
              0.45745170193192275,
              0.4343137254901961
            ],
            [
              0.4475620975160994,
              0.432843137254902
            ],
            [
              0.43698252069917204,
              0.432843137254902
            ],
            [
              0.4264029438822447,
              0.432843137254902
            ],
            [
              0.4162833486660534,
              0.4338235294117647
            ],
            [
              0.40570377184912604,
              0.4338235294117647
            ],
            [
              0.39558417663293466,
              0.432843137254902
            ],
            [
              0.3850045998160074,
              0.432843137254902
            ],
            [
              0.374885004599816,
              0.43186274509803924
            ],
            [
              0.3647654093836247,
              0.432843137254902
            ],
            [
              0.3546458141674333,
              0.43186274509803924
            ],
            [
              0.34498620055197793,
              0.42990196078431375
            ],
            [
              0.3344066237350506,
              0.42990196078431375
            ],
            [
              0.3247470101195952,
              0.4279411764705882
            ],
            [
              0.3155473781048758,
              0.42696078431372547
            ],
            [
              0.30542778288868444,
              0.4279411764705882
            ],
            [
              0.2953081876724931,
              0.42892156862745096
            ],
            [
              0.2856485740570377,
              0.42892156862745096
            ],
            [
              0.2764489420423183,
              0.42598039215686273
            ],
            [
              0.2672493100275989,
              0.425
            ],
            [
              0.25850965961361544,
              0.42892156862745096
            ],
            [
              0.24839006439742412,
              0.42990196078431375
            ],
            [
              0.23781048758049678,
              0.42990196078431375
            ],
            [
              0.22769089236430542,
              0.4308823529411765
            ],
            [
              0.21757129714811407,
              0.42990196078431375
            ],
            [
              0.20837166513339467,
              0.42696078431372547
            ],
            [
              0.19917203311867526,
              0.42598039215686273
            ],
            [
              0.1890524379024839,
              0.425
            ],
            [
              0.17939282428702852,
              0.425
            ],
            [
              0.16950321987120515,
              0.4235294117647059
            ],
            [
              0.15961361545538177,
              0.42205882352941176
            ],
            [
              0.14949402023919042,
              0.421078431372549
            ],
            [
              0.13937442502299907,
              0.42205882352941176
            ],
            [
              0.12925482980680772,
              0.4230392156862745
            ],
            [
              0.11982520699172033,
              0.42254901960784313
            ],
            [
              0.10993560257589696,
              0.421078431372549
            ],
            [
              0.09981600735970561,
              0.4200980392156863
            ],
            [
              0.09015639374425023,
              0.42205882352941176
            ],
            [
              0.08003679852805888,
              0.421078431372549
            ],
            [
              0.0703771849126035,
              0.41911764705882354
            ],
            [
              0.06117755289788408,
              0.4181372549019608
            ],
            [
              0.05243790248390064,
              0.42205882352941176
            ],
            [
              0.04461821527138914,
              0.4279411764705882
            ],
            [
              0.03679852805887764,
              0.4338235294117647
            ],
            [
              0.028058877644894203,
              0.4377450980392157
            ],
            [
              0.018859245630174794,
              0.4406862745098039
            ],
            [
              0.00919963201471941,
              0.4426470588235294
            ],
            [
              0.999540018399264,
              0.43480392156862746
            ]
          ]
        ]
      },
      "properties": {
        "segment_id": 44,
        "area": 420385,
        "bbox": [
          0.0,
          238.0,
          2173.0,
          216.0
        ],
        "iou": 1.0002942085266113,
        "stability": 0.9697074890136719,
        "auto_generated": true,
        "model": "segment_anything"
      }
    },
    {
      "type": "Feature",
      "geometry": {
        "type": "Polygon",
        "coordinates": [
          [
            [
              0.24770009199632015,
              0.9990196078431373
            ],
            [
              0.24701011959521618,
              0.9975490196078431
            ],
            [
              0.24609015639374426,
              0.9965686274509804
            ],
            [
              0.2454001839926403,
              0.9950980392156863
            ],
            [
              0.2449402023919043,
              0.9931372549019608
            ],
            [
              0.24448022079116835,
              0.9911764705882353
            ],
            [
              0.24448022079116835,
              0.9882352941176471
            ],
            [
              0.2440202391904324,
              0.9862745098039216
            ],
            [
              0.2435602575896964,
              0.984313725490196
            ],
            [
              0.24310027598896045,
              0.9823529411764705
            ],
            [
              0.24241030358785648,
              0.9808823529411764
            ],
            [
              0.2421803127874885,
              0.9784313725490196
            ],
            [
              0.24287028518859247,
              0.9769607843137255
            ],
            [
              0.2435602575896964,
              0.9754901960784313
            ],
            [
              0.24448022079116835,
              0.9745098039215686
            ],
            [
              0.24517019319227232,
              0.9730392156862745
            ],
            [
              0.24609015639374426,
              0.9720588235294118
            ],
            [
              0.24701011959521618,
              0.971078431372549
            ],
            [
              0.24793008279668813,
              0.9700980392156863
            ],
            [
              0.24885004599816007,
              0.9691176470588235
            ],
            [
              0.24954001839926404,
              0.9676470588235294
            ],
            [
              0.25045998160073596,
              0.9666666666666667
            ],
            [
              0.2516099356025759,
              0.9661764705882353
            ],
            [
              0.2529898804047838,
              0.9661764705882353
            ],
            [
              0.2543698252069917,
              0.9661764705882353
            ],
            [
              0.25574977000919963,
              0.9661764705882353
            ],
            [
              0.25712971481140756,
              0.9661764705882353
            ],
            [
              0.2582796688132475,
              0.9656862745098039
            ],
            [
              0.2594296228150874,
              0.9651960784313726
            ],
            [
              0.2608095676172953,
              0.9651960784313726
            ],
            [
              0.2619595216191352,
              0.9656862745098039
            ],
            [
              0.26310947562097514,
              0.9661764705882353
            ],
            [
              0.2640294388224471,
              0.9651960784313726
            ],
            [
              0.265409383624655,
              0.9651960784313726
            ],
            [
              0.2667893284268629,
              0.9651960784313726
            ],
            [
              0.26816927322907086,
              0.9651960784313726
            ],
            [
              0.26954921803127874,
              0.9651960784313726
            ],
            [
              0.27092916283348667,
              0.9651960784313726
            ],
            [
              0.2718491260349586,
              0.9661764705882353
            ],
            [
              0.2732290708371665,
              0.9661764705882353
            ],
            [
              0.27414903403863844,
              0.967156862745098
            ],
            [
              0.2755289788408464,
              0.967156862745098
            ],
            [
              0.2764489420423183,
              0.9681372549019608
            ],
            [
              0.2778288868445262,
              0.9681372549019608
            ],
            [
              0.27920883164673416,
              0.9681372549019608
            ],
            [
              0.2803587856485741,
              0.9686274509803922
            ],
            [
              0.281508739650414,
              0.9691176470588235
            ],
            [
              0.2828886844526219,
              0.9691176470588235
            ],
            [
              0.28380864765409386,
              0.9700980392156863
            ],
            [
              0.28518859245630174,
              0.9700980392156863
            ],
            [
              0.2861085556577737,
              0.971078431372549
            ],
            [
              0.2874885004599816,
              0.971078431372549
            ],
            [
              0.2888684452621895,
              0.971078431372549
            ],
            [
              0.2902483900643974,
              0.971078431372549
            ],
            [
              0.29162833486660533,
              0.971078431372549
            ],
            [
              0.29300827966881327,
              0.971078431372549
            ],
            [
              0.2939282428702852,
              0.9720588235294118
            ],
            [
              0.2953081876724931,
              0.9720588235294118
            ],
            [
              0.296688132474701,
              0.9720588235294118
            ],
            [
              0.2980680772769089,
              0.9720588235294118
            ],
            [
              0.29921803127874885,
              0.9725490196078431
            ],
            [
              0.3003679852805888,
              0.9730392156862745
            ],
            [
              0.3017479300827967,
              0.9730392156862745
            ],
            [
              0.30266789328426863,
              0.9740196078431372
            ],
            [
              0.30404783808647656,
              0.9740196078431372
            ],
            [
              0.30542778288868444,
              0.9740196078431372
            ],
            [
              0.3068077276908924,
              0.9740196078431372
            ],
            [
              0.30818767249310025,
              0.9740196078431372
            ],
            [
              0.3095676172953082,
              0.9740196078431372
            ],
            [
              0.3109475620975161,
              0.9740196078431372
            ],
            [
              0.31186752529898804,
              0.9730392156862745
            ],
            [
              0.31324747010119597,
              0.9730392156862745
            ],
            [
              0.31462741490340385,
              0.9730392156862745
            ],
            [
              0.3160073597056118,
              0.9730392156862745
            ],
            [
              0.3173873045078197,
              0.9730392156862745
            ],
            [
              0.3187672493100276,
              0.9730392156862745
            ],
            [
              0.3201471941122355,
              0.9730392156862745
            ],
            [
              0.3215271389144434,
              0.9730392156862745
            ],
            [
              0.3224471021159154,
              0.9720588235294118
            ],
            [
              0.32382704691812325,
              0.9720588235294118
            ],
            [
              0.3252069917203312,
              0.9720588235294118
            ],
            [
              0.3261269549218031,
              0.9730392156862745
            ],
            [
              0.32750689972401104,
              0.9730392156862745
            ],
            [
              0.32842686292548295,
              0.9740196078431372
            ],
            [
              0.3298068077276909,
              0.9740196078431372
            ],
            [
              0.3311867525298988,
              0.9740196078431372
            ],
            [
              0.3325666973321067,
              0.9740196078431372
            ],
            [
              0.33394664213431463,
              0.9740196078431372
            ],
            [
              0.33532658693652256,
              0.9740196078431372
            ],
            [
              0.33670653173873044,
              0.9740196078431372
            ],
            [
              0.3380864765409384,
              0.9740196078431372
            ],
            [
              0.3390064397424103,
              0.975
            ],
            [
              0.3403863845446182,
              0.975
            ],
            [
              0.34130634774609014,
              0.9759803921568627
            ],
            [
              0.3426862925482981,
              0.9759803921568627
            ],
            [
              0.34406623735050595,
              0.9759803921568627
            ],
            [
              0.3454461821527139,
              0.9759803921568627
            ],
            [
              0.3468261269549218,
              0.9759803921568627
            ],
            [
              0.34774609015639374,
              0.9769607843137255
            ],
            [
              0.34912603495860167,
              0.9769607843137255
            ],
            [
              0.35050597976080955,
              0.9769607843137255
            ],
            [
              0.3518859245630175,
              0.9769607843137255
            ],
            [
              0.3532658693652254,
              0.9769607843137255
            ],
            [
              0.3546458141674333,
              0.9769607843137255
            ],
            [
              0.3560257589696412,
              0.9769607843137255
            ],
            [
              0.3574057037718491,
              0.9769607843137255
            ],
            [
              0.3583256669733211,
              0.9779411764705882
            ],
            [
              0.35901563937442504,
              0.9794117647058823
            ],
            [
              0.359475620975161,
              0.9813725490196078
            ],
            [
              0.359475620975161,
              0.984313725490196
            ],
            [
              0.35993560257589696,
              0.9862745098039216
            ],
            [
              0.35993560257589696,
              0.9892156862745098
            ],
            [
              0.35993560257589696,
              0.9921568627450981
            ],
            [
              0.35970561177552896,
              0.9946078431372549
            ],
            [
              0.359245630174793,
              0.9965686274509804
            ],
            [
              0.3583256669733211,
              0.9975490196078431
            ],
            [
              0.3574057037718491,
              0.9985294117647059
            ],
            [
              0.3562557497700092,
              0.9990196078431373
            ],
            [
              0.24770009199632015,
              0.9990196078431373
            ]
          ]
        ]
      },
      "properties": {
        "segment_id": 45,
        "area": 7139,
        "bbox": [
          527.0,
          985.0,
          255.0,
          34.0
        ],
        "iou": 0.8969738483428955,
        "stability": 0.9644187092781067,
        "auto_generated": true,
        "model": "segment_anything"
      }
    },
    {
      "type": "Feature",
      "geometry": {
        "type": "Polygon",
        "coordinates": [
          [
            [
              0.5954461821527139,
              0.9990196078431373
            ],
            [
              0.5910763569457221,
              0.9975490196078431
            ],
            [
              0.5864765409383624,
              0.9965686274509804
            ],
            [
              0.5862465501379944,
              0.9882352941176471
            ],
            [
              0.5878564857405704,
              0.9808823529411764
            ],
            [
              0.5894664213431463,
              0.9735294117647059
            ],
            [
              0.5919963201471942,
              0.9681372549019608
            ],
            [
              0.5945262189512419,
              0.9627450980392157
            ],
            [
              0.5982060717571297,
              0.9598039215686275
            ],
            [
              0.6016559337626495,
              0.9563725490196079
            ],
            [
              0.6053357865685373,
              0.9534313725490197
            ],
            [
              0.608785648574057,
              0.95
            ],
            [
              0.6122355105795768,
              0.9465686274509804
            ],
            [
              0.6161453541858326,
              0.9441176470588235
            ],
            [
              0.6200551977920883,
              0.9416666666666667
            ],
            [
              0.6241950321987121,
              0.9397058823529412
            ],
            [
              0.6287948482060718,
              0.9387254901960784
            ],
            [
              0.6333946642134315,
              0.9377450980392157
            ],
            [
              0.6384544618215271,
              0.9377450980392157
            ],
            [
              0.6425942962281509,
              0.9397058823529412
            ],
            [
              0.6476540938362465,
              0.9397058823529412
            ],
            [
              0.6522539098436062,
              0.9406862745098039
            ],
            [
              0.6573137074517019,
              0.9406862745098039
            ],
            [
              0.6619135234590616,
              0.9416666666666667
            ],
            [
              0.6665133394664213,
              0.9426470588235294
            ],
            [
              0.671573137074517,
              0.9426470588235294
            ],
            [
              0.6761729530818767,
              0.9436274509803921
            ],
            [
              0.6805427782888684,
              0.9450980392156862
            ],
            [
              0.6853725850965962,
              0.9455882352941176
            ],
            [
              0.6897424103035878,
              0.9450980392156862
            ],
            [
              0.6945722171113156,
              0.9455882352941176
            ],
            [
              0.6991720331186753,
              0.9446078431372549
            ],
            [
              0.703771849126035,
              0.9436274509803921
            ],
            [
              0.7083716651333947,
              0.9426470588235294
            ],
            [
              0.7134314627414904,
              0.9426470588235294
            ],
            [
              0.718491260349586,
              0.9426470588235294
            ],
            [
              0.7226310947562098,
              0.9426470588235294
            ],
            [
              0.7272309107635695,
              0.9416666666666667
            ],
            [
              0.7318307267709292,
              0.9406862745098039
            ],
            [
              0.7364305427782889,
              0.9397058823529412
            ],
            [
              0.7410303587856486,
              0.9387254901960784
            ],
            [
              0.7451701931922723,
              0.9367647058823529
            ],
            [
              0.749770009199632,
              0.9357843137254902
            ],
            [
              0.7541398344066237,
              0.9343137254901961
            ],
            [
              0.7585096596136155,
              0.932843137254902
            ],
            [
              0.7631094756209752,
              0.9318627450980392
            ],
            [
              0.7667893284268629,
              0.928921568627451
            ],
            [
              0.7713891444342227,
              0.9279411764705883
            ],
            [
              0.7752989880404784,
              0.9254901960784314
            ],
            [
              0.7794388224471022,
              0.9254901960784314
            ],
            [
              0.7838086476540939,
              0.9240196078431373
            ],
            [
              0.7884084636614536,
              0.9230392156862746
            ],
            [
              0.7927782888684453,
              0.9215686274509803
            ],
            [
              0.796688132474701,
              0.9230392156862746
            ],
            [
              0.8008279668813247,
              0.9230392156862746
            ],
            [
              0.8047378104875805,
              0.9235294117647059
            ],
            [
              0.8088776448942042,
              0.9254901960784314
            ],
            [
              0.812327506899724,
              0.928921568627451
            ],
            [
              0.8160073597056118,
              0.9318627450980392
            ],
            [
              0.8206071757129715,
              0.932843137254902
            ],
            [
              0.8252069917203312,
              0.9338235294117647
            ],
            [
              0.829116835326587,
              0.9362745098039216
            ],
            [
              0.8325666973321068,
              0.9397058823529412
            ],
            [
              0.8367065317387304,
              0.9416666666666667
            ],
            [
              0.8410763569457221,
              0.9431372549019608
            ],
            [
              0.8447562097516099,
              0.946078431372549
            ],
            [
              0.8484360625574977,
              0.9490196078431372
            ],
            [
              0.8514259429622815,
              0.9534313725490197
            ],
            [
              0.8546458141674333,
              0.9573529411764706
            ],
            [
              0.858325666973321,
              0.9544117647058824
            ],
            [
              0.8610855565777369,
              0.9495098039215686
            ],
            [
              0.8656853725850966,
              0.9485294117647058
            ],
            [
              0.8705151793928243,
              0.9490196078431372
            ],
            [
              0.8741950321987121,
              0.9519607843137254
            ],
            [
              0.8776448942042319,
              0.9553921568627451
            ],
            [
              0.8817847286108556,
              0.9573529411764706
            ],
            [
              0.8859245630174793,
              0.9553921568627451
            ],
            [
              0.890064397424103,
              0.9534313725490197
            ],
            [
              0.8937442502299908,
              0.9504901960784313
            ],
            [
              0.8983440662373505,
              0.9495098039215686
            ],
            [
              0.9029438822447102,
              0.9485294117647058
            ],
            [
              0.9075436982520699,
              0.9475490196078431
            ],
            [
              0.9123735050597976,
              0.9470588235294117
            ],
            [
              0.9153633854645814,
              0.9426470588235294
            ],
            [
              0.9195032198712052,
              0.9446078431372549
            ],
            [
              0.9236430542778289,
              0.9426470588235294
            ],
            [
              0.9287028518859246,
              0.9426470588235294
            ],
            [
              0.9328426862925483,
              0.9446078431372549
            ],
            [
              0.936982520699172,
              0.9465686274509804
            ],
            [
              0.9411223551057958,
              0.9485294117647058
            ],
            [
              0.9452621895124195,
              0.9465686274509804
            ],
            [
              0.9487120515179392,
              0.946078431372549
            ],
            [
              0.9519319227230911,
              0.9470588235294117
            ],
            [
              0.9553817847286109,
              0.9436274509803921
            ],
            [
              0.9604415823367065,
              0.9436274509803921
            ],
            [
              0.9648114075436982,
              0.9431372549019608
            ],
            [
              0.9694112235510579,
              0.9441176470588235
            ],
            [
              0.9733210671573137,
              0.9465686274509804
            ],
            [
              0.9774609015639374,
              0.9485294117647058
            ],
            [
              0.9811407543698252,
              0.9514705882352941
            ],
            [
              0.984820607175713,
              0.9544117647058824
            ],
            [
              0.9887304507819688,
              0.9568627450980393
            ],
            [
              0.9926402943882244,
              0.9593137254901961
            ],
            [
              0.9954001839926403,
              0.9642156862745098
            ],
            [
              0.9986200551977921,
              0.9681372549019608
            ],
            [
              0.5954461821527139,
              0.9990196078431373
            ]
          ]
        ]
      },
      "properties": {
        "segment_id": 46,
        "area": 50270,
        "bbox": [
          1274.0,
          940.0,
          899.0,
          79.0
        ],
        "iou": 0.8873692750930786,
        "stability": 0.9230355024337769,
        "auto_generated": true,
        "model": "segment_anything"
      }
    },
    {
      "type": "Feature",
      "geometry": {
        "type": "Polygon",
        "coordinates": [
          [
            [
              0.7380404783808647,
              0.9990196078431373
            ],
            [
              0.7373505059797608,
              0.9985294117647059
            ],
            [
              0.7364305427782889,
              0.9985294117647059
            ],
            [
              0.7359705611775529,
              0.9975490196078431
            ],
            [
              0.735050597976081,
              0.9975490196078431
            ],
            [
              0.734130634774609,
              0.9975490196078431
            ],
            [
              0.7332106715731371,
              0.9975490196078431
            ],
            [
              0.7322907083716651,
              0.9975490196078431
            ],
            [
              0.7316007359705612,
              0.9970588235294118
            ],
            [
              0.7309107635694572,
              0.9965686274509804
            ],
            [
              0.7299908003679852,
              0.9965686274509804
            ],
            [
              0.7290708371665133,
              0.9965686274509804
            ],
            [
              0.7281508739650414,
              0.9965686274509804
            ],
            [
              0.7274609015639374,
              0.9970588235294118
            ],
            [
              0.7267709291628335,
              0.9975490196078431
            ],
            [
              0.7258509659613616,
              0.9975490196078431
            ],
            [
              0.7249310027598896,
              0.9975490196078431
            ],
            [
              0.7240110395584176,
              0.9975490196078431
            ],
            [
              0.7230910763569457,
              0.9975490196078431
            ],
            [
              0.7221711131554738,
              0.9975490196078431
            ],
            [
              0.7214811407543699,
              0.9980392156862745
            ],
            [
              0.7207911683532658,
              0.9985294117647059
            ],
            [
              0.7198712051517939,
              0.9985294117647059
            ],
            [
              0.7194112235510579,
              0.9975490196078431
            ],
            [
              0.718491260349586,
              0.9975490196078431
            ],
            [
              0.7175712971481141,
              0.9975490196078431
            ],
            [
              0.7166513339466422,
              0.9975490196078431
            ],
            [
              0.7157313707451702,
              0.9975490196078431
            ],
            [
              0.7148114075436982,
              0.9975490196078431
            ],
            [
              0.7138914443422263,
              0.9975490196078431
            ],
            [
              0.7129714811407544,
              0.9975490196078431
            ],
            [
              0.7120515179392825,
              0.9975490196078431
            ],
            [
              0.7111315547378105,
              0.9975490196078431
            ],
            [
              0.7102115915363385,
              0.9975490196078431
            ],
            [
              0.7092916283348666,
              0.9975490196078431
            ],
            [
              0.7083716651333947,
              0.9975490196078431
            ],
            [
              0.7074517019319227,
              0.9975490196078431
            ],
            [
              0.7065317387304508,
              0.9975490196078431
            ],
            [
              0.7056117755289788,
              0.9975490196078431
            ],
            [
              0.7046918123275069,
              0.9975490196078431
            ],
            [
              0.704001839926403,
              0.9970588235294118
            ],
            [
              0.703311867525299,
              0.9965686274509804
            ],
            [
              0.702621895124195,
              0.996078431372549
            ],
            [
              0.7019319227230911,
              0.9955882352941177
            ],
            [
              0.7014719411223551,
              0.9946078431372549
            ],
            [
              0.7007819687212512,
              0.9941176470588236
            ],
            [
              0.7000919963201472,
              0.9936274509803922
            ],
            [
              0.6991720331186753,
              0.9936274509803922
            ],
            [
              0.6987120515179392,
              0.9926470588235294
            ],
            [
              0.6977920883164673,
              0.9926470588235294
            ],
            [
              0.6971021159153634,
              0.9921568627450981
            ],
            [
              0.6964121435142594,
              0.9916666666666667
            ],
            [
              0.6959521619135235,
              0.990686274509804
            ],
            [
              0.6954921803127875,
              0.9897058823529412
            ],
            [
              0.6948022079116836,
              0.9892156862745098
            ],
            [
              0.6941122355105795,
              0.9887254901960785
            ],
            [
              0.6936522539098436,
              0.9877450980392157
            ],
            [
              0.6927322907083716,
              0.9877450980392157
            ],
            [
              0.6922723091076357,
              0.986764705882353
            ],
            [
              0.6913523459061638,
              0.986764705882353
            ],
            [
              0.6908923643054278,
              0.9857843137254902
            ],
            [
              0.6899724011039559,
              0.9857843137254902
            ],
            [
              0.6892824287028518,
              0.9852941176470589
            ],
            [
              0.6885924563017479,
              0.9848039215686275
            ],
            [
              0.687902483900644,
              0.984313725490196
            ],
            [
              0.68721251149954,
              0.9838235294117647
            ],
            [
              0.6862925482980681,
              0.9838235294117647
            ],
            [
              0.6853725850965962,
              0.9838235294117647
            ],
            [
              0.6849126034958601,
              0.9828431372549019
            ],
            [
              0.6839926402943882,
              0.9828431372549019
            ],
            [
              0.6833026678932843,
              0.9833333333333333
            ],
            [
              0.6826126954921803,
              0.9838235294117647
            ],
            [
              0.6816927322907084,
              0.9838235294117647
            ],
            [
              0.6810027598896045,
              0.984313725490196
            ],
            [
              0.6803127874885004,
              0.9848039215686275
            ],
            [
              0.6798528058877645,
              0.9857843137254902
            ],
            [
              0.6793928242870285,
              0.986764705882353
            ],
            [
              0.6789328426862925,
              0.9877450980392157
            ],
            [
              0.6787028518859246,
              0.9892156862745098
            ],
            [
              0.6782428702851886,
              0.9901960784313726
            ],
            [
              0.6782428702851886,
              0.9921568627450981
            ],
            [
              0.6780128794848206,
              0.9936274509803922
            ],
            [
              0.6775528978840847,
              0.9946078431372549
            ],
            [
              0.6768629254829807,
              0.9950980392156863
            ],
            [
              0.6761729530818767,
              0.9955882352941177
            ],
            [
              0.6752529898804048,
              0.9955882352941177
            ],
            [
              0.6743330266789328,
              0.9955882352941177
            ],
            [
              0.6738730450781969,
              0.9965686274509804
            ],
            [
              0.672953081876725,
              0.9965686274509804
            ],
            [
              0.672033118675253,
              0.9965686274509804
            ],
            [
              0.671113155473781,
              0.9965686274509804
            ],
            [
              0.6704231830726771,
              0.9970588235294118
            ],
            [
              0.6697332106715731,
              0.9975490196078431
            ],
            [
              0.6688132474701012,
              0.9975490196078431
            ],
            [
              0.6678932842686293,
              0.9975490196078431
            ],
            [
              0.6669733210671573,
              0.9975490196078431
            ],
            [
              0.6660533578656854,
              0.9975490196078431
            ],
            [
              0.6651333946642134,
              0.9975490196078431
            ],
            [
              0.6642134314627415,
              0.9975490196078431
            ],
            [
              0.6632934682612696,
              0.9975490196078431
            ],
            [
              0.6623735050597976,
              0.9975490196078431
            ],
            [
              0.6614535418583257,
              0.9975490196078431
            ],
            [
              0.6605335786568537,
              0.9975490196078431
            ],
            [
              0.6596136154553818,
              0.9975490196078431
            ],
            [
              0.6591536338546458,
              0.9985294117647059
            ],
            [
              0.6582336706531738,
              0.9985294117647059
            ],
            [
              0.6573137074517019,
              0.9985294117647059
            ],
            [
              0.65639374425023,
              0.9985294117647059
            ],
            [
              0.655703771849126,
              0.9980392156862745
            ],
            [
              0.6550137994480221,
              0.9975490196078431
            ],
            [
              0.6540938362465502,
              0.9975490196078431
            ],
            [
              0.6531738730450782,
              0.9975490196078431
            ],
            [
              0.6522539098436062,
              0.9975490196078431
            ],
            [
              0.6517939282428703,
              0.9985294117647059
            ],
            [
              0.6508739650413984,
              0.9985294117647059
            ],
            [
              0.6499540018399264,
              0.9985294117647059
            ],
            [
              0.6490340386384544,
              0.9985294117647059
            ],
            [
              0.6481140754369825,
              0.9985294117647059
            ],
            [
              0.6471941122355106,
              0.9985294117647059
            ],
            [
              0.6462741490340387,
              0.9985294117647059
            ],
            [
              0.6453541858325667,
              0.9985294117647059
            ],
            [
              0.6446642134314627,
              0.9990196078431373
            ],
            [
              0.7380404783808647,
              0.9990196078431373
            ]
          ]
        ]
      },
      "properties": {
        "segment_id": 46,
        "area": 50270,
        "bbox": [
          1274.0,
          940.0,
          899.0,
          79.0
        ],
        "iou": 0.8873692750930786,
        "stability": 0.9230355024337769,
        "auto_generated": true,
        "model": "segment_anything"
      }
    },
    {
      "type": "Feature",
      "geometry": {
        "type": "Polygon",
        "coordinates": [
          [
            [
              0.999540018399264,
              0.9955882352941177
            ],
            [
              0.9990800367985281,
              0.9955882352941177
            ],
            [
              0.9986200551977921,
              0.9955882352941177
            ],
            [
              0.9981600735970562,
              0.9955882352941177
            ],
            [
              0.9977000919963201,
              0.9955882352941177
            ],
            [
              0.9972401103955841,
              0.9955882352941177
            ],
            [
              0.9970101195952162,
              0.996078431372549
            ],
            [
              0.9967801287948482,
              0.9965686274509804
            ],
            [
              0.9963201471941122,
              0.9965686274509804
            ],
            [
              0.9958601655933763,
              0.9965686274509804
            ],
            [
              0.9954001839926403,
              0.9965686274509804
            ],
            [
              0.9949402023919043,
              0.9965686274509804
            ],
            [
              0.9944802207911684,
              0.9965686274509804
            ],
            [
              0.9940202391904324,
              0.9965686274509804
            ],
            [
              0.9935602575896965,
              0.9965686274509804
            ],
            [
              0.9931002759889604,
              0.9965686274509804
            ],
            [
              0.9926402943882244,
              0.9965686274509804
            ],
            [
              0.9921803127874885,
              0.9965686274509804
            ],
            [
              0.9917203311867525,
              0.9965686274509804
            ],
            [
              0.9912603495860166,
              0.9965686274509804
            ],
            [
              0.9908003679852806,
              0.9965686274509804
            ],
            [
              0.9903403863845446,
              0.9965686274509804
            ],
            [
              0.9898804047838087,
              0.9965686274509804
            ],
            [
              0.9894204231830727,
              0.9965686274509804
            ],
            [
              0.9889604415823368,
              0.9965686274509804
            ],
            [
              0.9885004599816007,
              0.9965686274509804
            ],
            [
              0.9880404783808647,
              0.9965686274509804
            ],
            [
              0.9875804967801288,
              0.9965686274509804
            ],
            [
              0.9871205151793928,
              0.9965686274509804
            ],
            [
              0.9866605335786569,
              0.9965686274509804
            ],
            [
              0.9862005519779209,
              0.9965686274509804
            ],
            [
              0.9857405703771849,
              0.9965686274509804
            ],
            [
              0.985280588776449,
              0.9965686274509804
            ],
            [
              0.984820607175713,
              0.9965686274509804
            ],
            [
              0.984360625574977,
              0.9965686274509804
            ],
            [
              0.983900643974241,
              0.9965686274509804
            ],
            [
              0.983440662373505,
              0.9965686274509804
            ],
            [
              0.9829806807727691,
              0.9965686274509804
            ],
            [
              0.9825206991720331,
              0.9965686274509804
            ],
            [
              0.9820607175712971,
              0.9965686274509804
            ],
            [
              0.9816007359705612,
              0.9965686274509804
            ],
            [
              0.9811407543698252,
              0.9965686274509804
            ],
            [
              0.9806807727690893,
              0.9965686274509804
            ],
            [
              0.9802207911683533,
              0.9965686274509804
            ],
            [
              0.9797608095676172,
              0.9965686274509804
            ],
            [
              0.9793008279668813,
              0.9965686274509804
            ],
            [
              0.9788408463661453,
              0.9965686274509804
            ],
            [
              0.9783808647654094,
              0.9965686274509804
            ],
            [
              0.9779208831646734,
              0.9965686274509804
            ],
            [
              0.9774609015639374,
              0.9965686274509804
            ],
            [
              0.9770009199632015,
              0.9965686274509804
            ],
            [
              0.9765409383624655,
              0.9965686274509804
            ],
            [
              0.9760809567617296,
              0.9965686274509804
            ],
            [
              0.9756209751609936,
              0.9965686274509804
            ],
            [
              0.9751609935602575,
              0.9965686274509804
            ],
            [
              0.9747010119595216,
              0.9965686274509804
            ],
            [
              0.9742410303587856,
              0.9965686274509804
            ],
            [
              0.9737810487580497,
              0.9965686274509804
            ],
            [
              0.9733210671573137,
              0.9965686274509804
            ],
            [
              0.9728610855565777,
              0.9965686274509804
            ],
            [
              0.9724011039558418,
              0.9965686274509804
            ],
            [
              0.9719411223551058,
              0.9965686274509804
            ],
            [
              0.9714811407543699,
              0.9965686274509804
            ],
            [
              0.9710211591536339,
              0.9965686274509804
            ],
            [
              0.9705611775528978,
              0.9965686274509804
            ],
            [
              0.9703311867525299,
              0.9970588235294118
            ],
            [
              0.9701011959521619,
              0.9975490196078431
            ],
            [
              0.9696412143514259,
              0.9975490196078431
            ],
            [
              0.96918123275069,
              0.9975490196078431
            ],
            [
              0.968721251149954,
              0.9975490196078431
            ],
            [
              0.968261269549218,
              0.9975490196078431
            ],
            [
              0.9678012879484821,
              0.9975490196078431
            ],
            [
              0.9673413063477461,
              0.9975490196078431
            ],
            [
              0.9668813247470102,
              0.9975490196078431
            ],
            [
              0.9664213431462741,
              0.9975490196078431
            ],
            [
              0.9659613615455381,
              0.9975490196078431
            ],
            [
              0.9655013799448022,
              0.9975490196078431
            ],
            [
              0.9650413983440662,
              0.9975490196078431
            ],
            [
              0.9645814167433303,
              0.9975490196078431
            ],
            [
              0.9641214351425943,
              0.9975490196078431
            ],
            [
              0.9636614535418583,
              0.9975490196078431
            ],
            [
              0.9632014719411224,
              0.9975490196078431
            ],
            [
              0.9627414903403864,
              0.9975490196078431
            ],
            [
              0.9622815087396505,
              0.9975490196078431
            ],
            [
              0.9618215271389144,
              0.9975490196078431
            ],
            [
              0.9613615455381784,
              0.9975490196078431
            ],
            [
              0.9611315547378105,
              0.9970588235294118
            ],
            [
              0.9609015639374425,
              0.9965686274509804
            ],
            [
              0.9604415823367065,
              0.9965686274509804
            ],
            [
              0.9599816007359706,
              0.9965686274509804
            ],
            [
              0.9595216191352346,
              0.9965686274509804
            ],
            [
              0.9592916283348666,
              0.996078431372549
            ],
            [
              0.9590616375344986,
              0.9955882352941177
            ],
            [
              0.9586016559337627,
              0.9955882352941177
            ],
            [
              0.9581416743330267,
              0.9955882352941177
            ],
            [
              0.9579116835326587,
              0.996078431372549
            ],
            [
              0.9576816927322908,
              0.9965686274509804
            ],
            [
              0.9572217111315547,
              0.9965686274509804
            ],
            [
              0.9567617295308187,
              0.9965686274509804
            ],
            [
              0.9563017479300828,
              0.9965686274509804
            ],
            [
              0.9558417663293468,
              0.9965686274509804
            ],
            [
              0.9553817847286109,
              0.9965686274509804
            ],
            [
              0.9551517939282429,
              0.9970588235294118
            ],
            [
              0.9549218031278749,
              0.9975490196078431
            ],
            [
              0.9544618215271389,
              0.9975490196078431
            ],
            [
              0.954001839926403,
              0.9975490196078431
            ],
            [
              0.953541858325667,
              0.9975490196078431
            ],
            [
              0.953081876724931,
              0.9975490196078431
            ],
            [
              0.952621895124195,
              0.9975490196078431
            ],
            [
              0.952161913523459,
              0.9975490196078431
            ],
            [
              0.9517019319227231,
              0.9975490196078431
            ],
            [
              0.9512419503219871,
              0.9975490196078431
            ],
            [
              0.9507819687212512,
              0.9975490196078431
            ],
            [
              0.9503219871205152,
              0.9975490196078431
            ],
            [
              0.9498620055197792,
              0.9975490196078431
            ],
            [
              0.9494020239190433,
              0.9975490196078431
            ],
            [
              0.9489420423183073,
              0.9975490196078431
            ],
            [
              0.9484820607175714,
              0.9975490196078431
            ],
            [
              0.9480220791168353,
              0.9975490196078431
            ],
            [
              0.9475620975160993,
              0.9975490196078431
            ],
            [
              0.9471021159153634,
              0.9975490196078431
            ],
            [
              0.9466421343146274,
              0.9975490196078431
            ],
            [
              0.9461821527138914,
              0.9975490196078431
            ],
            [
              0.9457221711131555,
              0.9975490196078431
            ],
            [
              0.9452621895124195,
              0.9975490196078431
            ],
            [
              0.9448022079116836,
              0.9975490196078431
            ],
            [
              0.9445722171113156,
              0.9970588235294118
            ],
            [
              0.9443422263109476,
              0.9965686274509804
            ],
            [
              0.9438822447102115,
              0.9965686274509804
            ],
            [
              0.9434222631094756,
              0.9965686274509804
            ],
            [
              0.9429622815087396,
              0.9965686274509804
            ],
            [
              0.9425022999080037,
              0.9965686274509804
            ],
            [
              0.9420423183072677,
              0.9965686274509804
            ],
            [
              0.9415823367065317,
              0.9965686274509804
            ],
            [
              0.9411223551057958,
              0.9965686274509804
            ],
            [
              0.9406623735050598,
              0.9965686274509804
            ],
            [
              0.9402023919043239,
              0.9965686274509804
            ],
            [
              0.9399724011039559,
              0.9970588235294118
            ],
            [
              0.9397424103035878,
              0.9975490196078431
            ],
            [
              0.9392824287028518,
              0.9975490196078431
            ],
            [
              0.9388224471021159,
              0.9975490196078431
            ],
            [
              0.9383624655013799,
              0.9975490196078431
            ],
            [
              0.9381324747010119,
              0.9980392156862745
            ],
            [
              0.937902483900644,
              0.9985294117647059
            ],
            [
              0.937672493100276,
              0.9990196078431373
            ],
            [
              0.999540018399264,
              0.9955882352941177
            ]
          ]
        ]
      },
      "properties": {
        "segment_id": 46,
        "area": 50270,
        "bbox": [
          1274.0,
          940.0,
          899.0,
          79.0
        ],
        "iou": 0.8873692750930786,
        "stability": 0.9230355024337769,
        "auto_generated": true,
        "model": "segment_anything"
      }
    }
  ],
  "metadata": {
    "model": "segment_anything",
    "num_segments": 47
  }
}