{
  "type": "FeatureCollection",
  "features": [
    {
      "type": "Feature",
      "geometry": {
        "type": "Polygon",
        "coordinates": [
          [
            [
              0.999540018399264,
              0.11678004535147392
            ],
            [
              0.9977000919963201,
              0.11678004535147392
            ],
            [
              0.9960901563937442,
              0.11715797430083144
            ],
            [
              0.9944802207911684,
              0.11753590325018896
            ],
            [
              0.9926402943882244,
              0.11753590325018896
            ],
            [
              0.9912603495860166,
              0.11829176114890401
            ],
            [
              0.9894204231830727,
              0.11829176114890401
            ],
            [
              0.9875804967801288,
              0.11829176114890401
            ],
            [
              0.9857405703771849,
              0.11829176114890401
            ],
            [
              0.984360625574977,
              0.11904761904761904
            ],
            [
              0.9825206991720331,
              0.11904761904761904
            ],
            [
              0.9806807727690893,
              0.11904761904761904
            ],
            [
              0.9788408463661453,
              0.11904761904761904
            ],
            [
              0.9770009199632015,
              0.11904761904761904
            ],
            [
              0.9756209751609936,
              0.11980347694633409
            ],
            [
              0.9740110395584176,
              0.11942554799697656
            ],
            [
              0.9724011039558418,
              0.11904761904761904
            ],
            [
              0.9705611775528978,
              0.11904761904761904
            ],
            [
              0.968721251149954,
              0.11904761904761904
            ],
            [
              0.9673413063477461,
              0.11829176114890401
            ],
            [
              0.9655013799448022,
              0.11829176114890401
            ],
            [
              0.9636614535418583,
              0.11829176114890401
            ],
            [
              0.9618215271389144,
              0.11829176114890401
            ],
            [
              0.9599816007359706,
              0.11829176114890401
            ],
            [
              0.9581416743330267,
              0.11829176114890401
            ],
            [
              0.9563017479300828,
              0.11829176114890401
            ],
            [
              0.9544618215271389,
              0.11829176114890401
            ],
            [
              0.952621895124195,
              0.11829176114890401
            ],
            [
              0.9507819687212512,
              0.11829176114890401
            ],
            [
              0.9489420423183073,
              0.11829176114890401
            ],
            [
              0.9471021159153634,
              0.11829176114890401
            ],
            [
              0.9452621895124195,
              0.11829176114890401
            ],
            [
              0.9434222631094756,
              0.11829176114890401
            ],
            [
              0.9420423183072677,
              0.11904761904761904
            ],
            [
              0.9402023919043239,
              0.11904761904761904
            ],
            [
              0.9383624655013799,
              0.11904761904761904
            ],
            [
              0.9365225390984361,
              0.11904761904761904
            ],
            [
              0.9351425942962281,
              0.11829176114890401
            ],
            [
              0.9337626494940202,
              0.11753590325018896
            ],
            [
              0.9323827046918123,
              0.11678004535147392
            ],
            [
              0.9312327506899724,
              0.11564625850340136
            ],
            [
              0.9303127874885004,
              0.11413454270597127
            ],
            [
              0.9291628334866605,
              0.11300075585789872
            ],
            [
              0.9282428702851886,
              0.11148904006046863
            ],
            [
              0.9270929162833487,
              0.11035525321239607
            ],
            [
              0.9257129714811407,
              0.10959939531368103
            ],
            [
              0.9245630174793008,
              0.10846560846560846
            ],
            [
              0.9234130634774609,
              0.1073318216175359
            ],
            [
              0.922263109475621,
              0.10619803476946334
            ],
            [
              0.920883164673413,
              0.1054421768707483
            ],
            [
              0.9199632014719411,
              0.10393046107331821
            ],
            [
              0.9188132474701012,
              0.10279667422524566
            ],
            [
              0.9199632014719411,
              0.10166288737717309
            ],
            [
              0.921343146274149,
              0.10090702947845805
            ],
            [
              0.922493100275989,
              0.09977324263038549
            ],
            [
              0.9238730450781969,
              0.09901738473167045
            ],
            [
              0.9254829806807727,
              0.09863945578231292
            ],
            [
              0.9273229070837167,
              0.09863945578231292
            ],
            [
              0.9287028518859246,
              0.09788359788359788
            ],
            [
              0.9305427782888684,
              0.09788359788359788
            ],
            [
              0.9323827046918123,
              0.09788359788359788
            ],
            [
              0.9337626494940202,
              0.09712773998488285
            ],
            [
              0.9356025758969642,
              0.09712773998488285
            ],
            [
              0.937442502299908,
              0.09712773998488285
            ],
            [
              0.9388224471021159,
              0.0963718820861678
            ],
            [
              0.9406623735050598,
              0.0963718820861678
            ],
            [
              0.9420423183072677,
              0.09561602418745276
            ],
            [
              0.9438822447102115,
              0.09561602418745276
            ],
            [
              0.9452621895124195,
              0.09486016628873772
            ],
            [
              0.9471021159153634,
              0.09486016628873772
            ],
            [
              0.9484820607175714,
              0.09410430839002268
            ],
            [
              0.9503219871205152,
              0.09410430839002268
            ],
            [
              0.9517019319227231,
              0.09334845049130763
            ],
            [
              0.953311867525299,
              0.09297052154195011
            ],
            [
              0.9549218031278749,
              0.09259259259259259
            ],
            [
              0.9563017479300828,
              0.09183673469387756
            ],
            [
              0.9581416743330267,
              0.09183673469387756
            ],
            [
              0.9595216191352346,
              0.09108087679516251
            ],
            [
              0.9611315547378105,
              0.09070294784580499
            ],
            [
              0.9627414903403864,
              0.09032501889644746
            ],
            [
              0.9643514259429623,
              0.08994708994708994
            ],
            [
              0.9659613615455381,
              0.08956916099773243
            ],
            [
              0.9678012879484821,
              0.08956916099773243
            ],
            [
              0.96918123275069,
              0.08881330309901739
            ],
            [
              0.9710211591536339,
              0.08881330309901739
            ],
            [
              0.9728610855565777,
              0.08881330309901739
            ],
            [
              0.9744710211591536,
              0.08843537414965986
            ],
            [
              0.9760809567617296,
              0.08805744520030234
            ],
            [
              0.9779208831646734,
              0.08805744520030234
            ],
            [
              0.9797608095676172,
              0.08805744520030234
            ],
            [
              0.9816007359705612,
              0.08805744520030234
            ],
            [
              0.983440662373505,
              0.08805744520030234
            ],
            [
              0.984820607175713,
              0.0873015873015873
            ],
            [
              0.9866605335786569,
              0.0873015873015873
            ],
            [
              0.9882704691812327,
              0.08767951625094482
            ],
            [
              0.9898804047838087,
              0.08805744520030234
            ],
            [
              0.9914903403863845,
              0.08843537414965986
            ],
            [
              0.9931002759889604,
              0.08881330309901739
            ],
            [
              0.9944802207911684,
              0.08956916099773243
            ],
            [
              0.9963201471941122,
              0.08956916099773243
            ],
            [
              0.9977000919963201,
              0.09032501889644746
            ],
            [
              0.9990800367985281,
              0.09108087679516251
            ],
            [
              0.999540018399264,
              0.11678004535147392
            ]
          ]
        ]
      },
      "properties": {
        "segment_id": 0,
        "area": 5668,
        "bbox": [
          1998.0,
          116.0,
          175.0,
          42.0
        ],
        "iou": 0.9287351369857788,
        "stability": 0.9587593078613281,
        "auto_generated": true,
        "model": "segment_anything"
      }
    },
    {
      "type": "Feature",
      "geometry": {
        "type": "Polygon",
        "coordinates": [
          [
            [
              0.999540018399264,
              0.11678004535147392
            ],
            [
              0.9931002759889604,
              0.11678004535147392
            ],
            [
              0.9875804967801288,
              0.11829176114890401
            ],
            [
              0.9820607175712971,
              0.11980347694633409
            ],
            [
              0.9770009199632015,
              0.12207105064247921
            ],
            [
              0.9719411223551058,
              0.12433862433862433
            ],
            [
              0.9666513339466422,
              0.12622826908541193
            ],
            [
              0.9604415823367065,
              0.12660619803476947
            ],
            [
              0.954231830726771,
              0.12698412698412698
            ],
            [
              0.9480220791168353,
              0.1273620559334845
            ],
            [
              0.9420423183072677,
              0.12811791383219956
            ],
            [
              0.9360625574977001,
              0.12887377173091458
            ],
            [
              0.9300827966881324,
              0.12962962962962962
            ],
            [
              0.9247930082796688,
              0.1292517006802721
            ],
            [
              0.9197332106715731,
              0.13000755857898716
            ],
            [
              0.9139834406623735,
              0.13038548752834467
            ],
            [
              0.9080036798528058,
              0.1311413454270597
            ],
            [
              0.9020239190432383,
              0.13189720332577476
            ],
            [
              0.8960441582336707,
              0.1326530612244898
            ],
            [
              0.890064397424103,
              0.13340891912320485
            ],
            [
              0.8838546458141674,
              0.13378684807256236
            ],
            [
              0.8778748850045999,
              0.1345427059712774
            ],
            [
              0.8716651333946642,
              0.1349206349206349
            ],
            [
              0.8656853725850966,
              0.13567649281934996
            ],
            [
              0.859705611775529,
              0.136432350718065
            ],
            [
              0.8537258509659613,
              0.13718820861678005
            ],
            [
              0.8477460901563938,
              0.1379440665154951
            ],
            [
              0.8417663293468262,
              0.13869992441421014
            ],
            [
              0.8353265869365225,
              0.13869992441421014
            ],
            [
              0.8298068077276909,
              0.13869992441421014
            ],
            [
              0.8238270469181233,
              0.13945578231292516
            ],
            [
              0.8183072677092916,
              0.14096749811035525
            ],
            [
              0.812327506899724,
              0.1417233560090703
            ],
            [
              0.8058877644894205,
              0.1417233560090703
            ],
            [
              0.7999080036798528,
              0.14247921390778534
            ],
            [
              0.7934682612695492,
              0.14247921390778534
            ],
            [
              0.7874885004599816,
              0.14323507180650039
            ],
            [
              0.781508739650414,
              0.14399092970521543
            ],
            [
              0.7750689972401104,
              0.14399092970521543
            ],
            [
              0.7686292548298068,
              0.14399092970521543
            ],
            [
              0.7621895124195032,
              0.14399092970521543
            ],
            [
              0.7557497700091996,
              0.14399092970521543
            ],
            [
              0.7493100275988961,
              0.14399092970521543
            ],
            [
              0.7428702851885924,
              0.14399092970521543
            ],
            [
              0.7364305427782889,
              0.14399092970521543
            ],
            [
              0.7309107635694572,
              0.1455026455026455
            ],
            [
              0.7249310027598896,
              0.14625850340136054
            ],
            [
              0.7194112235510579,
              0.14777021919879063
            ],
            [
              0.7138914443422263,
              0.14928193499622072
            ],
            [
              0.7083716651333947,
              0.15079365079365079
            ],
            [
              0.7044618215271389,
              0.14814814814814814
            ],
            [
              0.7074517019319227,
              0.14247921390778534
            ],
            [
              0.7111315547378105,
              0.1379440665154951
            ],
            [
              0.7145814167433303,
              0.1330309901738473
            ],
            [
              0.718491260349586,
              0.12887377173091458
            ],
            [
              0.7221711131554738,
              0.12433862433862433
            ],
            [
              0.7260809567617296,
              0.12018140589569161
            ],
            [
              0.7306807727690893,
              0.11715797430083144
            ],
            [
              0.7357405703771849,
              0.11489040060468632
            ],
            [
              0.7405703771849126,
              0.11224489795918367
            ],
            [
              0.7447102115915364,
              0.10846560846560846
            ],
            [
              0.7481600735970562,
              0.10355253212396069
            ],
            [
              0.7513799448022079,
              0.0982615268329554
            ],
            [
              0.7557497700091996,
              0.09486016628873772
            ],
            [
              0.7608095676172953,
              0.09259259259259259
            ],
            [
              0.766329346826127,
              0.09108087679516251
            ],
            [
              0.7727690892364305,
              0.09108087679516251
            ],
            [
              0.7787488500459981,
              0.09032501889644746
            ],
            [
              0.7851885924563018,
              0.09032501889644746
            ],
            [
              0.7907083716651334,
              0.09032501889644746
            ],
            [
              0.796688132474701,
              0.09108087679516251
            ],
            [
              0.8026678932842686,
              0.09032501889644746
            ],
            [
              0.8091076356945722,
              0.09032501889644746
            ],
            [
              0.8155473781048758,
              0.09032501889644746
            ],
            [
              0.8219871205151794,
              0.09032501889644746
            ],
            [
              0.827966881324747,
              0.08956916099773243
            ],
            [
              0.8344066237350506,
              0.08956916099773243
            ],
            [
              0.8408463661453542,
              0.08956916099773243
            ],
            [
              0.8468261269549218,
              0.09032501889644746
            ],
            [
              0.8528058877644894,
              0.09108087679516251
            ],
            [
              0.859015639374425,
              0.09070294784580499
            ],
            [
              0.8647654093836247,
              0.08956916099773243
            ],
            [
              0.8702851885924563,
              0.08805744520030234
            ],
            [
              0.8767249310027599,
              0.08805744520030234
            ],
            [
              0.8827046918123275,
              0.08881330309901739
            ],
            [
              0.8886844526218951,
              0.08956916099773243
            ],
            [
              0.8942042318307267,
              0.09108087679516251
            ],
            [
              0.8992640294388224,
              0.09334845049130763
            ],
            [
              0.9043238270469182,
              0.09561602418745276
            ],
            [
              0.9093836246550138,
              0.09788359788359788
            ],
            [
              0.9142134314627415,
              0.10052910052910052
            ],
            [
              0.9199632014719411,
              0.10166288737717309
            ],
            [
              0.9250229990800368,
              0.10090702947845805
            ],
            [
              0.9300827966881324,
              0.09863945578231292
            ],
            [
              0.9358325666973321,
              0.09750566893424037
            ],
            [
              0.9415823367065317,
              0.0963718820861678
            ],
            [
              0.9475620975160993,
              0.09561602418745276
            ],
            [
              0.953081876724931,
              0.09410430839002268
            ],
            [
              0.9586016559337627,
              0.09259259259259259
            ],
            [
              0.9636614535418583,
              0.09032501889644746
            ],
            [
              0.9696412143514259,
              0.08956916099773243
            ],
            [
              0.9756209751609936,
              0.08881330309901739
            ],
            [
              0.9816007359705612,
              0.08805744520030234
            ],
            [
              0.9880404783808647,
              0.08805744520030234
            ],
            [
              0.9935602575896965,
              0.08956916099773243
            ],
            [
              0.9988500459981601,
              0.09145880574452003
            ],
            [
              0.999540018399264,
              0.11678004535147392
            ]
          ]
        ]
      },
      "properties": {
        "segment_id": 1,
        "area": 33531,
        "bbox": [
          1531.0,
          117.0,
          642.0,
          82.0
        ],
        "iou": 0.9057884216308594,
        "stability": 0.9572253823280334,
        "auto_generated": true,
        "model": "segment_anything"
      }
    },
    {
      "type": "Feature",
      "geometry": {
        "type": "Polygon",
        "coordinates": [
          [
            [
              0.7309107635694572,
              0.5461073318216175
            ],
            [
              0.7299908003679852,
              0.5461073318216175
            ],
            [
              0.7293008279668813,
              0.54572940287226
            ],
            [
              0.7288408463661453,
              0.544973544973545
            ],
            [
              0.7281508739650414,
              0.5445956160241875
            ],
            [
              0.7276908923643054,
              0.5438397581254724
            ],
            [
              0.7272309107635695,
              0.5430839002267573
            ],
            [
              0.7267709291628335,
              0.5423280423280423
            ],
            [
              0.7265409383624655,
              0.5411942554799698
            ],
            [
              0.7265409383624655,
              0.5396825396825397
            ],
            [
              0.7263109475620975,
              0.5385487528344671
            ],
            [
              0.7260809567617296,
              0.5374149659863946
            ],
            [
              0.7256209751609936,
              0.5366591080876795
            ],
            [
              0.7253909843606255,
              0.5355253212396069
            ],
            [
              0.7251609935602575,
              0.5343915343915344
            ],
            [
              0.7247010119595216,
              0.5336356764928194
            ],
            [
              0.7247010119595216,
              0.5321239606953893
            ],
            [
              0.7242410303587856,
              0.5313681027966742
            ],
            [
              0.7240110395584176,
              0.5302343159486017
            ],
            [
              0.7237810487580497,
              0.5291005291005291
            ],
            [
              0.7233210671573137,
              0.528344671201814
            ],
            [
              0.7233210671573137,
              0.526832955404384
            ],
            [
              0.7228610855565777,
              0.5260770975056689
            ],
            [
              0.7226310947562098,
              0.5249433106575964
            ],
            [
              0.7224011039558418,
              0.5238095238095238
            ],
            [
              0.7221711131554738,
              0.5226757369614512
            ],
            [
              0.7219411223551058,
              0.5215419501133787
            ],
            [
              0.7214811407543699,
              0.5207860922146637
            ],
            [
              0.7212511499540019,
              0.5196523053665911
            ],
            [
              0.7210211591536339,
              0.5185185185185185
            ],
            [
              0.7205611775528978,
              0.5177626606198035
            ],
            [
              0.7201011959521619,
              0.5170068027210885
            ],
            [
              0.7198712051517939,
              0.5158730158730159
            ],
            [
              0.7196412143514259,
              0.5147392290249433
            ],
            [
              0.7194112235510579,
              0.5136054421768708
            ],
            [
              0.71918123275069,
              0.5124716553287982
            ],
            [
              0.718721251149954,
              0.5117157974300831
            ],
            [
              0.718491260349586,
              0.5105820105820106
            ],
            [
              0.718261269549218,
              0.509448223733938
            ],
            [
              0.7180312787488501,
              0.5083144368858654
            ],
            [
              0.7178012879484821,
              0.5071806500377929
            ],
            [
              0.7175712971481141,
              0.5060468631897204
            ],
            [
              0.7173413063477461,
              0.5049130763416477
            ],
            [
              0.7168813247470102,
              0.5041572184429327
            ],
            [
              0.7166513339466422,
              0.5030234315948602
            ],
            [
              0.7164213431462741,
              0.5018896447467877
            ],
            [
              0.7159613615455381,
              0.5011337868480725
            ],
            [
              0.7157313707451702,
              0.5
            ],
            [
              0.7155013799448022,
              0.4988662131519274
            ],
            [
              0.7150413983440662,
              0.4981103552532124
            ],
            [
              0.7150413983440662,
              0.4965986394557823
            ],
            [
              0.7145814167433303,
              0.4958427815570673
            ],
            [
              0.7143514259429623,
              0.4947089947089947
            ],
            [
              0.7138914443422263,
              0.4939531368102797
            ],
            [
              0.7136614535418583,
              0.4928193499622071
            ],
            [
              0.7132014719411224,
              0.49206349206349204
            ],
            [
              0.7129714811407544,
              0.4909297052154195
            ],
            [
              0.7127414903403864,
              0.4897959183673469
            ],
            [
              0.7122815087396505,
              0.4890400604686319
            ],
            [
              0.7120515179392825,
              0.4879062736205593
            ],
            [
              0.7115915363385464,
              0.4871504157218443
            ],
            [
              0.7113615455381784,
              0.4860166288737717
            ],
            [
              0.7109015639374425,
              0.4852607709750567
            ],
            [
              0.7106715731370745,
              0.48412698412698413
            ],
            [
              0.7104415823367065,
              0.48299319727891155
            ],
            [
              0.7099816007359706,
              0.48223733938019653
            ],
            [
              0.7099816007359706,
              0.48072562358276644
            ],
            [
              0.7099816007359706,
              0.47921390778533635
            ],
            [
              0.7102115915363385,
              0.4780801209372638
            ],
            [
              0.7106715731370745,
              0.47732426303854875
            ],
            [
              0.7113615455381784,
              0.47694633408919124
            ],
            [
              0.7118215271389144,
              0.47619047619047616
            ],
            [
              0.7125114995400184,
              0.47581254724111866
            ],
            [
              0.7129714811407544,
              0.47505668934240364
            ],
            [
              0.7138914443422263,
              0.47505668934240364
            ],
            [
              0.7143514259429623,
              0.47581254724111866
            ],
            [
              0.7148114075436982,
              0.47656840513983373
            ],
            [
              0.7155013799448022,
              0.47694633408919124
            ],
            [
              0.7157313707451702,
              0.4780801209372638
            ],
            [
              0.7159613615455381,
              0.47921390778533635
            ],
            [
              0.7164213431462741,
              0.4799697656840514
            ],
            [
              0.7168813247470102,
              0.48072562358276644
            ],
            [
              0.7171113155473781,
              0.481859410430839
            ],
            [
              0.7173413063477461,
              0.48299319727891155
            ],
            [
              0.7178012879484821,
              0.4837490551776266
            ],
            [
              0.7180312787488501,
              0.48488284202569915
            ],
            [
              0.718261269549218,
              0.4860166288737717
            ],
            [
              0.718721251149954,
              0.48677248677248675
            ],
            [
              0.718951241950322,
              0.4879062736205593
            ],
            [
              0.71918123275069,
              0.4890400604686319
            ],
            [
              0.7196412143514259,
              0.4897959183673469
            ],
            [
              0.7196412143514259,
              0.491307634164777
            ],
            [
              0.7201011959521619,
              0.49206349206349204
            ],
            [
              0.7201011959521619,
              0.4935752078609221
            ],
            [
              0.7205611775528978,
              0.4943310657596372
            ],
            [
              0.7210211591536339,
              0.4950869236583522
            ],
            [
              0.7212511499540019,
              0.4962207105064248
            ],
            [
              0.7214811407543699,
              0.4973544973544973
            ],
            [
              0.7219411223551058,
              0.4981103552532124
            ],
            [
              0.7221711131554738,
              0.499244142101285
            ],
            [
              0.7224011039558418,
              0.5003779289493575
            ],
            [
              0.7228610855565777,
              0.5011337868480725
            ],
            [
              0.7230910763569457,
              0.5022675736961452
            ],
            [
              0.7233210671573137,
              0.5034013605442177
            ],
            [
              0.7237810487580497,
              0.5041572184429327
            ],
            [
              0.7242410303587856,
              0.5049130763416477
            ],
            [
              0.7244710211591536,
              0.5060468631897204
            ],
            [
              0.7247010119595216,
              0.5071806500377929
            ],
            [
              0.7249310027598896,
              0.5083144368858654
            ],
            [
              0.7251609935602575,
              0.509448223733938
            ],
            [
              0.7253909843606255,
              0.5105820105820106
            ],
            [
              0.7258509659613616,
              0.5113378684807256
            ],
            [
              0.7260809567617296,
              0.5124716553287982
            ],
            [
              0.7265409383624655,
              0.5132275132275133
            ],
            [
              0.7267709291628335,
              0.5143613000755858
            ],
            [
              0.7272309107635695,
              0.5151171579743008
            ],
            [
              0.7276908923643054,
              0.5158730158730159
            ],
            [
              0.7279208831646734,
              0.5170068027210885
            ],
            [
              0.7283808647654094,
              0.5177626606198035
            ],
            [
              0.7286108555657773,
              0.518896447467876
            ],
            [
              0.7288408463661453,
              0.5200302343159486
            ],
            [
              0.7288408463661453,
              0.5215419501133787
            ],
            [
              0.7293008279668813,
              0.5222978080120937
            ],
            [
              0.7293008279668813,
              0.5238095238095238
            ],
            [
              0.7297608095676172,
              0.5245653817082389
            ],
            [
              0.7299908003679852,
              0.5256991685563114
            ],
            [
              0.7302207911683533,
              0.526832955404384
            ],
            [
              0.7302207911683533,
              0.528344671201814
            ],
            [
              0.7306807727690893,
              0.5291005291005291
            ],
            [
              0.7306807727690893,
              0.5306122448979592
            ],
            [
              0.7311407543698252,
              0.5313681027966742
            ],
            [
              0.7313707451701932,
              0.5325018896447468
            ],
            [
              0.7316007359705612,
              0.5336356764928194
            ],
            [
              0.7320607175712971,
              0.5343915343915344
            ],
            [
              0.7325206991720331,
              0.5351473922902494
            ],
            [
              0.7327506899724011,
              0.536281179138322
            ],
            [
              0.7329806807727691,
              0.5374149659863946
            ],
            [
              0.7332106715731371,
              0.5385487528344671
            ],
            [
              0.733670653173873,
              0.5393046107331821
            ],
            [
              0.733900643974241,
              0.5404383975812547
            ],
            [
              0.733900643974241,
              0.5419501133786848
            ],
            [
              0.733440662373505,
              0.5427059712773998
            ],
            [
              0.7332106715731371,
              0.5438397581254724
            ],
            [
              0.7327506899724011,
              0.5445956160241875
            ],
            [
              0.7322907083716651,
              0.5453514739229025
            ],
            [
              0.7313707451701932,
              0.5453514739229025
            ],
            [
              0.7309107635694572,
              0.5461073318216175
            ]
          ]
        ]
      },
      "properties": {
        "segment_id": 2,
        "area": 1364,
        "bbox": [
          1544.0,
          629.0,
          51.0,
          93.0
        ],
        "iou": 0.8746031522750854,
        "stability": 0.9415538311004639,
        "auto_generated": true,
        "model": "segment_anything"
      }
    },
    {
      "type": "Feature",
      "geometry": {
        "type": "Polygon",
        "coordinates": [
          [
            [
              0.7598896044158233,
              0.518896447467876
            ],
            [
              0.7594296228150874,
              0.518896447467876
            ],
            [
              0.7589696412143514,
              0.518896447467876
            ],
            [
              0.7585096596136155,
              0.518896447467876
            ],
            [
              0.7580496780128795,
              0.518896447467876
            ],
            [
              0.7575896964121435,
              0.518896447467876
            ],
            [
              0.7571297148114076,
              0.518896447467876
            ],
            [
              0.7566697332106715,
              0.518896447467876
            ],
            [
              0.7562097516099356,
              0.518896447467876
            ],
            [
              0.7557497700091996,
              0.518896447467876
            ],
            [
              0.7552897884084636,
              0.518896447467876
            ],
            [
              0.7550597976080957,
              0.5185185185185185
            ],
            [
              0.7548298068077277,
              0.518140589569161
            ],
            [
              0.7545998160073597,
              0.5177626606198035
            ],
            [
              0.7543698252069917,
              0.517384731670446
            ],
            [
              0.7541398344066237,
              0.5170068027210885
            ],
            [
              0.7541398344066237,
              0.5162509448223734
            ],
            [
              0.7539098436062558,
              0.5158730158730159
            ],
            [
              0.7536798528058878,
              0.5154950869236583
            ],
            [
              0.7536798528058878,
              0.5147392290249433
            ],
            [
              0.7536798528058878,
              0.5139833711262283
            ],
            [
              0.7536798528058878,
              0.5132275132275133
            ],
            [
              0.7536798528058878,
              0.5124716553287982
            ],
            [
              0.7536798528058878,
              0.5117157974300831
            ],
            [
              0.7536798528058878,
              0.5109599395313681
            ],
            [
              0.7536798528058878,
              0.5102040816326531
            ],
            [
              0.7536798528058878,
              0.509448223733938
            ],
            [
              0.7536798528058878,
              0.5086923658352229
            ],
            [
              0.7536798528058878,
              0.5079365079365079
            ],
            [
              0.7536798528058878,
              0.5071806500377929
            ],
            [
              0.7536798528058878,
              0.5064247921390779
            ],
            [
              0.7536798528058878,
              0.5056689342403629
            ],
            [
              0.7536798528058878,
              0.5049130763416477
            ],
            [
              0.7536798528058878,
              0.5041572184429327
            ],
            [
              0.7536798528058878,
              0.5034013605442177
            ],
            [
              0.7536798528058878,
              0.5026455026455027
            ],
            [
              0.7536798528058878,
              0.5018896447467877
            ],
            [
              0.7536798528058878,
              0.5011337868480725
            ],
            [
              0.7536798528058878,
              0.5003779289493575
            ],
            [
              0.7536798528058878,
              0.4996220710506425
            ],
            [
              0.7536798528058878,
              0.4988662131519274
            ],
            [
              0.7536798528058878,
              0.4981103552532124
            ],
            [
              0.7536798528058878,
              0.4973544973544973
            ],
            [
              0.7536798528058878,
              0.4965986394557823
            ],
            [
              0.7536798528058878,
              0.4958427815570673
            ],
            [
              0.7536798528058878,
              0.4950869236583522
            ],
            [
              0.7536798528058878,
              0.4943310657596372
            ],
            [
              0.7536798528058878,
              0.4935752078609221
            ],
            [
              0.7536798528058878,
              0.4928193499622071
            ],
            [
              0.7536798528058878,
              0.49206349206349204
            ],
            [
              0.7536798528058878,
              0.491307634164777
            ],
            [
              0.7536798528058878,
              0.490551776266062
            ],
            [
              0.7536798528058878,
              0.4897959183673469
            ],
            [
              0.7536798528058878,
              0.4890400604686319
            ],
            [
              0.7536798528058878,
              0.48828420256991684
            ],
            [
              0.7536798528058878,
              0.4875283446712018
            ],
            [
              0.7536798528058878,
              0.48677248677248675
            ],
            [
              0.7536798528058878,
              0.4860166288737717
            ],
            [
              0.7536798528058878,
              0.4852607709750567
            ],
            [
              0.7536798528058878,
              0.48450491307634164
            ],
            [
              0.7536798528058878,
              0.4837490551776266
            ],
            [
              0.7536798528058878,
              0.48299319727891155
            ],
            [
              0.7536798528058878,
              0.48223733938019653
            ],
            [
              0.7536798528058878,
              0.48148148148148145
            ],
            [
              0.7536798528058878,
              0.48072562358276644
            ],
            [
              0.7536798528058878,
              0.4799697656840514
            ],
            [
              0.7536798528058878,
              0.47921390778533635
            ],
            [
              0.7536798528058878,
              0.47845804988662133
            ],
            [
              0.7536798528058878,
              0.47770219198790626
            ],
            [
              0.7536798528058878,
              0.47694633408919124
            ],
            [
              0.7536798528058878,
              0.47619047619047616
            ],
            [
              0.7536798528058878,
              0.47543461829176115
            ],
            [
              0.7536798528058878,
              0.47467876039304613
            ],
            [
              0.7536798528058878,
              0.47392290249433106
            ],
            [
              0.7536798528058878,
              0.47316704459561604
            ],
            [
              0.7536798528058878,
              0.47241118669690096
            ],
            [
              0.7536798528058878,
              0.47165532879818595
            ],
            [
              0.7536798528058878,
              0.4708994708994709
            ],
            [
              0.7536798528058878,
              0.47014361300075586
            ],
            [
              0.7536798528058878,
              0.46938775510204084
            ],
            [
              0.7536798528058878,
              0.46863189720332576
            ],
            [
              0.7536798528058878,
              0.46787603930461075
            ],
            [
              0.7536798528058878,
              0.4671201814058957
            ],
            [
              0.7539098436062558,
              0.46674225245653816
            ],
            [
              0.7541398344066237,
              0.46636432350718066
            ],
            [
              0.7543698252069917,
              0.46598639455782315
            ],
            [
              0.7545998160073597,
              0.4656084656084656
            ],
            [
              0.7548298068077277,
              0.4652305366591081
            ],
            [
              0.7550597976080957,
              0.46485260770975056
            ],
            [
              0.7552897884084636,
              0.46447467876039306
            ],
            [
              0.7557497700091996,
              0.46447467876039306
            ],
            [
              0.7562097516099356,
              0.46447467876039306
            ],
            [
              0.7566697332106715,
              0.46447467876039306
            ],
            [
              0.7568997240110396,
              0.46409674981103555
            ],
            [
              0.7571297148114076,
              0.463718820861678
            ],
            [
              0.7575896964121435,
              0.463718820861678
            ],
            [
              0.7580496780128795,
              0.463718820861678
            ],
            [
              0.7585096596136155,
              0.463718820861678
            ],
            [
              0.7589696412143514,
              0.463718820861678
            ],
            [
              0.7591996320147194,
              0.46409674981103555
            ],
            [
              0.7594296228150874,
              0.46447467876039306
            ],
            [
              0.7598896044158233,
              0.46447467876039306
            ],
            [
              0.7601195952161913,
              0.46485260770975056
            ],
            [
              0.7603495860165593,
              0.4652305366591081
            ],
            [
              0.7608095676172953,
              0.4652305366591081
            ],
            [
              0.7610395584176632,
              0.4656084656084656
            ],
            [
              0.7612695492180312,
              0.46598639455782315
            ],
            [
              0.7617295308187673,
              0.46598639455782315
            ],
            [
              0.7619595216191353,
              0.46636432350718066
            ],
            [
              0.7621895124195032,
              0.46674225245653816
            ],
            [
              0.7624195032198712,
              0.4671201814058957
            ],
            [
              0.7624195032198712,
              0.46787603930461075
            ],
            [
              0.7624195032198712,
              0.46863189720332576
            ],
            [
              0.7624195032198712,
              0.46938775510204084
            ],
            [
              0.7624195032198712,
              0.47014361300075586
            ],
            [
              0.7624195032198712,
              0.4708994708994709
            ],
            [
              0.7624195032198712,
              0.47165532879818595
            ],
            [
              0.7624195032198712,
              0.47241118669690096
            ],
            [
              0.7624195032198712,
              0.47316704459561604
            ],
            [
              0.7624195032198712,
              0.47392290249433106
            ],
            [
              0.7624195032198712,
              0.47467876039304613
            ],
            [
              0.7624195032198712,
              0.47543461829176115
            ],
            [
              0.7624195032198712,
              0.47619047619047616
            ],
            [
              0.7624195032198712,
              0.47694633408919124
            ],
            [
              0.7624195032198712,
              0.47770219198790626
            ],
            [
              0.7624195032198712,
              0.47845804988662133
            ],
            [
              0.7624195032198712,
              0.47921390778533635
            ],
            [
              0.7624195032198712,
              0.4799697656840514
            ],
            [
              0.7624195032198712,
              0.48072562358276644
            ],
            [
              0.7624195032198712,
              0.48148148148148145
            ],
            [
              0.7624195032198712,
              0.48223733938019653
            ],
            [
              0.7624195032198712,
              0.48299319727891155
            ],
            [
              0.7624195032198712,
              0.4837490551776266
            ],
            [
              0.7624195032198712,
              0.48450491307634164
            ],
            [
              0.7624195032198712,
              0.4852607709750567
            ],
            [
              0.7624195032198712,
              0.4860166288737717
            ],
            [
              0.7624195032198712,
              0.48677248677248675
            ],
            [
              0.7624195032198712,
              0.4875283446712018
            ],
            [
              0.7624195032198712,
              0.48828420256991684
            ],
            [
              0.7624195032198712,
              0.4890400604686319
            ],
            [
              0.7624195032198712,
              0.4897959183673469
            ],
            [
              0.7624195032198712,
              0.490551776266062
            ],
            [
              0.7624195032198712,
              0.491307634164777
            ],
            [
              0.7624195032198712,
              0.49206349206349204
            ],
            [
              0.7624195032198712,
              0.4928193499622071
            ],
            [
              0.7624195032198712,
              0.4935752078609221
            ],
            [
              0.7624195032198712,
              0.4943310657596372
            ],
            [
              0.7624195032198712,
              0.4950869236583522
            ],
            [
              0.7624195032198712,
              0.4958427815570673
            ],
            [
              0.7624195032198712,
              0.4965986394557823
            ],
            [
              0.7624195032198712,
              0.4973544973544973
            ],
            [
              0.7624195032198712,
              0.4981103552532124
            ],
            [
              0.7624195032198712,
              0.4988662131519274
            ],
            [
              0.7624195032198712,
              0.4996220710506425
            ],
            [
              0.7624195032198712,
              0.5003779289493575
            ],
            [
              0.7624195032198712,
              0.5011337868480725
            ],
            [
              0.7624195032198712,
              0.5018896447467877
            ],
            [
              0.7624195032198712,
              0.5026455026455027
            ],
            [
              0.7624195032198712,
              0.5034013605442177
            ],
            [
              0.7624195032198712,
              0.5041572184429327
            ],
            [
              0.7624195032198712,
              0.5049130763416477
            ],
            [
              0.7624195032198712,
              0.5056689342403629
            ],
            [
              0.7624195032198712,
              0.5064247921390779
            ],
            [
              0.7624195032198712,
              0.5071806500377929
            ],
            [
              0.7624195032198712,
              0.5079365079365079
            ],
            [
              0.7624195032198712,
              0.5086923658352229
            ],
            [
              0.7624195032198712,
              0.509448223733938
            ],
            [
              0.7624195032198712,
              0.5102040816326531
            ],
            [
              0.7624195032198712,
              0.5109599395313681
            ],
            [
              0.7624195032198712,
              0.5117157974300831
            ],
            [
              0.7621895124195032,
              0.5120937263794406
            ],
            [
              0.7619595216191353,
              0.5124716553287982
            ],
            [
              0.7619595216191353,
              0.5132275132275133
            ],
            [
              0.7619595216191353,
              0.5139833711262283
            ],
            [
              0.7617295308187673,
              0.5143613000755858
            ],
            [
              0.7614995400183993,
              0.5147392290249433
            ],
            [
              0.7614995400183993,
              0.5154950869236583
            ],
            [
              0.7614995400183993,
              0.5162509448223734
            ],
            [
              0.7612695492180312,
              0.516628873771731
            ],
            [
              0.7610395584176632,
              0.5170068027210885
            ],
            [
              0.7610395584176632,
              0.5177626606198035
            ],
            [
              0.7608095676172953,
              0.518140589569161
            ],
            [
              0.7603495860165593,
              0.518140589569161
            ],
            [
              0.7601195952161913,
              0.5185185185185185
            ],
            [
              0.7598896044158233,
              0.518896447467876
            ],
            [
              0.7598896044158233,
              0.518896447467876
            ]
          ]
        ]
      },
      "properties": {
        "segment_id": 3,
        "area": 1331,
        "bbox": [
          1639.0,
          614.0,
          18.0,
          72.0
        ],
        "iou": 0.8675044775009155,
        "stability": 0.9718518257141113,
        "auto_generated": true,
        "model": "segment_anything"
      }
    },
    {
      "type": "Feature",
      "geometry": {
        "type": "Polygon",
        "coordinates": [
          [
            [
              0.6347746090156394,
              0.24149659863945577
            ],
            [
              0.6343146274149034,
              0.24149659863945577
            ],
            [
              0.6338546458141674,
              0.24149659863945577
            ],
            [
              0.6333946642134315,
              0.24149659863945577
            ],
            [
              0.6329346826126955,
              0.24149659863945577
            ],
            [
              0.6327046918123275,
              0.24111866969009826
            ],
            [
              0.6324747010119596,
              0.24074074074074073
            ],
            [
              0.6320147194112236,
              0.24074074074074073
            ],
            [
              0.6315547378104875,
              0.24074074074074073
            ],
            [
              0.6310947562097516,
              0.24074074074074073
            ],
            [
              0.6308647654093836,
              0.24036281179138322
            ],
            [
              0.6306347746090156,
              0.2399848828420257
            ],
            [
              0.6301747930082797,
              0.2399848828420257
            ],
            [
              0.6299448022079117,
              0.23960695389266817
            ],
            [
              0.6297148114075437,
              0.23922902494331066
            ],
            [
              0.6294848206071757,
              0.23885109599395313
            ],
            [
              0.6292548298068077,
              0.23847316704459562
            ],
            [
              0.6287948482060718,
              0.23847316704459562
            ],
            [
              0.6285648574057038,
              0.23809523809523808
            ],
            [
              0.6283348666053358,
              0.23771730914588057
            ],
            [
              0.6281048758049678,
              0.23733938019652306
            ],
            [
              0.6278748850045999,
              0.23696145124716553
            ],
            [
              0.6276448942042319,
              0.23658352229780802
            ],
            [
              0.6276448942042319,
              0.23582766439909297
            ],
            [
              0.6274149034038639,
              0.23544973544973544
            ],
            [
              0.6271849126034958,
              0.23507180650037793
            ],
            [
              0.6269549218031278,
              0.23469387755102042
            ],
            [
              0.6267249310027599,
              0.23431594860166288
            ],
            [
              0.6264949402023919,
              0.23393801965230537
            ],
            [
              0.6262649494020239,
              0.23356009070294784
            ],
            [
              0.6262649494020239,
              0.2328042328042328
            ],
            [
              0.6262649494020239,
              0.23204837490551777
            ],
            [
              0.6262649494020239,
              0.23129251700680273
            ],
            [
              0.6262649494020239,
              0.23053665910808768
            ],
            [
              0.6264949402023919,
              0.23015873015873015
            ],
            [
              0.6267249310027599,
              0.22978080120937264
            ],
            [
              0.6269549218031278,
              0.22940287226001513
            ],
            [
              0.6271849126034958,
              0.2290249433106576
            ],
            [
              0.6274149034038639,
              0.22864701436130008
            ],
            [
              0.6276448942042319,
              0.22826908541194255
            ],
            [
              0.6276448942042319,
              0.2275132275132275
            ],
            [
              0.6278748850045999,
              0.22713529856387
            ],
            [
              0.6281048758049678,
              0.22675736961451248
            ],
            [
              0.6283348666053358,
              0.22637944066515495
            ],
            [
              0.6285648574057038,
              0.22600151171579744
            ],
            [
              0.6285648574057038,
              0.2252456538170824
            ],
            [
              0.6287948482060718,
              0.22486772486772486
            ],
            [
              0.6290248390064398,
              0.22448979591836735
            ],
            [
              0.6292548298068077,
              0.22411186696900984
            ],
            [
              0.6297148114075437,
              0.22411186696900984
            ],
            [
              0.6299448022079117,
              0.2237339380196523
            ],
            [
              0.6301747930082797,
              0.2233560090702948
            ],
            [
              0.6306347746090156,
              0.2233560090702948
            ],
            [
              0.6308647654093836,
              0.22297808012093726
            ],
            [
              0.6308647654093836,
              0.2222222222222222
            ],
            [
              0.6308647654093836,
              0.2214663643235072
            ],
            [
              0.6308647654093836,
              0.22071050642479215
            ],
            [
              0.6306347746090156,
              0.2203325774754346
            ],
            [
              0.6301747930082797,
              0.2203325774754346
            ],
            [
              0.6297148114075437,
              0.2203325774754346
            ],
            [
              0.6292548298068077,
              0.2203325774754346
            ],
            [
              0.6287948482060718,
              0.2203325774754346
            ],
            [
              0.6283348666053358,
              0.2203325774754346
            ],
            [
              0.6281048758049678,
              0.2199546485260771
            ],
            [
              0.6278748850045999,
              0.21957671957671956
            ],
            [
              0.6274149034038639,
              0.21957671957671956
            ],
            [
              0.6269549218031278,
              0.21957671957671956
            ],
            [
              0.6264949402023919,
              0.21957671957671956
            ],
            [
              0.6260349586016559,
              0.21957671957671956
            ],
            [
              0.6258049678012879,
              0.21919879062736206
            ],
            [
              0.62557497700092,
              0.21882086167800455
            ],
            [
              0.625114995400184,
              0.21882086167800455
            ],
            [
              0.624655013799448,
              0.21882086167800455
            ],
            [
              0.6241950321987121,
              0.21882086167800455
            ],
            [
              0.6239650413983441,
              0.218442932728647
            ],
            [
              0.6239650413983441,
              0.21768707482993196
            ],
            [
              0.6241950321987121,
              0.21730914588057446
            ],
            [
              0.62442502299908,
              0.21768707482993196
            ],
            [
              0.624655013799448,
              0.2180650037792895
            ],
            [
              0.625114995400184,
              0.2180650037792895
            ],
            [
              0.62557497700092,
              0.2180650037792895
            ],
            [
              0.6260349586016559,
              0.2180650037792895
            ],
            [
              0.6264949402023919,
              0.2180650037792895
            ],
            [
              0.6269549218031278,
              0.2180650037792895
            ],
            [
              0.6274149034038639,
              0.2180650037792895
            ],
            [
              0.6278748850045999,
              0.2180650037792895
            ],
            [
              0.6283348666053358,
              0.2180650037792895
            ],
            [
              0.6287948482060718,
              0.2180650037792895
            ],
            [
              0.6292548298068077,
              0.2180650037792895
            ],
            [
              0.6297148114075437,
              0.2180650037792895
            ],
            [
              0.6301747930082797,
              0.2180650037792895
            ],
            [
              0.6304047838086476,
              0.218442932728647
            ],
            [
              0.6306347746090156,
              0.21882086167800455
            ],
            [
              0.6310947562097516,
              0.21882086167800455
            ],
            [
              0.6315547378104875,
              0.21882086167800455
            ],
            [
              0.6320147194112236,
              0.21882086167800455
            ],
            [
              0.6324747010119596,
              0.21882086167800455
            ],
            [
              0.6329346826126955,
              0.21882086167800455
            ],
            [
              0.6331646734130635,
              0.21919879062736206
            ],
            [
              0.6333946642134315,
              0.21957671957671956
            ],
            [
              0.6338546458141674,
              0.21957671957671956
            ],
            [
              0.6343146274149034,
              0.21957671957671956
            ],
            [
              0.6347746090156394,
              0.21957671957671956
            ],
            [
              0.6352345906163753,
              0.21957671957671956
            ],
            [
              0.6356945722171113,
              0.21957671957671956
            ],
            [
              0.6361545538178472,
              0.21957671957671956
            ],
            [
              0.6363845446182153,
              0.2199546485260771
            ],
            [
              0.6366145354185833,
              0.2203325774754346
            ],
            [
              0.6370745170193193,
              0.2203325774754346
            ],
            [
              0.6375344986200552,
              0.2203325774754346
            ],
            [
              0.6377644894204232,
              0.22071050642479215
            ],
            [
              0.6379944802207912,
              0.22108843537414966
            ],
            [
              0.6384544618215271,
              0.22108843537414966
            ],
            [
              0.6386844526218951,
              0.2214663643235072
            ],
            [
              0.6389144434222631,
              0.2218442932728647
            ],
            [
              0.6393744250229991,
              0.2218442932728647
            ],
            [
              0.639604415823367,
              0.2222222222222222
            ],
            [
              0.639834406623735,
              0.22260015117157975
            ],
            [
              0.640064397424103,
              0.22297808012093726
            ],
            [
              0.640294388224471,
              0.2233560090702948
            ],
            [
              0.640524379024839,
              0.2237339380196523
            ],
            [
              0.640754369825207,
              0.22411186696900984
            ],
            [
              0.640984360625575,
              0.22448979591836735
            ],
            [
              0.641214351425943,
              0.22486772486772486
            ],
            [
              0.641444342226311,
              0.2252456538170824
            ],
            [
              0.641674333026679,
              0.2256235827664399
            ],
            [
              0.6419043238270469,
              0.22600151171579744
            ],
            [
              0.6421343146274149,
              0.22637944066515495
            ],
            [
              0.6423643054277829,
              0.22675736961451248
            ],
            [
              0.6423643054277829,
              0.2275132275132275
            ],
            [
              0.6423643054277829,
              0.22826908541194255
            ],
            [
              0.6423643054277829,
              0.2290249433106576
            ],
            [
              0.6423643054277829,
              0.22978080120937264
            ],
            [
              0.6423643054277829,
              0.23053665910808768
            ],
            [
              0.6423643054277829,
              0.23129251700680273
            ],
            [
              0.6423643054277829,
              0.23204837490551777
            ],
            [
              0.6421343146274149,
              0.23242630385487528
            ],
            [
              0.6419043238270469,
              0.2328042328042328
            ],
            [
              0.641674333026679,
              0.23318216175359033
            ],
            [
              0.641214351425943,
              0.23318216175359033
            ],
            [
              0.640984360625575,
              0.23356009070294784
            ],
            [
              0.640754369825207,
              0.23393801965230537
            ],
            [
              0.640294388224471,
              0.23393801965230537
            ],
            [
              0.640064397424103,
              0.23431594860166288
            ],
            [
              0.639834406623735,
              0.23469387755102042
            ],
            [
              0.639604415823367,
              0.23507180650037793
            ],
            [
              0.6393744250229991,
              0.23544973544973544
            ],
            [
              0.6389144434222631,
              0.23544973544973544
            ],
            [
              0.6386844526218951,
              0.23582766439909297
            ],
            [
              0.6384544618215271,
              0.23620559334845048
            ],
            [
              0.6382244710211592,
              0.23658352229780802
            ],
            [
              0.6379944802207912,
              0.23696145124716553
            ],
            [
              0.6375344986200552,
              0.23696145124716553
            ],
            [
              0.6373045078196872,
              0.23733938019652306
            ],
            [
              0.6370745170193193,
              0.23771730914588057
            ],
            [
              0.6368445262189513,
              0.23809523809523808
            ],
            [
              0.6368445262189513,
              0.23885109599395313
            ],
            [
              0.6366145354185833,
              0.23922902494331066
            ],
            [
              0.6363845446182153,
              0.23960695389266817
            ],
            [
              0.6361545538178472,
              0.2399848828420257
            ],
            [
              0.6359245630174793,
              0.24036281179138322
            ],
            [
              0.6356945722171113,
              0.24074074074074073
            ],
            [
              0.6352345906163753,
              0.24074074074074073
            ],
            [
              0.6350045998160073,
              0.24111866969009826
            ],
            [
              0.6347746090156394,
              0.24149659863945577
            ],
            [
              0.6347746090156394,
              0.24149659863945577
            ]
          ]
        ]
      },
      "properties": {
        "segment_id": 4,
        "area": 746,
        "bbox": [
          1357.0,
          288.0,
          39.0,
          31.0
        ],
        "iou": 0.8625526428222656,
        "stability": 0.9226804375648499,
        "auto_generated": true,
        "model": "segment_anything"
      }
    },
    {
      "type": "Feature",
      "geometry": {
        "type": "Polygon",
        "coordinates": [
          [
            [
              0.6807727690892365,
              0.2203325774754346
            ],
            [
              0.6793928242870285,
              0.2203325774754346
            ],
            [
              0.6780128794848206,
              0.2203325774754346
            ],
            [
              0.6766329346826127,
              0.2203325774754346
            ],
            [
              0.6752529898804048,
              0.2203325774754346
            ],
            [
              0.6743330266789328,
              0.21957671957671956
            ],
            [
              0.6734130634774609,
              0.21882086167800455
            ],
            [
              0.672493100275989,
              0.2180650037792895
            ],
            [
              0.671573137074517,
              0.21730914588057446
            ],
            [
              0.6704231830726771,
              0.21693121693121692
            ],
            [
              0.6697332106715731,
              0.21579743008314436
            ],
            [
              0.6688132474701012,
              0.21504157218442932
            ],
            [
              0.6681232750689973,
              0.21390778533635676
            ],
            [
              0.6674333026678932,
              0.2127739984882842
            ],
            [
              0.6672033118675254,
              0.2108843537414966
            ],
            [
              0.6667433302667893,
              0.20937263794406652
            ],
            [
              0.6667433302667893,
              0.20710506424792138
            ],
            [
              0.6662833486660533,
              0.20559334845049132
            ],
            [
              0.6662833486660533,
              0.20332577475434618
            ],
            [
              0.6662833486660533,
              0.20105820105820105
            ],
            [
              0.6662833486660533,
              0.19879062736205594
            ],
            [
              0.6667433302667893,
              0.19727891156462585
            ],
            [
              0.6669733210671573,
              0.19538926681783825
            ],
            [
              0.6672033118675254,
              0.19349962207105065
            ],
            [
              0.6676632934682613,
              0.19198790627362056
            ],
            [
              0.6678932842686293,
              0.19009826152683296
            ],
            [
              0.6683532658693653,
              0.18858654572940287
            ],
            [
              0.6692732290708372,
              0.18783068783068782
            ],
            [
              0.6699632014719411,
              0.18669690098261527
            ],
            [
              0.6706531738730451,
              0.1855631141345427
            ],
            [
              0.671573137074517,
              0.18480725623582767
            ],
            [
              0.672493100275989,
              0.18405139833711262
            ],
            [
              0.6731830726770929,
              0.18291761148904007
            ],
            [
              0.6738730450781969,
              0.1817838246409675
            ],
            [
              0.6745630174793008,
              0.18065003779289493
            ],
            [
              0.6752529898804048,
              0.17951625094482238
            ],
            [
              0.6761729530818767,
              0.17876039304610733
            ],
            [
              0.6770929162833487,
              0.17800453514739228
            ],
            [
              0.6782428702851886,
              0.17762660619803478
            ],
            [
              0.6793928242870285,
              0.17724867724867724
            ],
            [
              0.6807727690892365,
              0.17724867724867724
            ],
            [
              0.6821527138914444,
              0.17724867724867724
            ],
            [
              0.6835326586936522,
              0.17724867724867724
            ],
            [
              0.6849126034958601,
              0.17724867724867724
            ],
            [
              0.6862925482980681,
              0.17724867724867724
            ],
            [
              0.687672493100276,
              0.17724867724867724
            ],
            [
              0.6885924563017479,
              0.17800453514739228
            ],
            [
              0.6897424103035878,
              0.17838246409674982
            ],
            [
              0.6908923643054278,
              0.17876039304610733
            ],
            [
              0.6918123275068997,
              0.17951625094482238
            ],
            [
              0.6927322907083716,
              0.18027210884353742
            ],
            [
              0.6936522539098436,
              0.18102796674225247
            ],
            [
              0.6945722171113156,
              0.1817838246409675
            ],
            [
              0.6954921803127875,
              0.18253968253968253
            ],
            [
              0.6961821527138914,
              0.1836734693877551
            ],
            [
              0.6971021159153634,
              0.18442932728647016
            ],
            [
              0.6977920883164673,
              0.1855631141345427
            ],
            [
              0.6987120515179392,
              0.18631897203325776
            ],
            [
              0.6994020239190433,
              0.1874527588813303
            ],
            [
              0.7000919963201472,
              0.18858654572940287
            ],
            [
              0.7007819687212512,
              0.18972033257747545
            ],
            [
              0.7017019319227231,
              0.19047619047619047
            ],
            [
              0.702161913523459,
              0.19198790627362056
            ],
            [
              0.702851885924563,
              0.1931216931216931
            ],
            [
              0.703541858325667,
              0.1942554799697657
            ],
            [
              0.704231830726771,
              0.19538926681783825
            ],
            [
              0.7046918123275069,
              0.19690098261526834
            ],
            [
              0.7051517939282429,
              0.1984126984126984
            ],
            [
              0.7058417663293468,
              0.19954648526077098
            ],
            [
              0.7063017479300828,
              0.20105820105820105
            ],
            [
              0.7067617295308187,
              0.20256991685563114
            ],
            [
              0.7063017479300828,
              0.20408163265306123
            ],
            [
              0.7051517939282429,
              0.20445956160241874
            ],
            [
              0.703771849126035,
              0.20445956160241874
            ],
            [
              0.702391904323827,
              0.20445956160241874
            ],
            [
              0.7014719411223551,
              0.20521541950113378
            ],
            [
              0.7005519779208832,
              0.20597127739984883
            ],
            [
              0.6996320147194113,
              0.20672713529856387
            ],
            [
              0.6987120515179392,
              0.20748299319727892
            ],
            [
              0.6977920883164673,
              0.20823885109599397
            ],
            [
              0.6968721251149954,
              0.20899470899470898
            ],
            [
              0.6959521619135235,
              0.20823885109599397
            ],
            [
              0.6950321987120515,
              0.20748299319727892
            ],
            [
              0.6941122355105795,
              0.20672713529856387
            ],
            [
              0.6931922723091076,
              0.20597127739984883
            ],
            [
              0.6918123275068997,
              0.20597127739984883
            ],
            [
              0.6908923643054278,
              0.20672713529856387
            ],
            [
              0.6899724011039559,
              0.20748299319727892
            ],
            [
              0.6890524379024839,
              0.20823885109599397
            ],
            [
              0.6881324747010119,
              0.20899470899470898
            ],
            [
              0.68721251149954,
              0.20975056689342403
            ],
            [
              0.6865225390984361,
              0.2108843537414966
            ],
            [
              0.6858325666973321,
              0.21201814058956917
            ],
            [
              0.6851425942962281,
              0.21315192743764172
            ],
            [
              0.6842226310947562,
              0.21390778533635676
            ],
            [
              0.6837626494940202,
              0.21541950113378686
            ],
            [
              0.6830726770929163,
              0.2165532879818594
            ],
            [
              0.6823827046918123,
              0.21768707482993196
            ],
            [
              0.6816927322907084,
              0.21882086167800455
            ],
            [
              0.6810027598896045,
              0.2199546485260771
            ],
            [
              0.6807727690892365,
              0.2203325774754346
            ]
          ]
        ]
      },
      "properties": {
        "segment_id": 5,
        "area": 3286,
        "bbox": [
          1449.0,
          235.0,
          87.0,
          56.0
        ],
        "iou": 0.8602545857429504,
        "stability": 0.9647866487503052,
        "auto_generated": true,
        "model": "segment_anything"
      }
    },
    {
      "type": "Feature",
      "geometry": {
        "type": "Polygon",
        "coordinates": [
          [
            [
              0.999540018399264,
              0.9965986394557823
            ],
            [
              0.9960901563937442,
              0.9969765684051398
            ],
            [
              0.9931002759889604,
              0.9965986394557823
            ],
            [
              0.9898804047838087,
              0.9973544973544973
            ],
            [
              0.9862005519779209,
              0.9973544973544973
            ],
            [
              0.9825206991720331,
              0.9973544973544973
            ],
            [
              0.9788408463661453,
              0.9973544973544973
            ],
            [
              0.9751609935602575,
              0.9973544973544973
            ],
            [
              0.9724011039558418,
              0.9973544973544973
            ],
            [
              0.968721251149954,
              0.9973544973544973
            ],
            [
              0.9650413983440662,
              0.9973544973544973
            ],
            [
              0.9622815087396505,
              0.9973544973544973
            ],
            [
              0.9588316467341307,
              0.9969765684051398
            ],
            [
              0.9553817847286109,
              0.9965986394557823
            ],
            [
              0.952161913523459,
              0.9973544973544973
            ],
            [
              0.9489420423183073,
              0.9965986394557823
            ],
            [
              0.9452621895124195,
              0.9965986394557823
            ],
            [
              0.9415823367065317,
              0.9965986394557823
            ],
            [
              0.9383624655013799,
              0.9958427815570673
            ],
            [
              0.9346826126954921,
              0.9958427815570673
            ],
            [
              0.9314627414903404,
              0.9950869236583523
            ],
            [
              0.9277828886844526,
              0.9950869236583523
            ],
            [
              0.9241030358785649,
              0.9950869236583523
            ],
            [
              0.9204231830726771,
              0.9950869236583523
            ],
            [
              0.9167433302667893,
              0.9950869236583523
            ],
            [
              0.9149034038638455,
              0.9928193499622071
            ],
            [
              0.9172033118675254,
              0.990551776266062
            ],
            [
              0.9204231830726771,
              0.9913076341647771
            ],
            [
              0.9234130634774609,
              0.9916855631141346
            ],
            [
              0.9257129714811407,
              0.9894179894179894
            ],
            [
              0.9287028518859246,
              0.9897959183673469
            ],
            [
              0.9312327506899724,
              0.9916855631141346
            ],
            [
              0.9335326586936522,
              0.9901738473167044
            ],
            [
              0.9344526218951242,
              0.9856386999244142
            ],
            [
              0.9365225390984361,
              0.9860166288737717
            ],
            [
              0.9402023919043239,
              0.9860166288737717
            ],
            [
              0.9431922723091076,
              0.9848828420256992
            ],
            [
              0.9461821527138914,
              0.9837490551776266
            ],
            [
              0.9498620055197792,
              0.9837490551776266
            ],
            [
              0.952161913523459,
              0.9822373393801965
            ],
            [
              0.9489420423183073,
              0.9814814814814815
            ],
            [
              0.9461821527138914,
              0.9814814814814815
            ],
            [
              0.9429622815087396,
              0.9807256235827665
            ],
            [
              0.9397424103035878,
              0.9799697656840514
            ],
            [
              0.9365225390984361,
              0.9807256235827665
            ],
            [
              0.9333026678932843,
              0.9799697656840514
            ],
            [
              0.9300827966881324,
              0.9807256235827665
            ],
            [
              0.9273229070837167,
              0.9807256235827665
            ],
            [
              0.9241030358785649,
              0.9799697656840514
            ],
            [
              0.9204231830726771,
              0.9799697656840514
            ],
            [
              0.9167433302667893,
              0.9799697656840514
            ],
            [
              0.9142134314627415,
              0.9780801209372638
            ],
            [
              0.9130634774609016,
              0.9739229024943311
            ],
            [
              0.9119135234590616,
              0.9697656840513983
            ],
            [
              0.9098436062557498,
              0.9671201814058957
            ],
            [
              0.9073137074517019,
              0.9652305366591081
            ],
            [
              0.9054737810487581,
              0.9622071050642479
            ],
            [
              0.9043238270469182,
              0.9580498866213152
            ],
            [
              0.9031738730450782,
              0.9538926681783825
            ],
            [
              0.9017939282428703,
              0.9501133786848073
            ],
            [
              0.9004139834406624,
              0.9463340891912321
            ],
            [
              0.8990340386384544,
              0.9425547996976569
            ],
            [
              0.8978840846366145,
              0.9383975812547242
            ],
            [
              0.8965041398344066,
              0.9346182917611489
            ],
            [
              0.8953541858325667,
              0.9304610733182161
            ],
            [
              0.8939742410303588,
              0.926681783824641
            ],
            [
              0.8925942962281509,
              0.9229024943310657
            ],
            [
              0.891444342226311,
              0.918745275888133
            ],
            [
              0.890294388224471,
              0.9145880574452003
            ],
            [
              0.8886844526218951,
              0.9111866969009826
            ],
            [
              0.8870745170193193,
              0.907785336356765
            ],
            [
              0.8861545538178472,
              0.9032501889644747
            ],
            [
              0.8847746090156394,
              0.8994708994708994
            ],
            [
              0.8854645814167433,
              0.8960695389266817
            ],
            [
              0.8891444342226311,
              0.8960695389266817
            ],
            [
              0.8928242870285189,
              0.8960695389266817
            ],
            [
              0.8965041398344066,
              0.8960695389266817
            ],
            [
              0.9001839926402944,
              0.8960695389266817
            ],
            [
              0.9038638454461821,
              0.8960695389266817
            ],
            [
              0.9075436982520699,
              0.8960695389266817
            ],
            [
              0.9109935602575897,
              0.8964474678760394
            ],
            [
              0.9144434222631095,
              0.8968253968253969
            ],
            [
              0.9176632934682613,
              0.8975812547241119
            ],
            [
              0.9204231830726771,
              0.8975812547241119
            ],
            [
              0.9241030358785649,
              0.8975812547241119
            ],
            [
              0.9268629254829807,
              0.8975812547241119
            ],
            [
              0.9305427782888684,
              0.8975812547241119
            ],
            [
              0.9342226310947562,
              0.8975812547241119
            ],
            [
              0.937902483900644,
              0.8975812547241119
            ],
            [
              0.9415823367065317,
              0.8975812547241119
            ],
            [
              0.9448022079116836,
              0.8983371126228269
            ],
            [
              0.9482520699172033,
              0.8979591836734694
            ],
            [
              0.9512419503219871,
              0.8983371126228269
            ],
            [
              0.9549218031278749,
              0.8983371126228269
            ],
            [
              0.9586016559337627,
              0.8983371126228269
            ],
            [
              0.9622815087396505,
              0.8983371126228269
            ],
            [
              0.9659613615455381,
              0.8983371126228269
            ],
            [
              0.9696412143514259,
              0.8983371126228269
            ],
            [
              0.9728610855565777,
              0.8990929705215419
            ],
            [
              0.9765409383624655,
              0.8990929705215419
            ],
            [
              0.9802207911683533,
              0.8990929705215419
            ],
            [
              0.983900643974241,
              0.8990929705215419
            ],
            [
              0.9875804967801288,
              0.8990929705215419
            ],
            [
              0.9908003679852806,
              0.899848828420257
            ],
            [
              0.9944802207911684,
              0.899848828420257
            ],
            [
              0.9979300827966882,
              0.9002267573696145
            ],
            [
              0.999540018399264,
              0.9965986394557823
            ]
          ]
        ]
      },
      "properties": {
        "segment_id": 6,
        "area": 27168,
        "bbox": [
          1923.0,
          1186.0,
          250.0,
          133.0
        ],
        "iou": 0.9356076717376709,
        "stability": 0.9250969886779785,
        "auto_generated": true,
        "model": "segment_anything"
      }
    },
    {
      "type": "Feature",
      "geometry": {
        "type": "Polygon",
        "coordinates": [
          [
            [
              0.8201471941122355,
              0.7093726379440665
            ],
            [
              0.8173873045078197,
              0.7093726379440665
            ],
            [
              0.8150873965041399,
              0.7086167800453514
            ],
            [
              0.812327506899724,
              0.7086167800453514
            ],
            [
              0.8095676172953082,
              0.7086167800453514
            ],
            [
              0.8068077276908924,
              0.7086167800453514
            ],
            [
              0.8040478380864765,
              0.7086167800453514
            ],
            [
              0.8012879484820608,
              0.7086167800453514
            ],
            [
              0.7985280588776449,
              0.7086167800453514
            ],
            [
              0.795768169273229,
              0.7086167800453514
            ],
            [
              0.7930082796688133,
              0.7086167800453514
            ],
            [
              0.7902483900643974,
              0.7086167800453514
            ],
            [
              0.7874885004599816,
              0.7086167800453514
            ],
            [
              0.7847286108555658,
              0.7086167800453514
            ],
            [
              0.7819687212511499,
              0.7086167800453514
            ],
            [
              0.7792088316467342,
              0.7086167800453514
            ],
            [
              0.7764489420423183,
              0.7086167800453514
            ],
            [
              0.7736890524379025,
              0.7086167800453514
            ],
            [
              0.7709291628334867,
              0.7086167800453514
            ],
            [
              0.7681692732290708,
              0.7086167800453514
            ],
            [
              0.765409383624655,
              0.7086167800453514
            ],
            [
              0.7626494940202392,
              0.7086167800453514
            ],
            [
              0.7598896044158233,
              0.7086167800453514
            ],
            [
              0.7571297148114076,
              0.7086167800453514
            ],
            [
              0.7543698252069917,
              0.7086167800453514
            ],
            [
              0.7516099356025759,
              0.7086167800453514
            ],
            [
              0.7488500459981601,
              0.7086167800453514
            ],
            [
              0.7460901563937442,
              0.7086167800453514
            ],
            [
              0.7433302667893285,
              0.7086167800453514
            ],
            [
              0.7405703771849126,
              0.7086167800453514
            ],
            [
              0.7378104875804968,
              0.7086167800453514
            ],
            [
              0.735050597976081,
              0.7086167800453514
            ],
            [
              0.7322907083716651,
              0.7086167800453514
            ],
            [
              0.7295308187672493,
              0.7086167800453514
            ],
            [
              0.7267709291628335,
              0.7086167800453514
            ],
            [
              0.7240110395584176,
              0.7086167800453514
            ],
            [
              0.7212511499540019,
              0.7086167800453514
            ],
            [
              0.718491260349586,
              0.7086167800453514
            ],
            [
              0.7157313707451702,
              0.7086167800453514
            ],
            [
              0.7129714811407544,
              0.7086167800453514
            ],
            [
              0.7102115915363385,
              0.7086167800453514
            ],
            [
              0.7079116835326587,
              0.7078609221466364
            ],
            [
              0.7051517939282429,
              0.7078609221466364
            ],
            [
              0.702851885924563,
              0.7071050642479214
            ],
            [
              0.7017019319227231,
              0.7044595616024187
            ],
            [
              0.7007819687212512,
              0.7014361300075586
            ],
            [
              0.7007819687212512,
              0.6969009826152683
            ],
            [
              0.7003219871205152,
              0.6931216931216931
            ],
            [
              0.7000919963201472,
              0.6889644746787604
            ],
            [
              0.6998620055197792,
              0.6848072562358276
            ],
            [
              0.7003219871205152,
              0.6810279667422524
            ],
            [
              0.7012419503219871,
              0.6780045351473923
            ],
            [
              0.702851885924563,
              0.6761148904006047
            ],
            [
              0.7056117755289788,
              0.6761148904006047
            ],
            [
              0.7079116835326587,
              0.6753590325018897
            ],
            [
              0.7106715731370745,
              0.6753590325018897
            ],
            [
              0.7129714811407544,
              0.6746031746031746
            ],
            [
              0.7157313707451702,
              0.6746031746031746
            ],
            [
              0.718491260349586,
              0.6746031746031746
            ],
            [
              0.7212511499540019,
              0.6746031746031746
            ],
            [
              0.7240110395584176,
              0.6746031746031746
            ],
            [
              0.7265409383624655,
              0.674225245653817
            ],
            [
              0.7290708371665133,
              0.6738473167044595
            ],
            [
              0.7318307267709292,
              0.6738473167044595
            ],
            [
              0.734130634774609,
              0.6746031746031746
            ],
            [
              0.7364305427782889,
              0.6738473167044595
            ],
            [
              0.7391904323827047,
              0.6738473167044595
            ],
            [
              0.7414903403863845,
              0.6746031746031746
            ],
            [
              0.7442502299908004,
              0.6746031746031746
            ],
            [
              0.7470101195952162,
              0.6746031746031746
            ],
            [
              0.749540018399264,
              0.6749811035525322
            ],
            [
              0.7520699172033118,
              0.6753590325018897
            ],
            [
              0.7548298068077277,
              0.6753590325018897
            ],
            [
              0.7575896964121435,
              0.6753590325018897
            ],
            [
              0.7603495860165593,
              0.6753590325018897
            ],
            [
              0.7626494940202392,
              0.6761148904006047
            ],
            [
              0.765409383624655,
              0.6761148904006047
            ],
            [
              0.7681692732290708,
              0.6761148904006047
            ],
            [
              0.7709291628334867,
              0.6761148904006047
            ],
            [
              0.7736890524379025,
              0.6761148904006047
            ],
            [
              0.7755289788408464,
              0.6761148904006047
            ],
            [
              0.7782888684452622,
              0.6761148904006047
            ],
            [
              0.78081876724931,
              0.6764928193499622
            ],
            [
              0.7833486660533578,
              0.6768707482993197
            ],
            [
              0.7861085556577737,
              0.6768707482993197
            ],
            [
              0.7888684452621895,
              0.6768707482993197
            ],
            [
              0.7916283348666053,
              0.6768707482993197
            ],
            [
              0.7943882244710212,
              0.6768707482993197
            ],
            [
              0.797148114075437,
              0.6768707482993197
            ],
            [
              0.7999080036798528,
              0.6768707482993197
            ],
            [
              0.8026678932842686,
              0.6768707482993197
            ],
            [
              0.8054277828886844,
              0.6768707482993197
            ],
            [
              0.8077276908923643,
              0.6761148904006047
            ],
            [
              0.8100275988960441,
              0.6768707482993197
            ],
            [
              0.8114075436982521,
              0.6791383219954649
            ],
            [
              0.812557497700092,
              0.6817838246409675
            ],
            [
              0.8137074517019319,
              0.6844293272864701
            ],
            [
              0.8146274149034038,
              0.6874527588813303
            ],
            [
              0.8155473781048758,
              0.6904761904761905
            ],
            [
              0.8164673413063478,
              0.6934996220710506
            ],
            [
              0.8176172953081877,
              0.6961451247165533
            ],
            [
              0.8185372585096596,
              0.6991685563114135
            ],
            [
              0.8194572217111316,
              0.7021919879062736
            ],
            [
              0.8203771849126035,
              0.7052154195011338
            ],
            [
              0.8206071757129715,
              0.7086167800453514
            ],
            [
              0.8201471941122355,
              0.7093726379440665
            ]
          ]
        ]
      },
      "properties": {
        "segment_id": 7,
        "area": 10939,
        "bbox": [
          1522.0,
          892.0,
          262.0,
          46.0
        ],
        "iou": 0.9256595373153687,
        "stability": 0.9684267044067383,
        "auto_generated": true,
        "model": "segment_anything"
      }
    },
    {
      "type": "Feature",
      "geometry": {
        "type": "Polygon",
        "coordinates": [
          [
            [
              0.5073597056117756,
              0.7804232804232805
            ],
            [
              0.5059797608095676,
              0.7804232804232805
            ],
            [
              0.5048298068077277,
              0.780045351473923
            ],
            [
              0.5036798528058878,
              0.7796674225245653
            ],
            [
              0.5022999080036799,
              0.7796674225245653
            ],
            [
              0.5009199632014719,
              0.7796674225245653
            ],
            [
              0.49954001839926404,
              0.7796674225245653
            ],
            [
              0.4983900643974241,
              0.780045351473923
            ],
            [
              0.4972401103955842,
              0.7804232804232805
            ],
            [
              0.49586016559337626,
              0.7804232804232805
            ],
            [
              0.4944802207911684,
              0.7804232804232805
            ],
            [
              0.4935602575896964,
              0.7796674225245653
            ],
            [
              0.4921803127874885,
              0.7796674225245653
            ],
            [
              0.4908003679852806,
              0.7796674225245653
            ],
            [
              0.48965041398344067,
              0.7792894935752078
            ],
            [
              0.48850045998160074,
              0.7789115646258503
            ],
            [
              0.4871205151793928,
              0.7789115646258503
            ],
            [
              0.4859705611775529,
              0.7785336356764928
            ],
            [
              0.48482060717571296,
              0.7781557067271353
            ],
            [
              0.4834406623735051,
              0.7781557067271353
            ],
            [
              0.4825206991720331,
              0.7773998488284203
            ],
            [
              0.48114075436982523,
              0.7773998488284203
            ],
            [
              0.48022079116835326,
              0.7766439909297053
            ],
            [
              0.47907083716651333,
              0.7762660619803476
            ],
            [
              0.4779208831646734,
              0.7758881330309901
            ],
            [
              0.4770009199632015,
              0.7751322751322751
            ],
            [
              0.47562097516099355,
              0.7751322751322751
            ],
            [
              0.47470101195952163,
              0.7743764172335601
            ],
            [
              0.4733210671573137,
              0.7743764172335601
            ],
            [
              0.4721711131554738,
              0.7747543461829176
            ],
            [
              0.4714811407543698,
              0.7758881330309901
            ],
            [
              0.4705611775528979,
              0.7766439909297053
            ],
            [
              0.46918123275068996,
              0.7766439909297053
            ],
            [
              0.4678012879484821,
              0.7766439909297053
            ],
            [
              0.46642134314627415,
              0.7766439909297053
            ],
            [
              0.4650413983440662,
              0.7766439909297053
            ],
            [
              0.4641214351425943,
              0.7758881330309901
            ],
            [
              0.46274149034038636,
              0.7758881330309901
            ],
            [
              0.4613615455381785,
              0.7758881330309901
            ],
            [
              0.4604415823367065,
              0.7751322751322751
            ],
            [
              0.4595216191352346,
              0.7743764172335601
            ],
            [
              0.4586016559337627,
              0.7736205593348451
            ],
            [
              0.45814167433302666,
              0.7721088435374149
            ],
            [
              0.4579116835326587,
              0.7702191987906274
            ],
            [
              0.45814167433302666,
              0.7683295540438397
            ],
            [
              0.4586016559337627,
              0.7668178382464097
            ],
            [
              0.4592916283348666,
              0.7656840513983371
            ],
            [
              0.4592916283348666,
              0.763416477702192
            ],
            [
              0.4592916283348666,
              0.7611489040060468
            ],
            [
              0.4597516099356026,
              0.7596371882086168
            ],
            [
              0.4604415823367065,
              0.7585034013605442
            ],
            [
              0.4609015639374425,
              0.7569916855631141
            ],
            [
              0.46159153633854644,
              0.7558578987150416
            ],
            [
              0.4622815087396504,
              0.754724111866969
            ],
            [
              0.46297148114075437,
              0.7535903250188964
            ],
            [
              0.4638914443422263,
              0.7528344671201814
            ],
            [
              0.4650413983440662,
              0.7524565381708239
            ],
            [
              0.4659613615455382,
              0.7517006802721088
            ],
            [
              0.4671113155473781,
              0.7513227513227513
            ],
            [
              0.46826126954921804,
              0.7509448223733938
            ],
            [
              0.4696412143514259,
              0.7509448223733938
            ],
            [
              0.47102115915363385,
              0.7509448223733938
            ],
            [
              0.47194112235510577,
              0.7501889644746788
            ],
            [
              0.4733210671573137,
              0.7501889644746788
            ],
            [
              0.47470101195952163,
              0.7501889644746788
            ],
            [
              0.4760809567617295,
              0.7501889644746788
            ],
            [
              0.47746090156393745,
              0.7501889644746788
            ],
            [
              0.4788408463661454,
              0.7501889644746788
            ],
            [
              0.4797608095676173,
              0.7494331065759637
            ],
            [
              0.48114075436982523,
              0.7494331065759637
            ],
            [
              0.4825206991720331,
              0.7494331065759637
            ],
            [
              0.48390064397424104,
              0.7494331065759637
            ],
            [
              0.4852805887764489,
              0.7494331065759637
            ],
            [
              0.4862005519779209,
              0.7486772486772487
            ],
            [
              0.4871205151793928,
              0.7479213907785336
            ],
            [
              0.48850045998160074,
              0.7479213907785336
            ],
            [
              0.4898804047838086,
              0.7479213907785336
            ],
            [
              0.49126034958601655,
              0.7479213907785336
            ],
            [
              0.4926402943882245,
              0.7479213907785336
            ],
            [
              0.49402023919043236,
              0.7479213907785336
            ],
            [
              0.4954001839926403,
              0.7479213907785336
            ],
            [
              0.49678012879484823,
              0.7479213907785336
            ],
            [
              0.4981600735970561,
              0.7479213907785336
            ],
            [
              0.49954001839926404,
              0.7479213907785336
            ],
            [
              0.5009199632014719,
              0.7479213907785336
            ],
            [
              0.5020699172033118,
              0.7475434618291761
            ],
            [
              0.5032198712051518,
              0.7471655328798186
            ],
            [
              0.5045998160073597,
              0.7471655328798186
            ],
            [
              0.5059797608095676,
              0.7471655328798186
            ],
            [
              0.5073597056117756,
              0.7471655328798186
            ],
            [
              0.5087396504139834,
              0.7471655328798186
            ],
            [
              0.5101195952161913,
              0.7471655328798186
            ],
            [
              0.5114995400183993,
              0.7471655328798186
            ],
            [
              0.5128794848206072,
              0.7471655328798186
            ],
            [
              0.5140294388224471,
              0.7475434618291761
            ],
            [
              0.515179392824287,
              0.7479213907785336
            ],
            [
              0.516099356025759,
              0.7486772486772487
            ],
            [
              0.5170193192272309,
              0.7494331065759637
            ],
            [
              0.5177092916283349,
              0.7505668934240363
            ],
            [
              0.5183992640294388,
              0.7517006802721088
            ],
            [
              0.5190892364305428,
              0.7528344671201814
            ],
            [
              0.5190892364305428,
              0.7551020408163265
            ],
            [
              0.5190892364305428,
              0.7573696145124716
            ],
            [
              0.5190892364305428,
              0.7596371882086168
            ],
            [
              0.5186292548298068,
              0.7611489040060468
            ],
            [
              0.5186292548298068,
              0.763416477702192
            ],
            [
              0.5186292548298068,
              0.7656840513983371
            ],
            [
              0.5181692732290708,
              0.7671957671957672
            ],
            [
              0.5177092916283349,
              0.7687074829931972
            ],
            [
              0.5172493100275989,
              0.7702191987906274
            ],
            [
              0.5172493100275989,
              0.7724867724867724
            ],
            [
              0.5167893284268629,
              0.7739984882842026
            ],
            [
              0.516329346826127,
              0.7755102040816326
            ],
            [
              0.515639374425023,
              0.7766439909297053
            ],
            [
              0.514949402023919,
              0.7777777777777778
            ],
            [
              0.5137994480220791,
              0.7781557067271353
            ],
            [
              0.5128794848206072,
              0.7789115646258503
            ],
            [
              0.5114995400183993,
              0.7789115646258503
            ],
            [
              0.5105795768169273,
              0.7796674225245653
            ],
            [
              0.5091996320147194,
              0.7796674225245653
            ],
            [
              0.5078196872125115,
              0.7796674225245653
            ],
            [
              0.5073597056117756,
              0.7804232804232805
            ]
          ]
        ]
      },
      "properties": {
        "segment_id": 8,
        "area": 4855,
        "bbox": [
          996.0,
          989.0,
          132.0,
          43.0
        ],
        "iou": 0.9195393323898315,
        "stability": 0.9429255723953247,
        "auto_generated": true,
        "model": "segment_anything"
      }
    },
    {
      "type": "Feature",
      "geometry": {
        "type": "Polygon",
        "coordinates": [
          [
            [
              0.5022999080036799,
              0.9482237339380196
            ],
            [
              0.500229990800368,
              0.9478458049886621
            ],
            [
              0.4981600735970561,
              0.9474678760393046
            ],
            [
              0.49586016559337626,
              0.9474678760393046
            ],
            [
              0.4935602575896964,
              0.9474678760393046
            ],
            [
              0.49126034958601655,
              0.9474678760393046
            ],
            [
              0.48942042318307266,
              0.9467120181405896
            ],
            [
              0.4871205151793928,
              0.9467120181405896
            ],
            [
              0.48505059797608097,
              0.9463340891912321
            ],
            [
              0.48298068077276907,
              0.9459561602418746
            ],
            [
              0.48114075436982523,
              0.9452003023431594
            ],
            [
              0.4795308187672493,
              0.9440665154950869
            ],
            [
              0.47861085556577737,
              0.9417989417989417
            ],
            [
              0.4781508739650414,
              0.9387755102040817
            ],
            [
              0.47861085556577737,
              0.9357520786092215
            ],
            [
              0.47907083716651333,
              0.9327286470143613
            ],
            [
              0.4795308187672493,
              0.9297052154195011
            ],
            [
              0.4799908003679853,
              0.926681783824641
            ],
            [
              0.48045078196872126,
              0.9236583522297808
            ],
            [
              0.48114075436982523,
              0.9210128495842782
            ],
            [
              0.4816007359705612,
              0.917989417989418
            ],
            [
              0.48229070837166516,
              0.9153439153439153
            ],
            [
              0.4832106715731371,
              0.9130763416477702
            ],
            [
              0.48390064397424104,
              0.9104308390022676
            ],
            [
              0.484590616375345,
              0.907785336356765
            ],
            [
              0.4859705611775529,
              0.9062736205593348
            ],
            [
              0.48689052437902486,
              0.9040060468631897
            ],
            [
              0.4871205151793928,
              0.9006046863189721
            ],
            [
              0.48827046918123274,
              0.8987150415721844
            ],
            [
              0.4887304507819687,
              0.8956916099773242
            ],
            [
              0.48942042318307266,
              0.8930461073318217
            ],
            [
              0.4905703771849126,
              0.891156462585034
            ],
            [
              0.4917203311867525,
              0.8892668178382465
            ],
            [
              0.4924103035878565,
              0.8866213151927438
            ],
            [
              0.49333026678932845,
              0.8843537414965986
            ],
            [
              0.49494020239190434,
              0.8832199546485261
            ],
            [
              0.49678012879484823,
              0.8824640967498111
            ],
            [
              0.4990800367985281,
              0.8824640967498111
            ],
            [
              0.5013799448022079,
              0.8824640967498111
            ],
            [
              0.5036798528058878,
              0.8824640967498111
            ],
            [
              0.5059797608095676,
              0.8824640967498111
            ],
            [
              0.5082796688132475,
              0.8824640967498111
            ],
            [
              0.5105795768169273,
              0.8824640967498111
            ],
            [
              0.5128794848206072,
              0.8824640967498111
            ],
            [
              0.515179392824287,
              0.8824640967498111
            ],
            [
              0.5174793008279669,
              0.8824640967498111
            ],
            [
              0.5197792088316467,
              0.8824640967498111
            ],
            [
              0.5220791168353266,
              0.8824640967498111
            ],
            [
              0.5243790248390064,
              0.8824640967498111
            ],
            [
              0.5266789328426863,
              0.8824640967498111
            ],
            [
              0.5285188592456301,
              0.8832199546485261
            ],
            [
              0.53081876724931,
              0.8832199546485261
            ],
            [
              0.5331186752529898,
              0.8832199546485261
            ],
            [
              0.5354185832566697,
              0.8832199546485261
            ],
            [
              0.5377184912603495,
              0.8832199546485261
            ],
            [
              0.5395584176632935,
              0.8839758125472411
            ],
            [
              0.5418583256669733,
              0.8839758125472411
            ],
            [
              0.5441582336706532,
              0.8839758125472411
            ],
            [
              0.546458141674333,
              0.8839758125472411
            ],
            [
              0.5482980680772769,
              0.8847316704459561
            ],
            [
              0.5505979760809567,
              0.8847316704459561
            ],
            [
              0.5528978840846366,
              0.8847316704459561
            ],
            [
              0.5547378104875805,
              0.8854875283446711
            ],
            [
              0.5551977920883164,
              0.8877551020408163
            ],
            [
              0.5547378104875805,
              0.8907785336356765
            ],
            [
              0.5545078196872125,
              0.8941798941798942
            ],
            [
              0.5549678012879485,
              0.8972033257747544
            ],
            [
              0.5545078196872125,
              0.9002267573696145
            ],
            [
              0.5540478380864765,
              0.9032501889644747
            ],
            [
              0.5535878564857406,
              0.9062736205593348
            ],
            [
              0.5531278748850046,
              0.909297052154195
            ],
            [
              0.5519779208831647,
              0.9111866969009826
            ],
            [
              0.5512879484820608,
              0.9138321995464853
            ],
            [
              0.5512879484820608,
              0.9176114890400605
            ],
            [
              0.5503679852805887,
              0.9198790627362056
            ],
            [
              0.5494480220791168,
              0.9221466364323507
            ],
            [
              0.5482980680772769,
              0.9240362811791383
            ],
            [
              0.547148114075437,
              0.9221466364323507
            ],
            [
              0.545998160073597,
              0.9202569916855631
            ],
            [
              0.5436982520699172,
              0.9202569916855631
            ],
            [
              0.5432382704691813,
              0.9232804232804233
            ],
            [
              0.5418583256669733,
              0.9247921390778534
            ],
            [
              0.5400183992640294,
              0.9255479969765684
            ],
            [
              0.5386384544618216,
              0.9270597127739985
            ],
            [
              0.5370285188592456,
              0.9281934996220711
            ],
            [
              0.5370285188592456,
              0.9319727891156463
            ],
            [
              0.5354185832566697,
              0.9331065759637188
            ],
            [
              0.5340386384544619,
              0.9346182917611489
            ],
            [
              0.5331186752529898,
              0.936885865457294
            ],
            [
              0.5319687212511499,
              0.9387755102040817
            ],
            [
              0.53081876724931,
              0.9406651549508692
            ],
            [
              0.5292088316467342,
              0.9417989417989417
            ],
            [
              0.5271389144434223,
              0.9421768707482994
            ],
            [
              0.5259889604415824,
              0.9440665154950869
            ],
            [
              0.5243790248390064,
              0.9452003023431594
            ],
            [
              0.5225390984360626,
              0.9459561602418746
            ],
            [
              0.5206991720331187,
              0.9467120181405896
            ],
            [
              0.5188592456301748,
              0.9474678760393046
            ],
            [
              0.516559337626495,
              0.9474678760393046
            ],
            [
              0.5142594296228151,
              0.9474678760393046
            ],
            [
              0.5119595216191353,
              0.9474678760393046
            ],
            [
              0.5096596136154554,
              0.9474678760393046
            ],
            [
              0.5073597056117756,
              0.9474678760393046
            ],
            [
              0.5050597976080957,
              0.9474678760393046
            ],
            [
              0.5027598896044159,
              0.9474678760393046
            ],
            [
              0.5022999080036799,
              0.9482237339380196
            ]
          ]
        ]
      },
      "properties": {
        "segment_id": 9,
        "area": 11386,
        "bbox": [
          1040.0,
          1168.0,
          167.0,
          86.0
        ],
        "iou": 0.8934602737426758,
        "stability": 0.9226917624473572,
        "auto_generated": true,
        "model": "segment_anything"
      }
    },
    {
      "type": "Feature",
      "geometry": {
        "type": "Polygon",
        "coordinates": [
          [
            [
              0.9816007359705612,
              0.8975812547241119
            ],
            [
              0.9783808647654094,
              0.8975812547241119
            ],
            [
              0.9751609935602575,
              0.8975812547241119
            ],
            [
              0.9719411223551058,
              0.8975812547241119
            ],
            [
              0.968721251149954,
              0.8975812547241119
            ],
            [
              0.9655013799448022,
              0.8975812547241119
            ],
            [
              0.9622815087396505,
              0.8975812547241119
            ],
            [
              0.9590616375344986,
              0.8975812547241119
            ],
            [
              0.9558417663293468,
              0.8975812547241119
            ],
            [
              0.952621895124195,
              0.8975812547241119
            ],
            [
              0.9494020239190433,
              0.8975812547241119
            ],
            [
              0.9461821527138914,
              0.8975812547241119
            ],
            [
              0.9434222631094756,
              0.8968253968253969
            ],
            [
              0.9402023919043239,
              0.8968253968253969
            ],
            [
              0.936982520699172,
              0.8968253968253969
            ],
            [
              0.9337626494940202,
              0.8968253968253969
            ],
            [
              0.9310027598896045,
              0.8960695389266817
            ],
            [
              0.9282428702851886,
              0.8968253968253969
            ],
            [
              0.9252529898804048,
              0.8964474678760394
            ],
            [
              0.922263109475621,
              0.8960695389266817
            ],
            [
              0.9190432382704692,
              0.8960695389266817
            ],
            [
              0.9158233670653174,
              0.8960695389266817
            ],
            [
              0.9128334866605335,
              0.8956916099773242
            ],
            [
              0.9098436062557498,
              0.8953136810279667
            ],
            [
              0.906623735050598,
              0.8953136810279667
            ],
            [
              0.9034038638454461,
              0.8953136810279667
            ],
            [
              0.9001839926402944,
              0.8953136810279667
            ],
            [
              0.8969641214351426,
              0.8953136810279667
            ],
            [
              0.8942042318307267,
              0.8945578231292517
            ],
            [
              0.890984360625575,
              0.8945578231292517
            ],
            [
              0.8877644894204232,
              0.8945578231292517
            ],
            [
              0.8850045998160073,
              0.8938019652305367
            ],
            [
              0.8831646734130635,
              0.8915343915343915
            ],
            [
              0.8820147194112236,
              0.8881330309901738
            ],
            [
              0.8806347746090156,
              0.8851095993953136
            ],
            [
              0.8797148114075437,
              0.8813303099017384
            ],
            [
              0.8783348666053358,
              0.8783068783068783
            ],
            [
              0.8774149034038639,
              0.8745275888133031
            ],
            [
              0.8762649494020239,
              0.8711262282690854
            ],
            [
              0.875344986200552,
              0.8673469387755102
            ],
            [
              0.8741950321987121,
              0.8639455782312925
            ],
            [
              0.8730450781968722,
              0.8605442176870748
            ],
            [
              0.8716651333946642,
              0.8575207860922147
            ],
            [
              0.8705151793928243,
              0.854119425547997
            ],
            [
              0.8693652253909844,
              0.8507180650037793
            ],
            [
              0.8684452621895125,
              0.8469387755102041
            ],
            [
              0.8675252989880404,
              0.8431594860166288
            ],
            [
              0.8668353265869365,
              0.8390022675736961
            ],
            [
              0.8693652253909844,
              0.8378684807256236
            ],
            [
              0.8709751609935602,
              0.8405139833711263
            ],
            [
              0.8725850965961361,
              0.8386243386243386
            ],
            [
              0.875344986200552,
              0.8378684807256236
            ],
            [
              0.8781048758049678,
              0.8371126228269086
            ],
            [
              0.8808647654093836,
              0.8378684807256236
            ],
            [
              0.8836246550137995,
              0.8371126228269086
            ],
            [
              0.8868445262189513,
              0.8371126228269086
            ],
            [
              0.890064397424103,
              0.8371126228269086
            ],
            [
              0.8928242870285189,
              0.8378684807256236
            ],
            [
              0.8960441582336707,
              0.8378684807256236
            ],
            [
              0.8988040478380864,
              0.8386243386243386
            ],
            [
              0.9015639374425023,
              0.8378684807256236
            ],
            [
              0.9047838086476541,
              0.8378684807256236
            ],
            [
              0.9080036798528058,
              0.8378684807256236
            ],
            [
              0.9112235510579577,
              0.8378684807256236
            ],
            [
              0.9139834406623735,
              0.8386243386243386
            ],
            [
              0.9167433302667893,
              0.8378684807256236
            ],
            [
              0.9199632014719411,
              0.8378684807256236
            ],
            [
              0.922723091076357,
              0.8386243386243386
            ],
            [
              0.9259429622815087,
              0.8386243386243386
            ],
            [
              0.9287028518859246,
              0.8378684807256236
            ],
            [
              0.9319227230910764,
              0.8378684807256236
            ],
            [
              0.9346826126954921,
              0.8386243386243386
            ],
            [
              0.937442502299908,
              0.8378684807256236
            ],
            [
              0.9406623735050598,
              0.8378684807256236
            ],
            [
              0.9438822447102115,
              0.8378684807256236
            ],
            [
              0.9471021159153634,
              0.8378684807256236
            ],
            [
              0.9498620055197792,
              0.8386243386243386
            ],
            [
              0.952621895124195,
              0.8393801965230536
            ],
            [
              0.9558417663293468,
              0.8393801965230536
            ],
            [
              0.9586016559337627,
              0.8401360544217688
            ],
            [
              0.9611315547378105,
              0.8412698412698413
            ],
            [
              0.9634314627414904,
              0.8427815570672713
            ],
            [
              0.9650413983440662,
              0.845427059712774
            ],
            [
              0.9666513339466422,
              0.8480725623582767
            ],
            [
              0.9680312787488501,
              0.8510959939531368
            ],
            [
              0.9696412143514259,
              0.8537414965986394
            ],
            [
              0.9712511499540019,
              0.8563869992441421
            ],
            [
              0.9721711131554738,
              0.8601662887377173
            ],
            [
              0.9737810487580497,
              0.86281179138322
            ],
            [
              0.9756209751609936,
              0.8650793650793651
            ],
            [
              0.9772309107635695,
              0.8677248677248677
            ],
            [
              0.9786108555657773,
              0.8707482993197279
            ],
            [
              0.9793008279668813,
              0.8749055177626606
            ],
            [
              0.9802207911683533,
              0.8786848072562359
            ],
            [
              0.9822907083716651,
              0.8805744520030234
            ],
            [
              0.983670653173873,
              0.8835978835978836
            ],
            [
              0.9829806807727691,
              0.8877551020408163
            ],
            [
              0.9818307267709292,
              0.891156462585034
            ],
            [
              0.9827506899724011,
              0.8949357520786092
            ],
            [
              0.983440662373505,
              0.8968253968253969
            ],
            [
              0.9816007359705612,
              0.8975812547241119
            ]
          ]
        ]
      },
      "properties": {
        "segment_id": 10,
        "area": 16740,
        "bbox": [
          1885.0,
          1108.0,
          254.0,
          79.0
        ],
        "iou": 0.8805053234100342,
        "stability": 0.9491091370582581,
        "auto_generated": true,
        "model": "segment_anything"
      }
    },
    {
      "type": "Feature",
      "geometry": {
        "type": "Polygon",
        "coordinates": [
          [
            [
              0.7221711131554738,
              0.8597883597883598
            ],
            [
              0.7217111315547378,
              0.8597883597883598
            ],
            [
              0.7212511499540019,
              0.8597883597883598
            ],
            [
              0.7207911683532658,
              0.8597883597883598
            ],
            [
              0.7203311867525299,
              0.8597883597883598
            ],
            [
              0.7198712051517939,
              0.8597883597883598
            ],
            [
              0.7194112235510579,
              0.8597883597883598
            ],
            [
              0.71918123275069,
              0.8594104308390023
            ],
            [
              0.718951241950322,
              0.8590325018896448
            ],
            [
              0.718491260349586,
              0.8590325018896448
            ],
            [
              0.7180312787488501,
              0.8590325018896448
            ],
            [
              0.7178012879484821,
              0.8586545729402872
            ],
            [
              0.7175712971481141,
              0.8582766439909297
            ],
            [
              0.7173413063477461,
              0.8578987150415722
            ],
            [
              0.7171113155473781,
              0.8575207860922147
            ],
            [
              0.7168813247470102,
              0.8571428571428571
            ],
            [
              0.7166513339466422,
              0.8567649281934996
            ],
            [
              0.7164213431462741,
              0.8563869992441421
            ],
            [
              0.7161913523459061,
              0.8560090702947846
            ],
            [
              0.7159613615455381,
              0.8556311413454271
            ],
            [
              0.7159613615455381,
              0.854875283446712
            ],
            [
              0.7159613615455381,
              0.854119425547997
            ],
            [
              0.7159613615455381,
              0.8533635676492819
            ],
            [
              0.7157313707451702,
              0.8529856386999244
            ],
            [
              0.7155013799448022,
              0.8526077097505669
            ],
            [
              0.7155013799448022,
              0.8518518518518519
            ],
            [
              0.7155013799448022,
              0.8510959939531368
            ],
            [
              0.7155013799448022,
              0.8503401360544217
            ],
            [
              0.7155013799448022,
              0.8495842781557067
            ],
            [
              0.7152713891444342,
              0.8492063492063492
            ],
            [
              0.7150413983440662,
              0.8488284202569917
            ],
            [
              0.7150413983440662,
              0.8480725623582767
            ],
            [
              0.7150413983440662,
              0.8473167044595616
            ],
            [
              0.7150413983440662,
              0.8465608465608465
            ],
            [
              0.7150413983440662,
              0.8458049886621315
            ],
            [
              0.7148114075436982,
              0.845427059712774
            ],
            [
              0.7145814167433303,
              0.8450491307634165
            ],
            [
              0.7145814167433303,
              0.8442932728647015
            ],
            [
              0.7145814167433303,
              0.8435374149659864
            ],
            [
              0.7145814167433303,
              0.8427815570672713
            ],
            [
              0.7145814167433303,
              0.8420256991685563
            ],
            [
              0.7145814167433303,
              0.8412698412698413
            ],
            [
              0.7145814167433303,
              0.8405139833711263
            ],
            [
              0.7145814167433303,
              0.8397581254724111
            ],
            [
              0.7145814167433303,
              0.8390022675736961
            ],
            [
              0.7145814167433303,
              0.8382464096749811
            ],
            [
              0.7145814167433303,
              0.8374905517762661
            ],
            [
              0.7145814167433303,
              0.8367346938775511
            ],
            [
              0.7145814167433303,
              0.8359788359788359
            ],
            [
              0.7148114075436982,
              0.8356009070294784
            ],
            [
              0.7150413983440662,
              0.8352229780801209
            ],
            [
              0.7150413983440662,
              0.8344671201814059
            ],
            [
              0.7150413983440662,
              0.8337112622826909
            ],
            [
              0.7150413983440662,
              0.8329554043839759
            ],
            [
              0.7150413983440662,
              0.8321995464852607
            ],
            [
              0.7150413983440662,
              0.8314436885865457
            ],
            [
              0.7150413983440662,
              0.8306878306878307
            ],
            [
              0.7150413983440662,
              0.8299319727891157
            ],
            [
              0.7150413983440662,
              0.8291761148904006
            ],
            [
              0.7150413983440662,
              0.8284202569916855
            ],
            [
              0.7152713891444342,
              0.828042328042328
            ],
            [
              0.7155013799448022,
              0.8276643990929705
            ],
            [
              0.7157313707451702,
              0.827286470143613
            ],
            [
              0.7159613615455381,
              0.8269085411942555
            ],
            [
              0.7161913523459061,
              0.826530612244898
            ],
            [
              0.7166513339466422,
              0.826530612244898
            ],
            [
              0.7171113155473781,
              0.826530612244898
            ],
            [
              0.7173413063477461,
              0.8261526832955405
            ],
            [
              0.7175712971481141,
              0.825774754346183
            ],
            [
              0.7180312787488501,
              0.825774754346183
            ],
            [
              0.718261269549218,
              0.8261526832955405
            ],
            [
              0.718491260349586,
              0.826530612244898
            ],
            [
              0.718951241950322,
              0.826530612244898
            ],
            [
              0.71918123275069,
              0.8269085411942555
            ],
            [
              0.7194112235510579,
              0.827286470143613
            ],
            [
              0.7196412143514259,
              0.8276643990929705
            ],
            [
              0.7198712051517939,
              0.828042328042328
            ],
            [
              0.7203311867525299,
              0.828042328042328
            ],
            [
              0.7205611775528978,
              0.8284202569916855
            ],
            [
              0.7207911683532658,
              0.828798185941043
            ],
            [
              0.7210211591536339,
              0.8291761148904006
            ],
            [
              0.7212511499540019,
              0.8295540438397582
            ],
            [
              0.7214811407543699,
              0.8299319727891157
            ],
            [
              0.7217111315547378,
              0.8303099017384732
            ],
            [
              0.7219411223551058,
              0.8306878306878307
            ],
            [
              0.7221711131554738,
              0.8310657596371882
            ],
            [
              0.7224011039558418,
              0.8314436885865457
            ],
            [
              0.7226310947562098,
              0.8318216175359032
            ],
            [
              0.7228610855565777,
              0.8321995464852607
            ],
            [
              0.7228610855565777,
              0.8329554043839759
            ],
            [
              0.7228610855565777,
              0.8337112622826909
            ],
            [
              0.7230910763569457,
              0.8340891912320484
            ],
            [
              0.7233210671573137,
              0.8344671201814059
            ],
            [
              0.7233210671573137,
              0.8352229780801209
            ],
            [
              0.7233210671573137,
              0.8359788359788359
            ],
            [
              0.7233210671573137,
              0.8367346938775511
            ],
            [
              0.7235510579576817,
              0.8371126228269086
            ],
            [
              0.7237810487580497,
              0.8374905517762661
            ],
            [
              0.7237810487580497,
              0.8382464096749811
            ],
            [
              0.7237810487580497,
              0.8390022675736961
            ],
            [
              0.7237810487580497,
              0.8397581254724111
            ],
            [
              0.7237810487580497,
              0.8405139833711263
            ],
            [
              0.7237810487580497,
              0.8412698412698413
            ],
            [
              0.7237810487580497,
              0.8420256991685563
            ],
            [
              0.7240110395584176,
              0.8424036281179138
            ],
            [
              0.7242410303587856,
              0.8427815570672713
            ],
            [
              0.7242410303587856,
              0.8435374149659864
            ],
            [
              0.7242410303587856,
              0.8442932728647015
            ],
            [
              0.7242410303587856,
              0.8450491307634165
            ],
            [
              0.7242410303587856,
              0.8458049886621315
            ],
            [
              0.7242410303587856,
              0.8465608465608465
            ],
            [
              0.7244710211591536,
              0.8469387755102041
            ],
            [
              0.7247010119595216,
              0.8473167044595616
            ],
            [
              0.7247010119595216,
              0.8480725623582767
            ],
            [
              0.7247010119595216,
              0.8488284202569917
            ],
            [
              0.7247010119595216,
              0.8495842781557067
            ],
            [
              0.7249310027598896,
              0.8499622071050642
            ],
            [
              0.7251609935602575,
              0.8503401360544217
            ],
            [
              0.7251609935602575,
              0.8510959939531368
            ],
            [
              0.7251609935602575,
              0.8518518518518519
            ],
            [
              0.7251609935602575,
              0.8526077097505669
            ],
            [
              0.7251609935602575,
              0.8533635676492819
            ],
            [
              0.7251609935602575,
              0.854119425547997
            ],
            [
              0.7251609935602575,
              0.854875283446712
            ],
            [
              0.7251609935602575,
              0.8556311413454271
            ],
            [
              0.7251609935602575,
              0.8563869992441421
            ],
            [
              0.7249310027598896,
              0.8567649281934996
            ],
            [
              0.7247010119595216,
              0.8571428571428571
            ],
            [
              0.7244710211591536,
              0.8575207860922147
            ],
            [
              0.7242410303587856,
              0.8578987150415722
            ],
            [
              0.7240110395584176,
              0.8582766439909297
            ],
            [
              0.7237810487580497,
              0.8586545729402872
            ],
            [
              0.7235510579576817,
              0.8590325018896448
            ],
            [
              0.7230910763569457,
              0.8590325018896448
            ],
            [
              0.7226310947562098,
              0.8590325018896448
            ],
            [
              0.7224011039558418,
              0.8594104308390023
            ],
            [
              0.7221711131554738,
              0.8597883597883598
            ],
            [
              0.7221711131554738,
              0.8597883597883598
            ]
          ]
        ]
      },
      "properties": {
        "segment_id": 11,
        "area": 795,
        "bbox": [
          1554.0,
          1093.0,
          22.0,
          44.0
        ],
        "iou": 0.8775489330291748,
        "stability": 0.9381067752838135,
        "auto_generated": true,
        "model": "segment_anything"
      }
    },
    {
      "type": "Feature",
      "geometry": {
        "type": "Polygon",
        "coordinates": [
          [
            [
              0.08555657773689053,
              0.6065759637188208
            ],
            [
              0.08417663293468261,
              0.6065759637188208
            ],
            [
              0.08325666973321068,
              0.6058201058201058
            ],
            [
              0.08256669733210671,
              0.6046863189720333
            ],
            [
              0.08233670653173873,
              0.6027966742252456
            ],
            [
              0.08210671573137074,
              0.6009070294784581
            ],
            [
              0.08164673413063478,
              0.5993953136810279
            ],
            [
              0.0811867525298988,
              0.5978835978835979
            ],
            [
              0.08072677092916283,
              0.5963718820861678
            ],
            [
              0.08072677092916283,
              0.5941043083900227
            ],
            [
              0.08026678932842686,
              0.5925925925925926
            ],
            [
              0.07980680772769089,
              0.5910808767951625
            ],
            [
              0.07957681692732291,
              0.5891912320483749
            ],
            [
              0.07934682612695493,
              0.5873015873015873
            ],
            [
              0.07888684452621895,
              0.5857898715041572
            ],
            [
              0.07842686292548298,
              0.5842781557067271
            ],
            [
              0.07842686292548298,
              0.582010582010582
            ],
            [
              0.07796688132474701,
              0.5804988662131519
            ],
            [
              0.07750689972401104,
              0.5789871504157218
            ],
            [
              0.07750689972401104,
              0.5767195767195767
            ],
            [
              0.07704691812327506,
              0.5752078609221466
            ],
            [
              0.0765869365225391,
              0.5736961451247166
            ],
            [
              0.0765869365225391,
              0.5714285714285714
            ],
            [
              0.07612695492180313,
              0.5699168556311414
            ],
            [
              0.07566697332106716,
              0.5684051398337112
            ],
            [
              0.07520699172033118,
              0.5668934240362812
            ],
            [
              0.0749770009199632,
              0.5650037792894935
            ],
            [
              0.07474701011959521,
              0.563114134542706
            ],
            [
              0.07428702851885925,
              0.5616024187452758
            ],
            [
              0.07382704691812328,
              0.5600907029478458
            ],
            [
              0.07359705611775529,
              0.5582010582010583
            ],
            [
              0.0733670653173873,
              0.5563114134542706
            ],
            [
              0.07290708371665133,
              0.5547996976568406
            ],
            [
              0.07267709291628335,
              0.5529100529100529
            ],
            [
              0.07244710211591536,
              0.5510204081632653
            ],
            [
              0.07221711131554738,
              0.5491307634164777
            ],
            [
              0.07221711131554738,
              0.5476190476190477
            ],
            [
              0.07313707451701931,
              0.5468631897203325
            ],
            [
              0.07405703771849126,
              0.5461073318216175
            ],
            [
              0.07543698252069918,
              0.5461073318216175
            ],
            [
              0.07635694572217111,
              0.5453514739229025
            ],
            [
              0.07773689052437903,
              0.5453514739229025
            ],
            [
              0.07865685372585096,
              0.5445956160241875
            ],
            [
              0.08003679852805888,
              0.5445956160241875
            ],
            [
              0.0811867525298988,
              0.54421768707483
            ],
            [
              0.08233670653173873,
              0.5438397581254724
            ],
            [
              0.08371665133394664,
              0.5438397581254724
            ],
            [
              0.08463661453541858,
              0.5430839002267573
            ],
            [
              0.08601655933762649,
              0.5430839002267573
            ],
            [
              0.08693652253909843,
              0.5423280423280423
            ],
            [
              0.08831646734130635,
              0.5423280423280423
            ],
            [
              0.08923643054277829,
              0.5415721844293273
            ],
            [
              0.0906163753449862,
              0.5415721844293273
            ],
            [
              0.09176632934682613,
              0.5411942554799698
            ],
            [
              0.09291628334866606,
              0.5408163265306123
            ],
            [
              0.09429622815087396,
              0.5408163265306123
            ],
            [
              0.09521619135234591,
              0.5400604686318972
            ],
            [
              0.09613615455381785,
              0.5408163265306123
            ],
            [
              0.09705611775528979,
              0.5415721844293273
            ],
            [
              0.09728610855565778,
              0.5434618291761149
            ],
            [
              0.09774609015639374,
              0.544973544973545
            ],
            [
              0.09797608095676173,
              0.5468631897203325
            ],
            [
              0.09820607175712971,
              0.5487528344671202
            ],
            [
              0.09866605335786569,
              0.5502645502645502
            ],
            [
              0.09912603495860166,
              0.5517762660619804
            ],
            [
              0.09958601655933763,
              0.5532879818594104
            ],
            [
              0.09981600735970561,
              0.5551776266061981
            ],
            [
              0.10004599816007359,
              0.5570672713529856
            ],
            [
              0.10050597976080956,
              0.5585789871504158
            ],
            [
              0.10073597056117756,
              0.5604686318972033
            ],
            [
              0.10119595216191353,
              0.5619803476946335
            ],
            [
              0.10142594296228151,
              0.563869992441421
            ],
            [
              0.10188592456301748,
              0.5653817082388511
            ],
            [
              0.10234590616375346,
              0.5668934240362812
            ],
            [
              0.10234590616375346,
              0.5691609977324263
            ],
            [
              0.10280588776448941,
              0.5706727135298564
            ],
            [
              0.10326586936522539,
              0.5721844293272865
            ],
            [
              0.10372585096596136,
              0.5736961451247166
            ],
            [
              0.10418583256669733,
              0.5752078609221466
            ],
            [
              0.10441582336706531,
              0.5770975056689343
            ],
            [
              0.10464581416743331,
              0.5789871504157218
            ],
            [
              0.10510579576816928,
              0.5804988662131519
            ],
            [
              0.10533578656853726,
              0.5823885109599395
            ],
            [
              0.10556577736890524,
              0.5842781557067271
            ],
            [
              0.10602575896964121,
              0.5857898715041572
            ],
            [
              0.10648574057037719,
              0.5873015873015873
            ],
            [
              0.10694572217111316,
              0.5888133030990174
            ],
            [
              0.10694572217111316,
              0.5910808767951625
            ],
            [
              0.10740570377184913,
              0.5925925925925926
            ],
            [
              0.10786568537258509,
              0.5941043083900227
            ],
            [
              0.10786568537258509,
              0.5963718820861678
            ],
            [
              0.10832566697332106,
              0.5978835978835979
            ],
            [
              0.10763569457221711,
              0.5990173847316704
            ],
            [
              0.1062557497700092,
              0.5990173847316704
            ],
            [
              0.10533578656853726,
              0.5997732426303855
            ],
            [
              0.10395584176632934,
              0.5997732426303855
            ],
            [
              0.10303587856485741,
              0.6005291005291006
            ],
            [
              0.10165593376264949,
              0.6005291005291006
            ],
            [
              0.10073597056117756,
              0.6012849584278156
            ],
            [
              0.09935602575896964,
              0.6012849584278156
            ],
            [
              0.0984360625574977,
              0.6020408163265306
            ],
            [
              0.09705611775528979,
              0.6020408163265306
            ],
            [
              0.09613615455381785,
              0.6027966742252456
            ],
            [
              0.09475620975160993,
              0.6027966742252456
            ],
            [
              0.09383624655013799,
              0.6035525321239606
            ],
            [
              0.09245630174793008,
              0.6035525321239606
            ],
            [
              0.09153633854645814,
              0.6043083900226758
            ],
            [
              0.09015639374425023,
              0.6043083900226758
            ],
            [
              0.0890064397424103,
              0.6046863189720333
            ],
            [
              0.08785648574057038,
              0.6050642479213908
            ],
            [
              0.08693652253909843,
              0.6058201058201058
            ],
            [
              0.08578656853725851,
              0.6061980347694633
            ],
            [
              0.08555657773689053,
              0.6065759637188208
            ]
          ]
        ]
      },
      "properties": {
        "segment_id": 12,
        "area": 4579,
        "bbox": [
          157.0,
          715.0,
          78.0,
          87.0
        ],
        "iou": 1.0058578252792358,
        "stability": 0.9878313541412354,
        "auto_generated": true,
        "model": "segment_anything"
      }
    },
    {
      "type": "Feature",
      "geometry": {
        "type": "Polygon",
        "coordinates": [
          [
            [
              0.17157313707451702,
              0.5786092214663643
            ],
            [
              0.17065317387304507,
              0.5778533635676493
            ],
            [
              0.16973321067157313,
              0.5770975056689343
            ],
            [
              0.16950321987120515,
              0.5752078609221466
            ],
            [
              0.1690432382704692,
              0.5736961451247166
            ],
            [
              0.1685832566697332,
              0.5721844293272865
            ],
            [
              0.16812327506899724,
              0.5706727135298564
            ],
            [
              0.16789328426862926,
              0.5687830687830688
            ],
            [
              0.16766329346826128,
              0.5668934240362812
            ],
            [
              0.1672033118675253,
              0.5653817082388511
            ],
            [
              0.16674333026678934,
              0.563869992441421
            ],
            [
              0.16674333026678934,
              0.5616024187452758
            ],
            [
              0.16628334866605335,
              0.5600907029478458
            ],
            [
              0.1658233670653174,
              0.5585789871504158
            ],
            [
              0.16536338546458143,
              0.5570672713529856
            ],
            [
              0.16490340386384544,
              0.5555555555555556
            ],
            [
              0.16467341306347746,
              0.5536659108087679
            ],
            [
              0.16444342226310948,
              0.5517762660619804
            ],
            [
              0.1639834406623735,
              0.5502645502645502
            ],
            [
              0.16352345906163754,
              0.5487528344671202
            ],
            [
              0.16306347746090155,
              0.54724111866969
            ],
            [
              0.1626034958601656,
              0.54572940287226
            ],
            [
              0.1623735050597976,
              0.5438397581254724
            ],
            [
              0.16191352345906163,
              0.5423280423280423
            ],
            [
              0.16168353265869365,
              0.5404383975812547
            ],
            [
              0.1612235510579577,
              0.5389266817838246
            ],
            [
              0.1607635694572217,
              0.5374149659863946
            ],
            [
              0.16030358785648574,
              0.5359032501889645
            ],
            [
              0.16007359705611776,
              0.5340136054421769
            ],
            [
              0.15984360625574978,
              0.5321239606953893
            ],
            [
              0.1593836246550138,
              0.5306122448979592
            ],
            [
              0.15915363385464582,
              0.5287226001511716
            ],
            [
              0.15869365225390986,
              0.5272108843537415
            ],
            [
              0.15846366145354185,
              0.5253212396069539
            ],
            [
              0.15846366145354185,
              0.5230536659108088
            ],
            [
              0.15892364305427784,
              0.5215419501133787
            ],
            [
              0.1593836246550138,
              0.5200302343159486
            ],
            [
              0.15892364305427784,
              0.5185185185185185
            ],
            [
              0.15846366145354185,
              0.5170068027210885
            ],
            [
              0.1580036798528059,
              0.5154950869236583
            ],
            [
              0.15754369825206993,
              0.5139833711262283
            ],
            [
              0.1577736890524379,
              0.5120937263794406
            ],
            [
              0.15823367065317387,
              0.5105820105820106
            ],
            [
              0.15915363385464582,
              0.5098261526832956
            ],
            [
              0.16030358785648574,
              0.509448223733938
            ],
            [
              0.16145354185832567,
              0.5090702947845805
            ],
            [
              0.1626034958601656,
              0.5086923658352229
            ],
            [
              0.16375344986200552,
              0.5083144368858654
            ],
            [
              0.16513339466421342,
              0.5083144368858654
            ],
            [
              0.16605335786568537,
              0.5075585789871504
            ],
            [
              0.16743330266789327,
              0.5075585789871504
            ],
            [
              0.16835326586936522,
              0.5068027210884354
            ],
            [
              0.16973321067157313,
              0.5068027210884354
            ],
            [
              0.17065317387304507,
              0.5060468631897204
            ],
            [
              0.17203311867525298,
              0.5060468631897204
            ],
            [
              0.1731830726770929,
              0.5056689342403629
            ],
            [
              0.17433302667893286,
              0.5052910052910053
            ],
            [
              0.17571297148114076,
              0.5052910052910053
            ],
            [
              0.1766329346826127,
              0.5045351473922902
            ],
            [
              0.1780128794848206,
              0.5045351473922902
            ],
            [
              0.17893284268629256,
              0.5052910052910053
            ],
            [
              0.1796228150873965,
              0.5064247921390779
            ],
            [
              0.18008279668813248,
              0.5079365079365079
            ],
            [
              0.18031278748850046,
              0.5098261526832956
            ],
            [
              0.18054277828886844,
              0.5117157974300831
            ],
            [
              0.1810027598896044,
              0.5132275132275133
            ],
            [
              0.1814627414903404,
              0.5147392290249433
            ],
            [
              0.18192272309107635,
              0.5162509448223734
            ],
            [
              0.18215271389144433,
              0.518140589569161
            ],
            [
              0.18261269549218032,
              0.5196523053665911
            ],
            [
              0.18307267709291627,
              0.5211640211640212
            ],
            [
              0.18330266789328428,
              0.5230536659108088
            ],
            [
              0.18376264949402024,
              0.5245653817082389
            ],
            [
              0.18399264029438822,
              0.5264550264550265
            ],
            [
              0.1844526218951242,
              0.5279667422524565
            ],
            [
              0.1846826126954922,
              0.5298563869992441
            ],
            [
              0.18514259429622815,
              0.5313681027966742
            ],
            [
              0.18537258509659613,
              0.5332577475434618
            ],
            [
              0.1858325666973321,
              0.5347694633408919
            ],
            [
              0.18629254829806807,
              0.536281179138322
            ],
            [
              0.18652253909843605,
              0.5381708238851096
            ],
            [
              0.18698252069917204,
              0.5396825396825397
            ],
            [
              0.187442502299908,
              0.5411942554799698
            ],
            [
              0.18790248390064399,
              0.5427059712773998
            ],
            [
              0.18813247470101196,
              0.5445956160241875
            ],
            [
              0.18859245630174792,
              0.5461073318216175
            ],
            [
              0.1888224471021159,
              0.5479969765684052
            ],
            [
              0.1892824287028519,
              0.5495086923658352
            ],
            [
              0.18974241030358785,
              0.5510204081632653
            ],
            [
              0.19020239190432384,
              0.5525321239606954
            ],
            [
              0.19020239190432384,
              0.5547996976568406
            ],
            [
              0.1906623735050598,
              0.5563114134542706
            ],
            [
              0.1906623735050598,
              0.5585789871504158
            ],
            [
              0.19112235510579575,
              0.5600907029478458
            ],
            [
              0.19135234590616376,
              0.5619803476946335
            ],
            [
              0.19181232750689972,
              0.5634920634920635
            ],
            [
              0.1922723091076357,
              0.5650037792894935
            ],
            [
              0.19273229070837167,
              0.5665154950869237
            ],
            [
              0.19296228150873965,
              0.5684051398337112
            ],
            [
              0.19296228150873965,
              0.5706727135298564
            ],
            [
              0.1922723091076357,
              0.5718065003779289
            ],
            [
              0.19135234590616376,
              0.572562358276644
            ],
            [
              0.18997240110395583,
              0.572562358276644
            ],
            [
              0.1888224471021159,
              0.5729402872260015
            ],
            [
              0.18767249310027598,
              0.573318216175359
            ],
            [
              0.18629254829806807,
              0.573318216175359
            ],
            [
              0.18537258509659613,
              0.5740740740740741
            ],
            [
              0.1842226310947562,
              0.5744520030234316
            ],
            [
              0.18307267709291627,
              0.5748299319727891
            ],
            [
              0.18192272309107635,
              0.5752078609221466
            ],
            [
              0.18077276908923642,
              0.5755857898715041
            ],
            [
              0.1796228150873965,
              0.5759637188208617
            ],
            [
              0.17847286108555657,
              0.5763416477702192
            ],
            [
              0.17709291628334867,
              0.5763416477702192
            ],
            [
              0.17617295308187672,
              0.5770975056689343
            ],
            [
              0.17479300827966882,
              0.5770975056689343
            ],
            [
              0.17387304507819687,
              0.5778533635676493
            ],
            [
              0.17249310027598896,
              0.5778533635676493
            ],
            [
              0.17157313707451702,
              0.5786092214663643
            ]
          ]
        ]
      },
      "properties": {
        "segment_id": 13,
        "area": 4866,
        "bbox": [
          343.0,
          668.0,
          76.0,
          97.0
        ],
        "iou": 0.9774207472801208,
        "stability": 0.9802765250205994,
        "auto_generated": true,
        "model": "segment_anything"
      }
    },
    {
      "type": "Feature",
      "geometry": {
        "type": "Polygon",
        "coordinates": [
          [
            [
              0.11545538178472861,
              0.5967498110355253
            ],
            [
              0.1140754369825207,
              0.5967498110355253
            ],
            [
              0.11315547378104876,
              0.5959939531368103
            ],
            [
              0.11269549218031279,
              0.5944822373393802
            ],
            [
              0.11246550137994481,
              0.5925925925925926
            ],
            [
              0.11200551977920883,
              0.5910808767951625
            ],
            [
              0.11200551977920883,
              0.5888133030990174
            ],
            [
              0.11154553817847286,
              0.5873015873015873
            ],
            [
              0.11108555657773689,
              0.5857898715041572
            ],
            [
              0.11085556577736891,
              0.5839002267573696
            ],
            [
              0.11039558417663294,
              0.5823885109599395
            ],
            [
              0.10993560257589696,
              0.5808767951625095
            ],
            [
              0.10970561177552898,
              0.5789871504157218
            ],
            [
              0.10924563017479301,
              0.5774754346182918
            ],
            [
              0.10901563937442502,
              0.5755857898715041
            ],
            [
              0.10878564857405704,
              0.5736961451247166
            ],
            [
              0.10832566697332106,
              0.5721844293272865
            ],
            [
              0.10786568537258509,
              0.5706727135298564
            ],
            [
              0.10740570377184913,
              0.5691609977324263
            ],
            [
              0.10717571297148114,
              0.5672713529856387
            ],
            [
              0.10694572217111316,
              0.5653817082388511
            ],
            [
              0.10648574057037719,
              0.563869992441421
            ],
            [
              0.10602575896964121,
              0.562358276643991
            ],
            [
              0.10579576816927323,
              0.5604686318972033
            ],
            [
              0.10556577736890524,
              0.5585789871504158
            ],
            [
              0.10510579576816928,
              0.5570672713529856
            ],
            [
              0.10464581416743331,
              0.5555555555555556
            ],
            [
              0.10441582336706531,
              0.5536659108087679
            ],
            [
              0.10418583256669733,
              0.5517762660619804
            ],
            [
              0.10372585096596136,
              0.5502645502645502
            ],
            [
              0.10326586936522539,
              0.5487528344671202
            ],
            [
              0.10280588776448941,
              0.54724111866969
            ],
            [
              0.10234590616375346,
              0.54572940287226
            ],
            [
              0.10234590616375346,
              0.5434618291761149
            ],
            [
              0.10188592456301748,
              0.5419501133786848
            ],
            [
              0.10188592456301748,
              0.5396825396825397
            ],
            [
              0.10257589696412144,
              0.5385487528344671
            ],
            [
              0.10349586016559338,
              0.5377928949357521
            ],
            [
              0.10464581416743331,
              0.5374149659863946
            ],
            [
              0.10579576816927323,
              0.5370370370370371
            ],
            [
              0.10671573137074516,
              0.536281179138322
            ],
            [
              0.10786568537258509,
              0.5359032501889645
            ],
            [
              0.10901563937442502,
              0.5355253212396069
            ],
            [
              0.11039558417663294,
              0.5355253212396069
            ],
            [
              0.11177552897884084,
              0.5355253212396069
            ],
            [
              0.11269549218031279,
              0.5347694633408919
            ],
            [
              0.1140754369825207,
              0.5347694633408919
            ],
            [
              0.11499540018399264,
              0.5340136054421769
            ],
            [
              0.11637534498620056,
              0.5340136054421769
            ],
            [
              0.11775528978840846,
              0.5340136054421769
            ],
            [
              0.11867525298988041,
              0.5332577475434618
            ],
            [
              0.12005519779208831,
              0.5332577475434618
            ],
            [
              0.12143514259429623,
              0.5332577475434618
            ],
            [
              0.12235510579576817,
              0.5325018896447468
            ],
            [
              0.12373505059797608,
              0.5325018896447468
            ],
            [
              0.12465501379944802,
              0.5317460317460317
            ],
            [
              0.12557497700091996,
              0.5309901738473167
            ],
            [
              0.1264949402023919,
              0.5302343159486017
            ],
            [
              0.12741490340386386,
              0.5294784580498866
            ],
            [
              0.12856485740570378,
              0.5298563869992441
            ],
            [
              0.12879484820607176,
              0.5317460317460317
            ],
            [
              0.12902483900643974,
              0.5336356764928194
            ],
            [
              0.12948482060717573,
              0.5351473922902494
            ],
            [
              0.12994480220791169,
              0.5366591080876795
            ],
            [
              0.13040478380864765,
              0.5381708238851096
            ],
            [
              0.13086476540938363,
              0.5396825396825397
            ],
            [
              0.1313247470101196,
              0.5411942554799698
            ],
            [
              0.13155473781048757,
              0.5430839002267573
            ],
            [
              0.13178472861085558,
              0.544973544973545
            ],
            [
              0.13224471021159154,
              0.546485260770975
            ],
            [
              0.13224471021159154,
              0.5487528344671202
            ],
            [
              0.13224471021159154,
              0.5510204081632653
            ],
            [
              0.1327046918123275,
              0.5525321239606954
            ],
            [
              0.1329346826126955,
              0.5544217687074829
            ],
            [
              0.13339466421343146,
              0.5559334845049131
            ],
            [
              0.13385464581416742,
              0.5574452003023431
            ],
            [
              0.1343146274149034,
              0.5589569160997733
            ],
            [
              0.13477460901563937,
              0.5604686318972033
            ],
            [
              0.13500459981600735,
              0.562358276643991
            ],
            [
              0.13546458141674333,
              0.563869992441421
            ],
            [
              0.13569457221711131,
              0.5657596371882087
            ],
            [
              0.1359245630174793,
              0.5676492819349962
            ],
            [
              0.13638454461821528,
              0.5691609977324263
            ],
            [
              0.13638454461821528,
              0.5714285714285714
            ],
            [
              0.1359245630174793,
              0.5729402872260015
            ],
            [
              0.13546458141674333,
              0.5744520030234316
            ],
            [
              0.13546458141674333,
              0.5767195767195767
            ],
            [
              0.1359245630174793,
              0.5782312925170068
            ],
            [
              0.13615455381784727,
              0.5801209372637944
            ],
            [
              0.13661453541858326,
              0.5816326530612245
            ],
            [
              0.13684452621895124,
              0.5835222978080121
            ],
            [
              0.1373045078196872,
              0.5850340136054422
            ],
            [
              0.1377644894204232,
              0.5865457294028723
            ],
            [
              0.1375344986200552,
              0.5884353741496599
            ],
            [
              0.13684452621895124,
              0.5895691609977324
            ],
            [
              0.13569457221711131,
              0.58994708994709
            ],
            [
              0.1345446182152714,
              0.5903250188964475
            ],
            [
              0.13339466421343146,
              0.590702947845805
            ],
            [
              0.13224471021159154,
              0.5910808767951625
            ],
            [
              0.1310947562097516,
              0.59145880574452
            ],
            [
              0.1297148114075437,
              0.59145880574452
            ],
            [
              0.12879484820607176,
              0.592214663643235
            ],
            [
              0.12741490340386386,
              0.592214663643235
            ],
            [
              0.1264949402023919,
              0.5929705215419501
            ],
            [
              0.12557497700091996,
              0.5937263794406652
            ],
            [
              0.12419503219871206,
              0.5937263794406652
            ],
            [
              0.12281508739650414,
              0.5937263794406652
            ],
            [
              0.12189512419503219,
              0.5944822373393802
            ],
            [
              0.12074517019319227,
              0.5948601662887377
            ],
            [
              0.11959521619135234,
              0.5952380952380952
            ],
            [
              0.11844526218951242,
              0.5956160241874527
            ],
            [
              0.11729530818767249,
              0.5959939531368103
            ],
            [
              0.11591536338546458,
              0.5959939531368103
            ],
            [
              0.11545538178472861,
              0.5967498110355253
            ]
          ]
        ]
      },
      "properties": {
        "segment_id": 14,
        "area": 4726,
        "bbox": [
          222.0,
          701.0,
          77.0,
          88.0
        ],
        "iou": 0.9666427373886108,
        "stability": 0.9774200320243835,
        "auto_generated": true,
        "model": "segment_anything"
      }
    },
    {
      "type": "Feature",
      "geometry": {
        "type": "Polygon",
        "coordinates": [
          [
            [
              0.2046918123275069,
              0.5748299319727891
            ],
            [
              0.20331186752529898,
              0.5748299319727891
            ],
            [
              0.20193192272309107,
              0.5748299319727891
            ],
            [
              0.20078196872125115,
              0.5744520030234316
            ],
            [
              0.1998620055197792,
              0.5736961451247166
            ],
            [
              0.19940202391904324,
              0.5721844293272865
            ],
            [
              0.19894204231830726,
              0.5706727135298564
            ],
            [
              0.19894204231830726,
              0.5684051398337112
            ],
            [
              0.1984820607175713,
              0.5668934240362812
            ],
            [
              0.1984820607175713,
              0.564625850340136
            ],
            [
              0.19825206991720332,
              0.5627362055933485
            ],
            [
              0.19802207911683534,
              0.5608465608465608
            ],
            [
              0.19802207911683534,
              0.5585789871504158
            ],
            [
              0.19756209751609935,
              0.5570672713529856
            ],
            [
              0.19756209751609935,
              0.5547996976568406
            ],
            [
              0.19756209751609935,
              0.5525321239606954
            ],
            [
              0.1971021159153634,
              0.5510204081632653
            ],
            [
              0.1971021159153634,
              0.5487528344671202
            ],
            [
              0.1971021159153634,
              0.546485260770975
            ],
            [
              0.1966421343146274,
              0.544973544973545
            ],
            [
              0.1966421343146274,
              0.5427059712773998
            ],
            [
              0.1966421343146274,
              0.5404383975812547
            ],
            [
              0.19618215271389144,
              0.5389266817838246
            ],
            [
              0.19618215271389144,
              0.5366591080876795
            ],
            [
              0.19595216191352346,
              0.5347694633408919
            ],
            [
              0.19572217111315549,
              0.5328798185941043
            ],
            [
              0.19572217111315549,
              0.5306122448979592
            ],
            [
              0.1952621895124195,
              0.5291005291005291
            ],
            [
              0.1952621895124195,
              0.526832955404384
            ],
            [
              0.19480220791168354,
              0.5253212396069539
            ],
            [
              0.19480220791168354,
              0.5230536659108088
            ],
            [
              0.19480220791168354,
              0.5207860922146637
            ],
            [
              0.19434222631094755,
              0.5192743764172335
            ],
            [
              0.19434222631094755,
              0.5170068027210885
            ],
            [
              0.19434222631094755,
              0.5147392290249433
            ],
            [
              0.1938822447102116,
              0.5132275132275133
            ],
            [
              0.1938822447102116,
              0.5109599395313681
            ],
            [
              0.1938822447102116,
              0.5086923658352229
            ],
            [
              0.19342226310947563,
              0.5071806500377929
            ],
            [
              0.19342226310947563,
              0.5049130763416477
            ],
            [
              0.19319227230910763,
              0.5030234315948602
            ],
            [
              0.19296228150873965,
              0.5011337868480725
            ],
            [
              0.19296228150873965,
              0.4988662131519274
            ],
            [
              0.19296228150873965,
              0.4965986394557823
            ],
            [
              0.19296228150873965,
              0.4943310657596372
            ],
            [
              0.19296228150873965,
              0.49206349206349204
            ],
            [
              0.1936522539098436,
              0.4909297052154195
            ],
            [
              0.19480220791168354,
              0.490551776266062
            ],
            [
              0.19595216191352346,
              0.49017384731670444
            ],
            [
              0.19733210671573137,
              0.49017384731670444
            ],
            [
              0.1984820607175713,
              0.4897959183673469
            ],
            [
              0.19963201471941122,
              0.4894179894179894
            ],
            [
              0.20101195952161913,
              0.4894179894179894
            ],
            [
              0.20239190432382706,
              0.4894179894179894
            ],
            [
              0.20354185832566699,
              0.4890400604686319
            ],
            [
              0.2046918123275069,
              0.4886621315192744
            ],
            [
              0.20607175712971482,
              0.4886621315192744
            ],
            [
              0.20699172033118676,
              0.4894179894179894
            ],
            [
              0.2076816927322907,
              0.490551776266062
            ],
            [
              0.20791168353265868,
              0.4924414210128496
            ],
            [
              0.2081416743330267,
              0.4943310657596372
            ],
            [
              0.2081416743330267,
              0.4965986394557823
            ],
            [
              0.2081416743330267,
              0.4988662131519274
            ],
            [
              0.2081416743330267,
              0.5011337868480725
            ],
            [
              0.20837166513339467,
              0.5030234315948602
            ],
            [
              0.20860165593376265,
              0.5049130763416477
            ],
            [
              0.20860165593376265,
              0.5071806500377929
            ],
            [
              0.20860165593376265,
              0.509448223733938
            ],
            [
              0.2090616375344986,
              0.5109599395313681
            ],
            [
              0.2095216191352346,
              0.5124716553287982
            ],
            [
              0.2095216191352346,
              0.5147392290249433
            ],
            [
              0.20998160073597055,
              0.5162509448223734
            ],
            [
              0.20998160073597055,
              0.5185185185185185
            ],
            [
              0.21044158233670654,
              0.5200302343159486
            ],
            [
              0.21044158233670654,
              0.5222978080120937
            ],
            [
              0.21044158233670654,
              0.5245653817082389
            ],
            [
              0.2109015639374425,
              0.5260770975056689
            ],
            [
              0.2109015639374425,
              0.528344671201814
            ],
            [
              0.2109015639374425,
              0.5306122448979592
            ],
            [
              0.21136154553817849,
              0.5321239606953893
            ],
            [
              0.21136154553817849,
              0.5343915343915344
            ],
            [
              0.21136154553817849,
              0.5366591080876795
            ],
            [
              0.21182152713891444,
              0.5381708238851096
            ],
            [
              0.21182152713891444,
              0.5404383975812547
            ],
            [
              0.21205151793928242,
              0.5423280423280423
            ],
            [
              0.2122815087396504,
              0.54421768707483
            ],
            [
              0.2122815087396504,
              0.546485260770975
            ],
            [
              0.2127414903403864,
              0.5479969765684052
            ],
            [
              0.2127414903403864,
              0.5502645502645502
            ],
            [
              0.2127414903403864,
              0.5525321239606954
            ],
            [
              0.21297148114075437,
              0.5544217687074829
            ],
            [
              0.21320147194112235,
              0.5563114134542706
            ],
            [
              0.21320147194112235,
              0.5585789871504158
            ],
            [
              0.21320147194112235,
              0.5608465608465608
            ],
            [
              0.21366145354185834,
              0.562358276643991
            ],
            [
              0.21366145354185834,
              0.564625850340136
            ],
            [
              0.21389144434222632,
              0.5665154950869237
            ],
            [
              0.2141214351425943,
              0.5684051398337112
            ],
            [
              0.21366145354185834,
              0.5699168556311414
            ],
            [
              0.21320147194112235,
              0.5714285714285714
            ],
            [
              0.2122815087396504,
              0.5721844293272865
            ],
            [
              0.21113155473781048,
              0.572562358276644
            ],
            [
              0.21021159153633856,
              0.573318216175359
            ],
            [
              0.20929162833486661,
              0.5740740740740741
            ],
            [
              0.20791168353265868,
              0.5740740740740741
            ],
            [
              0.20653173873045078,
              0.5740740740740741
            ],
            [
              0.20515179392824287,
              0.5740740740740741
            ],
            [
              0.2046918123275069,
              0.5748299319727891
            ]
          ]
        ]
      },
      "properties": {
        "segment_id": 15,
        "area": 3705,
        "bbox": [
          420.0,
          647.0,
          45.0,
          113.0
        ],
        "iou": 0.9664589166641235,
        "stability": 0.9783653616905212,
        "auto_generated": true,
        "model": "segment_anything"
      }
    },
    {
      "type": "Feature",
      "geometry": {
        "type": "Polygon",
        "coordinates": [
          [
            [
              0.13523459061637536,
              0.5287226001511716
            ],
            [
              0.13477460901563937,
              0.5287226001511716
            ],
            [
              0.1343146274149034,
              0.5287226001511716
            ],
            [
              0.13385464581416742,
              0.5287226001511716
            ],
            [
              0.13339466421343146,
              0.5287226001511716
            ],
            [
              0.13316467341306348,
              0.528344671201814
            ],
            [
              0.1329346826126955,
              0.5279667422524565
            ],
            [
              0.1327046918123275,
              0.527588813303099
            ],
            [
              0.1327046918123275,
              0.526832955404384
            ],
            [
              0.1327046918123275,
              0.5260770975056689
            ],
            [
              0.1327046918123275,
              0.5253212396069539
            ],
            [
              0.13247470101195952,
              0.5249433106575964
            ],
            [
              0.13224471021159154,
              0.5245653817082389
            ],
            [
              0.13224471021159154,
              0.5238095238095238
            ],
            [
              0.13201471941122356,
              0.5234315948601663
            ],
            [
              0.13178472861085558,
              0.5230536659108088
            ],
            [
              0.13178472861085558,
              0.5222978080120937
            ],
            [
              0.13155473781048757,
              0.5219198790627362
            ],
            [
              0.1313247470101196,
              0.5215419501133787
            ],
            [
              0.1313247470101196,
              0.5207860922146637
            ],
            [
              0.1313247470101196,
              0.5200302343159486
            ],
            [
              0.1313247470101196,
              0.5192743764172335
            ],
            [
              0.1313247470101196,
              0.5185185185185185
            ],
            [
              0.1313247470101196,
              0.5177626606198035
            ],
            [
              0.13155473781048757,
              0.517384731670446
            ],
            [
              0.13178472861085558,
              0.5170068027210885
            ],
            [
              0.13201471941122356,
              0.516628873771731
            ],
            [
              0.13247470101195952,
              0.516628873771731
            ],
            [
              0.1329346826126955,
              0.516628873771731
            ],
            [
              0.13339466421343146,
              0.516628873771731
            ],
            [
              0.13362465501379944,
              0.5162509448223734
            ],
            [
              0.13385464581416742,
              0.5158730158730159
            ],
            [
              0.1343146274149034,
              0.5158730158730159
            ],
            [
              0.13477460901563937,
              0.5158730158730159
            ],
            [
              0.13523459061637536,
              0.5158730158730159
            ],
            [
              0.13569457221711131,
              0.5158730158730159
            ],
            [
              0.13615455381784727,
              0.5158730158730159
            ],
            [
              0.13661453541858326,
              0.5158730158730159
            ],
            [
              0.13684452621895124,
              0.5154950869236583
            ],
            [
              0.13707451701931922,
              0.5151171579743008
            ],
            [
              0.1375344986200552,
              0.5151171579743008
            ],
            [
              0.13799448022079117,
              0.5151171579743008
            ],
            [
              0.13845446182152715,
              0.5151171579743008
            ],
            [
              0.1389144434222631,
              0.5151171579743008
            ],
            [
              0.13937442502299907,
              0.5151171579743008
            ],
            [
              0.13960441582336708,
              0.5147392290249433
            ],
            [
              0.13983440662373506,
              0.5143613000755858
            ],
            [
              0.14029438822447102,
              0.5143613000755858
            ],
            [
              0.140754369825207,
              0.5143613000755858
            ],
            [
              0.14121435142594296,
              0.5143613000755858
            ],
            [
              0.14167433302667892,
              0.5143613000755858
            ],
            [
              0.14190432382704693,
              0.5139833711262283
            ],
            [
              0.1421343146274149,
              0.5136054421768708
            ],
            [
              0.14259429622815087,
              0.5136054421768708
            ],
            [
              0.14305427782888686,
              0.5136054421768708
            ],
            [
              0.14351425942962281,
              0.5136054421768708
            ],
            [
              0.14397424103035877,
              0.5136054421768708
            ],
            [
              0.14443422263109476,
              0.5136054421768708
            ],
            [
              0.14466421343146274,
              0.5132275132275133
            ],
            [
              0.14489420423183072,
              0.5128495842781557
            ],
            [
              0.1453541858325667,
              0.5128495842781557
            ],
            [
              0.14581416743330267,
              0.5128495842781557
            ],
            [
              0.14627414903403863,
              0.5128495842781557
            ],
            [
              0.1467341306347746,
              0.5128495842781557
            ],
            [
              0.14719411223551057,
              0.5128495842781557
            ],
            [
              0.14765409383624656,
              0.5128495842781557
            ],
            [
              0.14788408463661454,
              0.5124716553287982
            ],
            [
              0.14811407543698252,
              0.5120937263794406
            ],
            [
              0.1485740570377185,
              0.5120937263794406
            ],
            [
              0.14903403863845446,
              0.5120937263794406
            ],
            [
              0.14949402023919042,
              0.5120937263794406
            ],
            [
              0.1499540018399264,
              0.5120937263794406
            ],
            [
              0.15041398344066237,
              0.5120937263794406
            ],
            [
              0.15087396504139836,
              0.5120937263794406
            ],
            [
              0.15133394664213431,
              0.5120937263794406
            ],
            [
              0.1515639374425023,
              0.5117157974300831
            ],
            [
              0.15179392824287027,
              0.5113378684807256
            ],
            [
              0.15202391904323828,
              0.5117157974300831
            ],
            [
              0.15225390984360626,
              0.5120937263794406
            ],
            [
              0.15271389144434222,
              0.5120937263794406
            ],
            [
              0.1531738730450782,
              0.5120937263794406
            ],
            [
              0.1534038638454462,
              0.5124716553287982
            ],
            [
              0.15363385464581417,
              0.5128495842781557
            ],
            [
              0.15386384544618215,
              0.5132275132275133
            ],
            [
              0.15386384544618215,
              0.5139833711262283
            ],
            [
              0.15409383624655013,
              0.5143613000755858
            ],
            [
              0.15432382704691813,
              0.5147392290249433
            ],
            [
              0.15432382704691813,
              0.5154950869236583
            ],
            [
              0.15432382704691813,
              0.5162509448223734
            ],
            [
              0.15432382704691813,
              0.5170068027210885
            ],
            [
              0.1545538178472861,
              0.517384731670446
            ],
            [
              0.1547838086476541,
              0.5177626606198035
            ],
            [
              0.1547838086476541,
              0.5185185185185185
            ],
            [
              0.1547838086476541,
              0.5192743764172335
            ],
            [
              0.15501379944802207,
              0.5196523053665911
            ],
            [
              0.15524379024839005,
              0.5200302343159486
            ],
            [
              0.15524379024839005,
              0.5207860922146637
            ],
            [
              0.15524379024839005,
              0.5215419501133787
            ],
            [
              0.15524379024839005,
              0.5222978080120937
            ],
            [
              0.15547378104875806,
              0.5226757369614512
            ],
            [
              0.15570377184912604,
              0.5230536659108088
            ],
            [
              0.15570377184912604,
              0.5238095238095238
            ],
            [
              0.15570377184912604,
              0.5245653817082389
            ],
            [
              0.15547378104875806,
              0.5249433106575964
            ],
            [
              0.15501379944802207,
              0.5249433106575964
            ],
            [
              0.1547838086476541,
              0.5253212396069539
            ],
            [
              0.1545538178472861,
              0.5256991685563114
            ],
            [
              0.15409383624655013,
              0.5256991685563114
            ],
            [
              0.15386384544618215,
              0.5253212396069539
            ],
            [
              0.15363385464581417,
              0.5249433106575964
            ],
            [
              0.1531738730450782,
              0.5249433106575964
            ],
            [
              0.15271389144434222,
              0.5249433106575964
            ],
            [
              0.15248390064397424,
              0.5245653817082389
            ],
            [
              0.15225390984360626,
              0.5241874527588813
            ],
            [
              0.15179392824287027,
              0.5241874527588813
            ],
            [
              0.15133394664213431,
              0.5241874527588813
            ],
            [
              0.15110395584176634,
              0.5245653817082389
            ],
            [
              0.15087396504139836,
              0.5249433106575964
            ],
            [
              0.15041398344066237,
              0.5249433106575964
            ],
            [
              0.1499540018399264,
              0.5249433106575964
            ],
            [
              0.14949402023919042,
              0.5249433106575964
            ],
            [
              0.14903403863845446,
              0.5249433106575964
            ],
            [
              0.1485740570377185,
              0.5249433106575964
            ],
            [
              0.1483440662373505,
              0.5253212396069539
            ],
            [
              0.14811407543698252,
              0.5256991685563114
            ],
            [
              0.14765409383624656,
              0.5256991685563114
            ],
            [
              0.14719411223551057,
              0.5256991685563114
            ],
            [
              0.1467341306347746,
              0.5256991685563114
            ],
            [
              0.14627414903403863,
              0.5256991685563114
            ],
            [
              0.14581416743330267,
              0.5256991685563114
            ],
            [
              0.1453541858325667,
              0.5256991685563114
            ],
            [
              0.14489420423183072,
              0.5256991685563114
            ],
            [
              0.14466421343146274,
              0.5260770975056689
            ],
            [
              0.14443422263109476,
              0.5264550264550265
            ],
            [
              0.14397424103035877,
              0.5264550264550265
            ],
            [
              0.14351425942962281,
              0.5264550264550265
            ],
            [
              0.14328426862925484,
              0.526832955404384
            ],
            [
              0.14305427782888686,
              0.5272108843537415
            ],
            [
              0.14259429622815087,
              0.5272108843537415
            ],
            [
              0.1421343146274149,
              0.5272108843537415
            ],
            [
              0.14167433302667892,
              0.5272108843537415
            ],
            [
              0.14121435142594296,
              0.5272108843537415
            ],
            [
              0.14098436062557498,
              0.527588813303099
            ],
            [
              0.140754369825207,
              0.5279667422524565
            ],
            [
              0.14029438822447102,
              0.5279667422524565
            ],
            [
              0.13983440662373506,
              0.5279667422524565
            ],
            [
              0.13937442502299907,
              0.5279667422524565
            ],
            [
              0.1389144434222631,
              0.5279667422524565
            ],
            [
              0.13845446182152715,
              0.5279667422524565
            ],
            [
              0.13799448022079117,
              0.5279667422524565
            ],
            [
              0.1375344986200552,
              0.5279667422524565
            ],
            [
              0.13707451701931922,
              0.5279667422524565
            ],
            [
              0.13661453541858326,
              0.5279667422524565
            ],
            [
              0.13615455381784727,
              0.5279667422524565
            ],
            [
              0.13569457221711131,
              0.5279667422524565
            ],
            [
              0.13546458141674333,
              0.528344671201814
            ],
            [
              0.13523459061637536,
              0.5287226001511716
            ],
            [
              0.13523459061637536,
              0.5287226001511716
            ]
          ]
        ]
      },
      "properties": {
        "segment_id": 16,
        "area": 842,
        "bbox": [
          286.0,
          677.0,
          52.0,
          22.0
        ],
        "iou": 0.9450982809066772,
        "stability": 0.9651567935943604,
        "auto_generated": true,
        "model": "segment_anything"
      }
    },
    {
      "type": "Feature",
      "geometry": {
        "type": "Polygon",
        "coordinates": [
          [
            [
              0.24747010119595217,
              0.5513983371126229
            ],
            [
              0.24655013799448022,
              0.5513983371126229
            ],
            [
              0.24586016559337626,
              0.5510204081632653
            ],
            [
              0.24517019319227232,
              0.5506424792139077
            ],
            [
              0.2449402023919043,
              0.5495086923658352
            ],
            [
              0.24448022079116835,
              0.5487528344671202
            ],
            [
              0.24448022079116835,
              0.54724111866969
            ],
            [
              0.24448022079116835,
              0.54572940287226
            ],
            [
              0.24448022079116835,
              0.54421768707483
            ],
            [
              0.24425022999080037,
              0.5430839002267573
            ],
            [
              0.2440202391904324,
              0.5419501133786848
            ],
            [
              0.2440202391904324,
              0.5404383975812547
            ],
            [
              0.2440202391904324,
              0.5389266817838246
            ],
            [
              0.2440202391904324,
              0.5374149659863946
            ],
            [
              0.2440202391904324,
              0.5359032501889645
            ],
            [
              0.2435602575896964,
              0.5351473922902494
            ],
            [
              0.2435602575896964,
              0.5336356764928194
            ],
            [
              0.2435602575896964,
              0.5321239606953893
            ],
            [
              0.2435602575896964,
              0.5306122448979592
            ],
            [
              0.24333026678932843,
              0.5294784580498866
            ],
            [
              0.24310027598896045,
              0.528344671201814
            ],
            [
              0.24310027598896045,
              0.526832955404384
            ],
            [
              0.24310027598896045,
              0.5253212396069539
            ],
            [
              0.24310027598896045,
              0.5238095238095238
            ],
            [
              0.24287028518859247,
              0.5226757369614512
            ],
            [
              0.24264029438822446,
              0.5215419501133787
            ],
            [
              0.24264029438822446,
              0.5200302343159486
            ],
            [
              0.24264029438822446,
              0.5185185185185185
            ],
            [
              0.2421803127874885,
              0.5177626606198035
            ],
            [
              0.2421803127874885,
              0.5162509448223734
            ],
            [
              0.2421803127874885,
              0.5147392290249433
            ],
            [
              0.24195032198712052,
              0.5136054421768708
            ],
            [
              0.24172033118675254,
              0.5124716553287982
            ],
            [
              0.24172033118675254,
              0.5109599395313681
            ],
            [
              0.24172033118675254,
              0.509448223733938
            ],
            [
              0.24172033118675254,
              0.5079365079365079
            ],
            [
              0.24172033118675254,
              0.5064247921390779
            ],
            [
              0.24149034038638453,
              0.5052910052910053
            ],
            [
              0.24126034958601655,
              0.5041572184429327
            ],
            [
              0.24126034958601655,
              0.5026455026455027
            ],
            [
              0.24126034958601655,
              0.5011337868480725
            ],
            [
              0.24103035878564857,
              0.5
            ],
            [
              0.2408003679852806,
              0.4988662131519274
            ],
            [
              0.2408003679852806,
              0.4973544973544973
            ],
            [
              0.2408003679852806,
              0.4958427815570673
            ],
            [
              0.2408003679852806,
              0.4943310657596372
            ],
            [
              0.2408003679852806,
              0.4928193499622071
            ],
            [
              0.2403403863845446,
              0.49206349206349204
            ],
            [
              0.2403403863845446,
              0.490551776266062
            ],
            [
              0.2403403863845446,
              0.4890400604686319
            ],
            [
              0.2403403863845446,
              0.4875283446712018
            ],
            [
              0.23988040478380865,
              0.48677248677248675
            ],
            [
              0.23988040478380865,
              0.4852607709750567
            ],
            [
              0.23988040478380865,
              0.4837490551776266
            ],
            [
              0.23988040478380865,
              0.48223733938019653
            ],
            [
              0.23965041398344067,
              0.48110355253212395
            ],
            [
              0.2394204231830727,
              0.4799697656840514
            ],
            [
              0.2394204231830727,
              0.47845804988662133
            ],
            [
              0.2389604415823367,
              0.47770219198790626
            ],
            [
              0.23873045078196872,
              0.47656840513983373
            ],
            [
              0.23827046918123276,
              0.47581254724111866
            ],
            [
              0.23735050597976082,
              0.47581254724111866
            ],
            [
              0.23689052437902483,
              0.47505668934240364
            ],
            [
              0.23597056117755288,
              0.47505668934240364
            ],
            [
              0.23528058877644895,
              0.47467876039304613
            ],
            [
              0.23551057957681693,
              0.47354497354497355
            ],
            [
              0.2362005519779209,
              0.47316704459561604
            ],
            [
              0.23689052437902483,
              0.47278911564625853
            ],
            [
              0.23781048758049678,
              0.47278911564625853
            ],
            [
              0.23873045078196872,
              0.47278911564625853
            ],
            [
              0.2394204231830727,
              0.47241118669690096
            ],
            [
              0.24011039558417663,
              0.47203325774754346
            ],
            [
              0.2408003679852806,
              0.47165532879818595
            ],
            [
              0.24149034038638453,
              0.47127739984882844
            ],
            [
              0.24241030358785648,
              0.47127739984882844
            ],
            [
              0.24333026678932843,
              0.47127739984882844
            ],
            [
              0.24425022999080037,
              0.47127739984882844
            ],
            [
              0.24471021159153633,
              0.47203325774754346
            ],
            [
              0.24563017479300828,
              0.47203325774754346
            ],
            [
              0.24632014719411224,
              0.47241118669690096
            ],
            [
              0.24655013799448022,
              0.47354497354497355
            ],
            [
              0.2467801287948482,
              0.47467876039304613
            ],
            [
              0.2467801287948482,
              0.47619047619047616
            ],
            [
              0.24701011959521618,
              0.47732426303854875
            ],
            [
              0.2472401103955842,
              0.47845804988662133
            ],
            [
              0.2472401103955842,
              0.4799697656840514
            ],
            [
              0.2472401103955842,
              0.48148148148148145
            ],
            [
              0.2472401103955842,
              0.48299319727891155
            ],
            [
              0.2472401103955842,
              0.48450491307634164
            ],
            [
              0.24770009199632015,
              0.4852607709750567
            ],
            [
              0.24770009199632015,
              0.48677248677248675
            ],
            [
              0.24770009199632015,
              0.48828420256991684
            ],
            [
              0.24770009199632015,
              0.4897959183673469
            ],
            [
              0.2481600735970561,
              0.490551776266062
            ],
            [
              0.2481600735970561,
              0.49206349206349204
            ],
            [
              0.2481600735970561,
              0.4935752078609221
            ],
            [
              0.2481600735970561,
              0.4950869236583522
            ],
            [
              0.2481600735970561,
              0.4965986394557823
            ],
            [
              0.2486200551977921,
              0.4973544973544973
            ],
            [
              0.2486200551977921,
              0.4988662131519274
            ],
            [
              0.2486200551977921,
              0.5003779289493575
            ],
            [
              0.2486200551977921,
              0.5018896447467877
            ],
            [
              0.24885004599816007,
              0.5030234315948602
            ],
            [
              0.24908003679852805,
              0.5041572184429327
            ],
            [
              0.24908003679852805,
              0.5056689342403629
            ],
            [
              0.24908003679852805,
              0.5071806500377929
            ],
            [
              0.24931002759889603,
              0.5083144368858654
            ],
            [
              0.24954001839926404,
              0.509448223733938
            ],
            [
              0.24954001839926404,
              0.5109599395313681
            ],
            [
              0.24954001839926404,
              0.5124716553287982
            ],
            [
              0.24954001839926404,
              0.5139833711262283
            ],
            [
              0.24977000919963202,
              0.5151171579743008
            ],
            [
              0.25,
              0.5162509448223734
            ],
            [
              0.25,
              0.5177626606198035
            ],
            [
              0.25,
              0.5192743764172335
            ],
            [
              0.25,
              0.5207860922146637
            ],
            [
              0.25045998160073596,
              0.5215419501133787
            ],
            [
              0.25045998160073596,
              0.5230536659108088
            ],
            [
              0.25045998160073596,
              0.5245653817082389
            ],
            [
              0.25045998160073596,
              0.5260770975056689
            ],
            [
              0.2509199632014719,
              0.526832955404384
            ],
            [
              0.2509199632014719,
              0.528344671201814
            ],
            [
              0.2509199632014719,
              0.5298563869992441
            ],
            [
              0.2509199632014719,
              0.5313681027966742
            ],
            [
              0.2509199632014719,
              0.5328798185941043
            ],
            [
              0.25137994480220793,
              0.5336356764928194
            ],
            [
              0.25137994480220793,
              0.5351473922902494
            ],
            [
              0.25137994480220793,
              0.5366591080876795
            ],
            [
              0.25137994480220793,
              0.5381708238851096
            ],
            [
              0.25137994480220793,
              0.5396825396825397
            ],
            [
              0.2518399264029439,
              0.5404383975812547
            ],
            [
              0.2518399264029439,
              0.5419501133786848
            ],
            [
              0.2518399264029439,
              0.5434618291761149
            ],
            [
              0.2518399264029439,
              0.544973544973545
            ],
            [
              0.25229990800367985,
              0.54572940287226
            ],
            [
              0.25229990800367985,
              0.54724111866969
            ],
            [
              0.25229990800367985,
              0.5487528344671202
            ],
            [
              0.2518399264029439,
              0.5495086923658352
            ],
            [
              0.25137994480220793,
              0.5502645502645502
            ],
            [
              0.25068997240110397,
              0.5506424792139077
            ],
            [
              0.24977000919963202,
              0.5506424792139077
            ],
            [
              0.24885004599816007,
              0.5506424792139077
            ],
            [
              0.24793008279668813,
              0.5506424792139077
            ],
            [
              0.24747010119595217,
              0.5513983371126229
            ]
          ]
        ]
      },
      "properties": {
        "segment_id": 17,
        "area": 1752,
        "bbox": [
          512.0,
          624.0,
          36.0,
          105.0
        ],
        "iou": 0.915165901184082,
        "stability": 0.9679955244064331,
        "auto_generated": true,
        "model": "segment_anything"
      }
    },
    {
      "type": "Feature",
      "geometry": {
        "type": "Polygon",
        "coordinates": [
          [
            [
              0.14489420423183072,
              0.5876795162509448
            ],
            [
              0.14351425942962281,
              0.5876795162509448
            ],
            [
              0.1423643054277829,
              0.5873015873015873
            ],
            [
              0.14167433302667892,
              0.5861678004535147
            ],
            [
              0.14121435142594296,
              0.5846560846560847
            ],
            [
              0.14098436062557498,
              0.5827664399092971
            ],
            [
              0.140524379024839,
              0.581254724111867
            ],
            [
              0.14006439742410304,
              0.5797430083144369
            ],
            [
              0.13960441582336708,
              0.5782312925170068
            ],
            [
              0.13960441582336708,
              0.5759637188208617
            ],
            [
              0.1391444342226311,
              0.5744520030234316
            ],
            [
              0.1389144434222631,
              0.572562358276644
            ],
            [
              0.13845446182152715,
              0.5710506424792139
            ],
            [
              0.13799448022079117,
              0.5695389266817839
            ],
            [
              0.1375344986200552,
              0.5680272108843537
            ],
            [
              0.1373045078196872,
              0.5661375661375662
            ],
            [
              0.13684452621895124,
              0.564625850340136
            ],
            [
              0.13638454461821528,
              0.563114134542706
            ],
            [
              0.13638454461821528,
              0.5608465608465608
            ],
            [
              0.13615455381784727,
              0.5589569160997733
            ],
            [
              0.13569457221711131,
              0.5574452003023431
            ],
            [
              0.13500459981600735,
              0.5563114134542706
            ],
            [
              0.13477460901563937,
              0.5544217687074829
            ],
            [
              0.1345446182152714,
              0.5525321239606954
            ],
            [
              0.13408463661453543,
              0.5510204081632653
            ],
            [
              0.13385464581416742,
              0.5491307634164777
            ],
            [
              0.13339466421343146,
              0.5476190476190477
            ],
            [
              0.13316467341306348,
              0.54572940287226
            ],
            [
              0.1327046918123275,
              0.54421768707483
            ],
            [
              0.13224471021159154,
              0.5427059712773998
            ],
            [
              0.13178472861085558,
              0.5411942554799698
            ],
            [
              0.13155473781048757,
              0.5393046107331821
            ],
            [
              0.1313247470101196,
              0.5374149659863946
            ],
            [
              0.1313247470101196,
              0.5351473922902494
            ],
            [
              0.1313247470101196,
              0.5328798185941043
            ],
            [
              0.13178472861085558,
              0.5313681027966742
            ],
            [
              0.13224471021159154,
              0.5298563869992441
            ],
            [
              0.13224471021159154,
              0.527588813303099
            ],
            [
              0.13224471021159154,
              0.5253212396069539
            ],
            [
              0.13178472861085558,
              0.5238095238095238
            ],
            [
              0.13155473781048757,
              0.5219198790627362
            ],
            [
              0.1313247470101196,
              0.5200302343159486
            ],
            [
              0.13155473781048757,
              0.518140589569161
            ],
            [
              0.13224471021159154,
              0.5170068027210885
            ],
            [
              0.13339466421343146,
              0.516628873771731
            ],
            [
              0.1345446182152714,
              0.5162509448223734
            ],
            [
              0.13569457221711131,
              0.5158730158730159
            ],
            [
              0.13707451701931922,
              0.5158730158730159
            ],
            [
              0.13799448022079117,
              0.5151171579743008
            ],
            [
              0.13937442502299907,
              0.5151171579743008
            ],
            [
              0.14029438822447102,
              0.5143613000755858
            ],
            [
              0.14167433302667892,
              0.5143613000755858
            ],
            [
              0.14282428702851885,
              0.5139833711262283
            ],
            [
              0.14397424103035877,
              0.5136054421768708
            ],
            [
              0.1451241950321987,
              0.5132275132275133
            ],
            [
              0.14627414903403863,
              0.5128495842781557
            ],
            [
              0.14719411223551057,
              0.5120937263794406
            ],
            [
              0.1485740570377185,
              0.5120937263794406
            ],
            [
              0.1499540018399264,
              0.5120937263794406
            ],
            [
              0.15087396504139836,
              0.5113378684807256
            ],
            [
              0.15225390984360626,
              0.5113378684807256
            ],
            [
              0.1531738730450782,
              0.5120937263794406
            ],
            [
              0.15386384544618215,
              0.5132275132275133
            ],
            [
              0.15432382704691813,
              0.5147392290249433
            ],
            [
              0.1545538178472861,
              0.516628873771731
            ],
            [
              0.15501379944802207,
              0.518140589569161
            ],
            [
              0.15524379024839005,
              0.5200302343159486
            ],
            [
              0.15570377184912604,
              0.5215419501133787
            ],
            [
              0.156163753449862,
              0.5230536659108088
            ],
            [
              0.15662373505059798,
              0.5245653817082389
            ],
            [
              0.15662373505059798,
              0.526832955404384
            ],
            [
              0.15708371665133394,
              0.528344671201814
            ],
            [
              0.15754369825206993,
              0.5298563869992441
            ],
            [
              0.15754369825206993,
              0.5321239606953893
            ],
            [
              0.1580036798528059,
              0.5336356764928194
            ],
            [
              0.15846366145354185,
              0.5351473922902494
            ],
            [
              0.15892364305427784,
              0.5366591080876795
            ],
            [
              0.1593836246550138,
              0.5381708238851096
            ],
            [
              0.15984360625574978,
              0.5396825396825397
            ],
            [
              0.16007359705611776,
              0.5415721844293273
            ],
            [
              0.16053357865685372,
              0.5430839002267573
            ],
            [
              0.1607635694572217,
              0.544973544973545
            ],
            [
              0.1607635694572217,
              0.54724111866969
            ],
            [
              0.1612235510579577,
              0.5487528344671202
            ],
            [
              0.16168353265869365,
              0.5502645502645502
            ],
            [
              0.16214351425942963,
              0.5517762660619804
            ],
            [
              0.1626034958601656,
              0.5532879818594104
            ],
            [
              0.1626034958601656,
              0.5555555555555556
            ],
            [
              0.16306347746090155,
              0.5570672713529856
            ],
            [
              0.16352345906163754,
              0.5585789871504158
            ],
            [
              0.1639834406623735,
              0.5600907029478458
            ],
            [
              0.1639834406623735,
              0.562358276643991
            ],
            [
              0.1639834406623735,
              0.564625850340136
            ],
            [
              0.16352345906163754,
              0.5661375661375662
            ],
            [
              0.16306347746090155,
              0.5676492819349962
            ],
            [
              0.16352345906163754,
              0.5691609977324263
            ],
            [
              0.1639834406623735,
              0.5706727135298564
            ],
            [
              0.16444342226310948,
              0.5721844293272865
            ],
            [
              0.16444342226310948,
              0.5744520030234316
            ],
            [
              0.16490340386384544,
              0.5759637188208617
            ],
            [
              0.16513339466421342,
              0.5778533635676493
            ],
            [
              0.16513339466421342,
              0.5793650793650794
            ],
            [
              0.16421343146274148,
              0.5801209372637944
            ],
            [
              0.16329346826126956,
              0.5808767951625095
            ],
            [
              0.16191352345906163,
              0.5808767951625095
            ],
            [
              0.1609935602575897,
              0.5816326530612245
            ],
            [
              0.16007359705611776,
              0.5823885109599395
            ],
            [
              0.15915363385464582,
              0.5831443688586546
            ],
            [
              0.1577736890524379,
              0.5831443688586546
            ],
            [
              0.15685372585096596,
              0.5839002267573696
            ],
            [
              0.15547378104875806,
              0.5839002267573696
            ],
            [
              0.15432382704691813,
              0.5842781557067271
            ],
            [
              0.1531738730450782,
              0.5846560846560847
            ],
            [
              0.15179392824287027,
              0.5846560846560847
            ],
            [
              0.15087396504139836,
              0.5854119425547997
            ],
            [
              0.14949402023919042,
              0.5854119425547997
            ],
            [
              0.1485740570377185,
              0.5861678004535147
            ],
            [
              0.14742410303587858,
              0.5865457294028723
            ],
            [
              0.14627414903403863,
              0.5869236583522298
            ],
            [
              0.1451241950321987,
              0.5873015873015873
            ],
            [
              0.14489420423183072,
              0.5876795162509448
            ]
          ]
        ]
      },
      "properties": {
        "segment_id": 18,
        "area": 5284,
        "bbox": [
          286.0,
          677.0,
          73.0,
          100.0
        ],
        "iou": 0.8994100093841553,
        "stability": 0.9622886776924133,
        "auto_generated": true,
        "model": "segment_anything"
      }
    },
    {
      "type": "Feature",
      "geometry": {
        "type": "Polygon",
        "coordinates": [
          [
            [
              0.25206991720331184,
              0.5657596371882087
            ],
            [
              0.2516099356025759,
              0.5657596371882087
            ],
            [
              0.2511499540018399,
              0.5657596371882087
            ],
            [
              0.25068997240110397,
              0.5657596371882087
            ],
            [
              0.250229990800368,
              0.5657596371882087
            ],
            [
              0.24977000919963202,
              0.5657596371882087
            ],
            [
              0.24954001839926404,
              0.5653817082388511
            ],
            [
              0.24931002759889603,
              0.5650037792894935
            ],
            [
              0.24885004599816007,
              0.5650037792894935
            ],
            [
              0.24839006439742412,
              0.5650037792894935
            ],
            [
              0.24793008279668813,
              0.5650037792894935
            ],
            [
              0.24747010119595217,
              0.5650037792894935
            ],
            [
              0.24701011959521618,
              0.5650037792894935
            ],
            [
              0.24655013799448022,
              0.5650037792894935
            ],
            [
              0.24609015639374426,
              0.5650037792894935
            ],
            [
              0.24563017479300828,
              0.5650037792894935
            ],
            [
              0.24517019319227232,
              0.5650037792894935
            ],
            [
              0.24471021159153633,
              0.5650037792894935
            ],
            [
              0.24425022999080037,
              0.5650037792894935
            ],
            [
              0.24379024839006438,
              0.5650037792894935
            ],
            [
              0.24333026678932843,
              0.5650037792894935
            ],
            [
              0.24287028518859247,
              0.5650037792894935
            ],
            [
              0.24241030358785648,
              0.5650037792894935
            ],
            [
              0.24195032198712052,
              0.5650037792894935
            ],
            [
              0.24149034038638453,
              0.5650037792894935
            ],
            [
              0.24126034958601655,
              0.564625850340136
            ],
            [
              0.24103035878564857,
              0.5642479213907785
            ],
            [
              0.24057037718491261,
              0.5642479213907785
            ],
            [
              0.2403403863845446,
              0.563869992441421
            ],
            [
              0.24011039558417663,
              0.5634920634920635
            ],
            [
              0.23988040478380865,
              0.563114134542706
            ],
            [
              0.23965041398344067,
              0.5627362055933485
            ],
            [
              0.2394204231830727,
              0.562358276643991
            ],
            [
              0.2394204231830727,
              0.5616024187452758
            ],
            [
              0.2394204231830727,
              0.5608465608465608
            ],
            [
              0.2394204231830727,
              0.5600907029478458
            ],
            [
              0.2394204231830727,
              0.5593348450491308
            ],
            [
              0.23965041398344067,
              0.5589569160997733
            ],
            [
              0.23988040478380865,
              0.5585789871504158
            ],
            [
              0.23988040478380865,
              0.5578231292517006
            ],
            [
              0.24011039558417663,
              0.5574452003023431
            ],
            [
              0.2403403863845446,
              0.5570672713529856
            ],
            [
              0.24057037718491261,
              0.5566893424036281
            ],
            [
              0.24103035878564857,
              0.5566893424036281
            ],
            [
              0.24126034958601655,
              0.5563114134542706
            ],
            [
              0.24149034038638453,
              0.5559334845049131
            ],
            [
              0.24195032198712052,
              0.5559334845049131
            ],
            [
              0.24241030358785648,
              0.5559334845049131
            ],
            [
              0.24264029438822446,
              0.5563114134542706
            ],
            [
              0.24287028518859247,
              0.5566893424036281
            ],
            [
              0.24333026678932843,
              0.5566893424036281
            ],
            [
              0.24379024839006438,
              0.5566893424036281
            ],
            [
              0.24425022999080037,
              0.5566893424036281
            ],
            [
              0.24471021159153633,
              0.5566893424036281
            ],
            [
              0.24517019319227232,
              0.5566893424036281
            ],
            [
              0.24563017479300828,
              0.5566893424036281
            ],
            [
              0.24609015639374426,
              0.5566893424036281
            ],
            [
              0.24655013799448022,
              0.5566893424036281
            ],
            [
              0.24701011959521618,
              0.5566893424036281
            ],
            [
              0.24747010119595217,
              0.5566893424036281
            ],
            [
              0.24793008279668813,
              0.5566893424036281
            ],
            [
              0.24839006439742412,
              0.5566893424036281
            ],
            [
              0.24885004599816007,
              0.5566893424036281
            ],
            [
              0.24931002759889603,
              0.5566893424036281
            ],
            [
              0.24977000919963202,
              0.5566893424036281
            ],
            [
              0.250229990800368,
              0.5566893424036281
            ],
            [
              0.25045998160073596,
              0.5563114134542706
            ],
            [
              0.25068997240110397,
              0.5559334845049131
            ],
            [
              0.2511499540018399,
              0.5559334845049131
            ],
            [
              0.2516099356025759,
              0.5559334845049131
            ],
            [
              0.25206991720331184,
              0.5559334845049131
            ],
            [
              0.25229990800367985,
              0.5563114134542706
            ],
            [
              0.25252989880404786,
              0.5566893424036281
            ],
            [
              0.2529898804047838,
              0.5566893424036281
            ],
            [
              0.25321987120515177,
              0.5570672713529856
            ],
            [
              0.2534498620055198,
              0.5574452003023431
            ],
            [
              0.2536798528058878,
              0.5578231292517006
            ],
            [
              0.2536798528058878,
              0.5585789871504158
            ],
            [
              0.2536798528058878,
              0.5593348450491308
            ],
            [
              0.2536798528058878,
              0.5600907029478458
            ],
            [
              0.2536798528058878,
              0.5608465608465608
            ],
            [
              0.25390984360625574,
              0.5612244897959183
            ],
            [
              0.25413983440662374,
              0.5616024187452758
            ],
            [
              0.25413983440662374,
              0.562358276643991
            ],
            [
              0.2543698252069917,
              0.5627362055933485
            ],
            [
              0.2545998160073597,
              0.563114134542706
            ],
            [
              0.2543698252069917,
              0.5634920634920635
            ],
            [
              0.25413983440662374,
              0.563869992441421
            ],
            [
              0.25390984360625574,
              0.5642479213907785
            ],
            [
              0.2536798528058878,
              0.564625850340136
            ],
            [
              0.2534498620055198,
              0.5650037792894935
            ],
            [
              0.2529898804047838,
              0.5650037792894935
            ],
            [
              0.25252989880404786,
              0.5650037792894935
            ],
            [
              0.25229990800367985,
              0.5653817082388511
            ],
            [
              0.25206991720331184,
              0.5657596371882087
            ],
            [
              0.25206991720331184,
              0.5657596371882087
            ]
          ]
        ]
      },
      "properties": {
        "segment_id": 19,
        "area": 347,
        "bbox": [
          521.0,
          736.0,
          32.0,
          12.0
        ],
        "iou": 0.8983393907546997,
        "stability": 0.9521126747131348,
        "auto_generated": true,
        "model": "segment_anything"
      }
    },
    {
      "type": "Feature",
      "geometry": {
        "type": "Polygon",
        "coordinates": [
          [
            [
              0.2769089236430543,
              0.17951625094482238
            ],
            [
              0.27414903403863844,
              0.17876039304610733
            ],
            [
              0.27138914443422263,
              0.17800453514739228
            ],
            [
              0.2686292548298068,
              0.17724867724867724
            ],
            [
              0.265869365225391,
              0.1764928193499622
            ],
            [
              0.2637994480220791,
              0.1746031746031746
            ],
            [
              0.26494940202391903,
              0.1712018140589569
            ],
            [
              0.26770929162833484,
              0.17044595616024188
            ],
            [
              0.2702391904323827,
              0.1693121693121693
            ],
            [
              0.27230910763569455,
              0.1674225245653817
            ],
            [
              0.27437902483900645,
              0.1655328798185941
            ],
            [
              0.2764489420423183,
              0.1636432350718065
            ],
            [
              0.27920883164673416,
              0.16288737717309146
            ],
            [
              0.281278748850046,
              0.16099773242630386
            ],
            [
              0.28334866605335784,
              0.15910808767951626
            ],
            [
              0.2856485740570377,
              0.15759637188208617
            ],
            [
              0.28794848206071755,
              0.15608465608465608
            ],
            [
              0.2907083716651334,
              0.15532879818594103
            ],
            [
              0.29300827966881327,
              0.15381708238851097
            ],
            [
              0.2953081876724931,
              0.15230536659108088
            ],
            [
              0.29760809567617297,
              0.15079365079365079
            ],
            [
              0.2999080036798528,
              0.14928193499622072
            ],
            [
              0.30220791168353267,
              0.14777021919879063
            ],
            [
              0.3045078196872125,
              0.14625850340136054
            ],
            [
              0.30726770929162833,
              0.1455026455026455
            ],
            [
              0.3095676172953082,
              0.14399092970521543
            ],
            [
              0.31186752529898804,
              0.14247921390778534
            ],
            [
              0.31462741490340385,
              0.1417233560090703
            ],
            [
              0.3173873045078197,
              0.14247921390778534
            ],
            [
              0.3206071757129715,
              0.14247921390778534
            ],
            [
              0.3233670653173873,
              0.14323507180650039
            ],
            [
              0.3265869365225391,
              0.14323507180650039
            ],
            [
              0.32934682612695493,
              0.14247921390778534
            ],
            [
              0.3316467341306348,
              0.14096749811035525
            ],
            [
              0.3344066237350506,
              0.1402116402116402
            ],
            [
              0.3371665133394664,
              0.13945578231292516
            ],
            [
              0.33969641214351426,
              0.1383219954648526
            ],
            [
              0.3422263109475621,
              0.13718820861678005
            ],
            [
              0.34498620055197793,
              0.136432350718065
            ],
            [
              0.34774609015639374,
              0.13567649281934996
            ],
            [
              0.35050597976080955,
              0.1349206349206349
            ],
            [
              0.3532658693652254,
              0.13416477702191987
            ],
            [
              0.3560257589696412,
              0.1349206349206349
            ],
            [
              0.359245630174793,
              0.1349206349206349
            ],
            [
              0.3620055197792088,
              0.13567649281934996
            ],
            [
              0.36522539098436063,
              0.13567649281934996
            ],
            [
              0.36798528058877644,
              0.136432350718065
            ],
            [
              0.37120515179392827,
              0.136432350718065
            ],
            [
              0.37419503219871203,
              0.1368102796674225
            ],
            [
              0.37718491260349585,
              0.13718820861678005
            ],
            [
              0.37994480220791166,
              0.136432350718065
            ],
            [
              0.3822447102115915,
              0.1349206349206349
            ],
            [
              0.38546458141674333,
              0.1349206349206349
            ],
            [
              0.3875344986200552,
              0.1368102796674225
            ],
            [
              0.3896044158233671,
              0.13869992441421014
            ],
            [
              0.390754369825207,
              0.1421012849584278
            ],
            [
              0.39006439742410304,
              0.14625850340136054
            ],
            [
              0.3879944802207912,
              0.14512471655328799
            ],
            [
              0.3875344986200552,
              0.14965986394557823
            ],
            [
              0.3859245630174793,
              0.15230536659108088
            ],
            [
              0.3840846366145354,
              0.154572940287226
            ],
            [
              0.38201471941122356,
              0.1564625850340136
            ],
            [
              0.3804047838086477,
              0.15910808767951626
            ],
            [
              0.3781048758049678,
              0.16061980347694632
            ],
            [
              0.3760349586016559,
              0.16250944822373395
            ],
            [
              0.3730450781968721,
              0.16288737717309146
            ],
            [
              0.36982520699172033,
              0.16288737717309146
            ],
            [
              0.3670653173873045,
              0.1621315192743764
            ],
            [
              0.3647654093836247,
              0.16061980347694632
            ],
            [
              0.3624655013799448,
              0.15910808767951626
            ],
            [
              0.35970561177552896,
              0.1583522297808012
            ],
            [
              0.3574057037718491,
              0.15684051398337112
            ],
            [
              0.3546458141674333,
              0.15608465608465608
            ],
            [
              0.35234590616375344,
              0.154572940287226
            ],
            [
              0.34958601655933763,
              0.15381708238851097
            ],
            [
              0.3463661453541858,
              0.15381708238851097
            ],
            [
              0.34360625574977,
              0.154572940287226
            ],
            [
              0.34153633854645815,
              0.1564625850340136
            ],
            [
              0.33946642134314625,
              0.1583522297808012
            ],
            [
              0.3373965041398344,
              0.15948601662887377
            ],
            [
              0.33486660533578655,
              0.1583522297808012
            ],
            [
              0.3327966881324747,
              0.1564625850340136
            ],
            [
              0.33049678012879485,
              0.15495086923658352
            ],
            [
              0.327966881324747,
              0.15381708238851097
            ],
            [
              0.3252069917203312,
              0.154572940287226
            ],
            [
              0.32313707451701934,
              0.1564625850340136
            ],
            [
              0.32106715731370744,
              0.1583522297808012
            ],
            [
              0.31922723091076355,
              0.16061980347694632
            ],
            [
              0.3169273229070837,
              0.1621315192743764
            ],
            [
              0.31462741490340385,
              0.1636432350718065
            ],
            [
              0.31209751609935604,
              0.16477702191987906
            ],
            [
              0.3095676172953082,
              0.1659108087679516
            ],
            [
              0.3070377184912603,
              0.1670445956160242
            ],
            [
              0.3049678012879485,
              0.1689342403628118
            ],
            [
              0.30266789328426863,
              0.17044595616024188
            ],
            [
              0.2999080036798528,
              0.1712018140589569
            ],
            [
              0.29760809567617297,
              0.172713529856387
            ],
            [
              0.2950781968721251,
              0.17384731670445955
            ],
            [
              0.29300827966881327,
              0.17573696145124718
            ],
            [
              0.2902483900643974,
              0.1764928193499622
            ],
            [
              0.28702851885924563,
              0.1764928193499622
            ],
            [
              0.28380864765409386,
              0.1764928193499622
            ],
            [
              0.281508739650414,
              0.17800453514739228
            ],
            [
              0.27874885004599814,
              0.17876039304610733
            ],
            [
              0.2769089236430543,
              0.17951625094482238
            ]
          ]
        ]
      },
      "properties": {
        "segment_id": 20,
        "area": 6818,
        "bbox": [
          574.0,
          178.0,
          275.0,
          59.0
        ],
        "iou": 0.8834419250488281,
        "stability": 0.9365687370300293,
        "auto_generated": true,
        "model": "segment_anything"
      }
    },
    {
      "type": "Feature",
      "geometry": {
        "type": "Polygon",
        "coordinates": [
          [
            [
              0.2534498620055198,
              0.5650037792894935
            ],
            [
              0.2529898804047838,
              0.5650037792894935
            ],
            [
              0.25252989880404786,
              0.5650037792894935
            ],
            [
              0.25206991720331184,
              0.5650037792894935
            ],
            [
              0.2516099356025759,
              0.5650037792894935
            ],
            [
              0.2511499540018399,
              0.5650037792894935
            ],
            [
              0.25068997240110397,
              0.5650037792894935
            ],
            [
              0.250229990800368,
              0.5650037792894935
            ],
            [
              0.24977000919963202,
              0.5650037792894935
            ],
            [
              0.24931002759889603,
              0.5650037792894935
            ],
            [
              0.24885004599816007,
              0.5650037792894935
            ],
            [
              0.24839006439742412,
              0.5650037792894935
            ],
            [
              0.24793008279668813,
              0.5650037792894935
            ],
            [
              0.24747010119595217,
              0.5650037792894935
            ],
            [
              0.24701011959521618,
              0.5650037792894935
            ],
            [
              0.24655013799448022,
              0.5650037792894935
            ],
            [
              0.24609015639374426,
              0.5650037792894935
            ],
            [
              0.24563017479300828,
              0.5650037792894935
            ],
            [
              0.24517019319227232,
              0.5650037792894935
            ],
            [
              0.24471021159153633,
              0.5650037792894935
            ],
            [
              0.24425022999080037,
              0.5650037792894935
            ],
            [
              0.24379024839006438,
              0.5650037792894935
            ],
            [
              0.24333026678932843,
              0.5650037792894935
            ],
            [
              0.24287028518859247,
              0.5650037792894935
            ],
            [
              0.24241030358785648,
              0.5650037792894935
            ],
            [
              0.24195032198712052,
              0.5650037792894935
            ],
            [
              0.24149034038638453,
              0.5650037792894935
            ],
            [
              0.24103035878564857,
              0.5650037792894935
            ],
            [
              0.2408003679852806,
              0.564625850340136
            ],
            [
              0.24057037718491261,
              0.5642479213907785
            ],
            [
              0.24011039558417663,
              0.5642479213907785
            ],
            [
              0.23988040478380865,
              0.563869992441421
            ],
            [
              0.23965041398344067,
              0.5634920634920635
            ],
            [
              0.2394204231830727,
              0.563114134542706
            ],
            [
              0.2394204231830727,
              0.562358276643991
            ],
            [
              0.2394204231830727,
              0.5616024187452758
            ],
            [
              0.23919043238270468,
              0.5612244897959183
            ],
            [
              0.2389604415823367,
              0.5608465608465608
            ],
            [
              0.2389604415823367,
              0.5600907029478458
            ],
            [
              0.2389604415823367,
              0.5593348450491308
            ],
            [
              0.23919043238270468,
              0.5589569160997733
            ],
            [
              0.2394204231830727,
              0.5585789871504158
            ],
            [
              0.2394204231830727,
              0.5578231292517006
            ],
            [
              0.23965041398344067,
              0.5574452003023431
            ],
            [
              0.23988040478380865,
              0.5570672713529856
            ],
            [
              0.24011039558417663,
              0.5566893424036281
            ],
            [
              0.2403403863845446,
              0.5563114134542706
            ],
            [
              0.24057037718491261,
              0.5559334845049131
            ],
            [
              0.2408003679852806,
              0.5555555555555556
            ],
            [
              0.24103035878564857,
              0.5551776266061981
            ],
            [
              0.24149034038638453,
              0.5551776266061981
            ],
            [
              0.24195032198712052,
              0.5551776266061981
            ],
            [
              0.2421803127874885,
              0.5547996976568406
            ],
            [
              0.24241030358785648,
              0.5544217687074829
            ],
            [
              0.24287028518859247,
              0.5544217687074829
            ],
            [
              0.24333026678932843,
              0.5544217687074829
            ],
            [
              0.2435602575896964,
              0.5540438397581254
            ],
            [
              0.24379024839006438,
              0.5536659108087679
            ],
            [
              0.24425022999080037,
              0.5536659108087679
            ],
            [
              0.24448022079116835,
              0.5532879818594104
            ],
            [
              0.24471021159153633,
              0.5529100529100529
            ],
            [
              0.2449402023919043,
              0.5525321239606954
            ],
            [
              0.24517019319227232,
              0.5521541950113379
            ],
            [
              0.2454001839926403,
              0.5517762660619804
            ],
            [
              0.24563017479300828,
              0.5513983371126229
            ],
            [
              0.24609015639374426,
              0.5513983371126229
            ],
            [
              0.24655013799448022,
              0.5513983371126229
            ],
            [
              0.24701011959521618,
              0.5513983371126229
            ],
            [
              0.2472401103955842,
              0.5510204081632653
            ],
            [
              0.24747010119595217,
              0.5506424792139077
            ],
            [
              0.24793008279668813,
              0.5506424792139077
            ],
            [
              0.24839006439742412,
              0.5506424792139077
            ],
            [
              0.24885004599816007,
              0.5506424792139077
            ],
            [
              0.24931002759889603,
              0.5506424792139077
            ],
            [
              0.24977000919963202,
              0.5506424792139077
            ],
            [
              0.250229990800368,
              0.5506424792139077
            ],
            [
              0.25068997240110397,
              0.5506424792139077
            ],
            [
              0.2511499540018399,
              0.5506424792139077
            ],
            [
              0.2516099356025759,
              0.5506424792139077
            ],
            [
              0.25206991720331184,
              0.5506424792139077
            ],
            [
              0.25252989880404786,
              0.5506424792139077
            ],
            [
              0.2529898804047838,
              0.5506424792139077
            ],
            [
              0.2534498620055198,
              0.5506424792139077
            ],
            [
              0.25390984360625574,
              0.5506424792139077
            ],
            [
              0.2543698252069917,
              0.5506424792139077
            ],
            [
              0.2548298068077277,
              0.5506424792139077
            ],
            [
              0.25528978840846367,
              0.5506424792139077
            ],
            [
              0.25574977000919963,
              0.5506424792139077
            ],
            [
              0.2562097516099356,
              0.5506424792139077
            ],
            [
              0.25666973321067155,
              0.5506424792139077
            ],
            [
              0.25712971481140756,
              0.5506424792139077
            ],
            [
              0.2575896964121435,
              0.5506424792139077
            ],
            [
              0.2580496780128795,
              0.5506424792139077
            ],
            [
              0.25850965961361544,
              0.5506424792139077
            ],
            [
              0.25896964121435145,
              0.5506424792139077
            ],
            [
              0.2591996320147194,
              0.5510204081632653
            ],
            [
              0.2594296228150874,
              0.5513983371126229
            ],
            [
              0.25965961361545536,
              0.5517762660619804
            ],
            [
              0.25988960441582337,
              0.5521541950113379
            ],
            [
              0.2601195952161914,
              0.5525321239606954
            ],
            [
              0.2601195952161914,
              0.5532879818594104
            ],
            [
              0.2601195952161914,
              0.5540438397581254
            ],
            [
              0.2601195952161914,
              0.5547996976568406
            ],
            [
              0.2601195952161914,
              0.5555555555555556
            ],
            [
              0.2601195952161914,
              0.5563114134542706
            ],
            [
              0.2601195952161914,
              0.5570672713529856
            ],
            [
              0.2601195952161914,
              0.5578231292517006
            ],
            [
              0.25988960441582337,
              0.5582010582010583
            ],
            [
              0.25965961361545536,
              0.5585789871504158
            ],
            [
              0.25965961361545536,
              0.5593348450491308
            ],
            [
              0.2594296228150874,
              0.5597127739984883
            ],
            [
              0.2591996320147194,
              0.5600907029478458
            ],
            [
              0.25896964121435145,
              0.5604686318972033
            ],
            [
              0.25873965041398345,
              0.5608465608465608
            ],
            [
              0.25850965961361544,
              0.5612244897959183
            ],
            [
              0.2580496780128795,
              0.5612244897959183
            ],
            [
              0.2578196872125115,
              0.5616024187452758
            ],
            [
              0.2575896964121435,
              0.5619803476946335
            ],
            [
              0.25712971481140756,
              0.5619803476946335
            ],
            [
              0.25689972401103955,
              0.562358276643991
            ],
            [
              0.25666973321067155,
              0.5627362055933485
            ],
            [
              0.2562097516099356,
              0.5627362055933485
            ],
            [
              0.25597976080956764,
              0.563114134542706
            ],
            [
              0.25574977000919963,
              0.5634920634920635
            ],
            [
              0.25528978840846367,
              0.5634920634920635
            ],
            [
              0.25505979760809566,
              0.563869992441421
            ],
            [
              0.2548298068077277,
              0.5642479213907785
            ],
            [
              0.2543698252069917,
              0.5642479213907785
            ],
            [
              0.25390984360625574,
              0.5642479213907785
            ],
            [
              0.2536798528058878,
              0.564625850340136
            ],
            [
              0.2534498620055198,
              0.5650037792894935
            ],
            [
              0.2534498620055198,
              0.5650037792894935
            ]
          ]
        ]
      },
      "properties": {
        "segment_id": 21,
        "area": 724,
        "bbox": [
          520.0,
          729.0,
          45.0,
          18.0
        ],
        "iou": 0.8751588463783264,
        "stability": 0.9515478014945984,
        "auto_generated": true,
        "model": "segment_anything"
      }
    },
    {
      "type": "Feature",
      "geometry": {
        "type": "Polygon",
        "coordinates": [
          [
            [
              0.16283348666053357,
              0.5219198790627362
            ],
            [
              0.1623735050597976,
              0.5219198790627362
            ],
            [
              0.16191352345906163,
              0.5219198790627362
            ],
            [
              0.16145354185832567,
              0.5219198790627362
            ],
            [
              0.1609935602575897,
              0.5219198790627362
            ],
            [
              0.16053357865685372,
              0.5219198790627362
            ],
            [
              0.16007359705611776,
              0.5219198790627362
            ],
            [
              0.15961361545538177,
              0.5219198790627362
            ],
            [
              0.15915363385464582,
              0.5219198790627362
            ],
            [
              0.15892364305427784,
              0.5215419501133787
            ],
            [
              0.15892364305427784,
              0.5207860922146637
            ],
            [
              0.15869365225390986,
              0.5204081632653061
            ],
            [
              0.15846366145354185,
              0.5200302343159486
            ],
            [
              0.15846366145354185,
              0.5192743764172335
            ],
            [
              0.15846366145354185,
              0.5185185185185185
            ],
            [
              0.15846366145354185,
              0.5177626606198035
            ],
            [
              0.15846366145354185,
              0.5170068027210885
            ],
            [
              0.15846366145354185,
              0.5162509448223734
            ],
            [
              0.15823367065317387,
              0.5158730158730159
            ],
            [
              0.1580036798528059,
              0.5154950869236583
            ],
            [
              0.1580036798528059,
              0.5147392290249433
            ],
            [
              0.1577736890524379,
              0.5143613000755858
            ],
            [
              0.15754369825206993,
              0.5139833711262283
            ],
            [
              0.15754369825206993,
              0.5132275132275133
            ],
            [
              0.15754369825206993,
              0.5124716553287982
            ],
            [
              0.15754369825206993,
              0.5117157974300831
            ],
            [
              0.15754369825206993,
              0.5109599395313681
            ],
            [
              0.1577736890524379,
              0.5105820105820106
            ],
            [
              0.1580036798528059,
              0.5102040816326531
            ],
            [
              0.15823367065317387,
              0.5098261526832956
            ],
            [
              0.15869365225390986,
              0.5098261526832956
            ],
            [
              0.15892364305427784,
              0.509448223733938
            ],
            [
              0.15915363385464582,
              0.5090702947845805
            ],
            [
              0.15961361545538177,
              0.5090702947845805
            ],
            [
              0.16007359705611776,
              0.5090702947845805
            ],
            [
              0.16053357865685372,
              0.5090702947845805
            ],
            [
              0.1609935602575897,
              0.5090702947845805
            ],
            [
              0.16145354185832567,
              0.5090702947845805
            ],
            [
              0.16168353265869365,
              0.5086923658352229
            ],
            [
              0.16191352345906163,
              0.5083144368858654
            ],
            [
              0.1623735050597976,
              0.5083144368858654
            ],
            [
              0.16283348666053357,
              0.5083144368858654
            ],
            [
              0.16329346826126956,
              0.5083144368858654
            ],
            [
              0.16375344986200552,
              0.5083144368858654
            ],
            [
              0.16421343146274148,
              0.5083144368858654
            ],
            [
              0.16444342226310948,
              0.5079365079365079
            ],
            [
              0.16467341306347746,
              0.5075585789871504
            ],
            [
              0.16513339466421342,
              0.5075585789871504
            ],
            [
              0.1655933762649494,
              0.5075585789871504
            ],
            [
              0.16605335786568537,
              0.5075585789871504
            ],
            [
              0.16651333946642136,
              0.5075585789871504
            ],
            [
              0.16697332106715732,
              0.5075585789871504
            ],
            [
              0.1672033118675253,
              0.5071806500377929
            ],
            [
              0.16743330266789327,
              0.5068027210884354
            ],
            [
              0.16789328426862926,
              0.5068027210884354
            ],
            [
              0.16835326586936522,
              0.5068027210884354
            ],
            [
              0.1688132474701012,
              0.5068027210884354
            ],
            [
              0.16927322907083717,
              0.5068027210884354
            ],
            [
              0.16950321987120515,
              0.5064247921390779
            ],
            [
              0.16973321067157313,
              0.5060468631897204
            ],
            [
              0.1701931922723091,
              0.5060468631897204
            ],
            [
              0.17065317387304507,
              0.5060468631897204
            ],
            [
              0.17111315547378106,
              0.5060468631897204
            ],
            [
              0.17157313707451702,
              0.5060468631897204
            ],
            [
              0.17203311867525298,
              0.5060468631897204
            ],
            [
              0.17249310027598896,
              0.5060468631897204
            ],
            [
              0.17272309107635694,
              0.5056689342403629
            ],
            [
              0.17295308187672492,
              0.5052910052910053
            ],
            [
              0.1734130634774609,
              0.5052910052910053
            ],
            [
              0.17387304507819687,
              0.5052910052910053
            ],
            [
              0.17433302667893286,
              0.5052910052910053
            ],
            [
              0.17479300827966882,
              0.5052910052910053
            ],
            [
              0.17525298988040477,
              0.5052910052910053
            ],
            [
              0.17571297148114076,
              0.5052910052910053
            ],
            [
              0.17617295308187672,
              0.5052910052910053
            ],
            [
              0.1764029438822447,
              0.5049130763416477
            ],
            [
              0.1766329346826127,
              0.5045351473922902
            ],
            [
              0.17709291628334867,
              0.5045351473922902
            ],
            [
              0.17755289788408463,
              0.5045351473922902
            ],
            [
              0.1780128794848206,
              0.5045351473922902
            ],
            [
              0.17847286108555657,
              0.5045351473922902
            ],
            [
              0.17870285188592455,
              0.5049130763416477
            ],
            [
              0.17893284268629256,
              0.5052910052910053
            ],
            [
              0.17916283348666054,
              0.5056689342403629
            ],
            [
              0.17939282428702852,
              0.5060468631897204
            ],
            [
              0.1796228150873965,
              0.5064247921390779
            ],
            [
              0.1796228150873965,
              0.5071806500377929
            ],
            [
              0.1796228150873965,
              0.5079365079365079
            ],
            [
              0.17985280588776448,
              0.5083144368858654
            ],
            [
              0.18008279668813248,
              0.5086923658352229
            ],
            [
              0.18008279668813248,
              0.509448223733938
            ],
            [
              0.18008279668813248,
              0.5102040816326531
            ],
            [
              0.18008279668813248,
              0.5109599395313681
            ],
            [
              0.18031278748850046,
              0.5113378684807256
            ],
            [
              0.18054277828886844,
              0.5117157974300831
            ],
            [
              0.18054277828886844,
              0.5124716553287982
            ],
            [
              0.18054277828886844,
              0.5132275132275133
            ],
            [
              0.18054277828886844,
              0.5139833711262283
            ],
            [
              0.18054277828886844,
              0.5147392290249433
            ],
            [
              0.18054277828886844,
              0.5154950869236583
            ],
            [
              0.18054277828886844,
              0.5162509448223734
            ],
            [
              0.18031278748850046,
              0.516628873771731
            ],
            [
              0.17985280588776448,
              0.516628873771731
            ],
            [
              0.17939282428702852,
              0.516628873771731
            ],
            [
              0.17893284268629256,
              0.516628873771731
            ],
            [
              0.17870285188592455,
              0.5170068027210885
            ],
            [
              0.17847286108555657,
              0.517384731670446
            ],
            [
              0.1780128794848206,
              0.517384731670446
            ],
            [
              0.17755289788408463,
              0.517384731670446
            ],
            [
              0.17709291628334867,
              0.517384731670446
            ],
            [
              0.1766329346826127,
              0.517384731670446
            ],
            [
              0.17617295308187672,
              0.517384731670446
            ],
            [
              0.17571297148114076,
              0.517384731670446
            ],
            [
              0.17525298988040477,
              0.517384731670446
            ],
            [
              0.1750229990800368,
              0.5177626606198035
            ],
            [
              0.17479300827966882,
              0.518140589569161
            ],
            [
              0.17433302667893286,
              0.518140589569161
            ],
            [
              0.17387304507819687,
              0.518140589569161
            ],
            [
              0.1734130634774609,
              0.518140589569161
            ],
            [
              0.17295308187672492,
              0.518140589569161
            ],
            [
              0.17272309107635694,
              0.5185185185185185
            ],
            [
              0.17249310027598896,
              0.518896447467876
            ],
            [
              0.17203311867525298,
              0.518896447467876
            ],
            [
              0.17157313707451702,
              0.518896447467876
            ],
            [
              0.17111315547378106,
              0.518896447467876
            ],
            [
              0.17065317387304507,
              0.518896447467876
            ],
            [
              0.1704231830726771,
              0.5192743764172335
            ],
            [
              0.1701931922723091,
              0.5196523053665911
            ],
            [
              0.16973321067157313,
              0.5196523053665911
            ],
            [
              0.16927322907083717,
              0.5196523053665911
            ],
            [
              0.1688132474701012,
              0.5196523053665911
            ],
            [
              0.16835326586936522,
              0.5196523053665911
            ],
            [
              0.16812327506899724,
              0.5200302343159486
            ],
            [
              0.16789328426862926,
              0.5204081632653061
            ],
            [
              0.16743330266789327,
              0.5204081632653061
            ],
            [
              0.16697332106715732,
              0.5204081632653061
            ],
            [
              0.16651333946642136,
              0.5204081632653061
            ],
            [
              0.16605335786568537,
              0.5204081632653061
            ],
            [
              0.1655933762649494,
              0.5204081632653061
            ],
            [
              0.16513339466421342,
              0.5204081632653061
            ],
            [
              0.16490340386384544,
              0.5207860922146637
            ],
            [
              0.16467341306347746,
              0.5211640211640212
            ],
            [
              0.16421343146274148,
              0.5211640211640212
            ],
            [
              0.16375344986200552,
              0.5211640211640212
            ],
            [
              0.16329346826126956,
              0.5211640211640212
            ],
            [
              0.16306347746090155,
              0.5215419501133787
            ],
            [
              0.16283348666053357,
              0.5219198790627362
            ],
            [
              0.16283348666053357,
              0.5219198790627362
            ]
          ]
        ]
      },
      "properties": {
        "segment_id": 22,
        "area": 810,
        "bbox": [
          343.0,
          668.0,
          49.0,
          22.0
        ],
        "iou": 0.9325257539749146,
        "stability": 0.977968156337738,
        "auto_generated": true,
        "model": "segment_anything"
      }
    },
    {
      "type": "Feature",
      "geometry": {
        "type": "Polygon",
        "coordinates": [
          [
            [
              0.41674333026678934,
              0.8771730914588057
            ],
            [
              0.41490340386384544,
              0.8771730914588057
            ],
            [
              0.41306347746090155,
              0.8771730914588057
            ],
            [
              0.4116835326586937,
              0.8764172335600907
            ],
            [
              0.4098436062557498,
              0.8764172335600907
            ],
            [
              0.40869365225390986,
              0.8767951625094482
            ],
            [
              0.40708371665133397,
              0.8764172335600907
            ],
            [
              0.4052437902483901,
              0.8764172335600907
            ],
            [
              0.40409383624655015,
              0.8767951625094482
            ],
            [
              0.40248390064397427,
              0.8764172335600907
            ],
            [
              0.4006439742410304,
              0.8764172335600907
            ],
            [
              0.3988040478380865,
              0.8764172335600907
            ],
            [
              0.3969641214351426,
              0.8764172335600907
            ],
            [
              0.3951241950321987,
              0.8764172335600907
            ],
            [
              0.3932842686292548,
              0.8764172335600907
            ],
            [
              0.39190432382704693,
              0.8756613756613757
            ],
            [
              0.39006439742410304,
              0.8756613756613757
            ],
            [
              0.38822447102115915,
              0.8756613756613757
            ],
            [
              0.38638454461821525,
              0.8756613756613757
            ],
            [
              0.3850045998160074,
              0.8749055177626606
            ],
            [
              0.3831646734130635,
              0.8749055177626606
            ],
            [
              0.3813247470101196,
              0.8749055177626606
            ],
            [
              0.3794848206071757,
              0.8749055177626606
            ],
            [
              0.3776448942042318,
              0.8749055177626606
            ],
            [
              0.37626494940202393,
              0.8741496598639455
            ],
            [
              0.37442502299908004,
              0.8741496598639455
            ],
            [
              0.3730450781968721,
              0.8733938019652305
            ],
            [
              0.37120515179392827,
              0.8733938019652305
            ],
            [
              0.36982520699172033,
              0.8741496598639455
            ],
            [
              0.3684452621895124,
              0.8733938019652305
            ],
            [
              0.3668353265869365,
              0.873015873015873
            ],
            [
              0.36522539098436063,
              0.8726379440665155
            ],
            [
              0.36338546458141674,
              0.8726379440665155
            ],
            [
              0.36154553817847285,
              0.8726379440665155
            ],
            [
              0.35970561177552896,
              0.8726379440665155
            ],
            [
              0.3583256669733211,
              0.8718820861678005
            ],
            [
              0.35717571297148115,
              0.8707482993197279
            ],
            [
              0.3560257589696412,
              0.8696145124716553
            ],
            [
              0.3557957681692732,
              0.8669690098261527
            ],
            [
              0.3562557497700092,
              0.8647014361300076
            ],
            [
              0.3562557497700092,
              0.8616780045351474
            ],
            [
              0.3567157313707452,
              0.8594104308390023
            ],
            [
              0.3574057037718491,
              0.8575207860922147
            ],
            [
              0.35809567617295307,
              0.8556311413454271
            ],
            [
              0.35901563937442504,
              0.854119425547997
            ],
            [
              0.35993560257589696,
              0.8526077097505669
            ],
            [
              0.3608555657773689,
              0.8510959939531368
            ],
            [
              0.36177552897884085,
              0.8495842781557067
            ],
            [
              0.3629254829806808,
              0.8484504913076342
            ],
            [
              0.3640754369825207,
              0.8473167044595616
            ],
            [
              0.36522539098436063,
              0.846182917611489
            ],
            [
              0.36660533578656856,
              0.845427059712774
            ],
            [
              0.36798528058877644,
              0.844671201814059
            ],
            [
              0.36982520699172033,
              0.844671201814059
            ],
            [
              0.37120515179392827,
              0.843915343915344
            ],
            [
              0.3730450781968721,
              0.843915343915344
            ],
            [
              0.374885004599816,
              0.843915343915344
            ],
            [
              0.3767249310027599,
              0.843915343915344
            ],
            [
              0.3785648574057038,
              0.843915343915344
            ],
            [
              0.3804047838086477,
              0.843915343915344
            ],
            [
              0.3822447102115915,
              0.843915343915344
            ],
            [
              0.3840846366145354,
              0.843915343915344
            ],
            [
              0.3859245630174793,
              0.843915343915344
            ],
            [
              0.3877644894204232,
              0.843915343915344
            ],
            [
              0.3896044158233671,
              0.843915343915344
            ],
            [
              0.39098436062557496,
              0.844671201814059
            ],
            [
              0.39282428702851885,
              0.844671201814059
            ],
            [
              0.39466421343146274,
              0.844671201814059
            ],
            [
              0.39650413983440663,
              0.844671201814059
            ],
            [
              0.3983440662373505,
              0.844671201814059
            ],
            [
              0.40018399264029436,
              0.844671201814059
            ],
            [
              0.40202391904323825,
              0.844671201814059
            ],
            [
              0.40386384544618215,
              0.844671201814059
            ],
            [
              0.40570377184912604,
              0.844671201814059
            ],
            [
              0.40754369825206993,
              0.844671201814059
            ],
            [
              0.4093836246550138,
              0.844671201814059
            ],
            [
              0.41122355105795766,
              0.844671201814059
            ],
            [
              0.41306347746090155,
              0.844671201814059
            ],
            [
              0.4144434222631095,
              0.845427059712774
            ],
            [
              0.4162833486660534,
              0.845427059712774
            ],
            [
              0.4181232750689972,
              0.845427059712774
            ],
            [
              0.41950321987120515,
              0.846182917611489
            ],
            [
              0.42134314627414904,
              0.846182917611489
            ],
            [
              0.4229530818767249,
              0.8465608465608465
            ],
            [
              0.42433302667893286,
              0.8473167044595616
            ],
            [
              0.4252529898804048,
              0.8488284202569917
            ],
            [
              0.42571297148114073,
              0.8510959939531368
            ],
            [
              0.42571297148114073,
              0.854119425547997
            ],
            [
              0.4252529898804048,
              0.8563869992441421
            ],
            [
              0.4247930082796688,
              0.8586545729402872
            ],
            [
              0.42433302667893286,
              0.8609221466364324
            ],
            [
              0.4238730450781969,
              0.8631897203325775
            ],
            [
              0.4234130634774609,
              0.8654572940287226
            ],
            [
              0.4229530818767249,
              0.8677248677248677
            ],
            [
              0.422033118675253,
              0.8692365835222978
            ],
            [
              0.421803127874885,
              0.8718820861678005
            ],
            [
              0.42134314627414904,
              0.8741496598639455
            ],
            [
              0.4201931922723091,
              0.8752834467120182
            ],
            [
              0.4190432382704692,
              0.8764172335600907
            ],
            [
              0.4172033118675253,
              0.8764172335600907
            ],
            [
              0.41674333026678934,
              0.8771730914588057
            ]
          ]
        ]
      },
      "properties": {
        "segment_id": 23,
        "area": 5743,
        "bbox": [
          774.0,
          1117.0,
          151.0,
          43.0
        ],
        "iou": 0.9033864736557007,
        "stability": 0.9518888592720032,
        "auto_generated": true,
        "model": "segment_anything"
      }
    },
    {
      "type": "Feature",
      "geometry": {
        "type": "Polygon",
        "coordinates": [
          [
            [
              0.999540018399264,
              0.11753590325018896
            ],
            [
              0.984360625574977,
              0.11980347694633409
            ],
            [
              0.9710211591536339,
              0.12509448223733938
            ],
            [
              0.9553817847286109,
              0.12660619803476947
            ],
            [
              0.9402023919043239,
              0.12887377173091458
            ],
            [
              0.9247930082796688,
              0.1307634164777022
            ],
            [
              0.9089236430542779,
              0.13189720332577476
            ],
            [
              0.8937442502299908,
              0.13416477702191987
            ],
            [
              0.8781048758049678,
              0.13567649281934996
            ],
            [
              0.8620055197792088,
              0.136432350718065
            ],
            [
              0.8468261269549218,
              0.13869992441421014
            ],
            [
              0.8311867525298988,
              0.1402116402116402
            ],
            [
              0.8150873965041399,
              0.14096749811035525
            ],
            [
              0.7994480220791168,
              0.14247921390778534
            ],
            [
              0.7838086476540939,
              0.14399092970521543
            ],
            [
              0.7672493100275989,
              0.14399092970521543
            ],
            [
              0.7520699172033118,
              0.14474678760393045
            ],
            [
              0.7364305427782889,
              0.14474678760393045
            ],
            [
              0.7212511499540019,
              0.14701436130007559
            ],
            [
              0.7074517019319227,
              0.15154950869236583
            ],
            [
              0.6945722171113156,
              0.15759637188208617
            ],
            [
              0.6807727690892365,
              0.16061980347694632
            ],
            [
              0.6678932842686293,
              0.1636432350718065
            ],
            [
              0.6550137994480221,
              0.15910808767951626
            ],
            [
              0.639834406623735,
              0.16137566137566137
            ],
            [
              0.6232750689972401,
              0.16137566137566137
            ],
            [
              0.6080956761729531,
              0.1636432350718065
            ],
            [
              0.5929162833486661,
              0.1659108087679516
            ],
            [
              0.578656853725851,
              0.16969009826152684
            ],
            [
              0.5653173873045079,
              0.17498110355253213
            ],
            [
              0.5510579576816927,
              0.17876039304610733
            ],
            [
              0.5367985280588776,
              0.18253968253968253
            ],
            [
              0.5216191352345906,
              0.18480725623582767
            ],
            [
              0.5055197792088316,
              0.1855631141345427
            ],
            [
              0.4889604415823367,
              0.1855631141345427
            ],
            [
              0.4751609935602576,
              0.18102796674225247
            ],
            [
              0.4595216191352346,
              0.18102796674225247
            ],
            [
              0.44434222631094755,
              0.17876039304610733
            ],
            [
              0.4296228150873965,
              0.17876039304610733
            ],
            [
              0.41490340386384544,
              0.17876039304610733
            ],
            [
              0.39926402943882244,
              0.17724867724867724
            ],
            [
              0.3861545538178473,
              0.17157974300831444
            ],
            [
              0.3732750689972401,
              0.1655328798185941
            ],
            [
              0.36016559337626497,
              0.1598639455782313
            ],
            [
              0.3463661453541858,
              0.15532879818594103
            ],
            [
              0.3337166513339466,
              0.1564625850340136
            ],
            [
              0.3201471941122355,
              0.15910808767951626
            ],
            [
              0.30864765409383627,
              0.1674225245653817
            ],
            [
              0.29645814167433304,
              0.1746031746031746
            ],
            [
              0.28173873045078196,
              0.17762660619803478
            ],
            [
              0.26632934682612697,
              0.17800453514739228
            ],
            [
              0.2700091996320147,
              0.16817838246409675
            ],
            [
              0.28173873045078196,
              0.1602418745275888
            ],
            [
              0.2939282428702852,
              0.15306122448979592
            ],
            [
              0.3058877644894204,
              0.1455026455026455
            ],
            [
              0.31968721251149956,
              0.14247921390778534
            ],
            [
              0.33486660533578655,
              0.1402116402116402
            ],
            [
              0.3486660533578657,
              0.13567649281934996
            ],
            [
              0.36430542778288866,
              0.13567649281934996
            ],
            [
              0.37925482980680775,
              0.1360544217687075
            ],
            [
              0.3935142594296228,
              0.13529856386999245
            ],
            [
              0.4080036798528059,
              0.13189720332577476
            ],
            [
              0.42226310947562096,
              0.12811791383219956
            ],
            [
              0.43606255749770007,
              0.1235827664399093
            ],
            [
              0.44894204231830726,
              0.11753590325018896
            ],
            [
              0.4638914443422263,
              0.11489040060468632
            ],
            [
              0.4788408463661454,
              0.11224489795918367
            ],
            [
              0.49402023919043236,
              0.10997732426303855
            ],
            [
              0.5091996320147194,
              0.10770975056689343
            ],
            [
              0.5239190432382704,
              0.10468631897203326
            ],
            [
              0.5390984360625575,
              0.10241874527588814
            ],
            [
              0.5535878564857406,
              0.09977324263038549
            ],
            [
              0.5680772769089236,
              0.09863945578231292
            ],
            [
              0.5827966881324746,
              0.09561602418745276
            ],
            [
              0.5968261269549218,
              0.09674981103552532
            ],
            [
              0.6117755289788408,
              0.09939531368102797
            ],
            [
              0.6260349586016559,
              0.09561602418745276
            ],
            [
              0.640754369825207,
              0.09259259259259259
            ],
            [
              0.655933762649494,
              0.09032501889644746
            ],
            [
              0.6697332106715731,
              0.08578987150415722
            ],
            [
              0.6844526218951242,
              0.08276643990929705
            ],
            [
              0.7005519779208832,
              0.082010582010582
            ],
            [
              0.7143514259429623,
              0.08503401360544217
            ],
            [
              0.7281508739650414,
              0.08956916099773243
            ],
            [
              0.7424103035878565,
              0.09334845049130763
            ],
            [
              0.7571297148114076,
              0.09334845049130763
            ],
            [
              0.7718491260349586,
              0.09032501889644746
            ],
            [
              0.7884084636614536,
              0.09032501889644746
            ],
            [
              0.8049678012879485,
              0.09032501889644746
            ],
            [
              0.8210671573137075,
              0.08956916099773243
            ],
            [
              0.8376264949402024,
              0.08956916099773243
            ],
            [
              0.8537258509659613,
              0.09032501889644746
            ],
            [
              0.8693652253909844,
              0.08881330309901739
            ],
            [
              0.8850045998160073,
              0.08881330309901739
            ],
            [
              0.8992640294388224,
              0.09259259259259259
            ],
            [
              0.9121435142594296,
              0.09863945578231292
            ],
            [
              0.9254829806807727,
              0.09939531368102797
            ],
            [
              0.9402023919043239,
              0.0963718820861678
            ],
            [
              0.9544618215271389,
              0.09259259259259259
            ],
            [
              0.96918123275069,
              0.08956916099773243
            ],
            [
              0.985280588776449,
              0.08881330309901739
            ],
            [
              0.999540018399264,
              0.09108087679516251
            ],
            [
              0.999540018399264,
              0.11753590325018896
            ]
          ]
        ]
      },
      "properties": {
        "segment_id": 24,
        "area": 107974,
        "bbox": [
          572.0,
          109.0,
          1601.0,
          136.0
        ],
        "iou": 0.9408376216888428,
        "stability": 0.9594596028327942,
        "auto_generated": true,
        "model": "segment_anything"
      }
    },
    {
      "type": "Feature",
      "geometry": {
        "type": "Polygon",
        "coordinates": [
          [
            [
              0.5611775528978841,
              0.5672713529856387
            ],
            [
              0.5595676172953082,
              0.5668934240362812
            ],
            [
              0.5579576816927323,
              0.5665154950869237
            ],
            [
              0.5561177552897885,
              0.5665154950869237
            ],
            [
              0.5542778288868445,
              0.5665154950869237
            ],
            [
              0.5524379024839007,
              0.5665154950869237
            ],
            [
              0.5505979760809567,
              0.5665154950869237
            ],
            [
              0.5492180312787488,
              0.5672713529856387
            ],
            [
              0.547378104875805,
              0.5672713529856387
            ],
            [
              0.545768169273229,
              0.5668934240362812
            ],
            [
              0.5441582336706532,
              0.5665154950869237
            ],
            [
              0.5423183072677092,
              0.5665154950869237
            ],
            [
              0.5404783808647654,
              0.5665154950869237
            ],
            [
              0.5386384544618216,
              0.5665154950869237
            ],
            [
              0.5367985280588776,
              0.5665154950869237
            ],
            [
              0.5349586016559338,
              0.5665154950869237
            ],
            [
              0.5331186752529898,
              0.5665154950869237
            ],
            [
              0.531278748850046,
              0.5665154950869237
            ],
            [
              0.5294388224471022,
              0.5665154950869237
            ],
            [
              0.5280588776448942,
              0.5657596371882087
            ],
            [
              0.5264489420423183,
              0.5653817082388511
            ],
            [
              0.5252989880404784,
              0.5642479213907785
            ],
            [
              0.5241490340386384,
              0.563114134542706
            ],
            [
              0.5241490340386384,
              0.5600907029478458
            ],
            [
              0.5248390064397425,
              0.5582010582010583
            ],
            [
              0.5255289788408464,
              0.5563114134542706
            ],
            [
              0.5259889604415824,
              0.5540438397581254
            ],
            [
              0.5264489420423183,
              0.5517762660619804
            ],
            [
              0.5271389144434223,
              0.5498866213151927
            ],
            [
              0.5278288868445262,
              0.5479969765684052
            ],
            [
              0.5285188592456301,
              0.5461073318216175
            ],
            [
              0.5292088316467342,
              0.54421768707483
            ],
            [
              0.5296688132474701,
              0.5419501133786848
            ],
            [
              0.5305887764489421,
              0.5404383975812547
            ],
            [
              0.531508739650414,
              0.5389266817838246
            ],
            [
              0.5326586936522539,
              0.5377928949357521
            ],
            [
              0.5340386384544619,
              0.5370370370370371
            ],
            [
              0.5354185832566697,
              0.536281179138322
            ],
            [
              0.5370285188592456,
              0.5359032501889645
            ],
            [
              0.5386384544618216,
              0.5355253212396069
            ],
            [
              0.5400183992640294,
              0.5347694633408919
            ],
            [
              0.5418583256669733,
              0.5347694633408919
            ],
            [
              0.5436982520699172,
              0.5347694633408919
            ],
            [
              0.5455381784728611,
              0.5347694633408919
            ],
            [
              0.547378104875805,
              0.5347694633408919
            ],
            [
              0.5492180312787488,
              0.5347694633408919
            ],
            [
              0.5505979760809567,
              0.5340136054421769
            ],
            [
              0.5524379024839007,
              0.5340136054421769
            ],
            [
              0.5542778288868445,
              0.5340136054421769
            ],
            [
              0.5556577736890524,
              0.5332577475434618
            ],
            [
              0.5574977000919963,
              0.5332577475434618
            ],
            [
              0.5593376264949402,
              0.5332577475434618
            ],
            [
              0.5611775528978841,
              0.5332577475434618
            ],
            [
              0.563017479300828,
              0.5332577475434618
            ],
            [
              0.5643974241030358,
              0.5325018896447468
            ],
            [
              0.5662373505059798,
              0.5325018896447468
            ],
            [
              0.5680772769089236,
              0.5325018896447468
            ],
            [
              0.5696872125114996,
              0.5321239606953893
            ],
            [
              0.5712971481140754,
              0.5317460317460317
            ],
            [
              0.5731370745170193,
              0.5317460317460317
            ],
            [
              0.5749770009199632,
              0.5317460317460317
            ],
            [
              0.5768169273229071,
              0.5317460317460317
            ],
            [
              0.578656853725851,
              0.5317460317460317
            ],
            [
              0.5800367985280589,
              0.5325018896447468
            ],
            [
              0.5818767249310027,
              0.5325018896447468
            ],
            [
              0.5837166513339467,
              0.5325018896447468
            ],
            [
              0.5855565777368905,
              0.5325018896447468
            ],
            [
              0.5873965041398344,
              0.5325018896447468
            ],
            [
              0.5892364305427783,
              0.5325018896447468
            ],
            [
              0.5906163753449862,
              0.5332577475434618
            ],
            [
              0.5924563017479301,
              0.5332577475434618
            ],
            [
              0.593836246550138,
              0.5340136054421769
            ],
            [
              0.5956761729530818,
              0.5340136054421769
            ],
            [
              0.5970561177552898,
              0.5347694633408919
            ],
            [
              0.5988960441582337,
              0.5347694633408919
            ],
            [
              0.6002759889604415,
              0.5355253212396069
            ],
            [
              0.6014259429622815,
              0.5366591080876795
            ],
            [
              0.6025758969641214,
              0.5377928949357521
            ],
            [
              0.6037258509659613,
              0.5389266817838246
            ],
            [
              0.6046458141674333,
              0.5404383975812547
            ],
            [
              0.6051057957681693,
              0.5427059712773998
            ],
            [
              0.6046458141674333,
              0.544973544973545
            ],
            [
              0.6046458141674333,
              0.5479969765684052
            ],
            [
              0.6041858325666973,
              0.5502645502645502
            ],
            [
              0.6041858325666973,
              0.5532879818594104
            ],
            [
              0.6039558417663293,
              0.5559334845049131
            ],
            [
              0.6037258509659613,
              0.5585789871504158
            ],
            [
              0.6032658693652254,
              0.5608465608465608
            ],
            [
              0.6023459061637535,
              0.562358276643991
            ],
            [
              0.6011959521619136,
              0.5634920634920635
            ],
            [
              0.5998160073597056,
              0.5642479213907785
            ],
            [
              0.5979760809567617,
              0.5642479213907785
            ],
            [
              0.5965961361545539,
              0.5650037792894935
            ],
            [
              0.5947562097516099,
              0.5650037792894935
            ],
            [
              0.5931462741490341,
              0.5653817082388511
            ],
            [
              0.5915363385464582,
              0.5657596371882087
            ],
            [
              0.5896964121435143,
              0.5657596371882087
            ],
            [
              0.5878564857405704,
              0.5657596371882087
            ],
            [
              0.5860165593376265,
              0.5657596371882087
            ],
            [
              0.5841766329346826,
              0.5657596371882087
            ],
            [
              0.5823367065317387,
              0.5657596371882087
            ],
            [
              0.5804967801287948,
              0.5657596371882087
            ],
            [
              0.578656853725851,
              0.5657596371882087
            ],
            [
              0.5768169273229071,
              0.5657596371882087
            ],
            [
              0.5754369825206992,
              0.5665154950869237
            ],
            [
              0.5735970561177552,
              0.5665154950869237
            ],
            [
              0.5717571297148114,
              0.5665154950869237
            ],
            [
              0.5699172033118676,
              0.5665154950869237
            ],
            [
              0.5680772769089236,
              0.5665154950869237
            ],
            [
              0.5662373505059798,
              0.5665154950869237
            ],
            [
              0.5643974241030358,
              0.5665154950869237
            ],
            [
              0.562557497700092,
              0.5665154950869237
            ],
            [
              0.5611775528978841,
              0.5672713529856387
            ]
          ]
        ]
      },
      "properties": {
        "segment_id": 25,
        "area": 7080,
        "bbox": [
          1140.0,
          704.0,
          175.0,
          46.0
        ],
        "iou": 0.9285656213760376,
        "stability": 0.9661064147949219,
        "auto_generated": true,
        "model": "segment_anything"
      }
    },
    {
      "type": "Feature",
      "geometry": {
        "type": "Polygon",
        "coordinates": [
          [
            [
              0.639834406623735,
              0.753968253968254
            ],
            [
              0.6375344986200552,
              0.753968253968254
            ],
            [
              0.6356945722171113,
              0.7532123960695389
            ],
            [
              0.6333946642134315,
              0.7532123960695389
            ],
            [
              0.6315547378104875,
              0.7524565381708239
            ],
            [
              0.6297148114075437,
              0.7517006802721088
            ],
            [
              0.6278748850045999,
              0.7509448223733938
            ],
            [
              0.6262649494020239,
              0.7498110355253212
            ],
            [
              0.625344986200552,
              0.7475434618291761
            ],
            [
              0.625114995400184,
              0.7441421012849584
            ],
            [
              0.624885004599816,
              0.7407407407407407
            ],
            [
              0.62442502299908,
              0.7377173091458806
            ],
            [
              0.6239650413983441,
              0.7346938775510204
            ],
            [
              0.6235050597976081,
              0.7316704459561603
            ],
            [
              0.6225850965961361,
              0.7294028722600151
            ],
            [
              0.6228150873965042,
              0.7260015117157974
            ],
            [
              0.6232750689972401,
              0.7229780801209372
            ],
            [
              0.6235050597976081,
              0.7195767195767195
            ],
            [
              0.6239650413983441,
              0.7165532879818595
            ],
            [
              0.624885004599816,
              0.7142857142857143
            ],
            [
              0.6260349586016559,
              0.7123960695389266
            ],
            [
              0.6274149034038639,
              0.7108843537414966
            ],
            [
              0.6292548298068077,
              0.7101284958427816
            ],
            [
              0.6313247470101196,
              0.7097505668934241
            ],
            [
              0.6331646734130635,
              0.708994708994709
            ],
            [
              0.6352345906163753,
              0.7086167800453514
            ],
            [
              0.6375344986200552,
              0.7086167800453514
            ],
            [
              0.6393744250229991,
              0.7093726379440665
            ],
            [
              0.641444342226311,
              0.7097505668934241
            ],
            [
              0.6430542778288868,
              0.7093726379440665
            ],
            [
              0.6448942042318307,
              0.7086167800453514
            ],
            [
              0.6467341306347746,
              0.7078609221466364
            ],
            [
              0.6485740570377185,
              0.7071050642479214
            ],
            [
              0.6504139834406624,
              0.7063492063492064
            ],
            [
              0.6527138914443422,
              0.7063492063492064
            ],
            [
              0.6550137994480221,
              0.7063492063492064
            ],
            [
              0.6568537258509659,
              0.7071050642479214
            ],
            [
              0.6589236430542779,
              0.7067271352985639
            ],
            [
              0.6609935602575897,
              0.7063492063492064
            ],
            [
              0.6628334866605335,
              0.7055933484504913
            ],
            [
              0.6651333946642134,
              0.7055933484504913
            ],
            [
              0.6669733210671573,
              0.7048374905517762
            ],
            [
              0.6692732290708372,
              0.7048374905517762
            ],
            [
              0.671573137074517,
              0.7048374905517762
            ],
            [
              0.6738730450781969,
              0.7048374905517762
            ],
            [
              0.6757129714811407,
              0.7040816326530612
            ],
            [
              0.6780128794848206,
              0.7040816326530612
            ],
            [
              0.6803127874885004,
              0.7040816326530612
            ],
            [
              0.6821527138914444,
              0.7048374905517762
            ],
            [
              0.6844526218951242,
              0.7048374905517762
            ],
            [
              0.6867525298988041,
              0.7048374905517762
            ],
            [
              0.6890524379024839,
              0.7048374905517762
            ],
            [
              0.6908923643054278,
              0.7055933484504913
            ],
            [
              0.6931922723091076,
              0.7055933484504913
            ],
            [
              0.6954921803127875,
              0.7055933484504913
            ],
            [
              0.6973321067157314,
              0.7063492063492064
            ],
            [
              0.6987120515179392,
              0.7078609221466364
            ],
            [
              0.7000919963201472,
              0.7093726379440665
            ],
            [
              0.7010119595216191,
              0.7116402116402116
            ],
            [
              0.7017019319227231,
              0.7142857142857143
            ],
            [
              0.702621895124195,
              0.7165532879818595
            ],
            [
              0.703541858325667,
              0.7188208616780045
            ],
            [
              0.7044618215271389,
              0.7210884353741497
            ],
            [
              0.7049218031278749,
              0.7241118669690099
            ],
            [
              0.7053817847286109,
              0.72713529856387
            ],
            [
              0.7053817847286109,
              0.7309145880574452
            ],
            [
              0.7049218031278749,
              0.7339380196523053
            ],
            [
              0.7053817847286109,
              0.7369614512471655
            ],
            [
              0.7053817847286109,
              0.7407407407407407
            ],
            [
              0.7046918123275069,
              0.7433862433862434
            ],
            [
              0.703541858325667,
              0.745275888133031
            ],
            [
              0.702621895124195,
              0.7475434618291761
            ],
            [
              0.7014719411223551,
              0.7494331065759637
            ],
            [
              0.6996320147194113,
              0.7501889644746788
            ],
            [
              0.6973321067157314,
              0.7501889644746788
            ],
            [
              0.6952621895124195,
              0.7505668934240363
            ],
            [
              0.6931922723091076,
              0.7509448223733938
            ],
            [
              0.6908923643054278,
              0.7509448223733938
            ],
            [
              0.6885924563017479,
              0.7509448223733938
            ],
            [
              0.6862925482980681,
              0.7509448223733938
            ],
            [
              0.6839926402943882,
              0.7509448223733938
            ],
            [
              0.6816927322907084,
              0.7509448223733938
            ],
            [
              0.6793928242870285,
              0.7509448223733938
            ],
            [
              0.6775528978840847,
              0.7501889644746788
            ],
            [
              0.6757129714811407,
              0.7509448223733938
            ],
            [
              0.6736430542778289,
              0.7513227513227513
            ],
            [
              0.671573137074517,
              0.7517006802721088
            ],
            [
              0.6692732290708372,
              0.7517006802721088
            ],
            [
              0.6669733210671573,
              0.7517006802721088
            ],
            [
              0.6646734130634775,
              0.7517006802721088
            ],
            [
              0.6623735050597976,
              0.7517006802721088
            ],
            [
              0.6605335786568537,
              0.7524565381708239
            ],
            [
              0.6582336706531738,
              0.7524565381708239
            ],
            [
              0.65639374425023,
              0.7532123960695389
            ],
            [
              0.6540938362465502,
              0.7532123960695389
            ],
            [
              0.6517939282428703,
              0.7532123960695389
            ],
            [
              0.6494940202391905,
              0.7532123960695389
            ],
            [
              0.6471941122355106,
              0.7532123960695389
            ],
            [
              0.6448942042318307,
              0.7532123960695389
            ],
            [
              0.6425942962281509,
              0.7532123960695389
            ],
            [
              0.640294388224471,
              0.7532123960695389
            ],
            [
              0.639834406623735,
              0.753968253968254
            ]
          ]
        ]
      },
      "properties": {
        "segment_id": 26,
        "area": 10296,
        "bbox": [
          1354.0,
          932.0,
          179.0,
          65.0
        ],
        "iou": 0.9159159660339355,
        "stability": 0.941436767578125,
        "auto_generated": true,
        "model": "segment_anything"
      }
    },
    {
      "type": "Feature",
      "geometry": {
        "type": "Polygon",
        "coordinates": [
          [
            [
              0.6982520699172033,
              0.30876795162509446
            ],
            [
              0.6973321067157314,
              0.30876795162509446
            ],
            [
              0.6964121435142594,
              0.30876795162509446
            ],
            [
              0.6954921803127875,
              0.30876795162509446
            ],
            [
              0.6945722171113156,
              0.30876795162509446
            ],
            [
              0.6936522539098436,
              0.30876795162509446
            ],
            [
              0.6927322907083716,
              0.30876795162509446
            ],
            [
              0.6918123275068997,
              0.30876795162509446
            ],
            [
              0.6913523459061638,
              0.30801209372637944
            ],
            [
              0.6906623735050598,
              0.30763416477702193
            ],
            [
              0.6902023919043239,
              0.30687830687830686
            ],
            [
              0.6897424103035878,
              0.30612244897959184
            ],
            [
              0.6897424103035878,
              0.30461073318216175
            ],
            [
              0.6892824287028518,
              0.30385487528344673
            ],
            [
              0.6892824287028518,
              0.30234315948601664
            ],
            [
              0.6892824287028518,
              0.30083144368858655
            ],
            [
              0.6888224471021159,
              0.3000755857898715
            ],
            [
              0.6888224471021159,
              0.29856386999244144
            ],
            [
              0.6888224471021159,
              0.29705215419501135
            ],
            [
              0.6888224471021159,
              0.29554043839758126
            ],
            [
              0.6888224471021159,
              0.29402872260015117
            ],
            [
              0.6888224471021159,
              0.2925170068027211
            ],
            [
              0.6888224471021159,
              0.291005291005291
            ],
            [
              0.6892824287028518,
              0.29024943310657597
            ],
            [
              0.6892824287028518,
              0.2887377173091459
            ],
            [
              0.6897424103035878,
              0.28798185941043086
            ],
            [
              0.6897424103035878,
              0.28647014361300077
            ],
            [
              0.6902023919043239,
              0.2857142857142857
            ],
            [
              0.6902023919043239,
              0.2842025699168556
            ],
            [
              0.6906623735050598,
              0.2834467120181406
            ],
            [
              0.6911223551057958,
              0.28269085411942557
            ],
            [
              0.6915823367065317,
              0.2819349962207105
            ],
            [
              0.6920423183072677,
              0.2811791383219955
            ],
            [
              0.6925022999080037,
              0.2804232804232804
            ],
            [
              0.6931922723091076,
              0.2800453514739229
            ],
            [
              0.6941122355105795,
              0.2800453514739229
            ],
            [
              0.6950321987120515,
              0.2800453514739229
            ],
            [
              0.6957221711131555,
              0.2796674225245654
            ],
            [
              0.6964121435142594,
              0.2792894935752079
            ],
            [
              0.6973321067157314,
              0.2792894935752079
            ],
            [
              0.6982520699172033,
              0.2792894935752079
            ],
            [
              0.6991720331186753,
              0.2792894935752079
            ],
            [
              0.6996320147194113,
              0.2785336356764928
            ],
            [
              0.7005519779208832,
              0.2785336356764928
            ],
            [
              0.7012419503219871,
              0.2781557067271353
            ],
            [
              0.7019319227230911,
              0.2777777777777778
            ],
            [
              0.702391904323827,
              0.2770219198790627
            ],
            [
              0.703081876724931,
              0.2766439909297052
            ],
            [
              0.703771849126035,
              0.2762660619803477
            ],
            [
              0.704231830726771,
              0.2755102040816326
            ],
            [
              0.7046918123275069,
              0.2747543461829176
            ],
            [
              0.7051517939282429,
              0.2739984882842026
            ],
            [
              0.7058417663293468,
              0.273620559334845
            ],
            [
              0.7065317387304508,
              0.2732426303854875
            ],
            [
              0.7069917203311867,
              0.2724867724867725
            ],
            [
              0.7079116835326587,
              0.2724867724867725
            ],
            [
              0.7083716651333947,
              0.2717309145880574
            ],
            [
              0.7092916283348666,
              0.2717309145880574
            ],
            [
              0.7097516099356026,
              0.2709750566893424
            ],
            [
              0.7106715731370745,
              0.2709750566893424
            ],
            [
              0.7115915363385464,
              0.2709750566893424
            ],
            [
              0.7125114995400184,
              0.2709750566893424
            ],
            [
              0.7134314627414904,
              0.2709750566893424
            ],
            [
              0.7141214351425943,
              0.2713529856386999
            ],
            [
              0.7148114075436982,
              0.2717309145880574
            ],
            [
              0.7157313707451702,
              0.2717309145880574
            ],
            [
              0.7161913523459061,
              0.2724867724867725
            ],
            [
              0.7168813247470102,
              0.27286470143613
            ],
            [
              0.7173413063477461,
              0.273620559334845
            ],
            [
              0.7178012879484821,
              0.2743764172335601
            ],
            [
              0.7180312787488501,
              0.2755102040816326
            ],
            [
              0.718491260349586,
              0.2762660619803477
            ],
            [
              0.718721251149954,
              0.2773998488284203
            ],
            [
              0.71918123275069,
              0.2781557067271353
            ],
            [
              0.7194112235510579,
              0.2792894935752079
            ],
            [
              0.7196412143514259,
              0.2804232804232804
            ],
            [
              0.7196412143514259,
              0.2819349962207105
            ],
            [
              0.7196412143514259,
              0.2834467120181406
            ],
            [
              0.7201011959521619,
              0.2842025699168556
            ],
            [
              0.7198712051517939,
              0.2853363567649282
            ],
            [
              0.7196412143514259,
              0.28647014361300077
            ],
            [
              0.7196412143514259,
              0.28798185941043086
            ],
            [
              0.71918123275069,
              0.2887377173091459
            ],
            [
              0.71918123275069,
              0.29024943310657597
            ],
            [
              0.718951241950322,
              0.29138321995464855
            ],
            [
              0.718721251149954,
              0.2925170068027211
            ],
            [
              0.718491260349586,
              0.29365079365079366
            ],
            [
              0.718261269549218,
              0.2947845804988662
            ],
            [
              0.7178012879484821,
              0.29554043839758126
            ],
            [
              0.7175712971481141,
              0.29667422524565384
            ],
            [
              0.7173413063477461,
              0.29780801209372637
            ],
            [
              0.7168813247470102,
              0.29856386999244144
            ],
            [
              0.7164213431462741,
              0.29931972789115646
            ],
            [
              0.7161913523459061,
              0.30045351473922904
            ],
            [
              0.7155013799448022,
              0.30083144368858655
            ],
            [
              0.7150413983440662,
              0.30158730158730157
            ],
            [
              0.7148114075436982,
              0.30272108843537415
            ],
            [
              0.7143514259429623,
              0.30347694633408917
            ],
            [
              0.7141214351425943,
              0.30461073318216175
            ],
            [
              0.7138914443422263,
              0.30574452003023433
            ],
            [
              0.7134314627414904,
              0.30650037792894935
            ],
            [
              0.7129714811407544,
              0.3072562358276644
            ],
            [
              0.7125114995400184,
              0.30801209372637944
            ],
            [
              0.7115915363385464,
              0.30801209372637944
            ],
            [
              0.7109015639374425,
              0.30763416477702193
            ],
            [
              0.7102115915363385,
              0.3072562358276644
            ],
            [
              0.7092916283348666,
              0.3072562358276644
            ],
            [
              0.7083716651333947,
              0.3072562358276644
            ],
            [
              0.7074517019319227,
              0.3072562358276644
            ],
            [
              0.7067617295308187,
              0.30687830687830686
            ],
            [
              0.7060717571297148,
              0.30650037792894935
            ],
            [
              0.7051517939282429,
              0.30650037792894935
            ],
            [
              0.704231830726771,
              0.30650037792894935
            ],
            [
              0.703311867525299,
              0.30650037792894935
            ],
            [
              0.702621895124195,
              0.30687830687830686
            ],
            [
              0.7019319227230911,
              0.3072562358276644
            ],
            [
              0.7010119595216191,
              0.3072562358276644
            ],
            [
              0.7005519779208832,
              0.30801209372637944
            ],
            [
              0.6996320147194113,
              0.30801209372637944
            ],
            [
              0.6987120515179392,
              0.30801209372637944
            ],
            [
              0.6982520699172033,
              0.30876795162509446
            ]
          ]
        ]
      },
      "properties": {
        "segment_id": 27,
        "area": 2593,
        "bbox": [
          1498.0,
          359.0,
          67.0,
          49.0
        ],
        "iou": 0.8961954116821289,
        "stability": 0.9704657196998596,
        "auto_generated": true,
        "model": "segment_anything"
      }
    },
    {
      "type": "Feature",
      "geometry": {
        "type": "Polygon",
        "coordinates": [
          [
            [
              0.6628334866605335,
              0.5340136054421769
            ],
            [
              0.6619135234590616,
              0.5340136054421769
            ],
            [
              0.6614535418583257,
              0.5332577475434618
            ],
            [
              0.6607635694572217,
              0.5328798185941043
            ],
            [
              0.6603035878564857,
              0.5321239606953893
            ],
            [
              0.6603035878564857,
              0.5306122448979592
            ],
            [
              0.6603035878564857,
              0.5291005291005291
            ],
            [
              0.6607635694572217,
              0.528344671201814
            ],
            [
              0.6612235510579577,
              0.527588813303099
            ],
            [
              0.6616835326586936,
              0.526832955404384
            ],
            [
              0.6619135234590616,
              0.5256991685563114
            ],
            [
              0.6621435142594296,
              0.5245653817082389
            ],
            [
              0.6626034958601656,
              0.5238095238095238
            ],
            [
              0.6630634774609016,
              0.5230536659108088
            ],
            [
              0.6635234590616376,
              0.5222978080120937
            ],
            [
              0.6637534498620056,
              0.5211640211640212
            ],
            [
              0.6642134314627415,
              0.5204081632653061
            ],
            [
              0.6646734130634775,
              0.5196523053665911
            ],
            [
              0.6649034038638455,
              0.5185185185185185
            ],
            [
              0.6653633854645814,
              0.5177626606198035
            ],
            [
              0.6658233670653174,
              0.5170068027210885
            ],
            [
              0.6662833486660533,
              0.5162509448223734
            ],
            [
              0.6665133394664213,
              0.5151171579743008
            ],
            [
              0.6669733210671573,
              0.5143613000755858
            ],
            [
              0.6674333026678932,
              0.5136054421768708
            ],
            [
              0.6678932842686293,
              0.5128495842781557
            ],
            [
              0.6681232750689973,
              0.5117157974300831
            ],
            [
              0.6685832566697332,
              0.5109599395313681
            ],
            [
              0.6688132474701012,
              0.5098261526832956
            ],
            [
              0.6692732290708372,
              0.5090702947845805
            ],
            [
              0.6695032198712052,
              0.5079365079365079
            ],
            [
              0.6699632014719411,
              0.5071806500377929
            ],
            [
              0.6704231830726771,
              0.5064247921390779
            ],
            [
              0.670883164673413,
              0.5056689342403629
            ],
            [
              0.671343146274149,
              0.5049130763416477
            ],
            [
              0.671573137074517,
              0.5037792894935752
            ],
            [
              0.672033118675253,
              0.5030234315948602
            ],
            [
              0.672263109475621,
              0.5018896447467877
            ],
            [
              0.672723091076357,
              0.5011337868480725
            ],
            [
              0.6731830726770929,
              0.5003779289493575
            ],
            [
              0.6736430542778289,
              0.4996220710506425
            ],
            [
              0.6738730450781969,
              0.4984882842025699
            ],
            [
              0.6743330266789328,
              0.4977324263038549
            ],
            [
              0.6745630174793008,
              0.4965986394557823
            ],
            [
              0.6750229990800368,
              0.4958427815570673
            ],
            [
              0.6754829806807727,
              0.4950869236583522
            ],
            [
              0.6757129714811407,
              0.4939531368102797
            ],
            [
              0.6761729530818767,
              0.4931972789115646
            ],
            [
              0.6766329346826127,
              0.4924414210128496
            ],
            [
              0.6768629254829807,
              0.491307634164777
            ],
            [
              0.6773229070837167,
              0.490551776266062
            ],
            [
              0.6777828886844526,
              0.4897959183673469
            ],
            [
              0.6782428702851886,
              0.4890400604686319
            ],
            [
              0.6787028518859246,
              0.48828420256991684
            ],
            [
              0.6789328426862925,
              0.4871504157218443
            ],
            [
              0.6793928242870285,
              0.48639455782312924
            ],
            [
              0.6796228150873965,
              0.4852607709750567
            ],
            [
              0.6800827966881324,
              0.48450491307634164
            ],
            [
              0.6805427782888684,
              0.4837490551776266
            ],
            [
              0.6807727690892365,
              0.48261526832955404
            ],
            [
              0.6812327506899724,
              0.481859410430839
            ],
            [
              0.6816927322907084,
              0.48110355253212395
            ],
            [
              0.6819227230910764,
              0.4799697656840514
            ],
            [
              0.6823827046918123,
              0.47921390778533635
            ],
            [
              0.6826126954921803,
              0.4780801209372638
            ],
            [
              0.6830726770929163,
              0.47732426303854875
            ],
            [
              0.6835326586936522,
              0.47656840513983373
            ],
            [
              0.6839926402943882,
              0.47581254724111866
            ],
            [
              0.6844526218951242,
              0.47505668934240364
            ],
            [
              0.6853725850965962,
              0.47505668934240364
            ],
            [
              0.6858325666973321,
              0.47430083144368856
            ],
            [
              0.6867525298988041,
              0.47430083144368856
            ],
            [
              0.68721251149954,
              0.47505668934240364
            ],
            [
              0.6881324747010119,
              0.47505668934240364
            ],
            [
              0.6885924563017479,
              0.47581254724111866
            ],
            [
              0.6890524379024839,
              0.47656840513983373
            ],
            [
              0.6892824287028518,
              0.47770219198790626
            ],
            [
              0.6892824287028518,
              0.47921390778533635
            ],
            [
              0.6888224471021159,
              0.4799697656840514
            ],
            [
              0.6888224471021159,
              0.48148148148148145
            ],
            [
              0.6888224471021159,
              0.48299319727891155
            ],
            [
              0.6883624655013799,
              0.4837490551776266
            ],
            [
              0.687902483900644,
              0.48450491307634164
            ],
            [
              0.687672493100276,
              0.4856386999244142
            ],
            [
              0.68721251149954,
              0.48639455782312924
            ],
            [
              0.6867525298988041,
              0.4871504157218443
            ],
            [
              0.6862925482980681,
              0.4879062736205593
            ],
            [
              0.6860625574977001,
              0.4890400604686319
            ],
            [
              0.6856025758969642,
              0.4897959183673469
            ],
            [
              0.6851425942962281,
              0.490551776266062
            ],
            [
              0.6846826126954921,
              0.491307634164777
            ],
            [
              0.6844526218951242,
              0.4924414210128496
            ],
            [
              0.6839926402943882,
              0.4931972789115646
            ],
            [
              0.6835326586936522,
              0.4939531368102797
            ],
            [
              0.6833026678932843,
              0.4950869236583522
            ],
            [
              0.6828426862925483,
              0.4958427815570673
            ],
            [
              0.6823827046918123,
              0.4965986394557823
            ],
            [
              0.6821527138914444,
              0.4977324263038549
            ],
            [
              0.6819227230910764,
              0.4988662131519274
            ],
            [
              0.6814627414903404,
              0.4996220710506425
            ],
            [
              0.6810027598896045,
              0.5003779289493575
            ],
            [
              0.6805427782888684,
              0.5011337868480725
            ],
            [
              0.6803127874885004,
              0.5022675736961452
            ],
            [
              0.6798528058877645,
              0.5030234315948602
            ],
            [
              0.6793928242870285,
              0.5037792894935752
            ],
            [
              0.6791628334866605,
              0.5049130763416477
            ],
            [
              0.6787028518859246,
              0.5056689342403629
            ],
            [
              0.6782428702851886,
              0.5064247921390779
            ],
            [
              0.6777828886844526,
              0.5071806500377929
            ],
            [
              0.6775528978840847,
              0.5083144368858654
            ],
            [
              0.6770929162833487,
              0.5090702947845805
            ],
            [
              0.6768629254829807,
              0.5102040816326531
            ],
            [
              0.6764029438822448,
              0.5109599395313681
            ],
            [
              0.6759429622815087,
              0.5117157974300831
            ],
            [
              0.6757129714811407,
              0.5128495842781557
            ],
            [
              0.6752529898804048,
              0.5136054421768708
            ],
            [
              0.6747930082796688,
              0.5143613000755858
            ],
            [
              0.6745630174793008,
              0.5154950869236583
            ],
            [
              0.6741030358785649,
              0.5162509448223734
            ],
            [
              0.6736430542778289,
              0.5170068027210885
            ],
            [
              0.6734130634774609,
              0.518140589569161
            ],
            [
              0.672953081876725,
              0.518896447467876
            ],
            [
              0.672493100275989,
              0.5196523053665911
            ],
            [
              0.672033118675253,
              0.5204081632653061
            ],
            [
              0.671803127874885,
              0.5215419501133787
            ],
            [
              0.671343146274149,
              0.5222978080120937
            ],
            [
              0.670883164673413,
              0.5230536659108088
            ],
            [
              0.670883164673413,
              0.5245653817082389
            ],
            [
              0.6704231830726771,
              0.5253212396069539
            ],
            [
              0.6701931922723091,
              0.5264550264550265
            ],
            [
              0.6697332106715731,
              0.5272108843537415
            ],
            [
              0.6692732290708372,
              0.5279667422524565
            ],
            [
              0.6688132474701012,
              0.5287226001511716
            ],
            [
              0.6685832566697332,
              0.5298563869992441
            ],
            [
              0.6681232750689973,
              0.5306122448979592
            ],
            [
              0.6676632934682613,
              0.5313681027966742
            ],
            [
              0.6672033118675254,
              0.5321239606953893
            ],
            [
              0.6665133394664213,
              0.5325018896447468
            ],
            [
              0.6660533578656854,
              0.5332577475434618
            ],
            [
              0.6651333946642134,
              0.5332577475434618
            ],
            [
              0.6642134314627415,
              0.5332577475434618
            ],
            [
              0.6632934682612696,
              0.5332577475434618
            ],
            [
              0.6628334866605335,
              0.5340136054421769
            ]
          ]
        ]
      },
      "properties": {
        "segment_id": 28,
        "area": 1297,
        "bbox": [
          1436.0,
          628.0,
          62.0,
          78.0
        ],
        "iou": 0.8723105192184448,
        "stability": 0.9651514887809753,
        "auto_generated": true,
        "model": "segment_anything"
      }
    },
    {
      "type": "Feature",
      "geometry": {
        "type": "Polygon",
        "coordinates": [
          [
            [
              0.14397424103035877,
              0.23620559334845048
            ],
            [
              0.13615455381784727,
              0.23469387755102042
            ],
            [
              0.12879484820607176,
              0.23544973544973544
            ],
            [
              0.12051517939282429,
              0.23620559334845048
            ],
            [
              0.11177552897884084,
              0.23620559334845048
            ],
            [
              0.11361545538178473,
              0.23167044595616024
            ],
            [
              0.12143514259429623,
              0.23015873015873015
            ],
            [
              0.12902483900643974,
              0.23204837490551777
            ],
            [
              0.13615455381784727,
              0.23167044595616024
            ],
            [
              0.14259429622815087,
              0.22789115646258504
            ],
            [
              0.14811407543698252,
              0.22260015117157975
            ],
            [
              0.15409383624655013,
              0.2180650037792895
            ],
            [
              0.16007359705611776,
              0.21352985638699926
            ],
            [
              0.16536338546458143,
              0.20786092214663643
            ],
            [
              0.17065317387304507,
              0.20219198790627363
            ],
            [
              0.17571297148114076,
              0.1961451247165533
            ],
            [
              0.1810027598896044,
              0.19047619047619047
            ],
            [
              0.18652253909843605,
              0.18518518518518517
            ],
            [
              0.19319227230910763,
              0.1817838246409675
            ],
            [
              0.20124195032198713,
              0.18140589569160998
            ],
            [
              0.20791168353265868,
              0.18480725623582767
            ],
            [
              0.21481140754369826,
              0.18783068783068782
            ],
            [
              0.22263109475620976,
              0.18631897203325776
            ],
            [
              0.22953081876724932,
              0.18329554043839758
            ],
            [
              0.23666053357865685,
              0.18065003779289493
            ],
            [
              0.24264029438822446,
              0.17611489040060468
            ],
            [
              0.250229990800368,
              0.17422524565381708
            ],
            [
              0.25850965961361544,
              0.17498110355253213
            ],
            [
              0.265869365225391,
              0.17573696145124718
            ],
            [
              0.2732290708371665,
              0.17800453514739228
            ],
            [
              0.281048758049678,
              0.17800453514739228
            ],
            [
              0.2888684452621895,
              0.1764928193499622
            ],
            [
              0.296688132474701,
              0.17498110355253213
            ],
            [
              0.3033578656853726,
              0.17157974300831444
            ],
            [
              0.3091076356945722,
              0.16666666666666666
            ],
            [
              0.3155473781048758,
              0.16288737717309146
            ],
            [
              0.3208371665133395,
              0.15721844293272866
            ],
            [
              0.327966881324747,
              0.154572940287226
            ],
            [
              0.33532658693652256,
              0.15684051398337112
            ],
            [
              0.3426862925482981,
              0.15759637188208617
            ],
            [
              0.3500459981600736,
              0.15532879818594103
            ],
            [
              0.3574057037718491,
              0.15759637188208617
            ],
            [
              0.36430542778288866,
              0.16061980347694632
            ],
            [
              0.37120515179392827,
              0.1636432350718065
            ],
            [
              0.3776448942042318,
              0.1674225245653817
            ],
            [
              0.38477460901563937,
              0.17006802721088435
            ],
            [
              0.39098436062557496,
              0.17422524565381708
            ],
            [
              0.3981140754369825,
              0.17687074829931973
            ],
            [
              0.40570377184912604,
              0.17876039304610733
            ],
            [
              0.4139834406623735,
              0.17951625094482238
            ],
            [
              0.421803127874885,
              0.18102796674225247
            ],
            [
              0.4296228150873965,
              0.17951625094482238
            ],
            [
              0.43790248390064396,
              0.17876039304610733
            ],
            [
              0.44618215271389144,
              0.17951625094482238
            ],
            [
              0.45354185832566696,
              0.1817838246409675
            ],
            [
              0.46182152713891444,
              0.18253968253968253
            ],
            [
              0.4696412143514259,
              0.18253968253968253
            ],
            [
              0.4779208831646734,
              0.18329554043839758
            ],
            [
              0.484360625574977,
              0.1870748299319728
            ],
            [
              0.48390064397424104,
              0.19387755102040816
            ],
            [
              0.4765409383624655,
              0.1961451247165533
            ],
            [
              0.468721251149954,
              0.19765684051398338
            ],
            [
              0.4622815087396504,
              0.20143613000755858
            ],
            [
              0.4540018399264029,
              0.20219198790627363
            ],
            [
              0.4457221711131555,
              0.20294784580498867
            ],
            [
              0.437442502299908,
              0.2037037037037037
            ],
            [
              0.4291628334866605,
              0.20445956160241874
            ],
            [
              0.4208831646734131,
              0.20521541950113378
            ],
            [
              0.4126034958601656,
              0.20597127739984883
            ],
            [
              0.4043238270469181,
              0.20672713529856387
            ],
            [
              0.3962741490340386,
              0.20786092214663643
            ],
            [
              0.3877644894204232,
              0.20823885109599397
            ],
            [
              0.37994480220791166,
              0.20975056689342403
            ],
            [
              0.37120515179392827,
              0.20975056689342403
            ],
            [
              0.3624655013799448,
              0.20975056689342403
            ],
            [
              0.3546458141674333,
              0.21126228269085412
            ],
            [
              0.3463661453541858,
              0.21201814058956917
            ],
            [
              0.3380864765409384,
              0.2127739984882842
            ],
            [
              0.33026678932842685,
              0.21428571428571427
            ],
            [
              0.3219871205151794,
              0.21504157218442932
            ],
            [
              0.3137074517019319,
              0.21579743008314436
            ],
            [
              0.30542778288868444,
              0.2165532879818594
            ],
            [
              0.297148114075437,
              0.21730914588057446
            ],
            [
              0.2888684452621895,
              0.2180650037792895
            ],
            [
              0.281048758049678,
              0.21957671957671956
            ],
            [
              0.2736890524379025,
              0.2218442932728647
            ],
            [
              0.265409383624655,
              0.22260015117157975
            ],
            [
              0.25712971481140756,
              0.2233560090702948
            ],
            [
              0.24885004599816007,
              0.22411186696900984
            ],
            [
              0.24057037718491261,
              0.22486772486772486
            ],
            [
              0.23229070837166513,
              0.2256235827664399
            ],
            [
              0.22401103955841767,
              0.22637944066515495
            ],
            [
              0.21619135234590617,
              0.22789115646258504
            ],
            [
              0.20791168353265868,
              0.22864701436130008
            ],
            [
              0.20009199632014718,
              0.23015873015873015
            ],
            [
              0.19158233670653174,
              0.23053665910808768
            ],
            [
              0.18353265869365226,
              0.23167044595616024
            ],
            [
              0.17525298988040477,
              0.23242630385487528
            ],
            [
              0.16697332106715732,
              0.23318216175359033
            ],
            [
              0.15869365225390986,
              0.23393801965230537
            ],
            [
              0.15087396504139836,
              0.23544973544973544
            ],
            [
              0.14397424103035877,
              0.23620559334845048
            ]
          ]
        ]
      },
      "properties": {
        "segment_id": 29,
        "area": 37654,
        "bbox": [
          239.0,
          205.0,
          818.0,
          107.0
        ],
        "iou": 0.8709849119186401,
        "stability": 0.9303382635116577,
        "auto_generated": true,
        "model": "segment_anything"
      }
    },
    {
      "type": "Feature",
      "geometry": {
        "type": "Polygon",
        "coordinates": [
          [
            [
              0.0,
              0.23696145124716553
            ],
            [
              0.004139834406623735,
              0.23696145124716553
            ],
            [
              0.0078196872125115,
              0.23620559334845048
            ],
            [
              0.011039558417663294,
              0.23469387755102042
            ],
            [
              0.014949402023919043,
              0.23431594860166288
            ],
            [
              0.018859245630174794,
              0.23393801965230537
            ],
            [
              0.022539098436062558,
              0.23318216175359033
            ],
            [
              0.02621895124195032,
              0.23242630385487528
            ],
            [
              0.02920883164673413,
              0.23053665910808768
            ],
            [
              0.03242870285188593,
              0.2290249433106576
            ],
            [
              0.03564857405703772,
              0.2275132275132275
            ],
            [
              0.03863845446182153,
              0.2256235827664399
            ],
            [
              0.04139834406623735,
              0.2233560090702948
            ],
            [
              0.04415823367065318,
              0.22108843537414966
            ],
            [
              0.04737810487580497,
              0.21957671957671956
            ],
            [
              0.05036798528058878,
              0.21768707482993196
            ],
            [
              0.05358785648574057,
              0.2161753590325019
            ],
            [
              0.05703771849126035,
              0.21504157218442932
            ],
            [
              0.06071757129714812,
              0.21579743008314436
            ],
            [
              0.06485740570377185,
              0.21579743008314436
            ],
            [
              0.06830726770929163,
              0.2146636432350718
            ],
            [
              0.07175712971481141,
              0.21352985638699926
            ],
            [
              0.07543698252069918,
              0.2127739984882842
            ],
            [
              0.07957681692732291,
              0.2127739984882842
            ],
            [
              0.08325666973321068,
              0.21201814058956917
            ],
            [
              0.08693652253909843,
              0.21126228269085412
            ],
            [
              0.0906163753449862,
              0.21050642479213907
            ],
            [
              0.09383624655013799,
              0.20899470899470898
            ],
            [
              0.09705611775528979,
              0.20748299319727892
            ],
            [
              0.10050597976080956,
              0.20634920634920634
            ],
            [
              0.10395584176632934,
              0.20521541950113378
            ],
            [
              0.10717571297148114,
              0.2037037037037037
            ],
            [
              0.11085556577736891,
              0.20294784580498867
            ],
            [
              0.11430542778288869,
              0.2018140589569161
            ],
            [
              0.11775528978840846,
              0.20068027210884354
            ],
            [
              0.12143514259429623,
              0.1999244142101285
            ],
            [
              0.12488500459981601,
              0.19879062736205594
            ],
            [
              0.12856485740570378,
              0.1980347694633409
            ],
            [
              0.13201471941122356,
              0.19690098261526834
            ],
            [
              0.13569457221711131,
              0.1961451247165533
            ],
            [
              0.13937442502299907,
              0.19538926681783825
            ],
            [
              0.14305427782888686,
              0.1946334089191232
            ],
            [
              0.14719411223551057,
              0.1946334089191232
            ],
            [
              0.15133394664213431,
              0.1946334089191232
            ],
            [
              0.15501379944802207,
              0.19387755102040816
            ],
            [
              0.15915363385464582,
              0.19387755102040816
            ],
            [
              0.16329346826126956,
              0.19387755102040816
            ],
            [
              0.16674333026678934,
              0.19349962207105065
            ],
            [
              0.17065317387304507,
              0.19387755102040816
            ],
            [
              0.17456301747930084,
              0.1942554799697657
            ],
            [
              0.17479300827966882,
              0.19690098261526834
            ],
            [
              0.17249310027598896,
              0.1999244142101285
            ],
            [
              0.16996320147194113,
              0.20256991685563114
            ],
            [
              0.16743330266789327,
              0.20521541950113378
            ],
            [
              0.16513339466421342,
              0.20823885109599397
            ],
            [
              0.1623735050597976,
              0.21050642479213907
            ],
            [
              0.16007359705611776,
              0.21352985638699926
            ],
            [
              0.15754369825206993,
              0.2161753590325019
            ],
            [
              0.15432382704691813,
              0.21768707482993196
            ],
            [
              0.15133394664213431,
              0.21957671957671956
            ],
            [
              0.1485740570377185,
              0.2218442932728647
            ],
            [
              0.1453541858325667,
              0.2233560090702948
            ],
            [
              0.1421343146274149,
              0.22486772486772486
            ],
            [
              0.13983440662373506,
              0.22789115646258504
            ],
            [
              0.13661453541858326,
              0.22940287226001513
            ],
            [
              0.13339466421343146,
              0.2309145880574452
            ],
            [
              0.1297148114075437,
              0.23167044595616024
            ],
            [
              0.12603495860165592,
              0.2309145880574452
            ],
            [
              0.12281508739650414,
              0.23242630385487528
            ],
            [
              0.12005519779208831,
              0.23469387755102042
            ],
            [
              0.11775528978840846,
              0.23318216175359033
            ],
            [
              0.11522539098436063,
              0.23053665910808768
            ],
            [
              0.11177552897884084,
              0.2309145880574452
            ],
            [
              0.10947562097516099,
              0.23393801965230537
            ],
            [
              0.10694572217111316,
              0.23658352229780802
            ],
            [
              0.10395584176632934,
              0.23847316704459562
            ],
            [
              0.10073597056117756,
              0.2399848828420257
            ],
            [
              0.0968261269549218,
              0.24036281179138322
            ],
            [
              0.09291628334866606,
              0.24074074074074073
            ],
            [
              0.08923643054277829,
              0.24149659863945577
            ],
            [
              0.08509659613615456,
              0.24149659863945577
            ],
            [
              0.08141674333026679,
              0.24225245653817082
            ],
            [
              0.07773689052437903,
              0.24300831443688586
            ],
            [
              0.07359705611775529,
              0.24300831443688586
            ],
            [
              0.06991720331186753,
              0.2437641723356009
            ],
            [
              0.06623735050597976,
              0.24452003023431595
            ],
            [
              0.06209751609935603,
              0.24452003023431595
            ],
            [
              0.05841766329346826,
              0.245275888133031
            ],
            [
              0.054737810487580495,
              0.24603174603174602
            ],
            [
              0.050597976080956765,
              0.24603174603174602
            ],
            [
              0.046918123275068994,
              0.24678760393046106
            ],
            [
              0.04323827046918123,
              0.2475434618291761
            ],
            [
              0.0390984360625575,
              0.2475434618291761
            ],
            [
              0.03541858325666973,
              0.24829931972789115
            ],
            [
              0.031278748850046,
              0.24829931972789115
            ],
            [
              0.027598896044158234,
              0.2490551776266062
            ],
            [
              0.023459061637534497,
              0.2490551776266062
            ],
            [
              0.019319227230910764,
              0.2490551776266062
            ],
            [
              0.015639374425023,
              0.24981103552532125
            ],
            [
              0.011959521619135235,
              0.25056689342403626
            ],
            [
              0.0078196872125115,
              0.25056689342403626
            ],
            [
              0.004139834406623735,
              0.25132275132275134
            ],
            [
              0.0,
              0.25132275132275134
            ],
            [
              0.0,
              0.23696145124716553
            ]
          ]
        ]
      },
      "properties": {
        "segment_id": 30,
        "area": 12776,
        "bbox": [
          0.0,
          256.0,
          382.0,
          76.0
        ],
        "iou": 0.9511009454727173,
        "stability": 0.9491913318634033,
        "auto_generated": true,
        "model": "segment_anything"
      }
    },
    {
      "type": "Feature",
      "geometry": {
        "type": "Polygon",
        "coordinates": [
          [
            [
              0.0,
              0.25510204081632654
            ],
            [
              0.025298988040478382,
              0.25359032501889645
            ],
            [
              0.04714811407543698,
              0.2494331065759637
            ],
            [
              0.07152713891444343,
              0.24640967498110355
            ],
            [
              0.09521619135234591,
              0.24225245653817082
            ],
            [
              0.12097516099356026,
              0.24149659863945577
            ],
            [
              0.14581416743330267,
              0.23771730914588057
            ],
            [
              0.17065317387304507,
              0.23544973544973544
            ],
            [
              0.19595216191352346,
              0.23242630385487528
            ],
            [
              0.22125114995400183,
              0.22940287226001513
            ],
            [
              0.24793008279668813,
              0.22864701436130008
            ],
            [
              0.27138914443422263,
              0.2256235827664399
            ],
            [
              0.29484820607175716,
              0.22260015117157975
            ],
            [
              0.31784728610855567,
              0.21730914588057446
            ],
            [
              0.34314627414903404,
              0.21579743008314436
            ],
            [
              0.3684452621895124,
              0.21428571428571427
            ],
            [
              0.39190432382704693,
              0.21126228269085412
            ],
            [
              0.4172033118675253,
              0.20975056689342403
            ],
            [
              0.44250229990800366,
              0.20672713529856387
            ],
            [
              0.4678012879484821,
              0.2037037037037037
            ],
            [
              0.49310027598896045,
              0.20219198790627363
            ],
            [
              0.516559337626495,
              0.19916855631141345
            ],
            [
              0.5404783808647654,
              0.19690098261526834
            ],
            [
              0.563017479300828,
              0.1923658352229781
            ],
            [
              0.5892364305427783,
              0.190854119425548
            ],
            [
              0.6117755289788408,
              0.18631897203325776
            ],
            [
              0.6370745170193193,
              0.18480725623582767
            ],
            [
              0.6607635694572217,
              0.18594104308390022
            ],
            [
              0.656623735050598,
              0.2146636432350718
            ],
            [
              0.670883164673413,
              0.2237339380196523
            ],
            [
              0.6902023919043239,
              0.21541950113378686
            ],
            [
              0.6816927322907084,
              0.2399848828420257
            ],
            [
              0.6619135234590616,
              0.2490551776266062
            ],
            [
              0.6471941122355106,
              0.22864701436130008
            ],
            [
              0.6336246550137995,
              0.20634920634920634
            ],
            [
              0.6186752529898804,
              0.20823885109599397
            ],
            [
              0.6258049678012879,
              0.23960695389266817
            ],
            [
              0.641444342226311,
              0.2585034013605442
            ],
            [
              0.6478840846366145,
              0.2925170068027211
            ],
            [
              0.6490340386384544,
              0.31934996220710504
            ],
            [
              0.640064397424103,
              0.3492063492063492
            ],
            [
              0.6435142594296228,
              0.37906273620559333
            ],
            [
              0.6623735050597976,
              0.37150415721844293
            ],
            [
              0.6736430542778289,
              0.345427059712774
            ],
            [
              0.6936522539098436,
              0.3337112622826909
            ],
            [
              0.7104415823367065,
              0.3507180650037793
            ],
            [
              0.7178012879484821,
              0.3832199546485261
            ],
            [
              0.7159613615455381,
              0.42025699168556313
            ],
            [
              0.7072217111315547,
              0.4429327286470144
            ],
            [
              0.6922723091076357,
              0.46296296296296297
            ],
            [
              0.6775528978840847,
              0.4833711262282691
            ],
            [
              0.6665133394664213,
              0.5098261526832956
            ],
            [
              0.6504139834406624,
              0.5279667422524565
            ],
            [
              0.6336246550137995,
              0.5389266817838246
            ],
            [
              0.655933762649494,
              0.5423280423280423
            ],
            [
              0.6777828886844526,
              0.5381708238851096
            ],
            [
              0.6977920883164673,
              0.5445956160241875
            ],
            [
              0.718721251149954,
              0.5502645502645502
            ],
            [
              0.7394204231830727,
              0.5540438397581254
            ],
            [
              0.7621895124195032,
              0.5498866213151927
            ],
            [
              0.7847286108555658,
              0.5559334845049131
            ],
            [
              0.8068077276908924,
              0.5642479213907785
            ],
            [
              0.8293468261269549,
              0.5672713529856387
            ],
            [
              0.8118675252989881,
              0.5521541950113379
            ],
            [
              0.7902483900643974,
              0.5445956160241875
            ],
            [
              0.8061177552897885,
              0.528344671201814
            ],
            [
              0.7904783808647654,
              0.5109599395313681
            ],
            [
              0.7877184912603495,
              0.4958427815570673
            ],
            [
              0.7775988960441582,
              0.46863189720332576
            ],
            [
              0.7748390064397425,
              0.4346182917611489
            ],
            [
              0.7713891444342227,
              0.39720332577475437
            ],
            [
              0.765179392824287,
              0.36281179138321995
            ],
            [
              0.7792088316467342,
              0.3412698412698413
            ],
            [
              0.7890984360625575,
              0.3129251700680272
            ],
            [
              0.7840386384544619,
              0.2781557067271353
            ],
            [
              0.7729990800367985,
              0.25170068027210885
            ],
            [
              0.7709291628334867,
              0.21882086167800455
            ],
            [
              0.7596596136154554,
              0.20634920634920634
            ],
            [
              0.7454001839926403,
              0.2275132275132275
            ],
            [
              0.7493100275988961,
              0.2581254724111867
            ],
            [
              0.766559337626495,
              0.2743764172335601
            ],
            [
              0.7739190432382704,
              0.30385487528344673
            ],
            [
              0.7631094756209752,
              0.3306878306878307
            ],
            [
              0.7465501379944802,
              0.3148148148148148
            ],
            [
              0.7240110395584176,
              0.3072562358276644
            ],
            [
              0.7205611775528978,
              0.2758881330309902
            ],
            [
              0.7019319227230911,
              0.2679516250944822
            ],
            [
              0.7106715731370745,
              0.24452003023431595
            ],
            [
              0.7132014719411224,
              0.20861678004535147
            ],
            [
              0.702851885924563,
              0.1817838246409675
            ],
            [
              0.7249310027598896,
              0.1764928193499622
            ],
            [
              0.749770009199632,
              0.17422524565381708
            ],
            [
              0.7750689972401104,
              0.1712018140589569
            ],
            [
              0.7980680772769089,
              0.1674225245653817
            ],
            [
              0.8233670653173873,
              0.1659108087679516
            ],
            [
              0.8482060717571297,
              0.1636432350718065
            ],
            [
              0.8725850965961361,
              0.16061980347694632
            ],
            [
              0.8969641214351426,
              0.15759637188208617
            ],
            [
              0.921343146274149,
              0.154572940287226
            ],
            [
              0.9461821527138914,
              0.15230536659108088
            ],
            [
              0.9719411223551058,
              0.15003779289493574
            ],
            [
              0.9954001839926403,
              0.14852607709750568
            ],
            [
              0.0,
              0.25510204081632654
            ]
          ]
        ]
      },
      "properties": {
        "segment_id": 31,
        "area": 2150366,
        "bbox": [
          0.0,
          196.0,
          2173.0,
          1121.0
        ],
        "iou": 1.0358357429504395,
        "stability": 0.9719738364219666,
        "auto_generated": true,
        "model": "segment_anything"
      }
    },
    {
      "type": "Feature",
      "geometry": {
        "type": "Polygon",
        "coordinates": [
          [
            [
              0.7258509659613616,
              0.4894179894179894
            ],
            [
              0.7244710211591536,
              0.4894179894179894
            ],
            [
              0.7235510579576817,
              0.4886621315192744
            ],
            [
              0.7228610855565777,
              0.4875283446712018
            ],
            [
              0.7224011039558418,
              0.4860166288737717
            ],
            [
              0.7217111315547378,
              0.48488284202569915
            ],
            [
              0.7212511499540019,
              0.4833711262282691
            ],
            [
              0.7210211591536339,
              0.48148148148148145
            ],
            [
              0.7205611775528978,
              0.4799697656840514
            ],
            [
              0.7201011959521619,
              0.47845804988662133
            ],
            [
              0.7201011959521619,
              0.47619047619047616
            ],
            [
              0.7196412143514259,
              0.47467876039304613
            ],
            [
              0.7196412143514259,
              0.47241118669690096
            ],
            [
              0.7198712051517939,
              0.47052154195011336
            ],
            [
              0.7203311867525299,
              0.4690098261526833
            ],
            [
              0.7210211591536339,
              0.46787603930461075
            ],
            [
              0.7219411223551058,
              0.4671201814058957
            ],
            [
              0.7228610855565777,
              0.46636432350718066
            ],
            [
              0.7237810487580497,
              0.4656084656084656
            ],
            [
              0.7249310027598896,
              0.4652305366591081
            ],
            [
              0.7256209751609936,
              0.46409674981103555
            ],
            [
              0.7265409383624655,
              0.4633408919123205
            ],
            [
              0.7274609015639374,
              0.46258503401360546
            ],
            [
              0.7283808647654094,
              0.4618291761148904
            ],
            [
              0.7295308187672493,
              0.4614512471655329
            ],
            [
              0.7309107635694572,
              0.4614512471655329
            ],
            [
              0.7320607175712971,
              0.46107331821617537
            ],
            [
              0.7327506899724011,
              0.4599395313681028
            ],
            [
              0.7332106715731371,
              0.4584278155706727
            ],
            [
              0.733440662373505,
              0.4565381708238851
            ],
            [
              0.733900643974241,
              0.455026455026455
            ],
            [
              0.733900643974241,
              0.4527588813303099
            ],
            [
              0.734360625574977,
              0.4512471655328798
            ],
            [
              0.734820607175713,
              0.4497354497354497
            ],
            [
              0.735280588776449,
              0.4482237339380197
            ],
            [
              0.7357405703771849,
              0.4467120181405896
            ],
            [
              0.7362005519779209,
              0.4452003023431595
            ],
            [
              0.7366605335786569,
              0.4436885865457294
            ],
            [
              0.7371205151793928,
              0.4421768707482993
            ],
            [
              0.7375804967801288,
              0.4406651549508692
            ],
            [
              0.7375804967801288,
              0.4383975812547241
            ],
            [
              0.7368905243790248,
              0.43726379440665153
            ],
            [
              0.7364305427782889,
              0.4357520786092215
            ],
            [
              0.7359705611775529,
              0.4342403628117914
            ],
            [
              0.7357405703771849,
              0.4323507180650038
            ],
            [
              0.7357405703771849,
              0.43008314436885864
            ],
            [
              0.7357405703771849,
              0.42781557067271353
            ],
            [
              0.7362005519779209,
              0.42630385487528344
            ],
            [
              0.7368905243790248,
              0.42517006802721086
            ],
            [
              0.7378104875804968,
              0.42441421012849584
            ],
            [
              0.7385004599816007,
              0.42328042328042326
            ],
            [
              0.7389604415823368,
              0.4217687074829932
            ],
            [
              0.7394204231830727,
              0.42025699168556313
            ],
            [
              0.7398804047838087,
              0.41874527588813304
            ],
            [
              0.7405703771849126,
              0.41761148904006046
            ],
            [
              0.7410303587856486,
              0.41609977324263037
            ],
            [
              0.7414903403863845,
              0.4145880574452003
            ],
            [
              0.7421803127874885,
              0.41345427059712775
            ],
            [
              0.7428702851885924,
              0.41232048374905517
            ],
            [
              0.7442502299908004,
              0.41232048374905517
            ],
            [
              0.7456301747930083,
              0.41232048374905517
            ],
            [
              0.7465501379944802,
              0.41307634164777024
            ],
            [
              0.7477000919963201,
              0.41345427059712775
            ],
            [
              0.7486200551977921,
              0.41421012849584277
            ],
            [
              0.7493100275988961,
              0.41534391534391535
            ],
            [
              0.75,
              0.41647770219198793
            ],
            [
              0.7506899724011039,
              0.41761148904006046
            ],
            [
              0.7516099356025759,
              0.41836734693877553
            ],
            [
              0.7522999080036799,
              0.41950113378684806
            ],
            [
              0.7527598896044159,
              0.42101284958427815
            ],
            [
              0.7532198712051518,
              0.42252456538170824
            ],
            [
              0.7536798528058878,
              0.42403628117913833
            ],
            [
              0.7541398344066237,
              0.4255479969765684
            ],
            [
              0.7543698252069917,
              0.427437641723356
            ],
            [
              0.7541398344066237,
              0.42857142857142855
            ],
            [
              0.7541398344066237,
              0.4308390022675737
            ],
            [
              0.7541398344066237,
              0.4331065759637188
            ],
            [
              0.7536798528058878,
              0.4346182917611489
            ],
            [
              0.7532198712051518,
              0.436130007558579
            ],
            [
              0.7529898804047838,
              0.4380196523053666
            ],
            [
              0.7527598896044159,
              0.4399092970521542
            ],
            [
              0.7522999080036799,
              0.4414210128495843
            ],
            [
              0.7518399264029438,
              0.4429327286470144
            ],
            [
              0.7513799448022079,
              0.4444444444444444
            ],
            [
              0.7509199632014719,
              0.4459561602418745
            ],
            [
              0.750459981600736,
              0.4474678760393046
            ],
            [
              0.749770009199632,
              0.4486016628873772
            ],
            [
              0.7490800367985281,
              0.4497354497354497
            ],
            [
              0.7481600735970562,
              0.4504913076341648
            ],
            [
              0.7474701011959521,
              0.45162509448223737
            ],
            [
              0.7465501379944802,
              0.4523809523809524
            ],
            [
              0.7456301747930083,
              0.4531368102796674
            ],
            [
              0.7449402023919043,
              0.45427059712774
            ],
            [
              0.7440202391904324,
              0.455026455026455
            ],
            [
              0.7433302667893285,
              0.4561602418745276
            ],
            [
              0.7424103035878565,
              0.45691609977324266
            ],
            [
              0.7417203311867525,
              0.4580498866213152
            ],
            [
              0.7410303587856486,
              0.45918367346938777
            ],
            [
              0.7403403863845446,
              0.4603174603174603
            ],
            [
              0.7396504139834407,
              0.4614512471655329
            ],
            [
              0.7389604415823368,
              0.46258503401360546
            ],
            [
              0.7385004599816007,
              0.46409674981103555
            ],
            [
              0.7380404783808647,
              0.4656084656084656
            ],
            [
              0.7373505059797608,
              0.46674225245653816
            ],
            [
              0.7366605335786569,
              0.46787603930461075
            ],
            [
              0.7359705611775529,
              0.4690098261526833
            ],
            [
              0.735280588776449,
              0.47014361300075586
            ],
            [
              0.734590616375345,
              0.47127739984882844
            ],
            [
              0.734130634774609,
              0.47278911564625853
            ],
            [
              0.733440662373505,
              0.47392290249433106
            ],
            [
              0.7329806807727691,
              0.47543461829176115
            ],
            [
              0.7325206991720331,
              0.47694633408919124
            ],
            [
              0.7320607175712971,
              0.47845804988662133
            ],
            [
              0.7320607175712971,
              0.48072562358276644
            ],
            [
              0.7316007359705612,
              0.48223733938019653
            ],
            [
              0.7311407543698252,
              0.4837490551776266
            ],
            [
              0.7306807727690893,
              0.4852607709750567
            ],
            [
              0.7299908003679852,
              0.48639455782312924
            ],
            [
              0.7290708371665133,
              0.4871504157218443
            ],
            [
              0.7281508739650414,
              0.4879062736205593
            ],
            [
              0.7272309107635695,
              0.4886621315192744
            ],
            [
              0.7260809567617296,
              0.4890400604686319
            ],
            [
              0.7258509659613616,
              0.4894179894179894
            ]
          ]
        ]
      },
      "properties": {
        "segment_id": 31,
        "area": 2150366,
        "bbox": [
          0.0,
          196.0,
          2173.0,
          1121.0
        ],
        "iou": 1.0358357429504395,
        "stability": 0.9719738364219666,
        "auto_generated": true,
        "model": "segment_anything"
      }
    },
    {
      "type": "Feature",
      "geometry": {
        "type": "Polygon",
        "coordinates": [
          [
            [
              0.08946642134314628,
              0.6054421768707483
            ],
            [
              0.09429622815087396,
              0.6043083900226758
            ],
            [
              0.09935602575896964,
              0.6035525321239606
            ],
            [
              0.10349586016559338,
              0.6012849584278156
            ],
            [
              0.10878564857405704,
              0.6009070294784581
            ],
            [
              0.11269549218031279,
              0.5982615268329554
            ],
            [
              0.11637534498620056,
              0.5982615268329554
            ],
            [
              0.12051517939282429,
              0.5990173847316704
            ],
            [
              0.12419503219871206,
              0.5959939531368103
            ],
            [
              0.12833486660533577,
              0.5937263794406652
            ],
            [
              0.1327046918123275,
              0.5918367346938775
            ],
            [
              0.1375344986200552,
              0.590702947845805
            ],
            [
              0.1421343146274149,
              0.5891912320483749
            ],
            [
              0.14719411223551057,
              0.5884353741496599
            ],
            [
              0.15271389144434222,
              0.5884353741496599
            ],
            [
              0.15731370745170192,
              0.5869236583522298
            ],
            [
              0.16191352345906163,
              0.5854119425547997
            ],
            [
              0.16536338546458143,
              0.582010582010582
            ],
            [
              0.16973321067157313,
              0.5801209372637944
            ],
            [
              0.17433302667893286,
              0.5816326530612245
            ],
            [
              0.17893284268629256,
              0.5801209372637944
            ],
            [
              0.18330266789328428,
              0.5782312925170068
            ],
            [
              0.18767249310027598,
              0.5763416477702192
            ],
            [
              0.19273229070837167,
              0.5755857898715041
            ],
            [
              0.19779208831646733,
              0.5763416477702192
            ],
            [
              0.20285188592456302,
              0.5770975056689343
            ],
            [
              0.20837166513339467,
              0.5770975056689343
            ],
            [
              0.21389144434222632,
              0.5770975056689343
            ],
            [
              0.21941122355105797,
              0.5770975056689343
            ],
            [
              0.22493100275988961,
              0.5770975056689343
            ],
            [
              0.22907083716651333,
              0.5748299319727891
            ],
            [
              0.2325206991720331,
              0.5714285714285714
            ],
            [
              0.23597056117755288,
              0.5680272108843537
            ],
            [
              0.24103035878564857,
              0.5672713529856387
            ],
            [
              0.24655013799448022,
              0.5672713529856387
            ],
            [
              0.2516099356025759,
              0.5680272108843537
            ],
            [
              0.2562097516099356,
              0.5665154950869237
            ],
            [
              0.25965961361545536,
              0.563114134542706
            ],
            [
              0.2612695492180313,
              0.5566893424036281
            ],
            [
              0.25965961361545536,
              0.5510204081632653
            ],
            [
              0.2562097516099356,
              0.5476190476190477
            ],
            [
              0.2536798528058878,
              0.5427059712773998
            ],
            [
              0.2534498620055198,
              0.5340136054421769
            ],
            [
              0.25229990800367985,
              0.526832955404384
            ],
            [
              0.25137994480220793,
              0.5192743764172335
            ],
            [
              0.2509199632014719,
              0.5109599395313681
            ],
            [
              0.25045998160073596,
              0.5026455026455027
            ],
            [
              0.25,
              0.4943310657596372
            ],
            [
              0.24954001839926404,
              0.4860166288737717
            ],
            [
              0.24908003679852805,
              0.47770219198790626
            ],
            [
              0.24770009199632015,
              0.4708994708994709
            ],
            [
              0.2449402023919043,
              0.46636432350718066
            ],
            [
              0.24103035878564857,
              0.46825396825396826
            ],
            [
              0.23735050597976082,
              0.46674225245653816
            ],
            [
              0.23321067157313707,
              0.46749811035525324
            ],
            [
              0.22930082796688134,
              0.46485260770975056
            ],
            [
              0.22608095676172954,
              0.46787603930461075
            ],
            [
              0.22217111315547378,
              0.4690098261526833
            ],
            [
              0.218721251149954,
              0.4708994708994709
            ],
            [
              0.21481140754369826,
              0.47354497354497355
            ],
            [
              0.21021159153633856,
              0.47505668934240364
            ],
            [
              0.20561177552897883,
              0.47656840513983373
            ],
            [
              0.20285188592456302,
              0.48110355253212395
            ],
            [
              0.19963201471941122,
              0.48488284202569915
            ],
            [
              0.19549218031278748,
              0.4871504157218443
            ],
            [
              0.1922723091076357,
              0.4909297052154195
            ],
            [
              0.19020239190432384,
              0.4950869236583522
            ],
            [
              0.18698252069917204,
              0.4988662131519274
            ],
            [
              0.18261269549218032,
              0.499244142101285
            ],
            [
              0.17755289788408463,
              0.5
            ],
            [
              0.17249310027598896,
              0.500755857898715
            ],
            [
              0.16697332106715732,
              0.500755857898715
            ],
            [
              0.16329346826126956,
              0.5037792894935752
            ],
            [
              0.16007359705611776,
              0.5060468631897204
            ],
            [
              0.15662373505059798,
              0.509448223733938
            ],
            [
              0.15225390984360626,
              0.5113378684807256
            ],
            [
              0.14719411223551057,
              0.5120937263794406
            ],
            [
              0.1421343146274149,
              0.5113378684807256
            ],
            [
              0.1375344986200552,
              0.5128495842781557
            ],
            [
              0.1329346826126955,
              0.5143613000755858
            ],
            [
              0.12879484820607176,
              0.5151171579743008
            ],
            [
              0.12327506899724011,
              0.5151171579743008
            ],
            [
              0.11821527138914444,
              0.5158730158730159
            ],
            [
              0.1140754369825207,
              0.518140589569161
            ],
            [
              0.11016559337626496,
              0.5207860922146637
            ],
            [
              0.10717571297148114,
              0.5249433106575964
            ],
            [
              0.10303587856485741,
              0.5256991685563114
            ],
            [
              0.10188592456301748,
              0.5328798185941043
            ],
            [
              0.10050597976080956,
              0.5396825396825397
            ],
            [
              0.09705611775528979,
              0.5400604686318972
            ],
            [
              0.09199632014719411,
              0.5393046107331821
            ],
            [
              0.08693652253909843,
              0.5400604686318972
            ],
            [
              0.08187672493100276,
              0.5408163265306123
            ],
            [
              0.07704691812327506,
              0.5419501133786848
            ],
            [
              0.0733670653173873,
              0.544973544973545
            ],
            [
              0.07198712051517939,
              0.5517762660619804
            ],
            [
              0.07198712051517939,
              0.5608465608465608
            ],
            [
              0.07451701931922723,
              0.5657596371882087
            ],
            [
              0.0765869365225391,
              0.5714285714285714
            ],
            [
              0.07796688132474701,
              0.5782312925170068
            ],
            [
              0.07842686292548298,
              0.5865457294028723
            ],
            [
              0.07934682612695493,
              0.5941043083900227
            ],
            [
              0.08026678932842686,
              0.6016628873771731
            ],
            [
              0.08187672493100276,
              0.6035525321239606
            ],
            [
              0.08555657773689053,
              0.6050642479213908
            ],
            [
              0.08946642134314628,
              0.6054421768707483
            ]
          ]
        ]
      },
      "properties": {
        "segment_id": 31,
        "area": 2150366,
        "bbox": [
          0.0,
          196.0,
          2173.0,
          1121.0
        ],
        "iou": 1.0358357429504395,
        "stability": 0.9719738364219666,
        "auto_generated": true,
        "model": "segment_anything"
      }
    },
    {
      "type": "Feature",
      "geometry": {
        "type": "Polygon",
        "coordinates": [
          [
            [
              0.7474701011959521,
              0.5128495842781557
            ],
            [
              0.7470101195952162,
              0.5128495842781557
            ],
            [
              0.7465501379944802,
              0.5128495842781557
            ],
            [
              0.7460901563937442,
              0.5128495842781557
            ],
            [
              0.7456301747930083,
              0.5128495842781557
            ],
            [
              0.7451701931922723,
              0.5128495842781557
            ],
            [
              0.7447102115915364,
              0.5128495842781557
            ],
            [
              0.7442502299908004,
              0.5128495842781557
            ],
            [
              0.7440202391904324,
              0.5124716553287982
            ],
            [
              0.7437902483900644,
              0.5120937263794406
            ],
            [
              0.7433302667893285,
              0.5120937263794406
            ],
            [
              0.7428702851885924,
              0.5120937263794406
            ],
            [
              0.7424103035878565,
              0.5120937263794406
            ],
            [
              0.7419503219871205,
              0.5120937263794406
            ],
            [
              0.7414903403863845,
              0.5120937263794406
            ],
            [
              0.7410303587856486,
              0.5120937263794406
            ],
            [
              0.7405703771849126,
              0.5120937263794406
            ],
            [
              0.7401103955841767,
              0.5120937263794406
            ],
            [
              0.7398804047838087,
              0.5117157974300831
            ],
            [
              0.7396504139834407,
              0.5113378684807256
            ],
            [
              0.7391904323827047,
              0.5113378684807256
            ],
            [
              0.7387304507819688,
              0.5113378684807256
            ],
            [
              0.7382704691812327,
              0.5113378684807256
            ],
            [
              0.7380404783808647,
              0.5109599395313681
            ],
            [
              0.7378104875804968,
              0.5105820105820106
            ],
            [
              0.7375804967801288,
              0.5102040816326531
            ],
            [
              0.7373505059797608,
              0.5098261526832956
            ],
            [
              0.7371205151793928,
              0.509448223733938
            ],
            [
              0.7373505059797608,
              0.5090702947845805
            ],
            [
              0.7375804967801288,
              0.5086923658352229
            ],
            [
              0.7378104875804968,
              0.5083144368858654
            ],
            [
              0.7380404783808647,
              0.5079365079365079
            ],
            [
              0.7382704691812327,
              0.5075585789871504
            ],
            [
              0.7385004599816007,
              0.5071806500377929
            ],
            [
              0.7387304507819688,
              0.5068027210884354
            ],
            [
              0.7391904323827047,
              0.5068027210884354
            ],
            [
              0.7394204231830727,
              0.5064247921390779
            ],
            [
              0.7396504139834407,
              0.5060468631897204
            ],
            [
              0.7401103955841767,
              0.5060468631897204
            ],
            [
              0.7403403863845446,
              0.5056689342403629
            ],
            [
              0.7405703771849126,
              0.5052910052910053
            ],
            [
              0.7408003679852806,
              0.5049130763416477
            ],
            [
              0.7410303587856486,
              0.5045351473922902
            ],
            [
              0.7412603495860166,
              0.5041572184429327
            ],
            [
              0.7412603495860166,
              0.5034013605442177
            ],
            [
              0.7414903403863845,
              0.5030234315948602
            ],
            [
              0.7417203311867525,
              0.5026455026455027
            ],
            [
              0.7417203311867525,
              0.5018896447467877
            ],
            [
              0.7417203311867525,
              0.5011337868480725
            ],
            [
              0.7417203311867525,
              0.5003779289493575
            ],
            [
              0.7417203311867525,
              0.4996220710506425
            ],
            [
              0.7419503219871205,
              0.499244142101285
            ],
            [
              0.7421803127874885,
              0.4988662131519274
            ],
            [
              0.7421803127874885,
              0.4981103552532124
            ],
            [
              0.7421803127874885,
              0.4973544973544973
            ],
            [
              0.7421803127874885,
              0.4965986394557823
            ],
            [
              0.7421803127874885,
              0.4958427815570673
            ],
            [
              0.7421803127874885,
              0.4950869236583522
            ],
            [
              0.7424103035878565,
              0.4947089947089947
            ],
            [
              0.7426402943882244,
              0.4943310657596372
            ],
            [
              0.7426402943882244,
              0.4935752078609221
            ],
            [
              0.7426402943882244,
              0.4928193499622071
            ],
            [
              0.7426402943882244,
              0.49206349206349204
            ],
            [
              0.7426402943882244,
              0.491307634164777
            ],
            [
              0.7426402943882244,
              0.490551776266062
            ],
            [
              0.7428702851885924,
              0.49017384731670444
            ],
            [
              0.7431002759889604,
              0.4897959183673469
            ],
            [
              0.7431002759889604,
              0.4890400604686319
            ],
            [
              0.7433302667893285,
              0.4886621315192744
            ],
            [
              0.7435602575896965,
              0.48828420256991684
            ],
            [
              0.7437902483900644,
              0.4879062736205593
            ],
            [
              0.7440202391904324,
              0.4875283446712018
            ],
            [
              0.7442502299908004,
              0.4871504157218443
            ],
            [
              0.7447102115915364,
              0.4871504157218443
            ],
            [
              0.7449402023919043,
              0.48677248677248675
            ],
            [
              0.7451701931922723,
              0.48639455782312924
            ],
            [
              0.7456301747930083,
              0.48639455782312924
            ],
            [
              0.7458601655933763,
              0.4860166288737717
            ],
            [
              0.7460901563937442,
              0.4856386999244142
            ],
            [
              0.7465501379944802,
              0.4856386999244142
            ],
            [
              0.7467801287948482,
              0.4852607709750567
            ],
            [
              0.7470101195952162,
              0.48488284202569915
            ],
            [
              0.7474701011959521,
              0.48488284202569915
            ],
            [
              0.7477000919963201,
              0.4852607709750567
            ],
            [
              0.7479300827966882,
              0.4856386999244142
            ],
            [
              0.7481600735970562,
              0.4860166288737717
            ],
            [
              0.7483900643974241,
              0.48639455782312924
            ],
            [
              0.7486200551977921,
              0.48677248677248675
            ],
            [
              0.7486200551977921,
              0.4875283446712018
            ],
            [
              0.7488500459981601,
              0.4879062736205593
            ],
            [
              0.7490800367985281,
              0.48828420256991684
            ],
            [
              0.7490800367985281,
              0.4890400604686319
            ],
            [
              0.7493100275988961,
              0.4894179894179894
            ],
            [
              0.749540018399264,
              0.4897959183673469
            ],
            [
              0.749540018399264,
              0.490551776266062
            ],
            [
              0.749540018399264,
              0.491307634164777
            ],
            [
              0.749540018399264,
              0.49206349206349204
            ],
            [
              0.749540018399264,
              0.4928193499622071
            ],
            [
              0.749540018399264,
              0.4935752078609221
            ],
            [
              0.749540018399264,
              0.4943310657596372
            ],
            [
              0.749540018399264,
              0.4950869236583522
            ],
            [
              0.749540018399264,
              0.4958427815570673
            ],
            [
              0.749540018399264,
              0.4965986394557823
            ],
            [
              0.749540018399264,
              0.4973544973544973
            ],
            [
              0.749540018399264,
              0.4981103552532124
            ],
            [
              0.749540018399264,
              0.4988662131519274
            ],
            [
              0.749540018399264,
              0.4996220710506425
            ],
            [
              0.749540018399264,
              0.5003779289493575
            ],
            [
              0.7493100275988961,
              0.500755857898715
            ],
            [
              0.7490800367985281,
              0.5011337868480725
            ],
            [
              0.7490800367985281,
              0.5018896447467877
            ],
            [
              0.7490800367985281,
              0.5026455026455027
            ],
            [
              0.7490800367985281,
              0.5034013605442177
            ],
            [
              0.7490800367985281,
              0.5041572184429327
            ],
            [
              0.7490800367985281,
              0.5049130763416477
            ],
            [
              0.7490800367985281,
              0.5056689342403629
            ],
            [
              0.7490800367985281,
              0.5064247921390779
            ],
            [
              0.7493100275988961,
              0.5068027210884354
            ],
            [
              0.749540018399264,
              0.5071806500377929
            ],
            [
              0.749540018399264,
              0.5079365079365079
            ],
            [
              0.749540018399264,
              0.5086923658352229
            ],
            [
              0.749540018399264,
              0.509448223733938
            ],
            [
              0.7493100275988961,
              0.5098261526832956
            ],
            [
              0.7490800367985281,
              0.5102040816326531
            ],
            [
              0.7490800367985281,
              0.5109599395313681
            ],
            [
              0.7488500459981601,
              0.5113378684807256
            ],
            [
              0.7486200551977921,
              0.5117157974300831
            ],
            [
              0.7483900643974241,
              0.5120937263794406
            ],
            [
              0.7479300827966882,
              0.5120937263794406
            ],
            [
              0.7477000919963201,
              0.5124716553287982
            ],
            [
              0.7474701011959521,
              0.5128495842781557
            ],
            [
              0.7474701011959521,
              0.5128495842781557
            ]
          ]
        ]
      },
      "properties": {
        "segment_id": 31,
        "area": 2150366,
        "bbox": [
          0.0,
          196.0,
          2173.0,
          1121.0
        ],
        "iou": 1.0358357429504395,
        "stability": 0.9719738364219666,
        "auto_generated": true,
        "model": "segment_anything"
      }
    },
    {
      "type": "Feature",
      "geometry": {
        "type": "Polygon",
        "coordinates": [
          [
            [
              0.6927322907083716,
              0.5279667422524565
            ],
            [
              0.6918123275068997,
              0.5279667422524565
            ],
            [
              0.6908923643054278,
              0.5279667422524565
            ],
            [
              0.6899724011039559,
              0.5279667422524565
            ],
            [
              0.6890524379024839,
              0.5279667422524565
            ],
            [
              0.6885924563017479,
              0.5272108843537415
            ],
            [
              0.687902483900644,
              0.526832955404384
            ],
            [
              0.68721251149954,
              0.5264550264550265
            ],
            [
              0.6862925482980681,
              0.5264550264550265
            ],
            [
              0.6856025758969642,
              0.5260770975056689
            ],
            [
              0.6849126034958601,
              0.5256991685563114
            ],
            [
              0.6842226310947562,
              0.5260770975056689
            ],
            [
              0.6835326586936522,
              0.5264550264550265
            ],
            [
              0.6826126954921803,
              0.5264550264550265
            ],
            [
              0.6816927322907084,
              0.5264550264550265
            ],
            [
              0.6807727690892365,
              0.5264550264550265
            ],
            [
              0.6798528058877645,
              0.5264550264550265
            ],
            [
              0.6789328426862925,
              0.5264550264550265
            ],
            [
              0.6780128794848206,
              0.5264550264550265
            ],
            [
              0.6775528978840847,
              0.5256991685563114
            ],
            [
              0.6766329346826127,
              0.5256991685563114
            ],
            [
              0.6759429622815087,
              0.5253212396069539
            ],
            [
              0.6752529898804048,
              0.5249433106575964
            ],
            [
              0.6747930082796688,
              0.5241874527588813
            ],
            [
              0.6741030358785649,
              0.5238095238095238
            ],
            [
              0.6741030358785649,
              0.5222978080120937
            ],
            [
              0.6745630174793008,
              0.5215419501133787
            ],
            [
              0.6752529898804048,
              0.5211640211640212
            ],
            [
              0.6757129714811407,
              0.5204081632653061
            ],
            [
              0.6761729530818767,
              0.5196523053665911
            ],
            [
              0.6766329346826127,
              0.518896447467876
            ],
            [
              0.6773229070837167,
              0.5185185185185185
            ],
            [
              0.6780128794848206,
              0.518140589569161
            ],
            [
              0.6784728610855566,
              0.517384731670446
            ],
            [
              0.6789328426862925,
              0.516628873771731
            ],
            [
              0.6796228150873965,
              0.5162509448223734
            ],
            [
              0.6800827966881324,
              0.5154950869236583
            ],
            [
              0.6803127874885004,
              0.5143613000755858
            ],
            [
              0.6805427782888684,
              0.5132275132275133
            ],
            [
              0.6810027598896045,
              0.5124716553287982
            ],
            [
              0.6810027598896045,
              0.5109599395313681
            ],
            [
              0.6814627414903404,
              0.5102040816326531
            ],
            [
              0.6816927322907084,
              0.5090702947845805
            ],
            [
              0.6819227230910764,
              0.5079365079365079
            ],
            [
              0.6823827046918123,
              0.5071806500377929
            ],
            [
              0.6828426862925483,
              0.5064247921390779
            ],
            [
              0.6830726770929163,
              0.5052910052910053
            ],
            [
              0.6833026678932843,
              0.5041572184429327
            ],
            [
              0.6837626494940202,
              0.5034013605442177
            ],
            [
              0.6842226310947562,
              0.5026455026455027
            ],
            [
              0.6846826126954921,
              0.5018896447467877
            ],
            [
              0.6851425942962281,
              0.5011337868480725
            ],
            [
              0.6856025758969642,
              0.5003779289493575
            ],
            [
              0.6860625574977001,
              0.4996220710506425
            ],
            [
              0.6865225390984361,
              0.4988662131519274
            ],
            [
              0.686982520699172,
              0.4981103552532124
            ],
            [
              0.686982520699172,
              0.4965986394557823
            ],
            [
              0.687442502299908,
              0.4958427815570673
            ],
            [
              0.687442502299908,
              0.4943310657596372
            ],
            [
              0.687672493100276,
              0.4931972789115646
            ],
            [
              0.687902483900644,
              0.49206349206349204
            ],
            [
              0.6881324747010119,
              0.4909297052154195
            ],
            [
              0.6883624655013799,
              0.4897959183673469
            ],
            [
              0.6888224471021159,
              0.4890400604686319
            ],
            [
              0.6892824287028518,
              0.48828420256991684
            ],
            [
              0.6899724011039559,
              0.4879062736205593
            ],
            [
              0.6906623735050598,
              0.4875283446712018
            ],
            [
              0.6913523459061638,
              0.4871504157218443
            ],
            [
              0.6920423183072677,
              0.48677248677248675
            ],
            [
              0.6927322907083716,
              0.48639455782312924
            ],
            [
              0.6931922723091076,
              0.4871504157218443
            ],
            [
              0.6936522539098436,
              0.4879062736205593
            ],
            [
              0.6938822447102115,
              0.4890400604686319
            ],
            [
              0.6943422263109476,
              0.4897959183673469
            ],
            [
              0.6943422263109476,
              0.491307634164777
            ],
            [
              0.6943422263109476,
              0.4928193499622071
            ],
            [
              0.6943422263109476,
              0.4943310657596372
            ],
            [
              0.6948022079116836,
              0.4950869236583522
            ],
            [
              0.6948022079116836,
              0.4965986394557823
            ],
            [
              0.6948022079116836,
              0.4981103552532124
            ],
            [
              0.6948022079116836,
              0.4996220710506425
            ],
            [
              0.6948022079116836,
              0.5011337868480725
            ],
            [
              0.6948022079116836,
              0.5026455026455027
            ],
            [
              0.6948022079116836,
              0.5041572184429327
            ],
            [
              0.6948022079116836,
              0.5056689342403629
            ],
            [
              0.6948022079116836,
              0.5071806500377929
            ],
            [
              0.6948022079116836,
              0.5086923658352229
            ],
            [
              0.6948022079116836,
              0.5102040816326531
            ],
            [
              0.6948022079116836,
              0.5117157974300831
            ],
            [
              0.6948022079116836,
              0.5132275132275133
            ],
            [
              0.6948022079116836,
              0.5147392290249433
            ],
            [
              0.6948022079116836,
              0.5162509448223734
            ],
            [
              0.6948022079116836,
              0.5177626606198035
            ],
            [
              0.6950321987120515,
              0.518896447467876
            ],
            [
              0.6952621895124195,
              0.5200302343159486
            ],
            [
              0.6952621895124195,
              0.5215419501133787
            ],
            [
              0.6952621895124195,
              0.5230536659108088
            ],
            [
              0.6948022079116836,
              0.5238095238095238
            ],
            [
              0.6945722171113156,
              0.5249433106575964
            ],
            [
              0.6943422263109476,
              0.5260770975056689
            ],
            [
              0.6938822447102115,
              0.526832955404384
            ],
            [
              0.6931922723091076,
              0.5272108843537415
            ],
            [
              0.6927322907083716,
              0.5279667422524565
            ]
          ]
        ]
      },
      "properties": {
        "segment_id": 31,
        "area": 2150366,
        "bbox": [
          0.0,
          196.0,
          2173.0,
          1121.0
        ],
        "iou": 1.0358357429504395,
        "stability": 0.9719738364219666,
        "auto_generated": true,
        "model": "segment_anything"
      }
    },
    {
      "type": "Feature",
      "geometry": {
        "type": "Polygon",
        "coordinates": [
          [
            [
              0.7677092916283349,
              0.5030234315948602
            ],
            [
              0.7672493100275989,
              0.5030234315948602
            ],
            [
              0.7667893284268629,
              0.5030234315948602
            ],
            [
              0.766559337626495,
              0.5026455026455027
            ],
            [
              0.766559337626495,
              0.5018896447467877
            ],
            [
              0.766329346826127,
              0.50151171579743
            ],
            [
              0.766099356025759,
              0.5011337868480725
            ],
            [
              0.766099356025759,
              0.5003779289493575
            ],
            [
              0.766099356025759,
              0.4996220710506425
            ],
            [
              0.766099356025759,
              0.4988662131519274
            ],
            [
              0.765869365225391,
              0.4984882842025699
            ],
            [
              0.765639374425023,
              0.4981103552532124
            ],
            [
              0.765639374425023,
              0.4973544973544973
            ],
            [
              0.765639374425023,
              0.4965986394557823
            ],
            [
              0.765639374425023,
              0.4958427815570673
            ],
            [
              0.765639374425023,
              0.4950869236583522
            ],
            [
              0.765639374425023,
              0.4943310657596372
            ],
            [
              0.765639374425023,
              0.4935752078609221
            ],
            [
              0.765639374425023,
              0.4928193499622071
            ],
            [
              0.765639374425023,
              0.49206349206349204
            ],
            [
              0.765869365225391,
              0.4916855631141345
            ],
            [
              0.766099356025759,
              0.491307634164777
            ],
            [
              0.766099356025759,
              0.490551776266062
            ],
            [
              0.766329346826127,
              0.49017384731670444
            ],
            [
              0.766559337626495,
              0.4897959183673469
            ],
            [
              0.7667893284268629,
              0.4894179894179894
            ],
            [
              0.7672493100275989,
              0.4894179894179894
            ],
            [
              0.7674793008279669,
              0.4890400604686319
            ],
            [
              0.7677092916283349,
              0.4886621315192744
            ],
            [
              0.7679392824287029,
              0.4890400604686319
            ],
            [
              0.7681692732290708,
              0.4894179894179894
            ],
            [
              0.7683992640294388,
              0.4897959183673469
            ],
            [
              0.7686292548298068,
              0.49017384731670444
            ],
            [
              0.7688592456301748,
              0.490551776266062
            ],
            [
              0.7690892364305428,
              0.4909297052154195
            ],
            [
              0.7693192272309107,
              0.491307634164777
            ],
            [
              0.7695492180312787,
              0.4916855631141345
            ],
            [
              0.7697792088316467,
              0.49206349206349204
            ],
            [
              0.7697792088316467,
              0.4928193499622071
            ],
            [
              0.7700091996320148,
              0.4931972789115646
            ],
            [
              0.7702391904323828,
              0.4935752078609221
            ],
            [
              0.7702391904323828,
              0.4943310657596372
            ],
            [
              0.7702391904323828,
              0.4950869236583522
            ],
            [
              0.7704691812327507,
              0.4954648526077097
            ],
            [
              0.7706991720331187,
              0.4958427815570673
            ],
            [
              0.7706991720331187,
              0.4965986394557823
            ],
            [
              0.7706991720331187,
              0.4973544973544973
            ],
            [
              0.7704691812327507,
              0.4977324263038549
            ],
            [
              0.7702391904323828,
              0.4981103552532124
            ],
            [
              0.7700091996320148,
              0.4984882842025699
            ],
            [
              0.7697792088316467,
              0.4988662131519274
            ],
            [
              0.7697792088316467,
              0.4996220710506425
            ],
            [
              0.7695492180312787,
              0.5
            ],
            [
              0.7693192272309107,
              0.5003779289493575
            ],
            [
              0.7690892364305428,
              0.500755857898715
            ],
            [
              0.7688592456301748,
              0.5011337868480725
            ],
            [
              0.7686292548298068,
              0.50151171579743
            ],
            [
              0.7683992640294388,
              0.5018896447467877
            ],
            [
              0.7681692732290708,
              0.5022675736961452
            ],
            [
              0.7679392824287029,
              0.5026455026455027
            ],
            [
              0.7677092916283349,
              0.5030234315948602
            ],
            [
              0.7677092916283349,
              0.5030234315948602
            ]
          ]
        ]
      },
      "properties": {
        "segment_id": 31,
        "area": 2150366,
        "bbox": [
          0.0,
          196.0,
          2173.0,
          1121.0
        ],
        "iou": 1.0358357429504395,
        "stability": 0.9719738364219666,
        "auto_generated": true,
        "model": "segment_anything"
      }
    },
    {
      "type": "Feature",
      "geometry": {
        "type": "Polygon",
        "coordinates": [
          [
            [
              0.7631094756209752,
              0.5377928949357521
            ],
            [
              0.7621895124195032,
              0.5377928949357521
            ],
            [
              0.7612695492180312,
              0.5377928949357521
            ],
            [
              0.7603495860165593,
              0.5377928949357521
            ],
            [
              0.7594296228150874,
              0.5377928949357521
            ],
            [
              0.7585096596136155,
              0.5377928949357521
            ],
            [
              0.7575896964121435,
              0.5377928949357521
            ],
            [
              0.7566697332106715,
              0.5377928949357521
            ],
            [
              0.7557497700091996,
              0.5377928949357521
            ],
            [
              0.7548298068077277,
              0.5377928949357521
            ],
            [
              0.7539098436062558,
              0.5377928949357521
            ],
            [
              0.7529898804047838,
              0.5377928949357521
            ],
            [
              0.7520699172033118,
              0.5377928949357521
            ],
            [
              0.7511499540018399,
              0.5377928949357521
            ],
            [
              0.750229990800368,
              0.5377928949357521
            ],
            [
              0.7493100275988961,
              0.5377928949357521
            ],
            [
              0.7483900643974241,
              0.5377928949357521
            ],
            [
              0.7474701011959521,
              0.5377928949357521
            ],
            [
              0.7465501379944802,
              0.5377928949357521
            ],
            [
              0.7456301747930083,
              0.5377928949357521
            ],
            [
              0.7447102115915364,
              0.5377928949357521
            ],
            [
              0.7437902483900644,
              0.5377928949357521
            ],
            [
              0.7428702851885924,
              0.5377928949357521
            ],
            [
              0.7419503219871205,
              0.5377928949357521
            ],
            [
              0.7414903403863845,
              0.5370370370370371
            ],
            [
              0.7405703771849126,
              0.5370370370370371
            ],
            [
              0.7396504139834407,
              0.5370370370370371
            ],
            [
              0.7389604415823368,
              0.5366591080876795
            ],
            [
              0.7382704691812327,
              0.536281179138322
            ],
            [
              0.7375804967801288,
              0.5359032501889645
            ],
            [
              0.7368905243790248,
              0.5355253212396069
            ],
            [
              0.7362005519779209,
              0.5351473922902494
            ],
            [
              0.7362005519779209,
              0.5336356764928194
            ],
            [
              0.7357405703771849,
              0.5328798185941043
            ],
            [
              0.7357405703771849,
              0.5313681027966742
            ],
            [
              0.7357405703771849,
              0.5298563869992441
            ],
            [
              0.7357405703771849,
              0.528344671201814
            ],
            [
              0.7362005519779209,
              0.527588813303099
            ],
            [
              0.7368905243790248,
              0.5272108843537415
            ],
            [
              0.7378104875804968,
              0.5272108843537415
            ],
            [
              0.7382704691812327,
              0.5279667422524565
            ],
            [
              0.7391904323827047,
              0.5279667422524565
            ],
            [
              0.7401103955841767,
              0.5279667422524565
            ],
            [
              0.7408003679852806,
              0.527588813303099
            ],
            [
              0.7414903403863845,
              0.5272108843537415
            ],
            [
              0.7419503219871205,
              0.5264550264550265
            ],
            [
              0.7428702851885924,
              0.5264550264550265
            ],
            [
              0.7433302667893285,
              0.5256991685563114
            ],
            [
              0.7442502299908004,
              0.5256991685563114
            ],
            [
              0.7451701931922723,
              0.5256991685563114
            ],
            [
              0.7460901563937442,
              0.5256991685563114
            ],
            [
              0.7470101195952162,
              0.5256991685563114
            ],
            [
              0.7479300827966882,
              0.5256991685563114
            ],
            [
              0.7483900643974241,
              0.5264550264550265
            ],
            [
              0.7493100275988961,
              0.5264550264550265
            ],
            [
              0.75,
              0.526832955404384
            ],
            [
              0.7506899724011039,
              0.5272108843537415
            ],
            [
              0.7516099356025759,
              0.5272108843537415
            ],
            [
              0.7525298988040479,
              0.5272108843537415
            ],
            [
              0.7532198712051518,
              0.527588813303099
            ],
            [
              0.7539098436062558,
              0.5279667422524565
            ],
            [
              0.7548298068077277,
              0.5279667422524565
            ],
            [
              0.7557497700091996,
              0.5279667422524565
            ],
            [
              0.7564397424103035,
              0.527588813303099
            ],
            [
              0.7571297148114076,
              0.5272108843537415
            ],
            [
              0.7580496780128795,
              0.5272108843537415
            ],
            [
              0.7587396504139834,
              0.526832955404384
            ],
            [
              0.7594296228150874,
              0.5264550264550265
            ],
            [
              0.7601195952161913,
              0.526832955404384
            ],
            [
              0.7608095676172953,
              0.5272108843537415
            ],
            [
              0.7617295308187673,
              0.5272108843537415
            ],
            [
              0.7626494940202392,
              0.5272108843537415
            ],
            [
              0.7633394664213431,
              0.527588813303099
            ],
            [
              0.7640294388224471,
              0.5279667422524565
            ],
            [
              0.764489420423183,
              0.5272108843537415
            ],
            [
              0.765409383624655,
              0.5272108843537415
            ],
            [
              0.766329346826127,
              0.5272108843537415
            ],
            [
              0.7672493100275989,
              0.5272108843537415
            ],
            [
              0.7681692732290708,
              0.5272108843537415
            ],
            [
              0.7690892364305428,
              0.5272108843537415
            ],
            [
              0.7700091996320148,
              0.5272108843537415
            ],
            [
              0.7704691812327507,
              0.5279667422524565
            ],
            [
              0.7713891444342227,
              0.5279667422524565
            ],
            [
              0.7718491260349586,
              0.5287226001511716
            ],
            [
              0.7720791168353266,
              0.5298563869992441
            ],
            [
              0.7720791168353266,
              0.5313681027966742
            ],
            [
              0.7716191352345906,
              0.5321239606953893
            ],
            [
              0.7713891444342227,
              0.5332577475434618
            ],
            [
              0.7709291628334867,
              0.5340136054421769
            ],
            [
              0.7704691812327507,
              0.5347694633408919
            ],
            [
              0.7697792088316467,
              0.5351473922902494
            ],
            [
              0.7690892364305428,
              0.5355253212396069
            ],
            [
              0.7681692732290708,
              0.5355253212396069
            ],
            [
              0.7674793008279669,
              0.5359032501889645
            ],
            [
              0.7667893284268629,
              0.536281179138322
            ],
            [
              0.765869365225391,
              0.536281179138322
            ],
            [
              0.765179392824287,
              0.5366591080876795
            ],
            [
              0.764489420423183,
              0.5370370370370371
            ],
            [
              0.7635694572217111,
              0.5370370370370371
            ],
            [
              0.7631094756209752,
              0.5377928949357521
            ]
          ]
        ]
      },
      "properties": {
        "segment_id": 31,
        "area": 2150366,
        "bbox": [
          0.0,
          196.0,
          2173.0,
          1121.0
        ],
        "iou": 1.0358357429504395,
        "stability": 0.9719738364219666,
        "auto_generated": true,
        "model": "segment_anything"
      }
    },
    {
      "type": "Feature",
      "geometry": {
        "type": "Polygon",
        "coordinates": [
          [
            [
              0.999540018399264,
              0.9950869236583523
            ],
            [
              0.9894204231830727,
              0.9958427815570673
            ],
            [
              0.9793008279668813,
              0.9950869236583523
            ],
            [
              0.9694112235510579,
              0.9947089947089947
            ],
            [
              0.9599816007359706,
              0.9950869236583523
            ],
            [
              0.9503219871205152,
              0.9950869236583523
            ],
            [
              0.9411223551057958,
              0.9943310657596371
            ],
            [
              0.9314627414903404,
              0.9943310657596371
            ],
            [
              0.921803127874885,
              0.9943310657596371
            ],
            [
              0.9121435142594296,
              0.9943310657596371
            ],
            [
              0.9031738730450782,
              0.9947089947089947
            ],
            [
              0.8932842686292548,
              0.9935752078609221
            ],
            [
              0.8836246550137995,
              0.9935752078609221
            ],
            [
              0.87442502299908,
              0.9943310657596371
            ],
            [
              0.8647654093836247,
              0.9943310657596371
            ],
            [
              0.8551057957681693,
              0.9943310657596371
            ],
            [
              0.8449862005519779,
              0.9935752078609221
            ],
            [
              0.8357865685372585,
              0.9943310657596371
            ],
            [
              0.8263569457221711,
              0.9947089947089947
            ],
            [
              0.8164673413063478,
              0.9943310657596371
            ],
            [
              0.8068077276908924,
              0.9943310657596371
            ],
            [
              0.797148114075437,
              0.9943310657596371
            ],
            [
              0.7874885004599816,
              0.9943310657596371
            ],
            [
              0.7778288868445262,
              0.9943310657596371
            ],
            [
              0.7686292548298068,
              0.9935752078609221
            ],
            [
              0.7589696412143514,
              0.9935752078609221
            ],
            [
              0.749540018399264,
              0.9939531368102796
            ],
            [
              0.7401103955841767,
              0.9943310657596371
            ],
            [
              0.7304507819687213,
              0.9943310657596371
            ],
            [
              0.7203311867525299,
              0.9935752078609221
            ],
            [
              0.7106715731370745,
              0.9935752078609221
            ],
            [
              0.7000919963201472,
              0.9935752078609221
            ],
            [
              0.6895124195032198,
              0.9935752078609221
            ],
            [
              0.6789328426862925,
              0.9935752078609221
            ],
            [
              0.6683532658693653,
              0.9935752078609221
            ],
            [
              0.6577736890524379,
              0.9935752078609221
            ],
            [
              0.6471941122355106,
              0.9935752078609221
            ],
            [
              0.6370745170193193,
              0.9943310657596371
            ],
            [
              0.6278748850045999,
              0.9935752078609221
            ],
            [
              0.6182152713891444,
              0.9935752078609221
            ],
            [
              0.609015639374425,
              0.9943310657596371
            ],
            [
              0.5993560257589696,
              0.9943310657596371
            ],
            [
              0.5896964121435143,
              0.9943310657596371
            ],
            [
              0.579116835326587,
              0.9943310657596371
            ],
            [
              0.5685372585096596,
              0.9943310657596371
            ],
            [
              0.5579576816927323,
              0.9943310657596371
            ],
            [
              0.547378104875805,
              0.9943310657596371
            ],
            [
              0.5367985280588776,
              0.9943310657596371
            ],
            [
              0.5262189512419503,
              0.9943310657596371
            ],
            [
              0.516559337626495,
              0.9943310657596371
            ],
            [
              0.5064397424103035,
              0.9950869236583523
            ],
            [
              0.4963201471941122,
              0.9943310657596371
            ],
            [
              0.48666053357865685,
              0.9943310657596371
            ],
            [
              0.4760809567617295,
              0.9943310657596371
            ],
            [
              0.46642134314627415,
              0.9943310657596371
            ],
            [
              0.4567617295308188,
              0.9943310657596371
            ],
            [
              0.44618215271389144,
              0.9943310657596371
            ],
            [
              0.4365225390984361,
              0.9943310657596371
            ],
            [
              0.42686292548298066,
              0.9943310657596371
            ],
            [
              0.4172033118675253,
              0.9943310657596371
            ],
            [
              0.40846366145354185,
              0.9943310657596371
            ],
            [
              0.39949402023919045,
              0.9939531368102796
            ],
            [
              0.39006439742410304,
              0.9943310657596371
            ],
            [
              0.3804047838086477,
              0.9943310657596371
            ],
            [
              0.37074517019319225,
              0.9943310657596371
            ],
            [
              0.36154553817847285,
              0.9935752078609221
            ],
            [
              0.3514259429622815,
              0.9943310657596371
            ],
            [
              0.3426862925482981,
              0.9943310657596371
            ],
            [
              0.3327966881324747,
              0.9947089947089947
            ],
            [
              0.3224471021159154,
              0.9943310657596371
            ],
            [
              0.31278748850046,
              0.9943310657596371
            ],
            [
              0.30266789328426863,
              0.9950869236583523
            ],
            [
              0.29254829806807725,
              0.9943310657596371
            ],
            [
              0.2828886844526219,
              0.9943310657596371
            ],
            [
              0.27276908923643056,
              0.9950869236583523
            ],
            [
              0.2626494940202392,
              0.9943310657596371
            ],
            [
              0.2529898804047838,
              0.9943310657596371
            ],
            [
              0.24379024839006438,
              0.9950869236583523
            ],
            [
              0.23390064397424104,
              0.9947089947089947
            ],
            [
              0.22401103955841767,
              0.9958427815570673
            ],
            [
              0.21389144434222632,
              0.9950869236583523
            ],
            [
              0.2046918123275069,
              0.9943310657596371
            ],
            [
              0.19457221711131556,
              0.9950869236583523
            ],
            [
              0.1858325666973321,
              0.9950869236583523
            ],
            [
              0.17617295308187672,
              0.9950869236583523
            ],
            [
              0.16651333946642136,
              0.9950869236583523
            ],
            [
              0.15685372585096596,
              0.9950869236583523
            ],
            [
              0.1467341306347746,
              0.9958427815570673
            ],
            [
              0.13661453541858326,
              0.9950869236583523
            ],
            [
              0.12695492180312787,
              0.9950869236583523
            ],
            [
              0.11683532658693652,
              0.9958427815570673
            ],
            [
              0.10671573137074516,
              0.9950869236583523
            ],
            [
              0.09705611775528979,
              0.9950869236583523
            ],
            [
              0.08647654093836246,
              0.9950869236583523
            ],
            [
              0.07681692732290708,
              0.9950869236583523
            ],
            [
              0.06669733210671573,
              0.9958427815570673
            ],
            [
              0.05657773689052438,
              0.9950869236583523
            ],
            [
              0.046918123275068994,
              0.9950869236583523
            ],
            [
              0.03679852805887764,
              0.9958427815570673
            ],
            [
              0.02667893284268629,
              0.9950869236583523
            ],
            [
              0.01701931922723091,
              0.9950869236583523
            ],
            [
              0.0078196872125115,
              0.9958427815570673
            ],
            [
              0.999540018399264,
              0.9950869236583523
            ]
          ]
        ]
      },
      "properties": {
        "segment_id": 31,
        "area": 2150366,
        "bbox": [
          0.0,
          196.0,
          2173.0,
          1121.0
        ],
        "iou": 1.0358357429504395,
        "stability": 0.9719738364219666,
        "auto_generated": true,
        "model": "segment_anything"
      }
    },
    {
      "type": "Feature",
      "geometry": {
        "type": "Polygon",
        "coordinates": [
          [
            [
              0.999540018399264,
              0.08881330309901739
            ],
            [
              0.9894204231830727,
              0.08654572940287227
            ],
            [
              0.9783808647654094,
              0.0873015873015873
            ],
            [
              0.9668813247470102,
              0.0873015873015873
            ],
            [
              0.9572217111315547,
              0.09032501889644746
            ],
            [
              0.9475620975160993,
              0.09334845049130763
            ],
            [
              0.936982520699172,
              0.09486016628873772
            ],
            [
              0.9268629254829807,
              0.09712773998488285
            ],
            [
              0.9167433302667893,
              0.09939531368102797
            ],
            [
              0.9075436982520699,
              0.09561602418745276
            ],
            [
              0.8985740570377185,
              0.09145880574452003
            ],
            [
              0.8891444342226311,
              0.08805744520030234
            ],
            [
              0.8785648574057038,
              0.08654572940287227
            ],
            [
              0.8684452621895125,
              0.0873015873015873
            ],
            [
              0.8574057037718491,
              0.08805744520030234
            ],
            [
              0.8468261269549218,
              0.08805744520030234
            ],
            [
              0.8362465501379944,
              0.08805744520030234
            ],
            [
              0.8252069917203312,
              0.0873015873015873
            ],
            [
              0.8141674333026679,
              0.08805744520030234
            ],
            [
              0.8031278748850046,
              0.08881330309901739
            ],
            [
              0.7925482980680773,
              0.08881330309901739
            ],
            [
              0.781048758049678,
              0.08881330309901739
            ],
            [
              0.7695492180312787,
              0.08881330309901739
            ],
            [
              0.7594296228150874,
              0.09108087679516251
            ],
            [
              0.7488500459981601,
              0.09259259259259259
            ],
            [
              0.7382704691812327,
              0.09108087679516251
            ],
            [
              0.7286108555657773,
              0.08805744520030234
            ],
            [
              0.7198712051517939,
              0.0835222978080121
            ],
            [
              0.7086016559337627,
              0.08314436885865457
            ],
            [
              0.6991720331186753,
              0.07974300831443688
            ],
            [
              0.6881324747010119,
              0.08049886621315193
            ],
            [
              0.6775528978840847,
              0.082010582010582
            ],
            [
              0.6681232750689973,
              0.0854119425547997
            ],
            [
              0.6584636614535418,
              0.08843537414965986
            ],
            [
              0.6476540938362465,
              0.08956916099773243
            ],
            [
              0.6370745170193193,
              0.09108087679516251
            ],
            [
              0.6271849126034958,
              0.09372637944066516
            ],
            [
              0.6172953081876725,
              0.0963718820861678
            ],
            [
              0.6067157313707452,
              0.09788359788359788
            ],
            [
              0.5968261269549218,
              0.09523809523809523
            ],
            [
              0.5869365225390984,
              0.09259259259259259
            ],
            [
              0.577276908923643,
              0.09561602418745276
            ],
            [
              0.5671573137074517,
              0.09788359788359788
            ],
            [
              0.5570377184912604,
              0.09863945578231292
            ],
            [
              0.546228150873965,
              0.0982615268329554
            ],
            [
              0.5367985280588776,
              0.10166288737717309
            ],
            [
              0.5262189512419503,
              0.10317460317460317
            ],
            [
              0.515869365225391,
              0.10506424792139078
            ],
            [
              0.5055197792088316,
              0.10695389266817838
            ],
            [
              0.49494020239190434,
              0.10846560846560846
            ],
            [
              0.484360625574977,
              0.10997732426303855
            ],
            [
              0.47378104875804966,
              0.11148904006046863
            ],
            [
              0.4632014719411224,
              0.11300075585789872
            ],
            [
              0.453081876724931,
              0.11526832955404384
            ],
            [
              0.44342226310947563,
              0.11829176114890401
            ],
            [
              0.43422263109475623,
              0.12207105064247921
            ],
            [
              0.4250229990800368,
              0.12585034013605442
            ],
            [
              0.4153633854645814,
              0.12887377173091458
            ],
            [
              0.4052437902483901,
              0.1311413454270597
            ],
            [
              0.3951241950321987,
              0.13340891912320485
            ],
            [
              0.3859245630174793,
              0.13416477702191987
            ],
            [
              0.37626494940202393,
              0.13567649281934996
            ],
            [
              0.36522539098436063,
              0.1349206349206349
            ],
            [
              0.3546458141674333,
              0.13340891912320485
            ],
            [
              0.34452621895124197,
              0.13567649281934996
            ],
            [
              0.33486660533578655,
              0.13869992441421014
            ],
            [
              0.3252069917203312,
              0.1417233560090703
            ],
            [
              0.3141674333026679,
              0.14096749811035525
            ],
            [
              0.3049678012879485,
              0.14474678760393045
            ],
            [
              0.29622815087396503,
              0.14928193499622072
            ],
            [
              0.28794848206071755,
              0.154572940287226
            ],
            [
              0.2796688132474701,
              0.1598639455782313
            ],
            [
              0.27138914443422263,
              0.1651549508692366
            ],
            [
              0.26310947562097514,
              0.17044595616024188
            ],
            [
              0.2529898804047838,
              0.172713529856387
            ],
            [
              0.24287028518859247,
              0.17346938775510204
            ],
            [
              0.23505059797608097,
              0.17951625094482238
            ],
            [
              0.22585096596136153,
              0.18329554043839758
            ],
            [
              0.21573137074517018,
              0.1855631141345427
            ],
            [
              0.20676172953081876,
              0.18140589569160998
            ],
            [
              0.19641214351425942,
              0.17951625094482238
            ],
            [
              0.18675252989880406,
              0.18253968253968253
            ],
            [
              0.17939282428702852,
              0.1893424036281179
            ],
            [
              0.1704231830726771,
              0.1912320483749055
            ],
            [
              0.15961361545538177,
              0.19160997732426305
            ],
            [
              0.1485740570377185,
              0.1923658352229781
            ],
            [
              0.13799448022079117,
              0.19387755102040816
            ],
            [
              0.12787488500459981,
              0.1961451247165533
            ],
            [
              0.11775528978840846,
              0.1984126984126984
            ],
            [
              0.10832566697332106,
              0.2018140589569161
            ],
            [
              0.0984360625574977,
              0.20445956160241874
            ],
            [
              0.08969641214351426,
              0.20899470899470898
            ],
            [
              0.07911683532658693,
              0.21050642479213907
            ],
            [
              0.06899724011039558,
              0.2127739984882842
            ],
            [
              0.05887764489420423,
              0.21352985638699926
            ],
            [
              0.04921803127874885,
              0.2165532879818594
            ],
            [
              0.04070837166513339,
              0.2214663643235072
            ],
            [
              0.03265869365225391,
              0.22713529856387
            ],
            [
              0.023459061637534497,
              0.2309145880574452
            ],
            [
              0.012879484820607176,
              0.23242630385487528
            ],
            [
              0.0022999080036798527,
              0.23242630385487528
            ],
            [
              0.999540018399264,
              0.08881330309901739
            ]
          ]
        ]
      },
      "properties": {
        "segment_id": 32,
        "area": 373759,
        "bbox": [
          0.0,
          0.0,
          2173.0,
          308.0
        ],
        "iou": 1.0096007585525513,
        "stability": 0.9864171743392944,
        "auto_generated": true,
        "model": "segment_anything"
      }
    },
    {
      "type": "Feature",
      "geometry": {
        "type": "Polygon",
        "coordinates": [
          [
            [
              0.6343146274149034,
              0.8945578231292517
            ],
            [
              0.6324747010119596,
              0.8938019652305367
            ],
            [
              0.6301747930082797,
              0.8938019652305367
            ],
            [
              0.6278748850045999,
              0.8938019652305367
            ],
            [
              0.6260349586016559,
              0.8945578231292517
            ],
            [
              0.6237350505979761,
              0.8945578231292517
            ],
            [
              0.6214351425942962,
              0.8945578231292517
            ],
            [
              0.6191352345906164,
              0.8945578231292517
            ],
            [
              0.6168353265869365,
              0.8945578231292517
            ],
            [
              0.6149954001839927,
              0.8938019652305367
            ],
            [
              0.6126954921803128,
              0.8938019652305367
            ],
            [
              0.6108555657773689,
              0.8945578231292517
            ],
            [
              0.608555657773689,
              0.8945578231292517
            ],
            [
              0.6062557497700092,
              0.8945578231292517
            ],
            [
              0.6044158233670653,
              0.8938019652305367
            ],
            [
              0.6021159153633855,
              0.8938019652305367
            ],
            [
              0.6002759889604415,
              0.8930461073318217
            ],
            [
              0.5984360625574977,
              0.8922902494331065
            ],
            [
              0.5961361545538179,
              0.8922902494331065
            ],
            [
              0.594066237350506,
              0.8926681783824642
            ],
            [
              0.5919963201471942,
              0.8930461073318217
            ],
            [
              0.5901563937442502,
              0.8922902494331065
            ],
            [
              0.5878564857405704,
              0.8922902494331065
            ],
            [
              0.5857865685372585,
              0.891912320483749
            ],
            [
              0.5839466421343146,
              0.891156462585034
            ],
            [
              0.5821067157313707,
              0.891156462585034
            ],
            [
              0.5800367985280589,
              0.8915343915343915
            ],
            [
              0.578196872125115,
              0.8907785336356765
            ],
            [
              0.5763569457221711,
              0.8900226757369615
            ],
            [
              0.5745170193192273,
              0.8892668178382465
            ],
            [
              0.5726770929162833,
              0.8885109599395313
            ],
            [
              0.5708371665133395,
              0.8877551020408163
            ],
            [
              0.5689972401103955,
              0.8869992441421013
            ],
            [
              0.5676172953081877,
              0.8854875283446711
            ],
            [
              0.5664673413063478,
              0.8835978835978836
            ],
            [
              0.5664673413063478,
              0.8798185941043084
            ],
            [
              0.5664673413063478,
              0.8760393046107332
            ],
            [
              0.5664673413063478,
              0.872260015117158
            ],
            [
              0.5666973321067157,
              0.8688586545729403
            ],
            [
              0.5671573137074517,
              0.8658352229780801
            ],
            [
              0.5678472861085556,
              0.8631897203325775
            ],
            [
              0.5683072677092916,
              0.8601662887377173
            ],
            [
              0.5687672493100276,
              0.8571428571428571
            ],
            [
              0.5692272309107635,
              0.854119425547997
            ],
            [
              0.5696872125114996,
              0.8510959939531368
            ],
            [
              0.5701471941122355,
              0.8480725623582767
            ],
            [
              0.5708371665133395,
              0.845427059712774
            ],
            [
              0.5715271389144434,
              0.8427815570672713
            ],
            [
              0.5719871205151794,
              0.8397581254724111
            ],
            [
              0.5724471021159153,
              0.8367346938775511
            ],
            [
              0.5729070837166513,
              0.8337112622826909
            ],
            [
              0.5733670653173873,
              0.8306878306878307
            ],
            [
              0.5742870285188593,
              0.8284202569916855
            ],
            [
              0.5752069917203312,
              0.8261526832955405
            ],
            [
              0.5768169273229071,
              0.8250188964474678
            ],
            [
              0.578196872125115,
              0.826530612244898
            ],
            [
              0.5800367985280589,
              0.827286470143613
            ],
            [
              0.5823367065317387,
              0.827286470143613
            ],
            [
              0.5844066237350506,
              0.8269085411942555
            ],
            [
              0.5864765409383624,
              0.826530612244898
            ],
            [
              0.5887764489420423,
              0.826530612244898
            ],
            [
              0.5906163753449862,
              0.825774754346183
            ],
            [
              0.5926862925482981,
              0.8253968253968254
            ],
            [
              0.594296228150874,
              0.8242630385487528
            ],
            [
              0.5965961361545539,
              0.8242630385487528
            ],
            [
              0.5984360625574977,
              0.8250188964474678
            ],
            [
              0.6007359705611776,
              0.8250188964474678
            ],
            [
              0.6025758969641214,
              0.8242630385487528
            ],
            [
              0.6048758049678012,
              0.8242630385487528
            ],
            [
              0.6067157313707452,
              0.8250188964474678
            ],
            [
              0.609015639374425,
              0.8250188964474678
            ],
            [
              0.6110855565777369,
              0.8253968253968254
            ],
            [
              0.6126954921803128,
              0.826530612244898
            ],
            [
              0.6145354185832567,
              0.827286470143613
            ],
            [
              0.6163753449862005,
              0.828042328042328
            ],
            [
              0.6182152713891444,
              0.828798185941043
            ],
            [
              0.6205151793928243,
              0.828798185941043
            ],
            [
              0.6223551057957681,
              0.8295540438397582
            ],
            [
              0.6241950321987121,
              0.828798185941043
            ],
            [
              0.6260349586016559,
              0.828042328042328
            ],
            [
              0.6278748850045999,
              0.828798185941043
            ],
            [
              0.6297148114075437,
              0.8295540438397582
            ],
            [
              0.6315547378104875,
              0.8303099017384732
            ],
            [
              0.6333946642134315,
              0.8310657596371882
            ],
            [
              0.6354645814167433,
              0.8314436885865457
            ],
            [
              0.6366145354185833,
              0.8333333333333334
            ],
            [
              0.6377644894204232,
              0.8352229780801209
            ],
            [
              0.6386844526218951,
              0.8374905517762661
            ],
            [
              0.6391444342226311,
              0.8405139833711263
            ],
            [
              0.639834406623735,
              0.8431594860166288
            ],
            [
              0.640524379024839,
              0.8458049886621315
            ],
            [
              0.640984360625575,
              0.8488284202569917
            ],
            [
              0.641444342226311,
              0.8518518518518519
            ],
            [
              0.641444342226311,
              0.8556311413454271
            ],
            [
              0.641444342226311,
              0.8594104308390023
            ],
            [
              0.641444342226311,
              0.8631897203325775
            ],
            [
              0.641444342226311,
              0.8669690098261527
            ],
            [
              0.640984360625575,
              0.8699924414210128
            ],
            [
              0.640984360625575,
              0.873771730914588
            ],
            [
              0.640984360625575,
              0.8775510204081632
            ],
            [
              0.640524379024839,
              0.8805744520030234
            ],
            [
              0.640524379024839,
              0.8843537414965986
            ],
            [
              0.640064397424103,
              0.8873771730914588
            ],
            [
              0.6393744250229991,
              0.8900226757369615
            ],
            [
              0.6384544618215271,
              0.8922902494331065
            ],
            [
              0.6370745170193193,
              0.8938019652305367
            ],
            [
              0.6347746090156394,
              0.8938019652305367
            ],
            [
              0.6343146274149034,
              0.8945578231292517
            ]
          ]
        ]
      },
      "properties": {
        "segment_id": 33,
        "area": 13398,
        "bbox": [
          1232.0,
          1091.0,
          162.0,
          92.0
        ],
        "iou": 0.9203505516052246,
        "stability": 0.9314731955528259,
        "auto_generated": true,
        "model": "segment_anything"
      }
    }
  ],
  "metadata": {
    "model": "segment_anything",
    "num_segments": 34
  }
}